dataId,No,formula,symbolSet,spaceGroup,spaceGroupNo,crystalSys,a,b,c,alpha,beta,gamma,is_perovskite,perovskite_type,crystal_sys_label
1527740_1,231,Sr12 Ir12 O36,Ir O Sr ,C2/c,15,5,5.604,9.618,14.174,90.0,93.26000000000002,90.0,True,ABX3,Monoklinik
1527740_2,231,Sr12 Ir12 O36,Ir O Sr ,C2/c,15,5,5.604,9.618,14.174,90.0,93.26000000000002,90.0,True,ABX3,Monoklinik
1527740_3,231,Sr12 Ir12 O36,Ir O Sr ,C2/c,15,5,5.604,9.618,14.174,90.0,93.26000000000002,90.0,True,ABX3,Monoklinik
1527740_4,231,Sr12 Ir12 O36,Ir O Sr ,C2/c,15,5,5.604,9.618,14.174,90.0,93.26000000000002,90.0,True,ABX3,Monoklinik
1527740_5,231,Sr12 Ir12 O36,Ir O Sr ,C2/c,15,5,5.604,9.618,14.174,90.0,93.26000000000002,90.0,True,ABX3,Monoklinik
1527740_6,231,Sr12 Ir12 O36,Ir O Sr ,C2/c,15,5,5.604,9.618,14.174,90.0,93.26000000000002,90.0,True,ABX3,Monoklinik
1527740_7,231,Sr12 Ir12 O36,Ir O Sr ,C2/c,15,5,5.604,9.618,14.174,90.0,93.26000000000002,90.0,True,ABX3,Monoklinik
1527740_8,231,Sr12 Ir12 O36,Ir O Sr ,C2/c,15,5,5.604,9.618,14.174,90.0,93.26000000000002,90.0,True,ABX3,Monoklinik
1527740_9,231,Sr12 Ir12 O36,Ir O Sr ,C2/c,15,5,5.604,9.618,14.174,90.0,93.26000000000002,90.0,True,ABX3,Monoklinik
1527740_10,231,Sr12 Ir12 O36,Ir O Sr ,C2/c,15,5,5.604,9.618,14.174,90.0,93.26000000000002,90.0,True,ABX3,Monoklinik
1527740_11,231,Sr12 Ir12 O36,Ir O Sr ,C2/c,15,5,5.604,9.618,14.174,90.0,93.26000000000002,90.0,True,ABX3,Monoklinik
1527740_12,231,Sr12 Ir12 O36,Ir O Sr ,C2/c,15,5,5.604,9.618,14.174,90.0,93.26000000000002,90.0,True,ABX3,Monoklinik
1527740_13,231,Sr12 Ir12 O36,Ir O Sr ,C2/c,15,5,5.604,9.618,14.174,90.0,93.26000000000002,90.0,True,ABX3,Monoklinik
1527740_14,231,Sr12 Ir12 O36,Ir O Sr ,C2/c,15,5,5.604,9.618,14.174,90.0,93.26000000000002,90.0,True,ABX3,Monoklinik
1527740_15,231,Sr12 Ir12 O36,Ir O Sr ,C2/c,15,5,5.604,9.618,14.174,90.0,93.26000000000002,90.0,True,ABX3,Monoklinik
1527740_16,231,Sr12 Ir12 O36,Ir O Sr ,C2/c,15,5,5.604,9.618,14.174,90.0,93.26000000000002,90.0,True,ABX3,Monoklinik
1527740_17,231,Sr12 Ir12 O36,Ir O Sr ,C2/c,15,5,5.604,9.618,14.174,90.0,93.26000000000002,90.0,True,ABX3,Monoklinik
1527740_18,231,Sr12 Ir12 O36,Ir O Sr ,C2/c,15,5,5.604,9.618,14.174,90.0,93.26000000000002,90.0,True,ABX3,Monoklinik
1527740_19,231,Sr12 Ir12 O36,Ir O Sr ,C2/c,15,5,5.604,9.618,14.174,90.0,93.26000000000002,90.0,True,ABX3,Monoklinik
1527740_20,231,Sr12 Ir12 O36,Ir O Sr ,C2/c,15,5,5.604,9.618,14.174,90.0,93.26000000000002,90.0,True,ABX3,Monoklinik
1527740_21,231,Sr12 Ir12 O36,Ir O Sr ,C2/c,15,5,5.604,9.618,14.174,90.0,93.26000000000002,90.0,True,ABX3,Monoklinik
1527740_22,231,Sr12 Ir12 O36,Ir O Sr ,C2/c,15,5,5.604,9.618,14.174,90.0,93.26000000000002,90.0,True,ABX3,Monoklinik
1527740_23,231,Sr12 Ir12 O36,Ir O Sr ,C2/c,15,5,5.604,9.618,14.174,90.0,93.26000000000002,90.0,True,ABX3,Monoklinik
1527740_24,231,Sr12 Ir12 O36,Ir O Sr ,C2/c,15,5,5.604,9.618,14.174,90.0,93.26000000000002,90.0,True,ABX3,Monoklinik
8103047_1,236,Pr4 B4 S12,B Pr S ,Pna2_1,33,2,7.5434,6.013,8.8859,90.0,90.0,90.0,True,ABX3,Ortorombik
8103047_2,236,Pr4 B4 S12,B Pr S ,Pna2_1,33,2,7.5434,6.013,8.8859,90.0,90.0,90.0,True,ABX3,Ortorombik
8103047_3,236,Pr4 B4 S12,B Pr S ,Pna2_1,33,2,7.5434,6.013,8.8859,90.0,90.0,90.0,True,ABX3,Ortorombik
8103047_4,236,Pr4 B4 S12,B Pr S ,Pna2_1,33,2,7.5434,6.013,8.8859,90.0,90.0,90.0,True,ABX3,Ortorombik
8103047_5,236,Pr4 B4 S12,B Pr S ,Pna2_1,33,2,7.5434,6.013,8.8859,90.0,90.0,90.0,True,ABX3,Ortorombik
8103047_6,236,Pr4 B4 S12,B Pr S ,Pna2_1,33,2,7.5434,6.013,8.8859,90.0,90.0,90.0,True,ABX3,Ortorombik
8103047_7,236,Pr4 B4 S12,B Pr S ,Pna2_1,33,2,7.5434,6.013,8.8859,90.0,90.0,90.0,True,ABX3,Ortorombik
8103047_8,236,Pr4 B4 S12,B Pr S ,Pna2_1,33,2,7.5434,6.013,8.8859,90.0,90.0,90.0,True,ABX3,Ortorombik
8103047_9,236,Pr4 B4 S12,B Pr S ,Pna2_1,33,2,7.5434,6.013,8.8859,90.0,90.0,90.0,True,ABX3,Ortorombik
8103047_10,236,Pr4 B4 S12,B Pr S ,Pna2_1,33,2,7.5434,6.013,8.8859,90.0,90.0,90.0,True,ABX3,Ortorombik
8103047_11,236,Pr4 B4 S12,B Pr S ,Pna2_1,33,2,7.5434,6.013,8.8859,90.0,90.0,90.0,True,ABX3,Ortorombik
8103047_12,236,Pr4 B4 S12,B Pr S ,Pna2_1,33,2,7.5434,6.013,8.8859,90.0,90.0,90.0,True,ABX3,Ortorombik
8103047_13,236,Pr4 B4 S12,B Pr S ,Pna2_1,33,2,7.5434,6.013,8.8859,90.0,90.0,90.0,True,ABX3,Ortorombik
8103047_14,236,Pr4 B4 S12,B Pr S ,Pna2_1,33,2,7.5434,6.013,8.8859,90.0,90.0,90.0,True,ABX3,Ortorombik
8103047_15,236,Pr4 B4 S12,B Pr S ,Pna2_1,33,2,7.5434,6.013,8.8859,90.0,90.0,90.0,True,ABX3,Ortorombik
8103047_16,236,Pr4 B4 S12,B Pr S ,Pna2_1,33,2,7.5434,6.013,8.8859,90.0,90.0,90.0,True,ABX3,Ortorombik
8103047_17,236,Pr4 B4 S12,B Pr S ,Pna2_1,33,2,7.5434,6.013,8.8859,90.0,90.0,90.0,True,ABX3,Ortorombik
8103047_18,236,Pr4 B4 S12,B Pr S ,Pna2_1,33,2,7.5434,6.013,8.8859,90.0,90.0,90.0,True,ABX3,Ortorombik
8103047_19,236,Pr4 B4 S12,B Pr S ,Pna2_1,33,2,7.5434,6.013,8.8859,90.0,90.0,90.0,True,ABX3,Ortorombik
8103047_20,236,Pr4 B4 S12,B Pr S ,Pna2_1,33,2,7.5434,6.013,8.8859,90.0,90.0,90.0,True,ABX3,Ortorombik
8103047_21,236,Pr4 B4 S12,B Pr S ,Pna2_1,33,2,7.5434,6.013,8.8859,90.0,90.0,90.0,True,ABX3,Ortorombik
8103047_22,236,Pr4 B4 S12,B Pr S ,Pna2_1,33,2,7.5434,6.013,8.8859,90.0,90.0,90.0,True,ABX3,Ortorombik
8103047_23,236,Pr4 B4 S12,B Pr S ,Pna2_1,33,2,7.5434,6.013,8.8859,90.0,90.0,90.0,True,ABX3,Ortorombik
8103047_24,236,Pr4 B4 S12,B Pr S ,Pna2_1,33,2,7.5434,6.013,8.8859,90.0,90.0,90.0,True,ABX3,Ortorombik
9015140_1,352,Cs4 Au4 Cl12,Au Cl Cs ,I4/mmm,139,1,7.49,7.49,10.87,90.0,90.0,90.0,True,ABX3,Tetragonal
9015140_2,352,Cs4 Au4 Cl12,Au Cl Cs ,I4/mmm,139,1,7.49,7.49,10.87,90.0,90.0,90.0,True,ABX3,Tetragonal
9015140_3,352,Cs4 Au4 Cl12,Au Cl Cs ,I4/mmm,139,1,7.49,7.49,10.87,90.0,90.0,90.0,True,ABX3,Tetragonal
9015140_4,352,Cs4 Au4 Cl12,Au Cl Cs ,I4/mmm,139,1,7.49,7.49,10.87,90.0,90.0,90.0,True,ABX3,Tetragonal
9015140_5,352,Cs4 Au4 Cl12,Au Cl Cs ,I4/mmm,139,1,7.49,7.49,10.87,90.0,90.0,90.0,True,ABX3,Tetragonal
9015140_6,352,Cs4 Au4 Cl12,Au Cl Cs ,I4/mmm,139,1,7.49,7.49,10.87,90.0,90.0,90.0,True,ABX3,Tetragonal
9015140_7,352,Cs4 Au4 Cl12,Au Cl Cs ,I4/mmm,139,1,7.49,7.49,10.87,90.0,90.0,90.0,True,ABX3,Tetragonal
9015140_8,352,Cs4 Au4 Cl12,Au Cl Cs ,I4/mmm,139,1,7.49,7.49,10.87,90.0,90.0,90.0,True,ABX3,Tetragonal
9015140_9,352,Cs4 Au4 Cl12,Au Cl Cs ,I4/mmm,139,1,7.49,7.49,10.87,90.0,90.0,90.0,True,ABX3,Tetragonal
9015140_10,352,Cs4 Au4 Cl12,Au Cl Cs ,I4/mmm,139,1,7.49,7.49,10.87,90.0,90.0,90.0,True,ABX3,Tetragonal
9015140_11,352,Cs4 Au4 Cl12,Au Cl Cs ,I4/mmm,139,1,7.49,7.49,10.87,90.0,90.0,90.0,True,ABX3,Tetragonal
9015140_12,352,Cs4 Au4 Cl12,Au Cl Cs ,I4/mmm,139,1,7.49,7.49,10.87,90.0,90.0,90.0,True,ABX3,Tetragonal
9015140_13,352,Cs4 Au4 Cl12,Au Cl Cs ,I4/mmm,139,1,7.49,7.49,10.87,90.0,90.0,90.0,True,ABX3,Tetragonal
9015140_14,352,Cs4 Au4 Cl12,Au Cl Cs ,I4/mmm,139,1,7.49,7.49,10.87,90.0,90.0,90.0,True,ABX3,Tetragonal
9015140_15,352,Cs4 Au4 Cl12,Au Cl Cs ,I4/mmm,139,1,7.49,7.49,10.87,90.0,90.0,90.0,True,ABX3,Tetragonal
9015140_16,352,Cs4 Au4 Cl12,Au Cl Cs ,I4/mmm,139,1,7.49,7.49,10.87,90.0,90.0,90.0,True,ABX3,Tetragonal
9015140_17,352,Cs4 Au4 Cl12,Au Cl Cs ,I4/mmm,139,1,7.49,7.49,10.87,90.0,90.0,90.0,True,ABX3,Tetragonal
9015140_18,352,Cs4 Au4 Cl12,Au Cl Cs ,I4/mmm,139,1,7.49,7.49,10.87,90.0,90.0,90.0,True,ABX3,Tetragonal
9015140_19,352,Cs4 Au4 Cl12,Au Cl Cs ,I4/mmm,139,1,7.49,7.49,10.87,90.0,90.0,90.0,True,ABX3,Tetragonal
9015140_20,352,Cs4 Au4 Cl12,Au Cl Cs ,I4/mmm,139,1,7.49,7.49,10.87,90.0,90.0,90.0,True,ABX3,Tetragonal
9015140_21,352,Cs4 Au4 Cl12,Au Cl Cs ,I4/mmm,139,1,7.49,7.49,10.87,90.0,90.0,90.0,True,ABX3,Tetragonal
9015140_22,352,Cs4 Au4 Cl12,Au Cl Cs ,I4/mmm,139,1,7.49,7.49,10.87,90.0,90.0,90.0,True,ABX3,Tetragonal
9015140_23,352,Cs4 Au4 Cl12,Au Cl Cs ,I4/mmm,139,1,7.49,7.49,10.87,90.0,90.0,90.0,True,ABX3,Tetragonal
9015140_24,352,Cs4 Au4 Cl12,Au Cl Cs ,I4/mmm,139,1,7.49,7.49,10.87,90.0,90.0,90.0,True,ABX3,Tetragonal
2002425_1,353,Ba1 Ir1 O3,Ba Ir O ,Pm-3m,221,0,4.1009,4.1009,4.1009,90.0,90.0,90.0,True,ABX3,Kubik
2002425_2,353,Ba1 Ir1 O3,Ba Ir O ,Pm-3m,221,0,4.1009,4.1009,4.1009,90.0,90.0,90.0,True,ABX3,Kubik
2002425_3,353,Ba1 Ir1 O3,Ba Ir O ,Pm-3m,221,0,4.1009,4.1009,4.1009,90.0,90.0,90.0,True,ABX3,Kubik
2002425_4,353,Ba1 Ir1 O3,Ba Ir O ,Pm-3m,221,0,4.1009,4.1009,4.1009,90.0,90.0,90.0,True,ABX3,Kubik
2002425_5,353,Ba1 Ir1 O3,Ba Ir O ,Pm-3m,221,0,4.1009,4.1009,4.1009,90.0,90.0,90.0,True,ABX3,Kubik
2002425_6,353,Ba1 Ir1 O3,Ba Ir O ,Pm-3m,221,0,4.1009,4.1009,4.1009,90.0,90.0,90.0,True,ABX3,Kubik
2002425_7,353,Ba1 Ir1 O3,Ba Ir O ,Pm-3m,221,0,4.1009,4.1009,4.1009,90.0,90.0,90.0,True,ABX3,Kubik
2002425_8,353,Ba1 Ir1 O3,Ba Ir O ,Pm-3m,221,0,4.1009,4.1009,4.1009,90.0,90.0,90.0,True,ABX3,Kubik
2002425_9,353,Ba1 Ir1 O3,Ba Ir O ,Pm-3m,221,0,4.1009,4.1009,4.1009,90.0,90.0,90.0,True,ABX3,Kubik
2002425_10,353,Ba1 Ir1 O3,Ba Ir O ,Pm-3m,221,0,4.1009,4.1009,4.1009,90.0,90.0,90.0,True,ABX3,Kubik
2002425_11,353,Ba1 Ir1 O3,Ba Ir O ,Pm-3m,221,0,4.1009,4.1009,4.1009,90.0,90.0,90.0,True,ABX3,Kubik
2002425_12,353,Ba1 Ir1 O3,Ba Ir O ,Pm-3m,221,0,4.1009,4.1009,4.1009,90.0,90.0,90.0,True,ABX3,Kubik
2002425_13,353,Ba1 Ir1 O3,Ba Ir O ,Pm-3m,221,0,4.1009,4.1009,4.1009,90.0,90.0,90.0,True,ABX3,Kubik
2002425_14,353,Ba1 Ir1 O3,Ba Ir O ,Pm-3m,221,0,4.1009,4.1009,4.1009,90.0,90.0,90.0,True,ABX3,Kubik
2002425_15,353,Ba1 Ir1 O3,Ba Ir O ,Pm-3m,221,0,4.1009,4.1009,4.1009,90.0,90.0,90.0,True,ABX3,Kubik
2002425_16,353,Ba1 Ir1 O3,Ba Ir O ,Pm-3m,221,0,4.1009,4.1009,4.1009,90.0,90.0,90.0,True,ABX3,Kubik
2002425_17,353,Ba1 Ir1 O3,Ba Ir O ,Pm-3m,221,0,4.1009,4.1009,4.1009,90.0,90.0,90.0,True,ABX3,Kubik
2002425_18,353,Ba1 Ir1 O3,Ba Ir O ,Pm-3m,221,0,4.1009,4.1009,4.1009,90.0,90.0,90.0,True,ABX3,Kubik
2002425_19,353,Ba1 Ir1 O3,Ba Ir O ,Pm-3m,221,0,4.1009,4.1009,4.1009,90.0,90.0,90.0,True,ABX3,Kubik
2002425_20,353,Ba1 Ir1 O3,Ba Ir O ,Pm-3m,221,0,4.1009,4.1009,4.1009,90.0,90.0,90.0,True,ABX3,Kubik
2002425_21,353,Ba1 Ir1 O3,Ba Ir O ,Pm-3m,221,0,4.1009,4.1009,4.1009,90.0,90.0,90.0,True,ABX3,Kubik
2002425_22,353,Ba1 Ir1 O3,Ba Ir O ,Pm-3m,221,0,4.1009,4.1009,4.1009,90.0,90.0,90.0,True,ABX3,Kubik
2002425_23,353,Ba1 Ir1 O3,Ba Ir O ,Pm-3m,221,0,4.1009,4.1009,4.1009,90.0,90.0,90.0,True,ABX3,Kubik
2002425_24,353,Ba1 Ir1 O3,Ba Ir O ,Pm-3m,221,0,4.1009,4.1009,4.1009,90.0,90.0,90.0,True,ABX3,Kubik
1512117_1,369,Sr1 V1 O3,O Sr V ,Pm-3m,221,0,3.8409,3.8409,3.8409,90.0,90.0,90.0,True,ABX3,Kubik
1512117_2,369,Sr1 V1 O3,O Sr V ,Pm-3m,221,0,3.8409,3.8409,3.8409,90.0,90.0,90.0,True,ABX3,Kubik
1512117_3,369,Sr1 V1 O3,O Sr V ,Pm-3m,221,0,3.8409,3.8409,3.8409,90.0,90.0,90.0,True,ABX3,Kubik
1512117_4,369,Sr1 V1 O3,O Sr V ,Pm-3m,221,0,3.8409,3.8409,3.8409,90.0,90.0,90.0,True,ABX3,Kubik
1512117_5,369,Sr1 V1 O3,O Sr V ,Pm-3m,221,0,3.8409,3.8409,3.8409,90.0,90.0,90.0,True,ABX3,Kubik
1512117_6,369,Sr1 V1 O3,O Sr V ,Pm-3m,221,0,3.8409,3.8409,3.8409,90.0,90.0,90.0,True,ABX3,Kubik
1512117_7,369,Sr1 V1 O3,O Sr V ,Pm-3m,221,0,3.8409,3.8409,3.8409,90.0,90.0,90.0,True,ABX3,Kubik
1512117_8,369,Sr1 V1 O3,O Sr V ,Pm-3m,221,0,3.8409,3.8409,3.8409,90.0,90.0,90.0,True,ABX3,Kubik
1512117_9,369,Sr1 V1 O3,O Sr V ,Pm-3m,221,0,3.8409,3.8409,3.8409,90.0,90.0,90.0,True,ABX3,Kubik
1512117_10,369,Sr1 V1 O3,O Sr V ,Pm-3m,221,0,3.8409,3.8409,3.8409,90.0,90.0,90.0,True,ABX3,Kubik
1512117_11,369,Sr1 V1 O3,O Sr V ,Pm-3m,221,0,3.8409,3.8409,3.8409,90.0,90.0,90.0,True,ABX3,Kubik
1512117_12,369,Sr1 V1 O3,O Sr V ,Pm-3m,221,0,3.8409,3.8409,3.8409,90.0,90.0,90.0,True,ABX3,Kubik
1512117_13,369,Sr1 V1 O3,O Sr V ,Pm-3m,221,0,3.8409,3.8409,3.8409,90.0,90.0,90.0,True,ABX3,Kubik
1512117_14,369,Sr1 V1 O3,O Sr V ,Pm-3m,221,0,3.8409,3.8409,3.8409,90.0,90.0,90.0,True,ABX3,Kubik
1512117_15,369,Sr1 V1 O3,O Sr V ,Pm-3m,221,0,3.8409,3.8409,3.8409,90.0,90.0,90.0,True,ABX3,Kubik
1512117_16,369,Sr1 V1 O3,O Sr V ,Pm-3m,221,0,3.8409,3.8409,3.8409,90.0,90.0,90.0,True,ABX3,Kubik
1512117_17,369,Sr1 V1 O3,O Sr V ,Pm-3m,221,0,3.8409,3.8409,3.8409,90.0,90.0,90.0,True,ABX3,Kubik
1512117_18,369,Sr1 V1 O3,O Sr V ,Pm-3m,221,0,3.8409,3.8409,3.8409,90.0,90.0,90.0,True,ABX3,Kubik
1512117_19,369,Sr1 V1 O3,O Sr V ,Pm-3m,221,0,3.8409,3.8409,3.8409,90.0,90.0,90.0,True,ABX3,Kubik
1512117_20,369,Sr1 V1 O3,O Sr V ,Pm-3m,221,0,3.8409,3.8409,3.8409,90.0,90.0,90.0,True,ABX3,Kubik
1512117_21,369,Sr1 V1 O3,O Sr V ,Pm-3m,221,0,3.8409,3.8409,3.8409,90.0,90.0,90.0,True,ABX3,Kubik
1512117_22,369,Sr1 V1 O3,O Sr V ,Pm-3m,221,0,3.8409,3.8409,3.8409,90.0,90.0,90.0,True,ABX3,Kubik
1512117_23,369,Sr1 V1 O3,O Sr V ,Pm-3m,221,0,3.8409,3.8409,3.8409,90.0,90.0,90.0,True,ABX3,Kubik
1512117_24,369,Sr1 V1 O3,O Sr V ,Pm-3m,221,0,3.8409,3.8409,3.8409,90.0,90.0,90.0,True,ABX3,Kubik
1521771_1,417,Na4 Ni4 F12,F Na Ni ,Pnma,62,2,5.529,7.695,5.369,90.0,90.0,90.0,True,ABX3,Ortorombik
1521771_2,417,Na4 Ni4 F12,F Na Ni ,Pnma,62,2,5.529,7.695,5.369,90.0,90.0,90.0,True,ABX3,Ortorombik
1521771_3,417,Na4 Ni4 F12,F Na Ni ,Pnma,62,2,5.529,7.695,5.369,90.0,90.0,90.0,True,ABX3,Ortorombik
1521771_4,417,Na4 Ni4 F12,F Na Ni ,Pnma,62,2,5.529,7.695,5.369,90.0,90.0,90.0,True,ABX3,Ortorombik
1521771_5,417,Na4 Ni4 F12,F Na Ni ,Pnma,62,2,5.529,7.695,5.369,90.0,90.0,90.0,True,ABX3,Ortorombik
1521771_6,417,Na4 Ni4 F12,F Na Ni ,Pnma,62,2,5.529,7.695,5.369,90.0,90.0,90.0,True,ABX3,Ortorombik
1521771_7,417,Na4 Ni4 F12,F Na Ni ,Pnma,62,2,5.529,7.695,5.369,90.0,90.0,90.0,True,ABX3,Ortorombik
1521771_8,417,Na4 Ni4 F12,F Na Ni ,Pnma,62,2,5.529,7.695,5.369,90.0,90.0,90.0,True,ABX3,Ortorombik
1521771_9,417,Na4 Ni4 F12,F Na Ni ,Pnma,62,2,5.529,7.695,5.369,90.0,90.0,90.0,True,ABX3,Ortorombik
1521771_10,417,Na4 Ni4 F12,F Na Ni ,Pnma,62,2,5.529,7.695,5.369,90.0,90.0,90.0,True,ABX3,Ortorombik
1521771_11,417,Na4 Ni4 F12,F Na Ni ,Pnma,62,2,5.529,7.695,5.369,90.0,90.0,90.0,True,ABX3,Ortorombik
1521771_12,417,Na4 Ni4 F12,F Na Ni ,Pnma,62,2,5.529,7.695,5.369,90.0,90.0,90.0,True,ABX3,Ortorombik
1521771_13,417,Na4 Ni4 F12,F Na Ni ,Pnma,62,2,5.529,7.695,5.369,90.0,90.0,90.0,True,ABX3,Ortorombik
1521771_14,417,Na4 Ni4 F12,F Na Ni ,Pnma,62,2,5.529,7.695,5.369,90.0,90.0,90.0,True,ABX3,Ortorombik
1521771_15,417,Na4 Ni4 F12,F Na Ni ,Pnma,62,2,5.529,7.695,5.369,90.0,90.0,90.0,True,ABX3,Ortorombik
1521771_16,417,Na4 Ni4 F12,F Na Ni ,Pnma,62,2,5.529,7.695,5.369,90.0,90.0,90.0,True,ABX3,Ortorombik
1521771_17,417,Na4 Ni4 F12,F Na Ni ,Pnma,62,2,5.529,7.695,5.369,90.0,90.0,90.0,True,ABX3,Ortorombik
1521771_18,417,Na4 Ni4 F12,F Na Ni ,Pnma,62,2,5.529,7.695,5.369,90.0,90.0,90.0,True,ABX3,Ortorombik
1521771_19,417,Na4 Ni4 F12,F Na Ni ,Pnma,62,2,5.529,7.695,5.369,90.0,90.0,90.0,True,ABX3,Ortorombik
1521771_20,417,Na4 Ni4 F12,F Na Ni ,Pnma,62,2,5.529,7.695,5.369,90.0,90.0,90.0,True,ABX3,Ortorombik
1521771_21,417,Na4 Ni4 F12,F Na Ni ,Pnma,62,2,5.529,7.695,5.369,90.0,90.0,90.0,True,ABX3,Ortorombik
1521771_22,417,Na4 Ni4 F12,F Na Ni ,Pnma,62,2,5.529,7.695,5.369,90.0,90.0,90.0,True,ABX3,Ortorombik
1521771_23,417,Na4 Ni4 F12,F Na Ni ,Pnma,62,2,5.529,7.695,5.369,90.0,90.0,90.0,True,ABX3,Ortorombik
1521771_24,417,Na4 Ni4 F12,F Na Ni ,Pnma,62,2,5.529,7.695,5.369,90.0,90.0,90.0,True,ABX3,Ortorombik
9006956_1,431,Na4 Mg4 F12,F Mg Na ,Pnma,62,2,5.365,5.492,7.674,90.0,90.0,90.0,True,ABX3,Ortorombik
9006956_2,431,Na4 Mg4 F12,F Mg Na ,Pnma,62,2,5.365,5.492,7.674,90.0,90.0,90.0,True,ABX3,Ortorombik
9006956_3,431,Na4 Mg4 F12,F Mg Na ,Pnma,62,2,5.365,5.492,7.674,90.0,90.0,90.0,True,ABX3,Ortorombik
9006956_4,431,Na4 Mg4 F12,F Mg Na ,Pnma,62,2,5.365,5.492,7.674,90.0,90.0,90.0,True,ABX3,Ortorombik
9006956_5,431,Na4 Mg4 F12,F Mg Na ,Pnma,62,2,5.365,5.492,7.674,90.0,90.0,90.0,True,ABX3,Ortorombik
9006956_6,431,Na4 Mg4 F12,F Mg Na ,Pnma,62,2,5.365,5.492,7.674,90.0,90.0,90.0,True,ABX3,Ortorombik
9006956_7,431,Na4 Mg4 F12,F Mg Na ,Pnma,62,2,5.365,5.492,7.674,90.0,90.0,90.0,True,ABX3,Ortorombik
9006956_8,431,Na4 Mg4 F12,F Mg Na ,Pnma,62,2,5.365,5.492,7.674,90.0,90.0,90.0,True,ABX3,Ortorombik
9006956_9,431,Na4 Mg4 F12,F Mg Na ,Pnma,62,2,5.365,5.492,7.674,90.0,90.0,90.0,True,ABX3,Ortorombik
9006956_10,431,Na4 Mg4 F12,F Mg Na ,Pnma,62,2,5.365,5.492,7.674,90.0,90.0,90.0,True,ABX3,Ortorombik
9006956_11,431,Na4 Mg4 F12,F Mg Na ,Pnma,62,2,5.365,5.492,7.674,90.0,90.0,90.0,True,ABX3,Ortorombik
9006956_12,431,Na4 Mg4 F12,F Mg Na ,Pnma,62,2,5.365,5.492,7.674,90.0,90.0,90.0,True,ABX3,Ortorombik
9006956_13,431,Na4 Mg4 F12,F Mg Na ,Pnma,62,2,5.365,5.492,7.674,90.0,90.0,90.0,True,ABX3,Ortorombik
9006956_14,431,Na4 Mg4 F12,F Mg Na ,Pnma,62,2,5.365,5.492,7.674,90.0,90.0,90.0,True,ABX3,Ortorombik
9006956_15,431,Na4 Mg4 F12,F Mg Na ,Pnma,62,2,5.365,5.492,7.674,90.0,90.0,90.0,True,ABX3,Ortorombik
9006956_16,431,Na4 Mg4 F12,F Mg Na ,Pnma,62,2,5.365,5.492,7.674,90.0,90.0,90.0,True,ABX3,Ortorombik
9006956_17,431,Na4 Mg4 F12,F Mg Na ,Pnma,62,2,5.365,5.492,7.674,90.0,90.0,90.0,True,ABX3,Ortorombik
9006956_18,431,Na4 Mg4 F12,F Mg Na ,Pnma,62,2,5.365,5.492,7.674,90.0,90.0,90.0,True,ABX3,Ortorombik
9006956_19,431,Na4 Mg4 F12,F Mg Na ,Pnma,62,2,5.365,5.492,7.674,90.0,90.0,90.0,True,ABX3,Ortorombik
9006956_20,431,Na4 Mg4 F12,F Mg Na ,Pnma,62,2,5.365,5.492,7.674,90.0,90.0,90.0,True,ABX3,Ortorombik
9006956_21,431,Na4 Mg4 F12,F Mg Na ,Pnma,62,2,5.365,5.492,7.674,90.0,90.0,90.0,True,ABX3,Ortorombik
9006956_22,431,Na4 Mg4 F12,F Mg Na ,Pnma,62,2,5.365,5.492,7.674,90.0,90.0,90.0,True,ABX3,Ortorombik
9006956_23,431,Na4 Mg4 F12,F Mg Na ,Pnma,62,2,5.365,5.492,7.674,90.0,90.0,90.0,True,ABX3,Ortorombik
9006956_24,431,Na4 Mg4 F12,F Mg Na ,Pnma,62,2,5.365,5.492,7.674,90.0,90.0,90.0,True,ABX3,Ortorombik
9003674_1,453,Ca32 Ge32 O96,Ca Ge O ,I4_1/a,88,1,12.535,12.535,12.37,90.0,90.0,90.0,True,ABX3,Tetragonal
9003674_2,453,Ca32 Ge32 O96,Ca Ge O ,I4_1/a,88,1,12.535,12.535,12.37,90.0,90.0,90.0,True,ABX3,Tetragonal
9003674_3,453,Ca32 Ge32 O96,Ca Ge O ,I4_1/a,88,1,12.535,12.535,12.37,90.0,90.0,90.0,True,ABX3,Tetragonal
9003674_4,453,Ca32 Ge32 O96,Ca Ge O ,I4_1/a,88,1,12.535,12.535,12.37,90.0,90.0,90.0,True,ABX3,Tetragonal
9003674_5,453,Ca32 Ge32 O96,Ca Ge O ,I4_1/a,88,1,12.535,12.535,12.37,90.0,90.0,90.0,True,ABX3,Tetragonal
9003674_6,453,Ca32 Ge32 O96,Ca Ge O ,I4_1/a,88,1,12.535,12.535,12.37,90.0,90.0,90.0,True,ABX3,Tetragonal
9003674_7,453,Ca32 Ge32 O96,Ca Ge O ,I4_1/a,88,1,12.535,12.535,12.37,90.0,90.0,90.0,True,ABX3,Tetragonal
9003674_8,453,Ca32 Ge32 O96,Ca Ge O ,I4_1/a,88,1,12.535,12.535,12.37,90.0,90.0,90.0,True,ABX3,Tetragonal
9003674_9,453,Ca32 Ge32 O96,Ca Ge O ,I4_1/a,88,1,12.535,12.535,12.37,90.0,90.0,90.0,True,ABX3,Tetragonal
9003674_10,453,Ca32 Ge32 O96,Ca Ge O ,I4_1/a,88,1,12.535,12.535,12.37,90.0,90.0,90.0,True,ABX3,Tetragonal
9003674_11,453,Ca32 Ge32 O96,Ca Ge O ,I4_1/a,88,1,12.535,12.535,12.37,90.0,90.0,90.0,True,ABX3,Tetragonal
9003674_12,453,Ca32 Ge32 O96,Ca Ge O ,I4_1/a,88,1,12.535,12.535,12.37,90.0,90.0,90.0,True,ABX3,Tetragonal
9003674_13,453,Ca32 Ge32 O96,Ca Ge O ,I4_1/a,88,1,12.535,12.535,12.37,90.0,90.0,90.0,True,ABX3,Tetragonal
9003674_14,453,Ca32 Ge32 O96,Ca Ge O ,I4_1/a,88,1,12.535,12.535,12.37,90.0,90.0,90.0,True,ABX3,Tetragonal
9003674_15,453,Ca32 Ge32 O96,Ca Ge O ,I4_1/a,88,1,12.535,12.535,12.37,90.0,90.0,90.0,True,ABX3,Tetragonal
9003674_16,453,Ca32 Ge32 O96,Ca Ge O ,I4_1/a,88,1,12.535,12.535,12.37,90.0,90.0,90.0,True,ABX3,Tetragonal
9003674_17,453,Ca32 Ge32 O96,Ca Ge O ,I4_1/a,88,1,12.535,12.535,12.37,90.0,90.0,90.0,True,ABX3,Tetragonal
9003674_18,453,Ca32 Ge32 O96,Ca Ge O ,I4_1/a,88,1,12.535,12.535,12.37,90.0,90.0,90.0,True,ABX3,Tetragonal
9003674_19,453,Ca32 Ge32 O96,Ca Ge O ,I4_1/a,88,1,12.535,12.535,12.37,90.0,90.0,90.0,True,ABX3,Tetragonal
9003674_20,453,Ca32 Ge32 O96,Ca Ge O ,I4_1/a,88,1,12.535,12.535,12.37,90.0,90.0,90.0,True,ABX3,Tetragonal
9003674_21,453,Ca32 Ge32 O96,Ca Ge O ,I4_1/a,88,1,12.535,12.535,12.37,90.0,90.0,90.0,True,ABX3,Tetragonal
9003674_22,453,Ca32 Ge32 O96,Ca Ge O ,I4_1/a,88,1,12.535,12.535,12.37,90.0,90.0,90.0,True,ABX3,Tetragonal
9003674_23,453,Ca32 Ge32 O96,Ca Ge O ,I4_1/a,88,1,12.535,12.535,12.37,90.0,90.0,90.0,True,ABX3,Tetragonal
9003674_24,453,Ca32 Ge32 O96,Ca Ge O ,I4_1/a,88,1,12.535,12.535,12.37,90.0,90.0,90.0,True,ABX3,Tetragonal
1000318_1,555,Nd4 Ni4 O12,Nd Ni O ,Pnma,62,2,5.3891,5.3816,7.6101,90.0,90.0,90.0,True,ABX3,Ortorombik
1000318_2,555,Nd4 Ni4 O12,Nd Ni O ,Pnma,62,2,5.3891,5.3816,7.6101,90.0,90.0,90.0,True,ABX3,Ortorombik
1000318_3,555,Nd4 Ni4 O12,Nd Ni O ,Pnma,62,2,5.3891,5.3816,7.6101,90.0,90.0,90.0,True,ABX3,Ortorombik
1000318_4,555,Nd4 Ni4 O12,Nd Ni O ,Pnma,62,2,5.3891,5.3816,7.6101,90.0,90.0,90.0,True,ABX3,Ortorombik
1000318_5,555,Nd4 Ni4 O12,Nd Ni O ,Pnma,62,2,5.3891,5.3816,7.6101,90.0,90.0,90.0,True,ABX3,Ortorombik
1000318_6,555,Nd4 Ni4 O12,Nd Ni O ,Pnma,62,2,5.3891,5.3816,7.6101,90.0,90.0,90.0,True,ABX3,Ortorombik
1000318_7,555,Nd4 Ni4 O12,Nd Ni O ,Pnma,62,2,5.3891,5.3816,7.6101,90.0,90.0,90.0,True,ABX3,Ortorombik
1000318_8,555,Nd4 Ni4 O12,Nd Ni O ,Pnma,62,2,5.3891,5.3816,7.6101,90.0,90.0,90.0,True,ABX3,Ortorombik
1000318_9,555,Nd4 Ni4 O12,Nd Ni O ,Pnma,62,2,5.3891,5.3816,7.6101,90.0,90.0,90.0,True,ABX3,Ortorombik
1000318_10,555,Nd4 Ni4 O12,Nd Ni O ,Pnma,62,2,5.3891,5.3816,7.6101,90.0,90.0,90.0,True,ABX3,Ortorombik
1000318_11,555,Nd4 Ni4 O12,Nd Ni O ,Pnma,62,2,5.3891,5.3816,7.6101,90.0,90.0,90.0,True,ABX3,Ortorombik
1000318_12,555,Nd4 Ni4 O12,Nd Ni O ,Pnma,62,2,5.3891,5.3816,7.6101,90.0,90.0,90.0,True,ABX3,Ortorombik
1000318_13,555,Nd4 Ni4 O12,Nd Ni O ,Pnma,62,2,5.3891,5.3816,7.6101,90.0,90.0,90.0,True,ABX3,Ortorombik
1000318_14,555,Nd4 Ni4 O12,Nd Ni O ,Pnma,62,2,5.3891,5.3816,7.6101,90.0,90.0,90.0,True,ABX3,Ortorombik
1000318_15,555,Nd4 Ni4 O12,Nd Ni O ,Pnma,62,2,5.3891,5.3816,7.6101,90.0,90.0,90.0,True,ABX3,Ortorombik
1000318_16,555,Nd4 Ni4 O12,Nd Ni O ,Pnma,62,2,5.3891,5.3816,7.6101,90.0,90.0,90.0,True,ABX3,Ortorombik
1000318_17,555,Nd4 Ni4 O12,Nd Ni O ,Pnma,62,2,5.3891,5.3816,7.6101,90.0,90.0,90.0,True,ABX3,Ortorombik
1000318_18,555,Nd4 Ni4 O12,Nd Ni O ,Pnma,62,2,5.3891,5.3816,7.6101,90.0,90.0,90.0,True,ABX3,Ortorombik
1000318_19,555,Nd4 Ni4 O12,Nd Ni O ,Pnma,62,2,5.3891,5.3816,7.6101,90.0,90.0,90.0,True,ABX3,Ortorombik
1000318_20,555,Nd4 Ni4 O12,Nd Ni O ,Pnma,62,2,5.3891,5.3816,7.6101,90.0,90.0,90.0,True,ABX3,Ortorombik
1000318_21,555,Nd4 Ni4 O12,Nd Ni O ,Pnma,62,2,5.3891,5.3816,7.6101,90.0,90.0,90.0,True,ABX3,Ortorombik
1000318_22,555,Nd4 Ni4 O12,Nd Ni O ,Pnma,62,2,5.3891,5.3816,7.6101,90.0,90.0,90.0,True,ABX3,Ortorombik
1000318_23,555,Nd4 Ni4 O12,Nd Ni O ,Pnma,62,2,5.3891,5.3816,7.6101,90.0,90.0,90.0,True,ABX3,Ortorombik
1000318_24,555,Nd4 Ni4 O12,Nd Ni O ,Pnma,62,2,5.3891,5.3816,7.6101,90.0,90.0,90.0,True,ABX3,Ortorombik
4123966_1,623,La4 Pd4 O12,La O Pd ,Pnma,62,2,5.5898,5.8502,7.8665,90.0,90.0,90.0,True,ABX3,Ortorombik
4123966_2,623,La4 Pd4 O12,La O Pd ,Pnma,62,2,5.5898,5.8502,7.8665,90.0,90.0,90.0,True,ABX3,Ortorombik
4123966_3,623,La4 Pd4 O12,La O Pd ,Pnma,62,2,5.5898,5.8502,7.8665,90.0,90.0,90.0,True,ABX3,Ortorombik
4123966_4,623,La4 Pd4 O12,La O Pd ,Pnma,62,2,5.5898,5.8502,7.8665,90.0,90.0,90.0,True,ABX3,Ortorombik
4123966_5,623,La4 Pd4 O12,La O Pd ,Pnma,62,2,5.5898,5.8502,7.8665,90.0,90.0,90.0,True,ABX3,Ortorombik
4123966_6,623,La4 Pd4 O12,La O Pd ,Pnma,62,2,5.5898,5.8502,7.8665,90.0,90.0,90.0,True,ABX3,Ortorombik
4123966_7,623,La4 Pd4 O12,La O Pd ,Pnma,62,2,5.5898,5.8502,7.8665,90.0,90.0,90.0,True,ABX3,Ortorombik
4123966_8,623,La4 Pd4 O12,La O Pd ,Pnma,62,2,5.5898,5.8502,7.8665,90.0,90.0,90.0,True,ABX3,Ortorombik
4123966_9,623,La4 Pd4 O12,La O Pd ,Pnma,62,2,5.5898,5.8502,7.8665,90.0,90.0,90.0,True,ABX3,Ortorombik
4123966_10,623,La4 Pd4 O12,La O Pd ,Pnma,62,2,5.5898,5.8502,7.8665,90.0,90.0,90.0,True,ABX3,Ortorombik
4123966_11,623,La4 Pd4 O12,La O Pd ,Pnma,62,2,5.5898,5.8502,7.8665,90.0,90.0,90.0,True,ABX3,Ortorombik
4123966_12,623,La4 Pd4 O12,La O Pd ,Pnma,62,2,5.5898,5.8502,7.8665,90.0,90.0,90.0,True,ABX3,Ortorombik
4123966_13,623,La4 Pd4 O12,La O Pd ,Pnma,62,2,5.5898,5.8502,7.8665,90.0,90.0,90.0,True,ABX3,Ortorombik
4123966_14,623,La4 Pd4 O12,La O Pd ,Pnma,62,2,5.5898,5.8502,7.8665,90.0,90.0,90.0,True,ABX3,Ortorombik
4123966_15,623,La4 Pd4 O12,La O Pd ,Pnma,62,2,5.5898,5.8502,7.8665,90.0,90.0,90.0,True,ABX3,Ortorombik
4123966_16,623,La4 Pd4 O12,La O Pd ,Pnma,62,2,5.5898,5.8502,7.8665,90.0,90.0,90.0,True,ABX3,Ortorombik
4123966_17,623,La4 Pd4 O12,La O Pd ,Pnma,62,2,5.5898,5.8502,7.8665,90.0,90.0,90.0,True,ABX3,Ortorombik
4123966_18,623,La4 Pd4 O12,La O Pd ,Pnma,62,2,5.5898,5.8502,7.8665,90.0,90.0,90.0,True,ABX3,Ortorombik
4123966_19,623,La4 Pd4 O12,La O Pd ,Pnma,62,2,5.5898,5.8502,7.8665,90.0,90.0,90.0,True,ABX3,Ortorombik
4123966_20,623,La4 Pd4 O12,La O Pd ,Pnma,62,2,5.5898,5.8502,7.8665,90.0,90.0,90.0,True,ABX3,Ortorombik
4123966_21,623,La4 Pd4 O12,La O Pd ,Pnma,62,2,5.5898,5.8502,7.8665,90.0,90.0,90.0,True,ABX3,Ortorombik
4123966_22,623,La4 Pd4 O12,La O Pd ,Pnma,62,2,5.5898,5.8502,7.8665,90.0,90.0,90.0,True,ABX3,Ortorombik
4123966_23,623,La4 Pd4 O12,La O Pd ,Pnma,62,2,5.5898,5.8502,7.8665,90.0,90.0,90.0,True,ABX3,Ortorombik
4123966_24,623,La4 Pd4 O12,La O Pd ,Pnma,62,2,5.5898,5.8502,7.8665,90.0,90.0,90.0,True,ABX3,Ortorombik
1528353_1,628,La16 Fe14.12 S40,Fe La S ,Pmc2_1,26,2,4.001,32.936,11.291,90.0,90.0,90.0,True,ABX3,Ortorombik
1528353_2,628,La16 Fe14.12 S40,Fe La S ,Pmc2_1,26,2,4.001,32.936,11.291,90.0,90.0,90.0,True,ABX3,Ortorombik
1528353_3,628,La16 Fe14.12 S40,Fe La S ,Pmc2_1,26,2,4.001,32.936,11.291,90.0,90.0,90.0,True,ABX3,Ortorombik
1528353_4,628,La16 Fe14.12 S40,Fe La S ,Pmc2_1,26,2,4.001,32.936,11.291,90.0,90.0,90.0,True,ABX3,Ortorombik
1528353_5,628,La16 Fe14.12 S40,Fe La S ,Pmc2_1,26,2,4.001,32.936,11.291,90.0,90.0,90.0,True,ABX3,Ortorombik
1528353_6,628,La16 Fe14.12 S40,Fe La S ,Pmc2_1,26,2,4.001,32.936,11.291,90.0,90.0,90.0,True,ABX3,Ortorombik
1528353_7,628,La16 Fe14.12 S40,Fe La S ,Pmc2_1,26,2,4.001,32.936,11.291,90.0,90.0,90.0,True,ABX3,Ortorombik
1528353_8,628,La16 Fe14.12 S40,Fe La S ,Pmc2_1,26,2,4.001,32.936,11.291,90.0,90.0,90.0,True,ABX3,Ortorombik
1528353_9,628,La16 Fe14.12 S40,Fe La S ,Pmc2_1,26,2,4.001,32.936,11.291,90.0,90.0,90.0,True,ABX3,Ortorombik
1528353_10,628,La16 Fe14.12 S40,Fe La S ,Pmc2_1,26,2,4.001,32.936,11.291,90.0,90.0,90.0,True,ABX3,Ortorombik
1528353_11,628,La16 Fe14.12 S40,Fe La S ,Pmc2_1,26,2,4.001,32.936,11.291,90.0,90.0,90.0,True,ABX3,Ortorombik
1528353_12,628,La16 Fe14.12 S40,Fe La S ,Pmc2_1,26,2,4.001,32.936,11.291,90.0,90.0,90.0,True,ABX3,Ortorombik
1528353_13,628,La16 Fe14.12 S40,Fe La S ,Pmc2_1,26,2,4.001,32.936,11.291,90.0,90.0,90.0,True,ABX3,Ortorombik
1528353_14,628,La16 Fe14.12 S40,Fe La S ,Pmc2_1,26,2,4.001,32.936,11.291,90.0,90.0,90.0,True,ABX3,Ortorombik
1528353_15,628,La16 Fe14.12 S40,Fe La S ,Pmc2_1,26,2,4.001,32.936,11.291,90.0,90.0,90.0,True,ABX3,Ortorombik
1528353_16,628,La16 Fe14.12 S40,Fe La S ,Pmc2_1,26,2,4.001,32.936,11.291,90.0,90.0,90.0,True,ABX3,Ortorombik
1528353_17,628,La16 Fe14.12 S40,Fe La S ,Pmc2_1,26,2,4.001,32.936,11.291,90.0,90.0,90.0,True,ABX3,Ortorombik
1528353_18,628,La16 Fe14.12 S40,Fe La S ,Pmc2_1,26,2,4.001,32.936,11.291,90.0,90.0,90.0,True,ABX3,Ortorombik
1528353_19,628,La16 Fe14.12 S40,Fe La S ,Pmc2_1,26,2,4.001,32.936,11.291,90.0,90.0,90.0,True,ABX3,Ortorombik
1528353_20,628,La16 Fe14.12 S40,Fe La S ,Pmc2_1,26,2,4.001,32.936,11.291,90.0,90.0,90.0,True,ABX3,Ortorombik
1528353_21,628,La16 Fe14.12 S40,Fe La S ,Pmc2_1,26,2,4.001,32.936,11.291,90.0,90.0,90.0,True,ABX3,Ortorombik
1528353_22,628,La16 Fe14.12 S40,Fe La S ,Pmc2_1,26,2,4.001,32.936,11.291,90.0,90.0,90.0,True,ABX3,Ortorombik
1528353_23,628,La16 Fe14.12 S40,Fe La S ,Pmc2_1,26,2,4.001,32.936,11.291,90.0,90.0,90.0,True,ABX3,Ortorombik
1528353_24,628,La16 Fe14.12 S40,Fe La S ,Pmc2_1,26,2,4.001,32.936,11.291,90.0,90.0,90.0,True,ABX3,Ortorombik
1541315_1,652,U4 Cr4 S12,Cr S U ,Pnma,62,2,7.163,8.851,6.095,90.0,90.0,90.0,True,ABX3,Ortorombik
1541315_2,652,U4 Cr4 S12,Cr S U ,Pnma,62,2,7.163,8.851,6.095,90.0,90.0,90.0,True,ABX3,Ortorombik
1541315_3,652,U4 Cr4 S12,Cr S U ,Pnma,62,2,7.163,8.851,6.095,90.0,90.0,90.0,True,ABX3,Ortorombik
1541315_4,652,U4 Cr4 S12,Cr S U ,Pnma,62,2,7.163,8.851,6.095,90.0,90.0,90.0,True,ABX3,Ortorombik
1541315_5,652,U4 Cr4 S12,Cr S U ,Pnma,62,2,7.163,8.851,6.095,90.0,90.0,90.0,True,ABX3,Ortorombik
1541315_6,652,U4 Cr4 S12,Cr S U ,Pnma,62,2,7.163,8.851,6.095,90.0,90.0,90.0,True,ABX3,Ortorombik
1541315_7,652,U4 Cr4 S12,Cr S U ,Pnma,62,2,7.163,8.851,6.095,90.0,90.0,90.0,True,ABX3,Ortorombik
1541315_8,652,U4 Cr4 S12,Cr S U ,Pnma,62,2,7.163,8.851,6.095,90.0,90.0,90.0,True,ABX3,Ortorombik
1541315_9,652,U4 Cr4 S12,Cr S U ,Pnma,62,2,7.163,8.851,6.095,90.0,90.0,90.0,True,ABX3,Ortorombik
1541315_10,652,U4 Cr4 S12,Cr S U ,Pnma,62,2,7.163,8.851,6.095,90.0,90.0,90.0,True,ABX3,Ortorombik
1541315_11,652,U4 Cr4 S12,Cr S U ,Pnma,62,2,7.163,8.851,6.095,90.0,90.0,90.0,True,ABX3,Ortorombik
1541315_12,652,U4 Cr4 S12,Cr S U ,Pnma,62,2,7.163,8.851,6.095,90.0,90.0,90.0,True,ABX3,Ortorombik
1541315_13,652,U4 Cr4 S12,Cr S U ,Pnma,62,2,7.163,8.851,6.095,90.0,90.0,90.0,True,ABX3,Ortorombik
1541315_14,652,U4 Cr4 S12,Cr S U ,Pnma,62,2,7.163,8.851,6.095,90.0,90.0,90.0,True,ABX3,Ortorombik
1541315_15,652,U4 Cr4 S12,Cr S U ,Pnma,62,2,7.163,8.851,6.095,90.0,90.0,90.0,True,ABX3,Ortorombik
1541315_16,652,U4 Cr4 S12,Cr S U ,Pnma,62,2,7.163,8.851,6.095,90.0,90.0,90.0,True,ABX3,Ortorombik
1541315_17,652,U4 Cr4 S12,Cr S U ,Pnma,62,2,7.163,8.851,6.095,90.0,90.0,90.0,True,ABX3,Ortorombik
1541315_18,652,U4 Cr4 S12,Cr S U ,Pnma,62,2,7.163,8.851,6.095,90.0,90.0,90.0,True,ABX3,Ortorombik
1541315_19,652,U4 Cr4 S12,Cr S U ,Pnma,62,2,7.163,8.851,6.095,90.0,90.0,90.0,True,ABX3,Ortorombik
1541315_20,652,U4 Cr4 S12,Cr S U ,Pnma,62,2,7.163,8.851,6.095,90.0,90.0,90.0,True,ABX3,Ortorombik
1541315_21,652,U4 Cr4 S12,Cr S U ,Pnma,62,2,7.163,8.851,6.095,90.0,90.0,90.0,True,ABX3,Ortorombik
1541315_22,652,U4 Cr4 S12,Cr S U ,Pnma,62,2,7.163,8.851,6.095,90.0,90.0,90.0,True,ABX3,Ortorombik
1541315_23,652,U4 Cr4 S12,Cr S U ,Pnma,62,2,7.163,8.851,6.095,90.0,90.0,90.0,True,ABX3,Ortorombik
1541315_24,652,U4 Cr4 S12,Cr S U ,Pnma,62,2,7.163,8.851,6.095,90.0,90.0,90.0,True,ABX3,Ortorombik
1535382_1,704,Tl4 Cd4 Cl12,Cd Cl Tl ,Pnma,62,2,8.922,3.997,14.828,90.0,90.0,90.0,True,ABX3,Ortorombik
1535382_2,704,Tl4 Cd4 Cl12,Cd Cl Tl ,Pnma,62,2,8.922,3.997,14.828,90.0,90.0,90.0,True,ABX3,Ortorombik
1535382_3,704,Tl4 Cd4 Cl12,Cd Cl Tl ,Pnma,62,2,8.922,3.997,14.828,90.0,90.0,90.0,True,ABX3,Ortorombik
1535382_4,704,Tl4 Cd4 Cl12,Cd Cl Tl ,Pnma,62,2,8.922,3.997,14.828,90.0,90.0,90.0,True,ABX3,Ortorombik
1535382_5,704,Tl4 Cd4 Cl12,Cd Cl Tl ,Pnma,62,2,8.922,3.997,14.828,90.0,90.0,90.0,True,ABX3,Ortorombik
1535382_6,704,Tl4 Cd4 Cl12,Cd Cl Tl ,Pnma,62,2,8.922,3.997,14.828,90.0,90.0,90.0,True,ABX3,Ortorombik
1535382_7,704,Tl4 Cd4 Cl12,Cd Cl Tl ,Pnma,62,2,8.922,3.997,14.828,90.0,90.0,90.0,True,ABX3,Ortorombik
1535382_8,704,Tl4 Cd4 Cl12,Cd Cl Tl ,Pnma,62,2,8.922,3.997,14.828,90.0,90.0,90.0,True,ABX3,Ortorombik
1535382_9,704,Tl4 Cd4 Cl12,Cd Cl Tl ,Pnma,62,2,8.922,3.997,14.828,90.0,90.0,90.0,True,ABX3,Ortorombik
1535382_10,704,Tl4 Cd4 Cl12,Cd Cl Tl ,Pnma,62,2,8.922,3.997,14.828,90.0,90.0,90.0,True,ABX3,Ortorombik
1535382_11,704,Tl4 Cd4 Cl12,Cd Cl Tl ,Pnma,62,2,8.922,3.997,14.828,90.0,90.0,90.0,True,ABX3,Ortorombik
1535382_12,704,Tl4 Cd4 Cl12,Cd Cl Tl ,Pnma,62,2,8.922,3.997,14.828,90.0,90.0,90.0,True,ABX3,Ortorombik
1535382_13,704,Tl4 Cd4 Cl12,Cd Cl Tl ,Pnma,62,2,8.922,3.997,14.828,90.0,90.0,90.0,True,ABX3,Ortorombik
1535382_14,704,Tl4 Cd4 Cl12,Cd Cl Tl ,Pnma,62,2,8.922,3.997,14.828,90.0,90.0,90.0,True,ABX3,Ortorombik
1535382_15,704,Tl4 Cd4 Cl12,Cd Cl Tl ,Pnma,62,2,8.922,3.997,14.828,90.0,90.0,90.0,True,ABX3,Ortorombik
1535382_16,704,Tl4 Cd4 Cl12,Cd Cl Tl ,Pnma,62,2,8.922,3.997,14.828,90.0,90.0,90.0,True,ABX3,Ortorombik
1535382_17,704,Tl4 Cd4 Cl12,Cd Cl Tl ,Pnma,62,2,8.922,3.997,14.828,90.0,90.0,90.0,True,ABX3,Ortorombik
1535382_18,704,Tl4 Cd4 Cl12,Cd Cl Tl ,Pnma,62,2,8.922,3.997,14.828,90.0,90.0,90.0,True,ABX3,Ortorombik
1535382_19,704,Tl4 Cd4 Cl12,Cd Cl Tl ,Pnma,62,2,8.922,3.997,14.828,90.0,90.0,90.0,True,ABX3,Ortorombik
1535382_20,704,Tl4 Cd4 Cl12,Cd Cl Tl ,Pnma,62,2,8.922,3.997,14.828,90.0,90.0,90.0,True,ABX3,Ortorombik
1535382_21,704,Tl4 Cd4 Cl12,Cd Cl Tl ,Pnma,62,2,8.922,3.997,14.828,90.0,90.0,90.0,True,ABX3,Ortorombik
1535382_22,704,Tl4 Cd4 Cl12,Cd Cl Tl ,Pnma,62,2,8.922,3.997,14.828,90.0,90.0,90.0,True,ABX3,Ortorombik
1535382_23,704,Tl4 Cd4 Cl12,Cd Cl Tl ,Pnma,62,2,8.922,3.997,14.828,90.0,90.0,90.0,True,ABX3,Ortorombik
1535382_24,704,Tl4 Cd4 Cl12,Cd Cl Tl ,Pnma,62,2,8.922,3.997,14.828,90.0,90.0,90.0,True,ABX3,Ortorombik
2310603_1,723,K8 Si8 O24,K O Si ,P2_1/c,14,5,7.51,11.25,7.5,90.0,100.87000000000002,90.0,True,ABX3,Monoklinik
2310603_2,723,K8 Si8 O24,K O Si ,P2_1/c,14,5,7.51,11.25,7.5,90.0,100.87000000000002,90.0,True,ABX3,Monoklinik
2310603_3,723,K8 Si8 O24,K O Si ,P2_1/c,14,5,7.51,11.25,7.5,90.0,100.87000000000002,90.0,True,ABX3,Monoklinik
2310603_4,723,K8 Si8 O24,K O Si ,P2_1/c,14,5,7.51,11.25,7.5,90.0,100.87000000000002,90.0,True,ABX3,Monoklinik
2310603_5,723,K8 Si8 O24,K O Si ,P2_1/c,14,5,7.51,11.25,7.5,90.0,100.87000000000002,90.0,True,ABX3,Monoklinik
2310603_6,723,K8 Si8 O24,K O Si ,P2_1/c,14,5,7.51,11.25,7.5,90.0,100.87000000000002,90.0,True,ABX3,Monoklinik
2310603_7,723,K8 Si8 O24,K O Si ,P2_1/c,14,5,7.51,11.25,7.5,90.0,100.87000000000002,90.0,True,ABX3,Monoklinik
2310603_8,723,K8 Si8 O24,K O Si ,P2_1/c,14,5,7.51,11.25,7.5,90.0,100.87000000000002,90.0,True,ABX3,Monoklinik
2310603_9,723,K8 Si8 O24,K O Si ,P2_1/c,14,5,7.51,11.25,7.5,90.0,100.87000000000002,90.0,True,ABX3,Monoklinik
2310603_10,723,K8 Si8 O24,K O Si ,P2_1/c,14,5,7.51,11.25,7.5,90.0,100.87000000000002,90.0,True,ABX3,Monoklinik
2310603_11,723,K8 Si8 O24,K O Si ,P2_1/c,14,5,7.51,11.25,7.5,90.0,100.87000000000002,90.0,True,ABX3,Monoklinik
2310603_12,723,K8 Si8 O24,K O Si ,P2_1/c,14,5,7.51,11.25,7.5,90.0,100.87000000000002,90.0,True,ABX3,Monoklinik
2310603_13,723,K8 Si8 O24,K O Si ,P2_1/c,14,5,7.51,11.25,7.5,90.0,100.87000000000002,90.0,True,ABX3,Monoklinik
2310603_14,723,K8 Si8 O24,K O Si ,P2_1/c,14,5,7.51,11.25,7.5,90.0,100.87000000000002,90.0,True,ABX3,Monoklinik
2310603_15,723,K8 Si8 O24,K O Si ,P2_1/c,14,5,7.51,11.25,7.5,90.0,100.87000000000002,90.0,True,ABX3,Monoklinik
2310603_16,723,K8 Si8 O24,K O Si ,P2_1/c,14,5,7.51,11.25,7.5,90.0,100.87000000000002,90.0,True,ABX3,Monoklinik
2310603_17,723,K8 Si8 O24,K O Si ,P2_1/c,14,5,7.51,11.25,7.5,90.0,100.87000000000002,90.0,True,ABX3,Monoklinik
2310603_18,723,K8 Si8 O24,K O Si ,P2_1/c,14,5,7.51,11.25,7.5,90.0,100.87000000000002,90.0,True,ABX3,Monoklinik
2310603_19,723,K8 Si8 O24,K O Si ,P2_1/c,14,5,7.51,11.25,7.5,90.0,100.87000000000002,90.0,True,ABX3,Monoklinik
2310603_20,723,K8 Si8 O24,K O Si ,P2_1/c,14,5,7.51,11.25,7.5,90.0,100.87000000000002,90.0,True,ABX3,Monoklinik
2310603_21,723,K8 Si8 O24,K O Si ,P2_1/c,14,5,7.51,11.25,7.5,90.0,100.87000000000002,90.0,True,ABX3,Monoklinik
2310603_22,723,K8 Si8 O24,K O Si ,P2_1/c,14,5,7.51,11.25,7.5,90.0,100.87000000000002,90.0,True,ABX3,Monoklinik
2310603_23,723,K8 Si8 O24,K O Si ,P2_1/c,14,5,7.51,11.25,7.5,90.0,100.87000000000002,90.0,True,ABX3,Monoklinik
2310603_24,723,K8 Si8 O24,K O Si ,P2_1/c,14,5,7.51,11.25,7.5,90.0,100.87000000000002,90.0,True,ABX3,Monoklinik
7130259_1,829,Nd4 B4 S12,B Nd S ,Pna2_1,33,2,7.4818,6.0037,8.853,90.0,90.0,90.0,True,ABX3,Ortorombik
7130259_2,829,Nd4 B4 S12,B Nd S ,Pna2_1,33,2,7.4818,6.0037,8.853,90.0,90.0,90.0,True,ABX3,Ortorombik
7130259_3,829,Nd4 B4 S12,B Nd S ,Pna2_1,33,2,7.4818,6.0037,8.853,90.0,90.0,90.0,True,ABX3,Ortorombik
7130259_4,829,Nd4 B4 S12,B Nd S ,Pna2_1,33,2,7.4818,6.0037,8.853,90.0,90.0,90.0,True,ABX3,Ortorombik
7130259_5,829,Nd4 B4 S12,B Nd S ,Pna2_1,33,2,7.4818,6.0037,8.853,90.0,90.0,90.0,True,ABX3,Ortorombik
7130259_6,829,Nd4 B4 S12,B Nd S ,Pna2_1,33,2,7.4818,6.0037,8.853,90.0,90.0,90.0,True,ABX3,Ortorombik
7130259_7,829,Nd4 B4 S12,B Nd S ,Pna2_1,33,2,7.4818,6.0037,8.853,90.0,90.0,90.0,True,ABX3,Ortorombik
7130259_8,829,Nd4 B4 S12,B Nd S ,Pna2_1,33,2,7.4818,6.0037,8.853,90.0,90.0,90.0,True,ABX3,Ortorombik
7130259_9,829,Nd4 B4 S12,B Nd S ,Pna2_1,33,2,7.4818,6.0037,8.853,90.0,90.0,90.0,True,ABX3,Ortorombik
7130259_10,829,Nd4 B4 S12,B Nd S ,Pna2_1,33,2,7.4818,6.0037,8.853,90.0,90.0,90.0,True,ABX3,Ortorombik
7130259_11,829,Nd4 B4 S12,B Nd S ,Pna2_1,33,2,7.4818,6.0037,8.853,90.0,90.0,90.0,True,ABX3,Ortorombik
7130259_12,829,Nd4 B4 S12,B Nd S ,Pna2_1,33,2,7.4818,6.0037,8.853,90.0,90.0,90.0,True,ABX3,Ortorombik
7130259_13,829,Nd4 B4 S12,B Nd S ,Pna2_1,33,2,7.4818,6.0037,8.853,90.0,90.0,90.0,True,ABX3,Ortorombik
7130259_14,829,Nd4 B4 S12,B Nd S ,Pna2_1,33,2,7.4818,6.0037,8.853,90.0,90.0,90.0,True,ABX3,Ortorombik
7130259_15,829,Nd4 B4 S12,B Nd S ,Pna2_1,33,2,7.4818,6.0037,8.853,90.0,90.0,90.0,True,ABX3,Ortorombik
7130259_16,829,Nd4 B4 S12,B Nd S ,Pna2_1,33,2,7.4818,6.0037,8.853,90.0,90.0,90.0,True,ABX3,Ortorombik
7130259_17,829,Nd4 B4 S12,B Nd S ,Pna2_1,33,2,7.4818,6.0037,8.853,90.0,90.0,90.0,True,ABX3,Ortorombik
7130259_18,829,Nd4 B4 S12,B Nd S ,Pna2_1,33,2,7.4818,6.0037,8.853,90.0,90.0,90.0,True,ABX3,Ortorombik
7130259_19,829,Nd4 B4 S12,B Nd S ,Pna2_1,33,2,7.4818,6.0037,8.853,90.0,90.0,90.0,True,ABX3,Ortorombik
7130259_20,829,Nd4 B4 S12,B Nd S ,Pna2_1,33,2,7.4818,6.0037,8.853,90.0,90.0,90.0,True,ABX3,Ortorombik
7130259_21,829,Nd4 B4 S12,B Nd S ,Pna2_1,33,2,7.4818,6.0037,8.853,90.0,90.0,90.0,True,ABX3,Ortorombik
7130259_22,829,Nd4 B4 S12,B Nd S ,Pna2_1,33,2,7.4818,6.0037,8.853,90.0,90.0,90.0,True,ABX3,Ortorombik
7130259_23,829,Nd4 B4 S12,B Nd S ,Pna2_1,33,2,7.4818,6.0037,8.853,90.0,90.0,90.0,True,ABX3,Ortorombik
7130259_24,829,Nd4 B4 S12,B Nd S ,Pna2_1,33,2,7.4818,6.0037,8.853,90.0,90.0,90.0,True,ABX3,Ortorombik
9010358_1,835,Ca4 Ir4 O12,Ca Ir O ,Cmc2_1,36,2,3.13642,9.88337,7.29891,90.0,90.0,90.0,True,ABX3,Ortorombik
9010358_2,835,Ca4 Ir4 O12,Ca Ir O ,Cmc2_1,36,2,3.13642,9.88337,7.29891,90.0,90.0,90.0,True,ABX3,Ortorombik
9010358_3,835,Ca4 Ir4 O12,Ca Ir O ,Cmc2_1,36,2,3.13642,9.88337,7.29891,90.0,90.0,90.0,True,ABX3,Ortorombik
9010358_4,835,Ca4 Ir4 O12,Ca Ir O ,Cmc2_1,36,2,3.13642,9.88337,7.29891,90.0,90.0,90.0,True,ABX3,Ortorombik
9010358_5,835,Ca4 Ir4 O12,Ca Ir O ,Cmc2_1,36,2,3.13642,9.88337,7.29891,90.0,90.0,90.0,True,ABX3,Ortorombik
9010358_6,835,Ca4 Ir4 O12,Ca Ir O ,Cmc2_1,36,2,3.13642,9.88337,7.29891,90.0,90.0,90.0,True,ABX3,Ortorombik
9010358_7,835,Ca4 Ir4 O12,Ca Ir O ,Cmc2_1,36,2,3.13642,9.88337,7.29891,90.0,90.0,90.0,True,ABX3,Ortorombik
9010358_8,835,Ca4 Ir4 O12,Ca Ir O ,Cmc2_1,36,2,3.13642,9.88337,7.29891,90.0,90.0,90.0,True,ABX3,Ortorombik
9010358_9,835,Ca4 Ir4 O12,Ca Ir O ,Cmc2_1,36,2,3.13642,9.88337,7.29891,90.0,90.0,90.0,True,ABX3,Ortorombik
9010358_10,835,Ca4 Ir4 O12,Ca Ir O ,Cmc2_1,36,2,3.13642,9.88337,7.29891,90.0,90.0,90.0,True,ABX3,Ortorombik
9010358_11,835,Ca4 Ir4 O12,Ca Ir O ,Cmc2_1,36,2,3.13642,9.88337,7.29891,90.0,90.0,90.0,True,ABX3,Ortorombik
9010358_12,835,Ca4 Ir4 O12,Ca Ir O ,Cmc2_1,36,2,3.13642,9.88337,7.29891,90.0,90.0,90.0,True,ABX3,Ortorombik
9010358_13,835,Ca4 Ir4 O12,Ca Ir O ,Cmc2_1,36,2,3.13642,9.88337,7.29891,90.0,90.0,90.0,True,ABX3,Ortorombik
9010358_14,835,Ca4 Ir4 O12,Ca Ir O ,Cmc2_1,36,2,3.13642,9.88337,7.29891,90.0,90.0,90.0,True,ABX3,Ortorombik
9010358_15,835,Ca4 Ir4 O12,Ca Ir O ,Cmc2_1,36,2,3.13642,9.88337,7.29891,90.0,90.0,90.0,True,ABX3,Ortorombik
9010358_16,835,Ca4 Ir4 O12,Ca Ir O ,Cmc2_1,36,2,3.13642,9.88337,7.29891,90.0,90.0,90.0,True,ABX3,Ortorombik
9010358_17,835,Ca4 Ir4 O12,Ca Ir O ,Cmc2_1,36,2,3.13642,9.88337,7.29891,90.0,90.0,90.0,True,ABX3,Ortorombik
9010358_18,835,Ca4 Ir4 O12,Ca Ir O ,Cmc2_1,36,2,3.13642,9.88337,7.29891,90.0,90.0,90.0,True,ABX3,Ortorombik
9010358_19,835,Ca4 Ir4 O12,Ca Ir O ,Cmc2_1,36,2,3.13642,9.88337,7.29891,90.0,90.0,90.0,True,ABX3,Ortorombik
9010358_20,835,Ca4 Ir4 O12,Ca Ir O ,Cmc2_1,36,2,3.13642,9.88337,7.29891,90.0,90.0,90.0,True,ABX3,Ortorombik
9010358_21,835,Ca4 Ir4 O12,Ca Ir O ,Cmc2_1,36,2,3.13642,9.88337,7.29891,90.0,90.0,90.0,True,ABX3,Ortorombik
9010358_22,835,Ca4 Ir4 O12,Ca Ir O ,Cmc2_1,36,2,3.13642,9.88337,7.29891,90.0,90.0,90.0,True,ABX3,Ortorombik
9010358_23,835,Ca4 Ir4 O12,Ca Ir O ,Cmc2_1,36,2,3.13642,9.88337,7.29891,90.0,90.0,90.0,True,ABX3,Ortorombik
9010358_24,835,Ca4 Ir4 O12,Ca Ir O ,Cmc2_1,36,2,3.13642,9.88337,7.29891,90.0,90.0,90.0,True,ABX3,Ortorombik
9006864_1,1125,Sr1 Ti1 O3,O Sr Ti ,Pm-3m,221,0,3.90528,3.90528,3.90528,90.0,90.0,90.0,True,ABX3,Kubik
9006864_2,1125,Sr1 Ti1 O3,O Sr Ti ,Pm-3m,221,0,3.90528,3.90528,3.90528,90.0,90.0,90.0,True,ABX3,Kubik
9006864_3,1125,Sr1 Ti1 O3,O Sr Ti ,Pm-3m,221,0,3.90528,3.90528,3.90528,90.0,90.0,90.0,True,ABX3,Kubik
9006864_4,1125,Sr1 Ti1 O3,O Sr Ti ,Pm-3m,221,0,3.90528,3.90528,3.90528,90.0,90.0,90.0,True,ABX3,Kubik
9006864_5,1125,Sr1 Ti1 O3,O Sr Ti ,Pm-3m,221,0,3.90528,3.90528,3.90528,90.0,90.0,90.0,True,ABX3,Kubik
9006864_6,1125,Sr1 Ti1 O3,O Sr Ti ,Pm-3m,221,0,3.90528,3.90528,3.90528,90.0,90.0,90.0,True,ABX3,Kubik
9006864_7,1125,Sr1 Ti1 O3,O Sr Ti ,Pm-3m,221,0,3.90528,3.90528,3.90528,90.0,90.0,90.0,True,ABX3,Kubik
9006864_8,1125,Sr1 Ti1 O3,O Sr Ti ,Pm-3m,221,0,3.90528,3.90528,3.90528,90.0,90.0,90.0,True,ABX3,Kubik
9006864_9,1125,Sr1 Ti1 O3,O Sr Ti ,Pm-3m,221,0,3.90528,3.90528,3.90528,90.0,90.0,90.0,True,ABX3,Kubik
9006864_10,1125,Sr1 Ti1 O3,O Sr Ti ,Pm-3m,221,0,3.90528,3.90528,3.90528,90.0,90.0,90.0,True,ABX3,Kubik
9006864_11,1125,Sr1 Ti1 O3,O Sr Ti ,Pm-3m,221,0,3.90528,3.90528,3.90528,90.0,90.0,90.0,True,ABX3,Kubik
9006864_12,1125,Sr1 Ti1 O3,O Sr Ti ,Pm-3m,221,0,3.90528,3.90528,3.90528,90.0,90.0,90.0,True,ABX3,Kubik
9006864_13,1125,Sr1 Ti1 O3,O Sr Ti ,Pm-3m,221,0,3.90528,3.90528,3.90528,90.0,90.0,90.0,True,ABX3,Kubik
9006864_14,1125,Sr1 Ti1 O3,O Sr Ti ,Pm-3m,221,0,3.90528,3.90528,3.90528,90.0,90.0,90.0,True,ABX3,Kubik
9006864_15,1125,Sr1 Ti1 O3,O Sr Ti ,Pm-3m,221,0,3.90528,3.90528,3.90528,90.0,90.0,90.0,True,ABX3,Kubik
9006864_16,1125,Sr1 Ti1 O3,O Sr Ti ,Pm-3m,221,0,3.90528,3.90528,3.90528,90.0,90.0,90.0,True,ABX3,Kubik
9006864_17,1125,Sr1 Ti1 O3,O Sr Ti ,Pm-3m,221,0,3.90528,3.90528,3.90528,90.0,90.0,90.0,True,ABX3,Kubik
9006864_18,1125,Sr1 Ti1 O3,O Sr Ti ,Pm-3m,221,0,3.90528,3.90528,3.90528,90.0,90.0,90.0,True,ABX3,Kubik
9006864_19,1125,Sr1 Ti1 O3,O Sr Ti ,Pm-3m,221,0,3.90528,3.90528,3.90528,90.0,90.0,90.0,True,ABX3,Kubik
9006864_20,1125,Sr1 Ti1 O3,O Sr Ti ,Pm-3m,221,0,3.90528,3.90528,3.90528,90.0,90.0,90.0,True,ABX3,Kubik
9006864_21,1125,Sr1 Ti1 O3,O Sr Ti ,Pm-3m,221,0,3.90528,3.90528,3.90528,90.0,90.0,90.0,True,ABX3,Kubik
9006864_22,1125,Sr1 Ti1 O3,O Sr Ti ,Pm-3m,221,0,3.90528,3.90528,3.90528,90.0,90.0,90.0,True,ABX3,Kubik
9006864_23,1125,Sr1 Ti1 O3,O Sr Ti ,Pm-3m,221,0,3.90528,3.90528,3.90528,90.0,90.0,90.0,True,ABX3,Kubik
9006864_24,1125,Sr1 Ti1 O3,O Sr Ti ,Pm-3m,221,0,3.90528,3.90528,3.90528,90.0,90.0,90.0,True,ABX3,Kubik
1526751_1,1144,Ca4 Fe4 O12,Ca Fe O ,Pnma,62,2,5.35168,7.54004,5.32613,90.0,90.0,90.0,True,ABX3,Ortorombik
1526751_2,1144,Ca4 Fe4 O12,Ca Fe O ,Pnma,62,2,5.35168,7.54004,5.32613,90.0,90.0,90.0,True,ABX3,Ortorombik
1526751_3,1144,Ca4 Fe4 O12,Ca Fe O ,Pnma,62,2,5.35168,7.54004,5.32613,90.0,90.0,90.0,True,ABX3,Ortorombik
1526751_4,1144,Ca4 Fe4 O12,Ca Fe O ,Pnma,62,2,5.35168,7.54004,5.32613,90.0,90.0,90.0,True,ABX3,Ortorombik
1526751_5,1144,Ca4 Fe4 O12,Ca Fe O ,Pnma,62,2,5.35168,7.54004,5.32613,90.0,90.0,90.0,True,ABX3,Ortorombik
1526751_6,1144,Ca4 Fe4 O12,Ca Fe O ,Pnma,62,2,5.35168,7.54004,5.32613,90.0,90.0,90.0,True,ABX3,Ortorombik
1526751_7,1144,Ca4 Fe4 O12,Ca Fe O ,Pnma,62,2,5.35168,7.54004,5.32613,90.0,90.0,90.0,True,ABX3,Ortorombik
1526751_8,1144,Ca4 Fe4 O12,Ca Fe O ,Pnma,62,2,5.35168,7.54004,5.32613,90.0,90.0,90.0,True,ABX3,Ortorombik
1526751_9,1144,Ca4 Fe4 O12,Ca Fe O ,Pnma,62,2,5.35168,7.54004,5.32613,90.0,90.0,90.0,True,ABX3,Ortorombik
1526751_10,1144,Ca4 Fe4 O12,Ca Fe O ,Pnma,62,2,5.35168,7.54004,5.32613,90.0,90.0,90.0,True,ABX3,Ortorombik
1526751_11,1144,Ca4 Fe4 O12,Ca Fe O ,Pnma,62,2,5.35168,7.54004,5.32613,90.0,90.0,90.0,True,ABX3,Ortorombik
1526751_12,1144,Ca4 Fe4 O12,Ca Fe O ,Pnma,62,2,5.35168,7.54004,5.32613,90.0,90.0,90.0,True,ABX3,Ortorombik
1526751_13,1144,Ca4 Fe4 O12,Ca Fe O ,Pnma,62,2,5.35168,7.54004,5.32613,90.0,90.0,90.0,True,ABX3,Ortorombik
1526751_14,1144,Ca4 Fe4 O12,Ca Fe O ,Pnma,62,2,5.35168,7.54004,5.32613,90.0,90.0,90.0,True,ABX3,Ortorombik
1526751_15,1144,Ca4 Fe4 O12,Ca Fe O ,Pnma,62,2,5.35168,7.54004,5.32613,90.0,90.0,90.0,True,ABX3,Ortorombik
1526751_16,1144,Ca4 Fe4 O12,Ca Fe O ,Pnma,62,2,5.35168,7.54004,5.32613,90.0,90.0,90.0,True,ABX3,Ortorombik
1526751_17,1144,Ca4 Fe4 O12,Ca Fe O ,Pnma,62,2,5.35168,7.54004,5.32613,90.0,90.0,90.0,True,ABX3,Ortorombik
1526751_18,1144,Ca4 Fe4 O12,Ca Fe O ,Pnma,62,2,5.35168,7.54004,5.32613,90.0,90.0,90.0,True,ABX3,Ortorombik
1526751_19,1144,Ca4 Fe4 O12,Ca Fe O ,Pnma,62,2,5.35168,7.54004,5.32613,90.0,90.0,90.0,True,ABX3,Ortorombik
1526751_20,1144,Ca4 Fe4 O12,Ca Fe O ,Pnma,62,2,5.35168,7.54004,5.32613,90.0,90.0,90.0,True,ABX3,Ortorombik
1526751_21,1144,Ca4 Fe4 O12,Ca Fe O ,Pnma,62,2,5.35168,7.54004,5.32613,90.0,90.0,90.0,True,ABX3,Ortorombik
1526751_22,1144,Ca4 Fe4 O12,Ca Fe O ,Pnma,62,2,5.35168,7.54004,5.32613,90.0,90.0,90.0,True,ABX3,Ortorombik
1526751_23,1144,Ca4 Fe4 O12,Ca Fe O ,Pnma,62,2,5.35168,7.54004,5.32613,90.0,90.0,90.0,True,ABX3,Ortorombik
1526751_24,1144,Ca4 Fe4 O12,Ca Fe O ,Pnma,62,2,5.35168,7.54004,5.32613,90.0,90.0,90.0,True,ABX3,Ortorombik
4003085_1,1206,Cs20 In20 Br60,Br Cs In ,I4/m,87,1,17.8982,17.8982,11.5351,90.0,90.0,90.0,True,ABX3,Tetragonal
4003085_2,1206,Cs20 In20 Br60,Br Cs In ,I4/m,87,1,17.8982,17.8982,11.5351,90.0,90.0,90.0,True,ABX3,Tetragonal
4003085_3,1206,Cs20 In20 Br60,Br Cs In ,I4/m,87,1,17.8982,17.8982,11.5351,90.0,90.0,90.0,True,ABX3,Tetragonal
4003085_4,1206,Cs20 In20 Br60,Br Cs In ,I4/m,87,1,17.8982,17.8982,11.5351,90.0,90.0,90.0,True,ABX3,Tetragonal
4003085_5,1206,Cs20 In20 Br60,Br Cs In ,I4/m,87,1,17.8982,17.8982,11.5351,90.0,90.0,90.0,True,ABX3,Tetragonal
4003085_6,1206,Cs20 In20 Br60,Br Cs In ,I4/m,87,1,17.8982,17.8982,11.5351,90.0,90.0,90.0,True,ABX3,Tetragonal
4003085_7,1206,Cs20 In20 Br60,Br Cs In ,I4/m,87,1,17.8982,17.8982,11.5351,90.0,90.0,90.0,True,ABX3,Tetragonal
4003085_8,1206,Cs20 In20 Br60,Br Cs In ,I4/m,87,1,17.8982,17.8982,11.5351,90.0,90.0,90.0,True,ABX3,Tetragonal
4003085_9,1206,Cs20 In20 Br60,Br Cs In ,I4/m,87,1,17.8982,17.8982,11.5351,90.0,90.0,90.0,True,ABX3,Tetragonal
4003085_10,1206,Cs20 In20 Br60,Br Cs In ,I4/m,87,1,17.8982,17.8982,11.5351,90.0,90.0,90.0,True,ABX3,Tetragonal
4003085_11,1206,Cs20 In20 Br60,Br Cs In ,I4/m,87,1,17.8982,17.8982,11.5351,90.0,90.0,90.0,True,ABX3,Tetragonal
4003085_12,1206,Cs20 In20 Br60,Br Cs In ,I4/m,87,1,17.8982,17.8982,11.5351,90.0,90.0,90.0,True,ABX3,Tetragonal
4003085_13,1206,Cs20 In20 Br60,Br Cs In ,I4/m,87,1,17.8982,17.8982,11.5351,90.0,90.0,90.0,True,ABX3,Tetragonal
4003085_14,1206,Cs20 In20 Br60,Br Cs In ,I4/m,87,1,17.8982,17.8982,11.5351,90.0,90.0,90.0,True,ABX3,Tetragonal
4003085_15,1206,Cs20 In20 Br60,Br Cs In ,I4/m,87,1,17.8982,17.8982,11.5351,90.0,90.0,90.0,True,ABX3,Tetragonal
4003085_16,1206,Cs20 In20 Br60,Br Cs In ,I4/m,87,1,17.8982,17.8982,11.5351,90.0,90.0,90.0,True,ABX3,Tetragonal
4003085_17,1206,Cs20 In20 Br60,Br Cs In ,I4/m,87,1,17.8982,17.8982,11.5351,90.0,90.0,90.0,True,ABX3,Tetragonal
4003085_18,1206,Cs20 In20 Br60,Br Cs In ,I4/m,87,1,17.8982,17.8982,11.5351,90.0,90.0,90.0,True,ABX3,Tetragonal
4003085_19,1206,Cs20 In20 Br60,Br Cs In ,I4/m,87,1,17.8982,17.8982,11.5351,90.0,90.0,90.0,True,ABX3,Tetragonal
4003085_20,1206,Cs20 In20 Br60,Br Cs In ,I4/m,87,1,17.8982,17.8982,11.5351,90.0,90.0,90.0,True,ABX3,Tetragonal
4003085_21,1206,Cs20 In20 Br60,Br Cs In ,I4/m,87,1,17.8982,17.8982,11.5351,90.0,90.0,90.0,True,ABX3,Tetragonal
4003085_22,1206,Cs20 In20 Br60,Br Cs In ,I4/m,87,1,17.8982,17.8982,11.5351,90.0,90.0,90.0,True,ABX3,Tetragonal
4003085_23,1206,Cs20 In20 Br60,Br Cs In ,I4/m,87,1,17.8982,17.8982,11.5351,90.0,90.0,90.0,True,ABX3,Tetragonal
4003085_24,1206,Cs20 In20 Br60,Br Cs In ,I4/m,87,1,17.8982,17.8982,11.5351,90.0,90.0,90.0,True,ABX3,Tetragonal
1531189_1,1224,Y4 V4 O12,O V Y ,Pnma,62,2,5.28164,5.58868,7.5503,90.0,90.0,90.0,True,ABX3,Ortorombik
1531189_2,1224,Y4 V4 O12,O V Y ,Pnma,62,2,5.28164,5.58868,7.5503,90.0,90.0,90.0,True,ABX3,Ortorombik
1531189_3,1224,Y4 V4 O12,O V Y ,Pnma,62,2,5.28164,5.58868,7.5503,90.0,90.0,90.0,True,ABX3,Ortorombik
1531189_4,1224,Y4 V4 O12,O V Y ,Pnma,62,2,5.28164,5.58868,7.5503,90.0,90.0,90.0,True,ABX3,Ortorombik
1531189_5,1224,Y4 V4 O12,O V Y ,Pnma,62,2,5.28164,5.58868,7.5503,90.0,90.0,90.0,True,ABX3,Ortorombik
1531189_6,1224,Y4 V4 O12,O V Y ,Pnma,62,2,5.28164,5.58868,7.5503,90.0,90.0,90.0,True,ABX3,Ortorombik
1531189_7,1224,Y4 V4 O12,O V Y ,Pnma,62,2,5.28164,5.58868,7.5503,90.0,90.0,90.0,True,ABX3,Ortorombik
1531189_8,1224,Y4 V4 O12,O V Y ,Pnma,62,2,5.28164,5.58868,7.5503,90.0,90.0,90.0,True,ABX3,Ortorombik
1531189_9,1224,Y4 V4 O12,O V Y ,Pnma,62,2,5.28164,5.58868,7.5503,90.0,90.0,90.0,True,ABX3,Ortorombik
1531189_10,1224,Y4 V4 O12,O V Y ,Pnma,62,2,5.28164,5.58868,7.5503,90.0,90.0,90.0,True,ABX3,Ortorombik
1531189_11,1224,Y4 V4 O12,O V Y ,Pnma,62,2,5.28164,5.58868,7.5503,90.0,90.0,90.0,True,ABX3,Ortorombik
1531189_12,1224,Y4 V4 O12,O V Y ,Pnma,62,2,5.28164,5.58868,7.5503,90.0,90.0,90.0,True,ABX3,Ortorombik
1531189_13,1224,Y4 V4 O12,O V Y ,Pnma,62,2,5.28164,5.58868,7.5503,90.0,90.0,90.0,True,ABX3,Ortorombik
1531189_14,1224,Y4 V4 O12,O V Y ,Pnma,62,2,5.28164,5.58868,7.5503,90.0,90.0,90.0,True,ABX3,Ortorombik
1531189_15,1224,Y4 V4 O12,O V Y ,Pnma,62,2,5.28164,5.58868,7.5503,90.0,90.0,90.0,True,ABX3,Ortorombik
1531189_16,1224,Y4 V4 O12,O V Y ,Pnma,62,2,5.28164,5.58868,7.5503,90.0,90.0,90.0,True,ABX3,Ortorombik
1531189_17,1224,Y4 V4 O12,O V Y ,Pnma,62,2,5.28164,5.58868,7.5503,90.0,90.0,90.0,True,ABX3,Ortorombik
1531189_18,1224,Y4 V4 O12,O V Y ,Pnma,62,2,5.28164,5.58868,7.5503,90.0,90.0,90.0,True,ABX3,Ortorombik
1531189_19,1224,Y4 V4 O12,O V Y ,Pnma,62,2,5.28164,5.58868,7.5503,90.0,90.0,90.0,True,ABX3,Ortorombik
1531189_20,1224,Y4 V4 O12,O V Y ,Pnma,62,2,5.28164,5.58868,7.5503,90.0,90.0,90.0,True,ABX3,Ortorombik
1531189_21,1224,Y4 V4 O12,O V Y ,Pnma,62,2,5.28164,5.58868,7.5503,90.0,90.0,90.0,True,ABX3,Ortorombik
1531189_22,1224,Y4 V4 O12,O V Y ,Pnma,62,2,5.28164,5.58868,7.5503,90.0,90.0,90.0,True,ABX3,Ortorombik
1531189_23,1224,Y4 V4 O12,O V Y ,Pnma,62,2,5.28164,5.58868,7.5503,90.0,90.0,90.0,True,ABX3,Ortorombik
1531189_24,1224,Y4 V4 O12,O V Y ,Pnma,62,2,5.28164,5.58868,7.5503,90.0,90.0,90.0,True,ABX3,Ortorombik
1540757_1,1228,Ba1 Ti1 O3,Ba O Ti ,Pmm2,25,2,3.98,4.01,4.02,90.0,90.0,90.0,True,ABX3,Ortorombik
1540757_2,1228,Ba1 Ti1 O3,Ba O Ti ,Pmm2,25,2,3.98,4.01,4.02,90.0,90.0,90.0,True,ABX3,Ortorombik
1540757_3,1228,Ba1 Ti1 O3,Ba O Ti ,Pmm2,25,2,3.98,4.01,4.02,90.0,90.0,90.0,True,ABX3,Ortorombik
1540757_4,1228,Ba1 Ti1 O3,Ba O Ti ,Pmm2,25,2,3.98,4.01,4.02,90.0,90.0,90.0,True,ABX3,Ortorombik
1540757_5,1228,Ba1 Ti1 O3,Ba O Ti ,Pmm2,25,2,3.98,4.01,4.02,90.0,90.0,90.0,True,ABX3,Ortorombik
1540757_6,1228,Ba1 Ti1 O3,Ba O Ti ,Pmm2,25,2,3.98,4.01,4.02,90.0,90.0,90.0,True,ABX3,Ortorombik
1540757_7,1228,Ba1 Ti1 O3,Ba O Ti ,Pmm2,25,2,3.98,4.01,4.02,90.0,90.0,90.0,True,ABX3,Ortorombik
1540757_8,1228,Ba1 Ti1 O3,Ba O Ti ,Pmm2,25,2,3.98,4.01,4.02,90.0,90.0,90.0,True,ABX3,Ortorombik
1540757_9,1228,Ba1 Ti1 O3,Ba O Ti ,Pmm2,25,2,3.98,4.01,4.02,90.0,90.0,90.0,True,ABX3,Ortorombik
1540757_10,1228,Ba1 Ti1 O3,Ba O Ti ,Pmm2,25,2,3.98,4.01,4.02,90.0,90.0,90.0,True,ABX3,Ortorombik
1540757_11,1228,Ba1 Ti1 O3,Ba O Ti ,Pmm2,25,2,3.98,4.01,4.02,90.0,90.0,90.0,True,ABX3,Ortorombik
1540757_12,1228,Ba1 Ti1 O3,Ba O Ti ,Pmm2,25,2,3.98,4.01,4.02,90.0,90.0,90.0,True,ABX3,Ortorombik
1540757_13,1228,Ba1 Ti1 O3,Ba O Ti ,Pmm2,25,2,3.98,4.01,4.02,90.0,90.0,90.0,True,ABX3,Ortorombik
1540757_14,1228,Ba1 Ti1 O3,Ba O Ti ,Pmm2,25,2,3.98,4.01,4.02,90.0,90.0,90.0,True,ABX3,Ortorombik
1540757_15,1228,Ba1 Ti1 O3,Ba O Ti ,Pmm2,25,2,3.98,4.01,4.02,90.0,90.0,90.0,True,ABX3,Ortorombik
1540757_16,1228,Ba1 Ti1 O3,Ba O Ti ,Pmm2,25,2,3.98,4.01,4.02,90.0,90.0,90.0,True,ABX3,Ortorombik
1540757_17,1228,Ba1 Ti1 O3,Ba O Ti ,Pmm2,25,2,3.98,4.01,4.02,90.0,90.0,90.0,True,ABX3,Ortorombik
1540757_18,1228,Ba1 Ti1 O3,Ba O Ti ,Pmm2,25,2,3.98,4.01,4.02,90.0,90.0,90.0,True,ABX3,Ortorombik
1540757_19,1228,Ba1 Ti1 O3,Ba O Ti ,Pmm2,25,2,3.98,4.01,4.02,90.0,90.0,90.0,True,ABX3,Ortorombik
1540757_20,1228,Ba1 Ti1 O3,Ba O Ti ,Pmm2,25,2,3.98,4.01,4.02,90.0,90.0,90.0,True,ABX3,Ortorombik
1540757_21,1228,Ba1 Ti1 O3,Ba O Ti ,Pmm2,25,2,3.98,4.01,4.02,90.0,90.0,90.0,True,ABX3,Ortorombik
1540757_22,1228,Ba1 Ti1 O3,Ba O Ti ,Pmm2,25,2,3.98,4.01,4.02,90.0,90.0,90.0,True,ABX3,Ortorombik
1540757_23,1228,Ba1 Ti1 O3,Ba O Ti ,Pmm2,25,2,3.98,4.01,4.02,90.0,90.0,90.0,True,ABX3,Ortorombik
1540757_24,1228,Ba1 Ti1 O3,Ba O Ti ,Pmm2,25,2,3.98,4.01,4.02,90.0,90.0,90.0,True,ABX3,Ortorombik
1001030_1,1235,Na16 Ta16.0 O47.984,Na O Ta ,Fd-3m,227,0,10.442,10.442,10.442,90.0,90.0,90.0,True,ABX3,Kubik
1001030_2,1235,Na16 Ta16.0 O47.984,Na O Ta ,Fd-3m,227,0,10.442,10.442,10.442,90.0,90.0,90.0,True,ABX3,Kubik
1001030_3,1235,Na16 Ta16.0 O47.984,Na O Ta ,Fd-3m,227,0,10.442,10.442,10.442,90.0,90.0,90.0,True,ABX3,Kubik
1001030_4,1235,Na16 Ta16.0 O47.984,Na O Ta ,Fd-3m,227,0,10.442,10.442,10.442,90.0,90.0,90.0,True,ABX3,Kubik
1001030_5,1235,Na16 Ta16.0 O47.984,Na O Ta ,Fd-3m,227,0,10.442,10.442,10.442,90.0,90.0,90.0,True,ABX3,Kubik
1001030_6,1235,Na16 Ta16.0 O47.984,Na O Ta ,Fd-3m,227,0,10.442,10.442,10.442,90.0,90.0,90.0,True,ABX3,Kubik
1001030_7,1235,Na16 Ta16.0 O47.984,Na O Ta ,Fd-3m,227,0,10.442,10.442,10.442,90.0,90.0,90.0,True,ABX3,Kubik
1001030_8,1235,Na16 Ta16.0 O47.984,Na O Ta ,Fd-3m,227,0,10.442,10.442,10.442,90.0,90.0,90.0,True,ABX3,Kubik
1001030_9,1235,Na16 Ta16.0 O47.984,Na O Ta ,Fd-3m,227,0,10.442,10.442,10.442,90.0,90.0,90.0,True,ABX3,Kubik
1001030_10,1235,Na16 Ta16.0 O47.984,Na O Ta ,Fd-3m,227,0,10.442,10.442,10.442,90.0,90.0,90.0,True,ABX3,Kubik
1001030_11,1235,Na16 Ta16.0 O47.984,Na O Ta ,Fd-3m,227,0,10.442,10.442,10.442,90.0,90.0,90.0,True,ABX3,Kubik
1001030_12,1235,Na16 Ta16.0 O47.984,Na O Ta ,Fd-3m,227,0,10.442,10.442,10.442,90.0,90.0,90.0,True,ABX3,Kubik
1001030_13,1235,Na16 Ta16.0 O47.984,Na O Ta ,Fd-3m,227,0,10.442,10.442,10.442,90.0,90.0,90.0,True,ABX3,Kubik
1001030_14,1235,Na16 Ta16.0 O47.984,Na O Ta ,Fd-3m,227,0,10.442,10.442,10.442,90.0,90.0,90.0,True,ABX3,Kubik
1001030_15,1235,Na16 Ta16.0 O47.984,Na O Ta ,Fd-3m,227,0,10.442,10.442,10.442,90.0,90.0,90.0,True,ABX3,Kubik
1001030_16,1235,Na16 Ta16.0 O47.984,Na O Ta ,Fd-3m,227,0,10.442,10.442,10.442,90.0,90.0,90.0,True,ABX3,Kubik
1001030_17,1235,Na16 Ta16.0 O47.984,Na O Ta ,Fd-3m,227,0,10.442,10.442,10.442,90.0,90.0,90.0,True,ABX3,Kubik
1001030_18,1235,Na16 Ta16.0 O47.984,Na O Ta ,Fd-3m,227,0,10.442,10.442,10.442,90.0,90.0,90.0,True,ABX3,Kubik
1001030_19,1235,Na16 Ta16.0 O47.984,Na O Ta ,Fd-3m,227,0,10.442,10.442,10.442,90.0,90.0,90.0,True,ABX3,Kubik
1001030_20,1235,Na16 Ta16.0 O47.984,Na O Ta ,Fd-3m,227,0,10.442,10.442,10.442,90.0,90.0,90.0,True,ABX3,Kubik
1001030_21,1235,Na16 Ta16.0 O47.984,Na O Ta ,Fd-3m,227,0,10.442,10.442,10.442,90.0,90.0,90.0,True,ABX3,Kubik
1001030_22,1235,Na16 Ta16.0 O47.984,Na O Ta ,Fd-3m,227,0,10.442,10.442,10.442,90.0,90.0,90.0,True,ABX3,Kubik
1001030_23,1235,Na16 Ta16.0 O47.984,Na O Ta ,Fd-3m,227,0,10.442,10.442,10.442,90.0,90.0,90.0,True,ABX3,Kubik
1001030_24,1235,Na16 Ta16.0 O47.984,Na O Ta ,Fd-3m,227,0,10.442,10.442,10.442,90.0,90.0,90.0,True,ABX3,Kubik
1561805_1,1241,La4 Fe4 O12,Fe La O ,Pnma,62,2,5.56489,7.85248,5.55497,90.0,90.0,90.0,True,ABX3,Ortorombik
1561805_2,1241,La4 Fe4 O12,Fe La O ,Pnma,62,2,5.56489,7.85248,5.55497,90.0,90.0,90.0,True,ABX3,Ortorombik
1561805_3,1241,La4 Fe4 O12,Fe La O ,Pnma,62,2,5.56489,7.85248,5.55497,90.0,90.0,90.0,True,ABX3,Ortorombik
1561805_4,1241,La4 Fe4 O12,Fe La O ,Pnma,62,2,5.56489,7.85248,5.55497,90.0,90.0,90.0,True,ABX3,Ortorombik
1561805_5,1241,La4 Fe4 O12,Fe La O ,Pnma,62,2,5.56489,7.85248,5.55497,90.0,90.0,90.0,True,ABX3,Ortorombik
1561805_6,1241,La4 Fe4 O12,Fe La O ,Pnma,62,2,5.56489,7.85248,5.55497,90.0,90.0,90.0,True,ABX3,Ortorombik
1561805_7,1241,La4 Fe4 O12,Fe La O ,Pnma,62,2,5.56489,7.85248,5.55497,90.0,90.0,90.0,True,ABX3,Ortorombik
1561805_8,1241,La4 Fe4 O12,Fe La O ,Pnma,62,2,5.56489,7.85248,5.55497,90.0,90.0,90.0,True,ABX3,Ortorombik
1561805_9,1241,La4 Fe4 O12,Fe La O ,Pnma,62,2,5.56489,7.85248,5.55497,90.0,90.0,90.0,True,ABX3,Ortorombik
1561805_10,1241,La4 Fe4 O12,Fe La O ,Pnma,62,2,5.56489,7.85248,5.55497,90.0,90.0,90.0,True,ABX3,Ortorombik
1561805_11,1241,La4 Fe4 O12,Fe La O ,Pnma,62,2,5.56489,7.85248,5.55497,90.0,90.0,90.0,True,ABX3,Ortorombik
1561805_12,1241,La4 Fe4 O12,Fe La O ,Pnma,62,2,5.56489,7.85248,5.55497,90.0,90.0,90.0,True,ABX3,Ortorombik
1561805_13,1241,La4 Fe4 O12,Fe La O ,Pnma,62,2,5.56489,7.85248,5.55497,90.0,90.0,90.0,True,ABX3,Ortorombik
1561805_14,1241,La4 Fe4 O12,Fe La O ,Pnma,62,2,5.56489,7.85248,5.55497,90.0,90.0,90.0,True,ABX3,Ortorombik
1561805_15,1241,La4 Fe4 O12,Fe La O ,Pnma,62,2,5.56489,7.85248,5.55497,90.0,90.0,90.0,True,ABX3,Ortorombik
1561805_16,1241,La4 Fe4 O12,Fe La O ,Pnma,62,2,5.56489,7.85248,5.55497,90.0,90.0,90.0,True,ABX3,Ortorombik
1561805_17,1241,La4 Fe4 O12,Fe La O ,Pnma,62,2,5.56489,7.85248,5.55497,90.0,90.0,90.0,True,ABX3,Ortorombik
1561805_18,1241,La4 Fe4 O12,Fe La O ,Pnma,62,2,5.56489,7.85248,5.55497,90.0,90.0,90.0,True,ABX3,Ortorombik
1561805_19,1241,La4 Fe4 O12,Fe La O ,Pnma,62,2,5.56489,7.85248,5.55497,90.0,90.0,90.0,True,ABX3,Ortorombik
1561805_20,1241,La4 Fe4 O12,Fe La O ,Pnma,62,2,5.56489,7.85248,5.55497,90.0,90.0,90.0,True,ABX3,Ortorombik
1561805_21,1241,La4 Fe4 O12,Fe La O ,Pnma,62,2,5.56489,7.85248,5.55497,90.0,90.0,90.0,True,ABX3,Ortorombik
1561805_22,1241,La4 Fe4 O12,Fe La O ,Pnma,62,2,5.56489,7.85248,5.55497,90.0,90.0,90.0,True,ABX3,Ortorombik
1561805_23,1241,La4 Fe4 O12,Fe La O ,Pnma,62,2,5.56489,7.85248,5.55497,90.0,90.0,90.0,True,ABX3,Ortorombik
1561805_24,1241,La4 Fe4 O12,Fe La O ,Pnma,62,2,5.56489,7.85248,5.55497,90.0,90.0,90.0,True,ABX3,Ortorombik
7221406_1,1331,Lu4 Co4 O12,Co Lu O ,Pnma,62,2,5.0667,5.41565,7.29356,90.0,90.0,90.0,True,ABX3,Ortorombik
7221406_2,1331,Lu4 Co4 O12,Co Lu O ,Pnma,62,2,5.0667,5.41565,7.29356,90.0,90.0,90.0,True,ABX3,Ortorombik
7221406_3,1331,Lu4 Co4 O12,Co Lu O ,Pnma,62,2,5.0667,5.41565,7.29356,90.0,90.0,90.0,True,ABX3,Ortorombik
7221406_4,1331,Lu4 Co4 O12,Co Lu O ,Pnma,62,2,5.0667,5.41565,7.29356,90.0,90.0,90.0,True,ABX3,Ortorombik
7221406_5,1331,Lu4 Co4 O12,Co Lu O ,Pnma,62,2,5.0667,5.41565,7.29356,90.0,90.0,90.0,True,ABX3,Ortorombik
7221406_6,1331,Lu4 Co4 O12,Co Lu O ,Pnma,62,2,5.0667,5.41565,7.29356,90.0,90.0,90.0,True,ABX3,Ortorombik
7221406_7,1331,Lu4 Co4 O12,Co Lu O ,Pnma,62,2,5.0667,5.41565,7.29356,90.0,90.0,90.0,True,ABX3,Ortorombik
7221406_8,1331,Lu4 Co4 O12,Co Lu O ,Pnma,62,2,5.0667,5.41565,7.29356,90.0,90.0,90.0,True,ABX3,Ortorombik
7221406_9,1331,Lu4 Co4 O12,Co Lu O ,Pnma,62,2,5.0667,5.41565,7.29356,90.0,90.0,90.0,True,ABX3,Ortorombik
7221406_10,1331,Lu4 Co4 O12,Co Lu O ,Pnma,62,2,5.0667,5.41565,7.29356,90.0,90.0,90.0,True,ABX3,Ortorombik
7221406_11,1331,Lu4 Co4 O12,Co Lu O ,Pnma,62,2,5.0667,5.41565,7.29356,90.0,90.0,90.0,True,ABX3,Ortorombik
7221406_12,1331,Lu4 Co4 O12,Co Lu O ,Pnma,62,2,5.0667,5.41565,7.29356,90.0,90.0,90.0,True,ABX3,Ortorombik
7221406_13,1331,Lu4 Co4 O12,Co Lu O ,Pnma,62,2,5.0667,5.41565,7.29356,90.0,90.0,90.0,True,ABX3,Ortorombik
7221406_14,1331,Lu4 Co4 O12,Co Lu O ,Pnma,62,2,5.0667,5.41565,7.29356,90.0,90.0,90.0,True,ABX3,Ortorombik
7221406_15,1331,Lu4 Co4 O12,Co Lu O ,Pnma,62,2,5.0667,5.41565,7.29356,90.0,90.0,90.0,True,ABX3,Ortorombik
7221406_16,1331,Lu4 Co4 O12,Co Lu O ,Pnma,62,2,5.0667,5.41565,7.29356,90.0,90.0,90.0,True,ABX3,Ortorombik
7221406_17,1331,Lu4 Co4 O12,Co Lu O ,Pnma,62,2,5.0667,5.41565,7.29356,90.0,90.0,90.0,True,ABX3,Ortorombik
7221406_18,1331,Lu4 Co4 O12,Co Lu O ,Pnma,62,2,5.0667,5.41565,7.29356,90.0,90.0,90.0,True,ABX3,Ortorombik
7221406_19,1331,Lu4 Co4 O12,Co Lu O ,Pnma,62,2,5.0667,5.41565,7.29356,90.0,90.0,90.0,True,ABX3,Ortorombik
7221406_20,1331,Lu4 Co4 O12,Co Lu O ,Pnma,62,2,5.0667,5.41565,7.29356,90.0,90.0,90.0,True,ABX3,Ortorombik
7221406_21,1331,Lu4 Co4 O12,Co Lu O ,Pnma,62,2,5.0667,5.41565,7.29356,90.0,90.0,90.0,True,ABX3,Ortorombik
7221406_22,1331,Lu4 Co4 O12,Co Lu O ,Pnma,62,2,5.0667,5.41565,7.29356,90.0,90.0,90.0,True,ABX3,Ortorombik
7221406_23,1331,Lu4 Co4 O12,Co Lu O ,Pnma,62,2,5.0667,5.41565,7.29356,90.0,90.0,90.0,True,ABX3,Ortorombik
7221406_24,1331,Lu4 Co4 O12,Co Lu O ,Pnma,62,2,5.0667,5.41565,7.29356,90.0,90.0,90.0,True,ABX3,Ortorombik
5910090_1,1343,La1 Al1 O3,Al La O ,Pm-3m,221,0,3.78,3.78,3.78,90.0,90.0,90.0,True,ABX3,Kubik
5910090_2,1343,La1 Al1 O3,Al La O ,Pm-3m,221,0,3.78,3.78,3.78,90.0,90.0,90.0,True,ABX3,Kubik
5910090_3,1343,La1 Al1 O3,Al La O ,Pm-3m,221,0,3.78,3.78,3.78,90.0,90.0,90.0,True,ABX3,Kubik
5910090_4,1343,La1 Al1 O3,Al La O ,Pm-3m,221,0,3.78,3.78,3.78,90.0,90.0,90.0,True,ABX3,Kubik
5910090_5,1343,La1 Al1 O3,Al La O ,Pm-3m,221,0,3.78,3.78,3.78,90.0,90.0,90.0,True,ABX3,Kubik
5910090_6,1343,La1 Al1 O3,Al La O ,Pm-3m,221,0,3.78,3.78,3.78,90.0,90.0,90.0,True,ABX3,Kubik
5910090_7,1343,La1 Al1 O3,Al La O ,Pm-3m,221,0,3.78,3.78,3.78,90.0,90.0,90.0,True,ABX3,Kubik
5910090_8,1343,La1 Al1 O3,Al La O ,Pm-3m,221,0,3.78,3.78,3.78,90.0,90.0,90.0,True,ABX3,Kubik
5910090_9,1343,La1 Al1 O3,Al La O ,Pm-3m,221,0,3.78,3.78,3.78,90.0,90.0,90.0,True,ABX3,Kubik
5910090_10,1343,La1 Al1 O3,Al La O ,Pm-3m,221,0,3.78,3.78,3.78,90.0,90.0,90.0,True,ABX3,Kubik
5910090_11,1343,La1 Al1 O3,Al La O ,Pm-3m,221,0,3.78,3.78,3.78,90.0,90.0,90.0,True,ABX3,Kubik
5910090_12,1343,La1 Al1 O3,Al La O ,Pm-3m,221,0,3.78,3.78,3.78,90.0,90.0,90.0,True,ABX3,Kubik
5910090_13,1343,La1 Al1 O3,Al La O ,Pm-3m,221,0,3.78,3.78,3.78,90.0,90.0,90.0,True,ABX3,Kubik
5910090_14,1343,La1 Al1 O3,Al La O ,Pm-3m,221,0,3.78,3.78,3.78,90.0,90.0,90.0,True,ABX3,Kubik
5910090_15,1343,La1 Al1 O3,Al La O ,Pm-3m,221,0,3.78,3.78,3.78,90.0,90.0,90.0,True,ABX3,Kubik
5910090_16,1343,La1 Al1 O3,Al La O ,Pm-3m,221,0,3.78,3.78,3.78,90.0,90.0,90.0,True,ABX3,Kubik
5910090_17,1343,La1 Al1 O3,Al La O ,Pm-3m,221,0,3.78,3.78,3.78,90.0,90.0,90.0,True,ABX3,Kubik
5910090_18,1343,La1 Al1 O3,Al La O ,Pm-3m,221,0,3.78,3.78,3.78,90.0,90.0,90.0,True,ABX3,Kubik
5910090_19,1343,La1 Al1 O3,Al La O ,Pm-3m,221,0,3.78,3.78,3.78,90.0,90.0,90.0,True,ABX3,Kubik
5910090_20,1343,La1 Al1 O3,Al La O ,Pm-3m,221,0,3.78,3.78,3.78,90.0,90.0,90.0,True,ABX3,Kubik
5910090_21,1343,La1 Al1 O3,Al La O ,Pm-3m,221,0,3.78,3.78,3.78,90.0,90.0,90.0,True,ABX3,Kubik
5910090_22,1343,La1 Al1 O3,Al La O ,Pm-3m,221,0,3.78,3.78,3.78,90.0,90.0,90.0,True,ABX3,Kubik
5910090_23,1343,La1 Al1 O3,Al La O ,Pm-3m,221,0,3.78,3.78,3.78,90.0,90.0,90.0,True,ABX3,Kubik
5910090_24,1343,La1 Al1 O3,Al La O ,Pm-3m,221,0,3.78,3.78,3.78,90.0,90.0,90.0,True,ABX3,Kubik
1011211_1,1425,Ca1 Ti1 O3,Ca O Ti ,Pm-3m,221,0,3.795,3.795,3.795,90.0,90.0,90.0,True,ABX3,Kubik
1011211_2,1425,Ca1 Ti1 O3,Ca O Ti ,Pm-3m,221,0,3.795,3.795,3.795,90.0,90.0,90.0,True,ABX3,Kubik
1011211_3,1425,Ca1 Ti1 O3,Ca O Ti ,Pm-3m,221,0,3.795,3.795,3.795,90.0,90.0,90.0,True,ABX3,Kubik
1011211_4,1425,Ca1 Ti1 O3,Ca O Ti ,Pm-3m,221,0,3.795,3.795,3.795,90.0,90.0,90.0,True,ABX3,Kubik
1011211_5,1425,Ca1 Ti1 O3,Ca O Ti ,Pm-3m,221,0,3.795,3.795,3.795,90.0,90.0,90.0,True,ABX3,Kubik
1011211_6,1425,Ca1 Ti1 O3,Ca O Ti ,Pm-3m,221,0,3.795,3.795,3.795,90.0,90.0,90.0,True,ABX3,Kubik
1011211_7,1425,Ca1 Ti1 O3,Ca O Ti ,Pm-3m,221,0,3.795,3.795,3.795,90.0,90.0,90.0,True,ABX3,Kubik
1011211_8,1425,Ca1 Ti1 O3,Ca O Ti ,Pm-3m,221,0,3.795,3.795,3.795,90.0,90.0,90.0,True,ABX3,Kubik
1011211_9,1425,Ca1 Ti1 O3,Ca O Ti ,Pm-3m,221,0,3.795,3.795,3.795,90.0,90.0,90.0,True,ABX3,Kubik
1011211_10,1425,Ca1 Ti1 O3,Ca O Ti ,Pm-3m,221,0,3.795,3.795,3.795,90.0,90.0,90.0,True,ABX3,Kubik
1011211_11,1425,Ca1 Ti1 O3,Ca O Ti ,Pm-3m,221,0,3.795,3.795,3.795,90.0,90.0,90.0,True,ABX3,Kubik
1011211_12,1425,Ca1 Ti1 O3,Ca O Ti ,Pm-3m,221,0,3.795,3.795,3.795,90.0,90.0,90.0,True,ABX3,Kubik
1011211_13,1425,Ca1 Ti1 O3,Ca O Ti ,Pm-3m,221,0,3.795,3.795,3.795,90.0,90.0,90.0,True,ABX3,Kubik
1011211_14,1425,Ca1 Ti1 O3,Ca O Ti ,Pm-3m,221,0,3.795,3.795,3.795,90.0,90.0,90.0,True,ABX3,Kubik
1011211_15,1425,Ca1 Ti1 O3,Ca O Ti ,Pm-3m,221,0,3.795,3.795,3.795,90.0,90.0,90.0,True,ABX3,Kubik
1011211_16,1425,Ca1 Ti1 O3,Ca O Ti ,Pm-3m,221,0,3.795,3.795,3.795,90.0,90.0,90.0,True,ABX3,Kubik
1011211_17,1425,Ca1 Ti1 O3,Ca O Ti ,Pm-3m,221,0,3.795,3.795,3.795,90.0,90.0,90.0,True,ABX3,Kubik
1011211_18,1425,Ca1 Ti1 O3,Ca O Ti ,Pm-3m,221,0,3.795,3.795,3.795,90.0,90.0,90.0,True,ABX3,Kubik
1011211_19,1425,Ca1 Ti1 O3,Ca O Ti ,Pm-3m,221,0,3.795,3.795,3.795,90.0,90.0,90.0,True,ABX3,Kubik
1011211_20,1425,Ca1 Ti1 O3,Ca O Ti ,Pm-3m,221,0,3.795,3.795,3.795,90.0,90.0,90.0,True,ABX3,Kubik
1011211_21,1425,Ca1 Ti1 O3,Ca O Ti ,Pm-3m,221,0,3.795,3.795,3.795,90.0,90.0,90.0,True,ABX3,Kubik
1011211_22,1425,Ca1 Ti1 O3,Ca O Ti ,Pm-3m,221,0,3.795,3.795,3.795,90.0,90.0,90.0,True,ABX3,Kubik
1011211_23,1425,Ca1 Ti1 O3,Ca O Ti ,Pm-3m,221,0,3.795,3.795,3.795,90.0,90.0,90.0,True,ABX3,Kubik
1011211_24,1425,Ca1 Ti1 O3,Ca O Ti ,Pm-3m,221,0,3.795,3.795,3.795,90.0,90.0,90.0,True,ABX3,Kubik
1008644_1,1457,La4 V4 O12,La O V ,Pnma,62,2,5.55548,7.84868,5.55349,90.0,90.0,90.0,True,ABX3,Ortorombik
1008644_2,1457,La4 V4 O12,La O V ,Pnma,62,2,5.55548,7.84868,5.55349,90.0,90.0,90.0,True,ABX3,Ortorombik
1008644_3,1457,La4 V4 O12,La O V ,Pnma,62,2,5.55548,7.84868,5.55349,90.0,90.0,90.0,True,ABX3,Ortorombik
1008644_4,1457,La4 V4 O12,La O V ,Pnma,62,2,5.55548,7.84868,5.55349,90.0,90.0,90.0,True,ABX3,Ortorombik
1008644_5,1457,La4 V4 O12,La O V ,Pnma,62,2,5.55548,7.84868,5.55349,90.0,90.0,90.0,True,ABX3,Ortorombik
1008644_6,1457,La4 V4 O12,La O V ,Pnma,62,2,5.55548,7.84868,5.55349,90.0,90.0,90.0,True,ABX3,Ortorombik
1008644_7,1457,La4 V4 O12,La O V ,Pnma,62,2,5.55548,7.84868,5.55349,90.0,90.0,90.0,True,ABX3,Ortorombik
1008644_8,1457,La4 V4 O12,La O V ,Pnma,62,2,5.55548,7.84868,5.55349,90.0,90.0,90.0,True,ABX3,Ortorombik
1008644_9,1457,La4 V4 O12,La O V ,Pnma,62,2,5.55548,7.84868,5.55349,90.0,90.0,90.0,True,ABX3,Ortorombik
1008644_10,1457,La4 V4 O12,La O V ,Pnma,62,2,5.55548,7.84868,5.55349,90.0,90.0,90.0,True,ABX3,Ortorombik
1008644_11,1457,La4 V4 O12,La O V ,Pnma,62,2,5.55548,7.84868,5.55349,90.0,90.0,90.0,True,ABX3,Ortorombik
1008644_12,1457,La4 V4 O12,La O V ,Pnma,62,2,5.55548,7.84868,5.55349,90.0,90.0,90.0,True,ABX3,Ortorombik
1008644_13,1457,La4 V4 O12,La O V ,Pnma,62,2,5.55548,7.84868,5.55349,90.0,90.0,90.0,True,ABX3,Ortorombik
1008644_14,1457,La4 V4 O12,La O V ,Pnma,62,2,5.55548,7.84868,5.55349,90.0,90.0,90.0,True,ABX3,Ortorombik
1008644_15,1457,La4 V4 O12,La O V ,Pnma,62,2,5.55548,7.84868,5.55349,90.0,90.0,90.0,True,ABX3,Ortorombik
1008644_16,1457,La4 V4 O12,La O V ,Pnma,62,2,5.55548,7.84868,5.55349,90.0,90.0,90.0,True,ABX3,Ortorombik
1008644_17,1457,La4 V4 O12,La O V ,Pnma,62,2,5.55548,7.84868,5.55349,90.0,90.0,90.0,True,ABX3,Ortorombik
1008644_18,1457,La4 V4 O12,La O V ,Pnma,62,2,5.55548,7.84868,5.55349,90.0,90.0,90.0,True,ABX3,Ortorombik
1008644_19,1457,La4 V4 O12,La O V ,Pnma,62,2,5.55548,7.84868,5.55349,90.0,90.0,90.0,True,ABX3,Ortorombik
1008644_20,1457,La4 V4 O12,La O V ,Pnma,62,2,5.55548,7.84868,5.55349,90.0,90.0,90.0,True,ABX3,Ortorombik
1008644_21,1457,La4 V4 O12,La O V ,Pnma,62,2,5.55548,7.84868,5.55349,90.0,90.0,90.0,True,ABX3,Ortorombik
1008644_22,1457,La4 V4 O12,La O V ,Pnma,62,2,5.55548,7.84868,5.55349,90.0,90.0,90.0,True,ABX3,Ortorombik
1008644_23,1457,La4 V4 O12,La O V ,Pnma,62,2,5.55548,7.84868,5.55349,90.0,90.0,90.0,True,ABX3,Ortorombik
1008644_24,1457,La4 V4 O12,La O V ,Pnma,62,2,5.55548,7.84868,5.55349,90.0,90.0,90.0,True,ABX3,Ortorombik
1528609_1,1469,Gd4.208 Sc3.792 Se12,Gd Sc Se ,Cmcm,63,2,3.8922,12.648,9.621,90.0,90.0,90.0,True,ABX3,Ortorombik
1528609_2,1469,Gd4.208 Sc3.792 Se12,Gd Sc Se ,Cmcm,63,2,3.8922,12.648,9.621,90.0,90.0,90.0,True,ABX3,Ortorombik
1528609_3,1469,Gd4.208 Sc3.792 Se12,Gd Sc Se ,Cmcm,63,2,3.8922,12.648,9.621,90.0,90.0,90.0,True,ABX3,Ortorombik
1528609_4,1469,Gd4.208 Sc3.792 Se12,Gd Sc Se ,Cmcm,63,2,3.8922,12.648,9.621,90.0,90.0,90.0,True,ABX3,Ortorombik
1528609_5,1469,Gd4.208 Sc3.792 Se12,Gd Sc Se ,Cmcm,63,2,3.8922,12.648,9.621,90.0,90.0,90.0,True,ABX3,Ortorombik
1528609_6,1469,Gd4.208 Sc3.792 Se12,Gd Sc Se ,Cmcm,63,2,3.8922,12.648,9.621,90.0,90.0,90.0,True,ABX3,Ortorombik
1528609_7,1469,Gd4.208 Sc3.792 Se12,Gd Sc Se ,Cmcm,63,2,3.8922,12.648,9.621,90.0,90.0,90.0,True,ABX3,Ortorombik
1528609_8,1469,Gd4.208 Sc3.792 Se12,Gd Sc Se ,Cmcm,63,2,3.8922,12.648,9.621,90.0,90.0,90.0,True,ABX3,Ortorombik
1528609_9,1469,Gd4.208 Sc3.792 Se12,Gd Sc Se ,Cmcm,63,2,3.8922,12.648,9.621,90.0,90.0,90.0,True,ABX3,Ortorombik
1528609_10,1469,Gd4.208 Sc3.792 Se12,Gd Sc Se ,Cmcm,63,2,3.8922,12.648,9.621,90.0,90.0,90.0,True,ABX3,Ortorombik
1528609_11,1469,Gd4.208 Sc3.792 Se12,Gd Sc Se ,Cmcm,63,2,3.8922,12.648,9.621,90.0,90.0,90.0,True,ABX3,Ortorombik
1528609_12,1469,Gd4.208 Sc3.792 Se12,Gd Sc Se ,Cmcm,63,2,3.8922,12.648,9.621,90.0,90.0,90.0,True,ABX3,Ortorombik
1528609_13,1469,Gd4.208 Sc3.792 Se12,Gd Sc Se ,Cmcm,63,2,3.8922,12.648,9.621,90.0,90.0,90.0,True,ABX3,Ortorombik
1528609_14,1469,Gd4.208 Sc3.792 Se12,Gd Sc Se ,Cmcm,63,2,3.8922,12.648,9.621,90.0,90.0,90.0,True,ABX3,Ortorombik
1528609_15,1469,Gd4.208 Sc3.792 Se12,Gd Sc Se ,Cmcm,63,2,3.8922,12.648,9.621,90.0,90.0,90.0,True,ABX3,Ortorombik
1528609_16,1469,Gd4.208 Sc3.792 Se12,Gd Sc Se ,Cmcm,63,2,3.8922,12.648,9.621,90.0,90.0,90.0,True,ABX3,Ortorombik
1528609_17,1469,Gd4.208 Sc3.792 Se12,Gd Sc Se ,Cmcm,63,2,3.8922,12.648,9.621,90.0,90.0,90.0,True,ABX3,Ortorombik
1528609_18,1469,Gd4.208 Sc3.792 Se12,Gd Sc Se ,Cmcm,63,2,3.8922,12.648,9.621,90.0,90.0,90.0,True,ABX3,Ortorombik
1528609_19,1469,Gd4.208 Sc3.792 Se12,Gd Sc Se ,Cmcm,63,2,3.8922,12.648,9.621,90.0,90.0,90.0,True,ABX3,Ortorombik
1528609_20,1469,Gd4.208 Sc3.792 Se12,Gd Sc Se ,Cmcm,63,2,3.8922,12.648,9.621,90.0,90.0,90.0,True,ABX3,Ortorombik
1528609_21,1469,Gd4.208 Sc3.792 Se12,Gd Sc Se ,Cmcm,63,2,3.8922,12.648,9.621,90.0,90.0,90.0,True,ABX3,Ortorombik
1528609_22,1469,Gd4.208 Sc3.792 Se12,Gd Sc Se ,Cmcm,63,2,3.8922,12.648,9.621,90.0,90.0,90.0,True,ABX3,Ortorombik
1528609_23,1469,Gd4.208 Sc3.792 Se12,Gd Sc Se ,Cmcm,63,2,3.8922,12.648,9.621,90.0,90.0,90.0,True,ABX3,Ortorombik
1528609_24,1469,Gd4.208 Sc3.792 Se12,Gd Sc Se ,Cmcm,63,2,3.8922,12.648,9.621,90.0,90.0,90.0,True,ABX3,Ortorombik
4124105_1,1506,K4 Cr4 F12,Cr F K ,P4/mmm,123,1,6.0523,6.0523,8.02196,90.0,90.0,90.0,True,ABX3,Tetragonal
4124105_2,1506,K4 Cr4 F12,Cr F K ,P4/mmm,123,1,6.0523,6.0523,8.02196,90.0,90.0,90.0,True,ABX3,Tetragonal
4124105_3,1506,K4 Cr4 F12,Cr F K ,P4/mmm,123,1,6.0523,6.0523,8.02196,90.0,90.0,90.0,True,ABX3,Tetragonal
4124105_4,1506,K4 Cr4 F12,Cr F K ,P4/mmm,123,1,6.0523,6.0523,8.02196,90.0,90.0,90.0,True,ABX3,Tetragonal
4124105_5,1506,K4 Cr4 F12,Cr F K ,P4/mmm,123,1,6.0523,6.0523,8.02196,90.0,90.0,90.0,True,ABX3,Tetragonal
4124105_6,1506,K4 Cr4 F12,Cr F K ,P4/mmm,123,1,6.0523,6.0523,8.02196,90.0,90.0,90.0,True,ABX3,Tetragonal
4124105_7,1506,K4 Cr4 F12,Cr F K ,P4/mmm,123,1,6.0523,6.0523,8.02196,90.0,90.0,90.0,True,ABX3,Tetragonal
4124105_8,1506,K4 Cr4 F12,Cr F K ,P4/mmm,123,1,6.0523,6.0523,8.02196,90.0,90.0,90.0,True,ABX3,Tetragonal
4124105_9,1506,K4 Cr4 F12,Cr F K ,P4/mmm,123,1,6.0523,6.0523,8.02196,90.0,90.0,90.0,True,ABX3,Tetragonal
4124105_10,1506,K4 Cr4 F12,Cr F K ,P4/mmm,123,1,6.0523,6.0523,8.02196,90.0,90.0,90.0,True,ABX3,Tetragonal
4124105_11,1506,K4 Cr4 F12,Cr F K ,P4/mmm,123,1,6.0523,6.0523,8.02196,90.0,90.0,90.0,True,ABX3,Tetragonal
4124105_12,1506,K4 Cr4 F12,Cr F K ,P4/mmm,123,1,6.0523,6.0523,8.02196,90.0,90.0,90.0,True,ABX3,Tetragonal
4124105_13,1506,K4 Cr4 F12,Cr F K ,P4/mmm,123,1,6.0523,6.0523,8.02196,90.0,90.0,90.0,True,ABX3,Tetragonal
4124105_14,1506,K4 Cr4 F12,Cr F K ,P4/mmm,123,1,6.0523,6.0523,8.02196,90.0,90.0,90.0,True,ABX3,Tetragonal
4124105_15,1506,K4 Cr4 F12,Cr F K ,P4/mmm,123,1,6.0523,6.0523,8.02196,90.0,90.0,90.0,True,ABX3,Tetragonal
4124105_16,1506,K4 Cr4 F12,Cr F K ,P4/mmm,123,1,6.0523,6.0523,8.02196,90.0,90.0,90.0,True,ABX3,Tetragonal
4124105_17,1506,K4 Cr4 F12,Cr F K ,P4/mmm,123,1,6.0523,6.0523,8.02196,90.0,90.0,90.0,True,ABX3,Tetragonal
4124105_18,1506,K4 Cr4 F12,Cr F K ,P4/mmm,123,1,6.0523,6.0523,8.02196,90.0,90.0,90.0,True,ABX3,Tetragonal
4124105_19,1506,K4 Cr4 F12,Cr F K ,P4/mmm,123,1,6.0523,6.0523,8.02196,90.0,90.0,90.0,True,ABX3,Tetragonal
4124105_20,1506,K4 Cr4 F12,Cr F K ,P4/mmm,123,1,6.0523,6.0523,8.02196,90.0,90.0,90.0,True,ABX3,Tetragonal
4124105_21,1506,K4 Cr4 F12,Cr F K ,P4/mmm,123,1,6.0523,6.0523,8.02196,90.0,90.0,90.0,True,ABX3,Tetragonal
4124105_22,1506,K4 Cr4 F12,Cr F K ,P4/mmm,123,1,6.0523,6.0523,8.02196,90.0,90.0,90.0,True,ABX3,Tetragonal
4124105_23,1506,K4 Cr4 F12,Cr F K ,P4/mmm,123,1,6.0523,6.0523,8.02196,90.0,90.0,90.0,True,ABX3,Tetragonal
4124105_24,1506,K4 Cr4 F12,Cr F K ,P4/mmm,123,1,6.0523,6.0523,8.02196,90.0,90.0,90.0,True,ABX3,Tetragonal
1551298_1,1541,Sr1 Ge1 O3,Ge O Sr ,Pm-3m,221,0,3.7964,3.7964,3.7964,90.0,90.0,90.0,True,ABX3,Kubik
1551298_2,1541,Sr1 Ge1 O3,Ge O Sr ,Pm-3m,221,0,3.7964,3.7964,3.7964,90.0,90.0,90.0,True,ABX3,Kubik
1551298_3,1541,Sr1 Ge1 O3,Ge O Sr ,Pm-3m,221,0,3.7964,3.7964,3.7964,90.0,90.0,90.0,True,ABX3,Kubik
1551298_4,1541,Sr1 Ge1 O3,Ge O Sr ,Pm-3m,221,0,3.7964,3.7964,3.7964,90.0,90.0,90.0,True,ABX3,Kubik
1551298_5,1541,Sr1 Ge1 O3,Ge O Sr ,Pm-3m,221,0,3.7964,3.7964,3.7964,90.0,90.0,90.0,True,ABX3,Kubik
1551298_6,1541,Sr1 Ge1 O3,Ge O Sr ,Pm-3m,221,0,3.7964,3.7964,3.7964,90.0,90.0,90.0,True,ABX3,Kubik
1551298_7,1541,Sr1 Ge1 O3,Ge O Sr ,Pm-3m,221,0,3.7964,3.7964,3.7964,90.0,90.0,90.0,True,ABX3,Kubik
1551298_8,1541,Sr1 Ge1 O3,Ge O Sr ,Pm-3m,221,0,3.7964,3.7964,3.7964,90.0,90.0,90.0,True,ABX3,Kubik
1551298_9,1541,Sr1 Ge1 O3,Ge O Sr ,Pm-3m,221,0,3.7964,3.7964,3.7964,90.0,90.0,90.0,True,ABX3,Kubik
1551298_10,1541,Sr1 Ge1 O3,Ge O Sr ,Pm-3m,221,0,3.7964,3.7964,3.7964,90.0,90.0,90.0,True,ABX3,Kubik
1551298_11,1541,Sr1 Ge1 O3,Ge O Sr ,Pm-3m,221,0,3.7964,3.7964,3.7964,90.0,90.0,90.0,True,ABX3,Kubik
1551298_12,1541,Sr1 Ge1 O3,Ge O Sr ,Pm-3m,221,0,3.7964,3.7964,3.7964,90.0,90.0,90.0,True,ABX3,Kubik
1551298_13,1541,Sr1 Ge1 O3,Ge O Sr ,Pm-3m,221,0,3.7964,3.7964,3.7964,90.0,90.0,90.0,True,ABX3,Kubik
1551298_14,1541,Sr1 Ge1 O3,Ge O Sr ,Pm-3m,221,0,3.7964,3.7964,3.7964,90.0,90.0,90.0,True,ABX3,Kubik
1551298_15,1541,Sr1 Ge1 O3,Ge O Sr ,Pm-3m,221,0,3.7964,3.7964,3.7964,90.0,90.0,90.0,True,ABX3,Kubik
1551298_16,1541,Sr1 Ge1 O3,Ge O Sr ,Pm-3m,221,0,3.7964,3.7964,3.7964,90.0,90.0,90.0,True,ABX3,Kubik
1551298_17,1541,Sr1 Ge1 O3,Ge O Sr ,Pm-3m,221,0,3.7964,3.7964,3.7964,90.0,90.0,90.0,True,ABX3,Kubik
1551298_18,1541,Sr1 Ge1 O3,Ge O Sr ,Pm-3m,221,0,3.7964,3.7964,3.7964,90.0,90.0,90.0,True,ABX3,Kubik
1551298_19,1541,Sr1 Ge1 O3,Ge O Sr ,Pm-3m,221,0,3.7964,3.7964,3.7964,90.0,90.0,90.0,True,ABX3,Kubik
1551298_20,1541,Sr1 Ge1 O3,Ge O Sr ,Pm-3m,221,0,3.7964,3.7964,3.7964,90.0,90.0,90.0,True,ABX3,Kubik
1551298_21,1541,Sr1 Ge1 O3,Ge O Sr ,Pm-3m,221,0,3.7964,3.7964,3.7964,90.0,90.0,90.0,True,ABX3,Kubik
1551298_22,1541,Sr1 Ge1 O3,Ge O Sr ,Pm-3m,221,0,3.7964,3.7964,3.7964,90.0,90.0,90.0,True,ABX3,Kubik
1551298_23,1541,Sr1 Ge1 O3,Ge O Sr ,Pm-3m,221,0,3.7964,3.7964,3.7964,90.0,90.0,90.0,True,ABX3,Kubik
1551298_24,1541,Sr1 Ge1 O3,Ge O Sr ,Pm-3m,221,0,3.7964,3.7964,3.7964,90.0,90.0,90.0,True,ABX3,Kubik
4342135_1,1568,Sc4 U4 S12,S Sc U ,Cmcm,63,2,3.75,12.11,9.18,90.0,90.0,90.0,True,ABX3,Ortorombik
4342135_2,1568,Sc4 U4 S12,S Sc U ,Cmcm,63,2,3.75,12.11,9.18,90.0,90.0,90.0,True,ABX3,Ortorombik
4342135_3,1568,Sc4 U4 S12,S Sc U ,Cmcm,63,2,3.75,12.11,9.18,90.0,90.0,90.0,True,ABX3,Ortorombik
4342135_4,1568,Sc4 U4 S12,S Sc U ,Cmcm,63,2,3.75,12.11,9.18,90.0,90.0,90.0,True,ABX3,Ortorombik
4342135_5,1568,Sc4 U4 S12,S Sc U ,Cmcm,63,2,3.75,12.11,9.18,90.0,90.0,90.0,True,ABX3,Ortorombik
4342135_6,1568,Sc4 U4 S12,S Sc U ,Cmcm,63,2,3.75,12.11,9.18,90.0,90.0,90.0,True,ABX3,Ortorombik
4342135_7,1568,Sc4 U4 S12,S Sc U ,Cmcm,63,2,3.75,12.11,9.18,90.0,90.0,90.0,True,ABX3,Ortorombik
4342135_8,1568,Sc4 U4 S12,S Sc U ,Cmcm,63,2,3.75,12.11,9.18,90.0,90.0,90.0,True,ABX3,Ortorombik
4342135_9,1568,Sc4 U4 S12,S Sc U ,Cmcm,63,2,3.75,12.11,9.18,90.0,90.0,90.0,True,ABX3,Ortorombik
4342135_10,1568,Sc4 U4 S12,S Sc U ,Cmcm,63,2,3.75,12.11,9.18,90.0,90.0,90.0,True,ABX3,Ortorombik
4342135_11,1568,Sc4 U4 S12,S Sc U ,Cmcm,63,2,3.75,12.11,9.18,90.0,90.0,90.0,True,ABX3,Ortorombik
4342135_12,1568,Sc4 U4 S12,S Sc U ,Cmcm,63,2,3.75,12.11,9.18,90.0,90.0,90.0,True,ABX3,Ortorombik
4342135_13,1568,Sc4 U4 S12,S Sc U ,Cmcm,63,2,3.75,12.11,9.18,90.0,90.0,90.0,True,ABX3,Ortorombik
4342135_14,1568,Sc4 U4 S12,S Sc U ,Cmcm,63,2,3.75,12.11,9.18,90.0,90.0,90.0,True,ABX3,Ortorombik
4342135_15,1568,Sc4 U4 S12,S Sc U ,Cmcm,63,2,3.75,12.11,9.18,90.0,90.0,90.0,True,ABX3,Ortorombik
4342135_16,1568,Sc4 U4 S12,S Sc U ,Cmcm,63,2,3.75,12.11,9.18,90.0,90.0,90.0,True,ABX3,Ortorombik
4342135_17,1568,Sc4 U4 S12,S Sc U ,Cmcm,63,2,3.75,12.11,9.18,90.0,90.0,90.0,True,ABX3,Ortorombik
4342135_18,1568,Sc4 U4 S12,S Sc U ,Cmcm,63,2,3.75,12.11,9.18,90.0,90.0,90.0,True,ABX3,Ortorombik
4342135_19,1568,Sc4 U4 S12,S Sc U ,Cmcm,63,2,3.75,12.11,9.18,90.0,90.0,90.0,True,ABX3,Ortorombik
4342135_20,1568,Sc4 U4 S12,S Sc U ,Cmcm,63,2,3.75,12.11,9.18,90.0,90.0,90.0,True,ABX3,Ortorombik
4342135_21,1568,Sc4 U4 S12,S Sc U ,Cmcm,63,2,3.75,12.11,9.18,90.0,90.0,90.0,True,ABX3,Ortorombik
4342135_22,1568,Sc4 U4 S12,S Sc U ,Cmcm,63,2,3.75,12.11,9.18,90.0,90.0,90.0,True,ABX3,Ortorombik
4342135_23,1568,Sc4 U4 S12,S Sc U ,Cmcm,63,2,3.75,12.11,9.18,90.0,90.0,90.0,True,ABX3,Ortorombik
4342135_24,1568,Sc4 U4 S12,S Sc U ,Cmcm,63,2,3.75,12.11,9.18,90.0,90.0,90.0,True,ABX3,Ortorombik
1535385_1,1630,Tl4 Cd4 Br12,Br Cd Tl ,Pnma,62,2,9.379,4.13,15.419,90.0,90.0,90.0,True,ABX3,Ortorombik
1535385_2,1630,Tl4 Cd4 Br12,Br Cd Tl ,Pnma,62,2,9.379,4.13,15.419,90.0,90.0,90.0,True,ABX3,Ortorombik
1535385_3,1630,Tl4 Cd4 Br12,Br Cd Tl ,Pnma,62,2,9.379,4.13,15.419,90.0,90.0,90.0,True,ABX3,Ortorombik
1535385_4,1630,Tl4 Cd4 Br12,Br Cd Tl ,Pnma,62,2,9.379,4.13,15.419,90.0,90.0,90.0,True,ABX3,Ortorombik
1535385_5,1630,Tl4 Cd4 Br12,Br Cd Tl ,Pnma,62,2,9.379,4.13,15.419,90.0,90.0,90.0,True,ABX3,Ortorombik
1535385_6,1630,Tl4 Cd4 Br12,Br Cd Tl ,Pnma,62,2,9.379,4.13,15.419,90.0,90.0,90.0,True,ABX3,Ortorombik
1535385_7,1630,Tl4 Cd4 Br12,Br Cd Tl ,Pnma,62,2,9.379,4.13,15.419,90.0,90.0,90.0,True,ABX3,Ortorombik
1535385_8,1630,Tl4 Cd4 Br12,Br Cd Tl ,Pnma,62,2,9.379,4.13,15.419,90.0,90.0,90.0,True,ABX3,Ortorombik
1535385_9,1630,Tl4 Cd4 Br12,Br Cd Tl ,Pnma,62,2,9.379,4.13,15.419,90.0,90.0,90.0,True,ABX3,Ortorombik
1535385_10,1630,Tl4 Cd4 Br12,Br Cd Tl ,Pnma,62,2,9.379,4.13,15.419,90.0,90.0,90.0,True,ABX3,Ortorombik
1535385_11,1630,Tl4 Cd4 Br12,Br Cd Tl ,Pnma,62,2,9.379,4.13,15.419,90.0,90.0,90.0,True,ABX3,Ortorombik
1535385_12,1630,Tl4 Cd4 Br12,Br Cd Tl ,Pnma,62,2,9.379,4.13,15.419,90.0,90.0,90.0,True,ABX3,Ortorombik
1535385_13,1630,Tl4 Cd4 Br12,Br Cd Tl ,Pnma,62,2,9.379,4.13,15.419,90.0,90.0,90.0,True,ABX3,Ortorombik
1535385_14,1630,Tl4 Cd4 Br12,Br Cd Tl ,Pnma,62,2,9.379,4.13,15.419,90.0,90.0,90.0,True,ABX3,Ortorombik
1535385_15,1630,Tl4 Cd4 Br12,Br Cd Tl ,Pnma,62,2,9.379,4.13,15.419,90.0,90.0,90.0,True,ABX3,Ortorombik
1535385_16,1630,Tl4 Cd4 Br12,Br Cd Tl ,Pnma,62,2,9.379,4.13,15.419,90.0,90.0,90.0,True,ABX3,Ortorombik
1535385_17,1630,Tl4 Cd4 Br12,Br Cd Tl ,Pnma,62,2,9.379,4.13,15.419,90.0,90.0,90.0,True,ABX3,Ortorombik
1535385_18,1630,Tl4 Cd4 Br12,Br Cd Tl ,Pnma,62,2,9.379,4.13,15.419,90.0,90.0,90.0,True,ABX3,Ortorombik
1535385_19,1630,Tl4 Cd4 Br12,Br Cd Tl ,Pnma,62,2,9.379,4.13,15.419,90.0,90.0,90.0,True,ABX3,Ortorombik
1535385_20,1630,Tl4 Cd4 Br12,Br Cd Tl ,Pnma,62,2,9.379,4.13,15.419,90.0,90.0,90.0,True,ABX3,Ortorombik
1535385_21,1630,Tl4 Cd4 Br12,Br Cd Tl ,Pnma,62,2,9.379,4.13,15.419,90.0,90.0,90.0,True,ABX3,Ortorombik
1535385_22,1630,Tl4 Cd4 Br12,Br Cd Tl ,Pnma,62,2,9.379,4.13,15.419,90.0,90.0,90.0,True,ABX3,Ortorombik
1535385_23,1630,Tl4 Cd4 Br12,Br Cd Tl ,Pnma,62,2,9.379,4.13,15.419,90.0,90.0,90.0,True,ABX3,Ortorombik
1535385_24,1630,Tl4 Cd4 Br12,Br Cd Tl ,Pnma,62,2,9.379,4.13,15.419,90.0,90.0,90.0,True,ABX3,Ortorombik
4124862_1,1633,Ce1 Cr1 O3,Ce Cr O ,Pm-3m,221,0,3.89,3.89,3.89,90.0,90.0,90.0,True,ABX3,Kubik
4124862_2,1633,Ce1 Cr1 O3,Ce Cr O ,Pm-3m,221,0,3.89,3.89,3.89,90.0,90.0,90.0,True,ABX3,Kubik
4124862_3,1633,Ce1 Cr1 O3,Ce Cr O ,Pm-3m,221,0,3.89,3.89,3.89,90.0,90.0,90.0,True,ABX3,Kubik
4124862_4,1633,Ce1 Cr1 O3,Ce Cr O ,Pm-3m,221,0,3.89,3.89,3.89,90.0,90.0,90.0,True,ABX3,Kubik
4124862_5,1633,Ce1 Cr1 O3,Ce Cr O ,Pm-3m,221,0,3.89,3.89,3.89,90.0,90.0,90.0,True,ABX3,Kubik
4124862_6,1633,Ce1 Cr1 O3,Ce Cr O ,Pm-3m,221,0,3.89,3.89,3.89,90.0,90.0,90.0,True,ABX3,Kubik
4124862_7,1633,Ce1 Cr1 O3,Ce Cr O ,Pm-3m,221,0,3.89,3.89,3.89,90.0,90.0,90.0,True,ABX3,Kubik
4124862_8,1633,Ce1 Cr1 O3,Ce Cr O ,Pm-3m,221,0,3.89,3.89,3.89,90.0,90.0,90.0,True,ABX3,Kubik
4124862_9,1633,Ce1 Cr1 O3,Ce Cr O ,Pm-3m,221,0,3.89,3.89,3.89,90.0,90.0,90.0,True,ABX3,Kubik
4124862_10,1633,Ce1 Cr1 O3,Ce Cr O ,Pm-3m,221,0,3.89,3.89,3.89,90.0,90.0,90.0,True,ABX3,Kubik
4124862_11,1633,Ce1 Cr1 O3,Ce Cr O ,Pm-3m,221,0,3.89,3.89,3.89,90.0,90.0,90.0,True,ABX3,Kubik
4124862_12,1633,Ce1 Cr1 O3,Ce Cr O ,Pm-3m,221,0,3.89,3.89,3.89,90.0,90.0,90.0,True,ABX3,Kubik
4124862_13,1633,Ce1 Cr1 O3,Ce Cr O ,Pm-3m,221,0,3.89,3.89,3.89,90.0,90.0,90.0,True,ABX3,Kubik
4124862_14,1633,Ce1 Cr1 O3,Ce Cr O ,Pm-3m,221,0,3.89,3.89,3.89,90.0,90.0,90.0,True,ABX3,Kubik
4124862_15,1633,Ce1 Cr1 O3,Ce Cr O ,Pm-3m,221,0,3.89,3.89,3.89,90.0,90.0,90.0,True,ABX3,Kubik
4124862_16,1633,Ce1 Cr1 O3,Ce Cr O ,Pm-3m,221,0,3.89,3.89,3.89,90.0,90.0,90.0,True,ABX3,Kubik
4124862_17,1633,Ce1 Cr1 O3,Ce Cr O ,Pm-3m,221,0,3.89,3.89,3.89,90.0,90.0,90.0,True,ABX3,Kubik
4124862_18,1633,Ce1 Cr1 O3,Ce Cr O ,Pm-3m,221,0,3.89,3.89,3.89,90.0,90.0,90.0,True,ABX3,Kubik
4124862_19,1633,Ce1 Cr1 O3,Ce Cr O ,Pm-3m,221,0,3.89,3.89,3.89,90.0,90.0,90.0,True,ABX3,Kubik
4124862_20,1633,Ce1 Cr1 O3,Ce Cr O ,Pm-3m,221,0,3.89,3.89,3.89,90.0,90.0,90.0,True,ABX3,Kubik
4124862_21,1633,Ce1 Cr1 O3,Ce Cr O ,Pm-3m,221,0,3.89,3.89,3.89,90.0,90.0,90.0,True,ABX3,Kubik
4124862_22,1633,Ce1 Cr1 O3,Ce Cr O ,Pm-3m,221,0,3.89,3.89,3.89,90.0,90.0,90.0,True,ABX3,Kubik
4124862_23,1633,Ce1 Cr1 O3,Ce Cr O ,Pm-3m,221,0,3.89,3.89,3.89,90.0,90.0,90.0,True,ABX3,Kubik
4124862_24,1633,Ce1 Cr1 O3,Ce Cr O ,Pm-3m,221,0,3.89,3.89,3.89,90.0,90.0,90.0,True,ABX3,Kubik
1010144_1,1687,Cs8 Au8 Cl24,Au Cl Cs ,Fm-3m,225,0,10.46,10.46,10.46,90.0,90.0,90.0,True,ABX3,Kubik
1010144_2,1687,Cs8 Au8 Cl24,Au Cl Cs ,Fm-3m,225,0,10.46,10.46,10.46,90.0,90.0,90.0,True,ABX3,Kubik
1010144_3,1687,Cs8 Au8 Cl24,Au Cl Cs ,Fm-3m,225,0,10.46,10.46,10.46,90.0,90.0,90.0,True,ABX3,Kubik
1010144_4,1687,Cs8 Au8 Cl24,Au Cl Cs ,Fm-3m,225,0,10.46,10.46,10.46,90.0,90.0,90.0,True,ABX3,Kubik
1010144_5,1687,Cs8 Au8 Cl24,Au Cl Cs ,Fm-3m,225,0,10.46,10.46,10.46,90.0,90.0,90.0,True,ABX3,Kubik
1010144_6,1687,Cs8 Au8 Cl24,Au Cl Cs ,Fm-3m,225,0,10.46,10.46,10.46,90.0,90.0,90.0,True,ABX3,Kubik
1010144_7,1687,Cs8 Au8 Cl24,Au Cl Cs ,Fm-3m,225,0,10.46,10.46,10.46,90.0,90.0,90.0,True,ABX3,Kubik
1010144_8,1687,Cs8 Au8 Cl24,Au Cl Cs ,Fm-3m,225,0,10.46,10.46,10.46,90.0,90.0,90.0,True,ABX3,Kubik
1010144_9,1687,Cs8 Au8 Cl24,Au Cl Cs ,Fm-3m,225,0,10.46,10.46,10.46,90.0,90.0,90.0,True,ABX3,Kubik
1010144_10,1687,Cs8 Au8 Cl24,Au Cl Cs ,Fm-3m,225,0,10.46,10.46,10.46,90.0,90.0,90.0,True,ABX3,Kubik
1010144_11,1687,Cs8 Au8 Cl24,Au Cl Cs ,Fm-3m,225,0,10.46,10.46,10.46,90.0,90.0,90.0,True,ABX3,Kubik
1010144_12,1687,Cs8 Au8 Cl24,Au Cl Cs ,Fm-3m,225,0,10.46,10.46,10.46,90.0,90.0,90.0,True,ABX3,Kubik
1010144_13,1687,Cs8 Au8 Cl24,Au Cl Cs ,Fm-3m,225,0,10.46,10.46,10.46,90.0,90.0,90.0,True,ABX3,Kubik
1010144_14,1687,Cs8 Au8 Cl24,Au Cl Cs ,Fm-3m,225,0,10.46,10.46,10.46,90.0,90.0,90.0,True,ABX3,Kubik
1010144_15,1687,Cs8 Au8 Cl24,Au Cl Cs ,Fm-3m,225,0,10.46,10.46,10.46,90.0,90.0,90.0,True,ABX3,Kubik
1010144_16,1687,Cs8 Au8 Cl24,Au Cl Cs ,Fm-3m,225,0,10.46,10.46,10.46,90.0,90.0,90.0,True,ABX3,Kubik
1010144_17,1687,Cs8 Au8 Cl24,Au Cl Cs ,Fm-3m,225,0,10.46,10.46,10.46,90.0,90.0,90.0,True,ABX3,Kubik
1010144_18,1687,Cs8 Au8 Cl24,Au Cl Cs ,Fm-3m,225,0,10.46,10.46,10.46,90.0,90.0,90.0,True,ABX3,Kubik
1010144_19,1687,Cs8 Au8 Cl24,Au Cl Cs ,Fm-3m,225,0,10.46,10.46,10.46,90.0,90.0,90.0,True,ABX3,Kubik
1010144_20,1687,Cs8 Au8 Cl24,Au Cl Cs ,Fm-3m,225,0,10.46,10.46,10.46,90.0,90.0,90.0,True,ABX3,Kubik
1010144_21,1687,Cs8 Au8 Cl24,Au Cl Cs ,Fm-3m,225,0,10.46,10.46,10.46,90.0,90.0,90.0,True,ABX3,Kubik
1010144_22,1687,Cs8 Au8 Cl24,Au Cl Cs ,Fm-3m,225,0,10.46,10.46,10.46,90.0,90.0,90.0,True,ABX3,Kubik
1010144_23,1687,Cs8 Au8 Cl24,Au Cl Cs ,Fm-3m,225,0,10.46,10.46,10.46,90.0,90.0,90.0,True,ABX3,Kubik
1010144_24,1687,Cs8 Au8 Cl24,Au Cl Cs ,Fm-3m,225,0,10.46,10.46,10.46,90.0,90.0,90.0,True,ABX3,Kubik
1539984_1,1703,Mn4 Tl4 I12,I Mn Tl ,Pnma,62,2,10.074,4.2967,16.172,90.0,90.0,90.0,True,ABX3,Ortorombik
1539984_2,1703,Mn4 Tl4 I12,I Mn Tl ,Pnma,62,2,10.074,4.2967,16.172,90.0,90.0,90.0,True,ABX3,Ortorombik
1539984_3,1703,Mn4 Tl4 I12,I Mn Tl ,Pnma,62,2,10.074,4.2967,16.172,90.0,90.0,90.0,True,ABX3,Ortorombik
1539984_4,1703,Mn4 Tl4 I12,I Mn Tl ,Pnma,62,2,10.074,4.2967,16.172,90.0,90.0,90.0,True,ABX3,Ortorombik
1539984_5,1703,Mn4 Tl4 I12,I Mn Tl ,Pnma,62,2,10.074,4.2967,16.172,90.0,90.0,90.0,True,ABX3,Ortorombik
1539984_6,1703,Mn4 Tl4 I12,I Mn Tl ,Pnma,62,2,10.074,4.2967,16.172,90.0,90.0,90.0,True,ABX3,Ortorombik
1539984_7,1703,Mn4 Tl4 I12,I Mn Tl ,Pnma,62,2,10.074,4.2967,16.172,90.0,90.0,90.0,True,ABX3,Ortorombik
1539984_8,1703,Mn4 Tl4 I12,I Mn Tl ,Pnma,62,2,10.074,4.2967,16.172,90.0,90.0,90.0,True,ABX3,Ortorombik
1539984_9,1703,Mn4 Tl4 I12,I Mn Tl ,Pnma,62,2,10.074,4.2967,16.172,90.0,90.0,90.0,True,ABX3,Ortorombik
1539984_10,1703,Mn4 Tl4 I12,I Mn Tl ,Pnma,62,2,10.074,4.2967,16.172,90.0,90.0,90.0,True,ABX3,Ortorombik
1539984_11,1703,Mn4 Tl4 I12,I Mn Tl ,Pnma,62,2,10.074,4.2967,16.172,90.0,90.0,90.0,True,ABX3,Ortorombik
1539984_12,1703,Mn4 Tl4 I12,I Mn Tl ,Pnma,62,2,10.074,4.2967,16.172,90.0,90.0,90.0,True,ABX3,Ortorombik
1539984_13,1703,Mn4 Tl4 I12,I Mn Tl ,Pnma,62,2,10.074,4.2967,16.172,90.0,90.0,90.0,True,ABX3,Ortorombik
1539984_14,1703,Mn4 Tl4 I12,I Mn Tl ,Pnma,62,2,10.074,4.2967,16.172,90.0,90.0,90.0,True,ABX3,Ortorombik
1539984_15,1703,Mn4 Tl4 I12,I Mn Tl ,Pnma,62,2,10.074,4.2967,16.172,90.0,90.0,90.0,True,ABX3,Ortorombik
1539984_16,1703,Mn4 Tl4 I12,I Mn Tl ,Pnma,62,2,10.074,4.2967,16.172,90.0,90.0,90.0,True,ABX3,Ortorombik
1539984_17,1703,Mn4 Tl4 I12,I Mn Tl ,Pnma,62,2,10.074,4.2967,16.172,90.0,90.0,90.0,True,ABX3,Ortorombik
1539984_18,1703,Mn4 Tl4 I12,I Mn Tl ,Pnma,62,2,10.074,4.2967,16.172,90.0,90.0,90.0,True,ABX3,Ortorombik
1539984_19,1703,Mn4 Tl4 I12,I Mn Tl ,Pnma,62,2,10.074,4.2967,16.172,90.0,90.0,90.0,True,ABX3,Ortorombik
1539984_20,1703,Mn4 Tl4 I12,I Mn Tl ,Pnma,62,2,10.074,4.2967,16.172,90.0,90.0,90.0,True,ABX3,Ortorombik
1539984_21,1703,Mn4 Tl4 I12,I Mn Tl ,Pnma,62,2,10.074,4.2967,16.172,90.0,90.0,90.0,True,ABX3,Ortorombik
1539984_22,1703,Mn4 Tl4 I12,I Mn Tl ,Pnma,62,2,10.074,4.2967,16.172,90.0,90.0,90.0,True,ABX3,Ortorombik
1539984_23,1703,Mn4 Tl4 I12,I Mn Tl ,Pnma,62,2,10.074,4.2967,16.172,90.0,90.0,90.0,True,ABX3,Ortorombik
1539984_24,1703,Mn4 Tl4 I12,I Mn Tl ,Pnma,62,2,10.074,4.2967,16.172,90.0,90.0,90.0,True,ABX3,Ortorombik
2239179_1,1791,U4 Ni4 S12,Ni S U ,Pnma,62,2,6.8924,8.757,6.0758,90.0,90.0,90.0,True,ABX3,Ortorombik
2239179_2,1791,U4 Ni4 S12,Ni S U ,Pnma,62,2,6.8924,8.757,6.0758,90.0,90.0,90.0,True,ABX3,Ortorombik
2239179_3,1791,U4 Ni4 S12,Ni S U ,Pnma,62,2,6.8924,8.757,6.0758,90.0,90.0,90.0,True,ABX3,Ortorombik
2239179_4,1791,U4 Ni4 S12,Ni S U ,Pnma,62,2,6.8924,8.757,6.0758,90.0,90.0,90.0,True,ABX3,Ortorombik
2239179_5,1791,U4 Ni4 S12,Ni S U ,Pnma,62,2,6.8924,8.757,6.0758,90.0,90.0,90.0,True,ABX3,Ortorombik
2239179_6,1791,U4 Ni4 S12,Ni S U ,Pnma,62,2,6.8924,8.757,6.0758,90.0,90.0,90.0,True,ABX3,Ortorombik
2239179_7,1791,U4 Ni4 S12,Ni S U ,Pnma,62,2,6.8924,8.757,6.0758,90.0,90.0,90.0,True,ABX3,Ortorombik
2239179_8,1791,U4 Ni4 S12,Ni S U ,Pnma,62,2,6.8924,8.757,6.0758,90.0,90.0,90.0,True,ABX3,Ortorombik
2239179_9,1791,U4 Ni4 S12,Ni S U ,Pnma,62,2,6.8924,8.757,6.0758,90.0,90.0,90.0,True,ABX3,Ortorombik
2239179_10,1791,U4 Ni4 S12,Ni S U ,Pnma,62,2,6.8924,8.757,6.0758,90.0,90.0,90.0,True,ABX3,Ortorombik
2239179_11,1791,U4 Ni4 S12,Ni S U ,Pnma,62,2,6.8924,8.757,6.0758,90.0,90.0,90.0,True,ABX3,Ortorombik
2239179_12,1791,U4 Ni4 S12,Ni S U ,Pnma,62,2,6.8924,8.757,6.0758,90.0,90.0,90.0,True,ABX3,Ortorombik
2239179_13,1791,U4 Ni4 S12,Ni S U ,Pnma,62,2,6.8924,8.757,6.0758,90.0,90.0,90.0,True,ABX3,Ortorombik
2239179_14,1791,U4 Ni4 S12,Ni S U ,Pnma,62,2,6.8924,8.757,6.0758,90.0,90.0,90.0,True,ABX3,Ortorombik
2239179_15,1791,U4 Ni4 S12,Ni S U ,Pnma,62,2,6.8924,8.757,6.0758,90.0,90.0,90.0,True,ABX3,Ortorombik
2239179_16,1791,U4 Ni4 S12,Ni S U ,Pnma,62,2,6.8924,8.757,6.0758,90.0,90.0,90.0,True,ABX3,Ortorombik
2239179_17,1791,U4 Ni4 S12,Ni S U ,Pnma,62,2,6.8924,8.757,6.0758,90.0,90.0,90.0,True,ABX3,Ortorombik
2239179_18,1791,U4 Ni4 S12,Ni S U ,Pnma,62,2,6.8924,8.757,6.0758,90.0,90.0,90.0,True,ABX3,Ortorombik
2239179_19,1791,U4 Ni4 S12,Ni S U ,Pnma,62,2,6.8924,8.757,6.0758,90.0,90.0,90.0,True,ABX3,Ortorombik
2239179_20,1791,U4 Ni4 S12,Ni S U ,Pnma,62,2,6.8924,8.757,6.0758,90.0,90.0,90.0,True,ABX3,Ortorombik
2239179_21,1791,U4 Ni4 S12,Ni S U ,Pnma,62,2,6.8924,8.757,6.0758,90.0,90.0,90.0,True,ABX3,Ortorombik
2239179_22,1791,U4 Ni4 S12,Ni S U ,Pnma,62,2,6.8924,8.757,6.0758,90.0,90.0,90.0,True,ABX3,Ortorombik
2239179_23,1791,U4 Ni4 S12,Ni S U ,Pnma,62,2,6.8924,8.757,6.0758,90.0,90.0,90.0,True,ABX3,Ortorombik
2239179_24,1791,U4 Ni4 S12,Ni S U ,Pnma,62,2,6.8924,8.757,6.0758,90.0,90.0,90.0,True,ABX3,Ortorombik
9016189_1,1826,Ca4 Sn4 O12,Ca O Sn ,Pnma,62,2,5.4448,5.60887,7.78906,90.0,90.0,90.0,True,ABX3,Ortorombik
9016189_2,1826,Ca4 Sn4 O12,Ca O Sn ,Pnma,62,2,5.4448,5.60887,7.78906,90.0,90.0,90.0,True,ABX3,Ortorombik
9016189_3,1826,Ca4 Sn4 O12,Ca O Sn ,Pnma,62,2,5.4448,5.60887,7.78906,90.0,90.0,90.0,True,ABX3,Ortorombik
9016189_4,1826,Ca4 Sn4 O12,Ca O Sn ,Pnma,62,2,5.4448,5.60887,7.78906,90.0,90.0,90.0,True,ABX3,Ortorombik
9016189_5,1826,Ca4 Sn4 O12,Ca O Sn ,Pnma,62,2,5.4448,5.60887,7.78906,90.0,90.0,90.0,True,ABX3,Ortorombik
9016189_6,1826,Ca4 Sn4 O12,Ca O Sn ,Pnma,62,2,5.4448,5.60887,7.78906,90.0,90.0,90.0,True,ABX3,Ortorombik
9016189_7,1826,Ca4 Sn4 O12,Ca O Sn ,Pnma,62,2,5.4448,5.60887,7.78906,90.0,90.0,90.0,True,ABX3,Ortorombik
9016189_8,1826,Ca4 Sn4 O12,Ca O Sn ,Pnma,62,2,5.4448,5.60887,7.78906,90.0,90.0,90.0,True,ABX3,Ortorombik
9016189_9,1826,Ca4 Sn4 O12,Ca O Sn ,Pnma,62,2,5.4448,5.60887,7.78906,90.0,90.0,90.0,True,ABX3,Ortorombik
9016189_10,1826,Ca4 Sn4 O12,Ca O Sn ,Pnma,62,2,5.4448,5.60887,7.78906,90.0,90.0,90.0,True,ABX3,Ortorombik
9016189_11,1826,Ca4 Sn4 O12,Ca O Sn ,Pnma,62,2,5.4448,5.60887,7.78906,90.0,90.0,90.0,True,ABX3,Ortorombik
9016189_12,1826,Ca4 Sn4 O12,Ca O Sn ,Pnma,62,2,5.4448,5.60887,7.78906,90.0,90.0,90.0,True,ABX3,Ortorombik
9016189_13,1826,Ca4 Sn4 O12,Ca O Sn ,Pnma,62,2,5.4448,5.60887,7.78906,90.0,90.0,90.0,True,ABX3,Ortorombik
9016189_14,1826,Ca4 Sn4 O12,Ca O Sn ,Pnma,62,2,5.4448,5.60887,7.78906,90.0,90.0,90.0,True,ABX3,Ortorombik
9016189_15,1826,Ca4 Sn4 O12,Ca O Sn ,Pnma,62,2,5.4448,5.60887,7.78906,90.0,90.0,90.0,True,ABX3,Ortorombik
9016189_16,1826,Ca4 Sn4 O12,Ca O Sn ,Pnma,62,2,5.4448,5.60887,7.78906,90.0,90.0,90.0,True,ABX3,Ortorombik
9016189_17,1826,Ca4 Sn4 O12,Ca O Sn ,Pnma,62,2,5.4448,5.60887,7.78906,90.0,90.0,90.0,True,ABX3,Ortorombik
9016189_18,1826,Ca4 Sn4 O12,Ca O Sn ,Pnma,62,2,5.4448,5.60887,7.78906,90.0,90.0,90.0,True,ABX3,Ortorombik
9016189_19,1826,Ca4 Sn4 O12,Ca O Sn ,Pnma,62,2,5.4448,5.60887,7.78906,90.0,90.0,90.0,True,ABX3,Ortorombik
9016189_20,1826,Ca4 Sn4 O12,Ca O Sn ,Pnma,62,2,5.4448,5.60887,7.78906,90.0,90.0,90.0,True,ABX3,Ortorombik
9016189_21,1826,Ca4 Sn4 O12,Ca O Sn ,Pnma,62,2,5.4448,5.60887,7.78906,90.0,90.0,90.0,True,ABX3,Ortorombik
9016189_22,1826,Ca4 Sn4 O12,Ca O Sn ,Pnma,62,2,5.4448,5.60887,7.78906,90.0,90.0,90.0,True,ABX3,Ortorombik
9016189_23,1826,Ca4 Sn4 O12,Ca O Sn ,Pnma,62,2,5.4448,5.60887,7.78906,90.0,90.0,90.0,True,ABX3,Ortorombik
9016189_24,1826,Ca4 Sn4 O12,Ca O Sn ,Pnma,62,2,5.4448,5.60887,7.78906,90.0,90.0,90.0,True,ABX3,Ortorombik
4003086_1,1847,Cs20 In20 Cl60,Cl Cs In ,I4/m,87,1,17.0057,17.0057,11.0266,90.0,90.0,90.0,True,ABX3,Tetragonal
4003086_2,1847,Cs20 In20 Cl60,Cl Cs In ,I4/m,87,1,17.0057,17.0057,11.0266,90.0,90.0,90.0,True,ABX3,Tetragonal
4003086_3,1847,Cs20 In20 Cl60,Cl Cs In ,I4/m,87,1,17.0057,17.0057,11.0266,90.0,90.0,90.0,True,ABX3,Tetragonal
4003086_4,1847,Cs20 In20 Cl60,Cl Cs In ,I4/m,87,1,17.0057,17.0057,11.0266,90.0,90.0,90.0,True,ABX3,Tetragonal
4003086_5,1847,Cs20 In20 Cl60,Cl Cs In ,I4/m,87,1,17.0057,17.0057,11.0266,90.0,90.0,90.0,True,ABX3,Tetragonal
4003086_6,1847,Cs20 In20 Cl60,Cl Cs In ,I4/m,87,1,17.0057,17.0057,11.0266,90.0,90.0,90.0,True,ABX3,Tetragonal
4003086_7,1847,Cs20 In20 Cl60,Cl Cs In ,I4/m,87,1,17.0057,17.0057,11.0266,90.0,90.0,90.0,True,ABX3,Tetragonal
4003086_8,1847,Cs20 In20 Cl60,Cl Cs In ,I4/m,87,1,17.0057,17.0057,11.0266,90.0,90.0,90.0,True,ABX3,Tetragonal
4003086_9,1847,Cs20 In20 Cl60,Cl Cs In ,I4/m,87,1,17.0057,17.0057,11.0266,90.0,90.0,90.0,True,ABX3,Tetragonal
4003086_10,1847,Cs20 In20 Cl60,Cl Cs In ,I4/m,87,1,17.0057,17.0057,11.0266,90.0,90.0,90.0,True,ABX3,Tetragonal
4003086_11,1847,Cs20 In20 Cl60,Cl Cs In ,I4/m,87,1,17.0057,17.0057,11.0266,90.0,90.0,90.0,True,ABX3,Tetragonal
4003086_12,1847,Cs20 In20 Cl60,Cl Cs In ,I4/m,87,1,17.0057,17.0057,11.0266,90.0,90.0,90.0,True,ABX3,Tetragonal
4003086_13,1847,Cs20 In20 Cl60,Cl Cs In ,I4/m,87,1,17.0057,17.0057,11.0266,90.0,90.0,90.0,True,ABX3,Tetragonal
4003086_14,1847,Cs20 In20 Cl60,Cl Cs In ,I4/m,87,1,17.0057,17.0057,11.0266,90.0,90.0,90.0,True,ABX3,Tetragonal
4003086_15,1847,Cs20 In20 Cl60,Cl Cs In ,I4/m,87,1,17.0057,17.0057,11.0266,90.0,90.0,90.0,True,ABX3,Tetragonal
4003086_16,1847,Cs20 In20 Cl60,Cl Cs In ,I4/m,87,1,17.0057,17.0057,11.0266,90.0,90.0,90.0,True,ABX3,Tetragonal
4003086_17,1847,Cs20 In20 Cl60,Cl Cs In ,I4/m,87,1,17.0057,17.0057,11.0266,90.0,90.0,90.0,True,ABX3,Tetragonal
4003086_18,1847,Cs20 In20 Cl60,Cl Cs In ,I4/m,87,1,17.0057,17.0057,11.0266,90.0,90.0,90.0,True,ABX3,Tetragonal
4003086_19,1847,Cs20 In20 Cl60,Cl Cs In ,I4/m,87,1,17.0057,17.0057,11.0266,90.0,90.0,90.0,True,ABX3,Tetragonal
4003086_20,1847,Cs20 In20 Cl60,Cl Cs In ,I4/m,87,1,17.0057,17.0057,11.0266,90.0,90.0,90.0,True,ABX3,Tetragonal
4003086_21,1847,Cs20 In20 Cl60,Cl Cs In ,I4/m,87,1,17.0057,17.0057,11.0266,90.0,90.0,90.0,True,ABX3,Tetragonal
4003086_22,1847,Cs20 In20 Cl60,Cl Cs In ,I4/m,87,1,17.0057,17.0057,11.0266,90.0,90.0,90.0,True,ABX3,Tetragonal
4003086_23,1847,Cs20 In20 Cl60,Cl Cs In ,I4/m,87,1,17.0057,17.0057,11.0266,90.0,90.0,90.0,True,ABX3,Tetragonal
4003086_24,1847,Cs20 In20 Cl60,Cl Cs In ,I4/m,87,1,17.0057,17.0057,11.0266,90.0,90.0,90.0,True,ABX3,Tetragonal
1541988_1,1887,Ca1 Sn1 O3,Ca O Sn ,Pm-3m,221,0,3.8,3.8,3.8,90.0,90.0,90.0,True,ABX3,Kubik
1541988_2,1887,Ca1 Sn1 O3,Ca O Sn ,Pm-3m,221,0,3.8,3.8,3.8,90.0,90.0,90.0,True,ABX3,Kubik
1541988_3,1887,Ca1 Sn1 O3,Ca O Sn ,Pm-3m,221,0,3.8,3.8,3.8,90.0,90.0,90.0,True,ABX3,Kubik
1541988_4,1887,Ca1 Sn1 O3,Ca O Sn ,Pm-3m,221,0,3.8,3.8,3.8,90.0,90.0,90.0,True,ABX3,Kubik
1541988_5,1887,Ca1 Sn1 O3,Ca O Sn ,Pm-3m,221,0,3.8,3.8,3.8,90.0,90.0,90.0,True,ABX3,Kubik
1541988_6,1887,Ca1 Sn1 O3,Ca O Sn ,Pm-3m,221,0,3.8,3.8,3.8,90.0,90.0,90.0,True,ABX3,Kubik
1541988_7,1887,Ca1 Sn1 O3,Ca O Sn ,Pm-3m,221,0,3.8,3.8,3.8,90.0,90.0,90.0,True,ABX3,Kubik
1541988_8,1887,Ca1 Sn1 O3,Ca O Sn ,Pm-3m,221,0,3.8,3.8,3.8,90.0,90.0,90.0,True,ABX3,Kubik
1541988_9,1887,Ca1 Sn1 O3,Ca O Sn ,Pm-3m,221,0,3.8,3.8,3.8,90.0,90.0,90.0,True,ABX3,Kubik
1541988_10,1887,Ca1 Sn1 O3,Ca O Sn ,Pm-3m,221,0,3.8,3.8,3.8,90.0,90.0,90.0,True,ABX3,Kubik
1541988_11,1887,Ca1 Sn1 O3,Ca O Sn ,Pm-3m,221,0,3.8,3.8,3.8,90.0,90.0,90.0,True,ABX3,Kubik
1541988_12,1887,Ca1 Sn1 O3,Ca O Sn ,Pm-3m,221,0,3.8,3.8,3.8,90.0,90.0,90.0,True,ABX3,Kubik
1541988_13,1887,Ca1 Sn1 O3,Ca O Sn ,Pm-3m,221,0,3.8,3.8,3.8,90.0,90.0,90.0,True,ABX3,Kubik
1541988_14,1887,Ca1 Sn1 O3,Ca O Sn ,Pm-3m,221,0,3.8,3.8,3.8,90.0,90.0,90.0,True,ABX3,Kubik
1541988_15,1887,Ca1 Sn1 O3,Ca O Sn ,Pm-3m,221,0,3.8,3.8,3.8,90.0,90.0,90.0,True,ABX3,Kubik
1541988_16,1887,Ca1 Sn1 O3,Ca O Sn ,Pm-3m,221,0,3.8,3.8,3.8,90.0,90.0,90.0,True,ABX3,Kubik
1541988_17,1887,Ca1 Sn1 O3,Ca O Sn ,Pm-3m,221,0,3.8,3.8,3.8,90.0,90.0,90.0,True,ABX3,Kubik
1541988_18,1887,Ca1 Sn1 O3,Ca O Sn ,Pm-3m,221,0,3.8,3.8,3.8,90.0,90.0,90.0,True,ABX3,Kubik
1541988_19,1887,Ca1 Sn1 O3,Ca O Sn ,Pm-3m,221,0,3.8,3.8,3.8,90.0,90.0,90.0,True,ABX3,Kubik
1541988_20,1887,Ca1 Sn1 O3,Ca O Sn ,Pm-3m,221,0,3.8,3.8,3.8,90.0,90.0,90.0,True,ABX3,Kubik
1541988_21,1887,Ca1 Sn1 O3,Ca O Sn ,Pm-3m,221,0,3.8,3.8,3.8,90.0,90.0,90.0,True,ABX3,Kubik
1541988_22,1887,Ca1 Sn1 O3,Ca O Sn ,Pm-3m,221,0,3.8,3.8,3.8,90.0,90.0,90.0,True,ABX3,Kubik
1541988_23,1887,Ca1 Sn1 O3,Ca O Sn ,Pm-3m,221,0,3.8,3.8,3.8,90.0,90.0,90.0,True,ABX3,Kubik
1541988_24,1887,Ca1 Sn1 O3,Ca O Sn ,Pm-3m,221,0,3.8,3.8,3.8,90.0,90.0,90.0,True,ABX3,Kubik
1535399_1,1927,Rb1 Ge1 I3,Ge I Rb ,Pm-3m,221,0,5.994,5.994,5.994,90.0,90.0,90.0,True,ABX3,Kubik
1535399_2,1927,Rb1 Ge1 I3,Ge I Rb ,Pm-3m,221,0,5.994,5.994,5.994,90.0,90.0,90.0,True,ABX3,Kubik
1535399_3,1927,Rb1 Ge1 I3,Ge I Rb ,Pm-3m,221,0,5.994,5.994,5.994,90.0,90.0,90.0,True,ABX3,Kubik
1535399_4,1927,Rb1 Ge1 I3,Ge I Rb ,Pm-3m,221,0,5.994,5.994,5.994,90.0,90.0,90.0,True,ABX3,Kubik
1535399_5,1927,Rb1 Ge1 I3,Ge I Rb ,Pm-3m,221,0,5.994,5.994,5.994,90.0,90.0,90.0,True,ABX3,Kubik
1535399_6,1927,Rb1 Ge1 I3,Ge I Rb ,Pm-3m,221,0,5.994,5.994,5.994,90.0,90.0,90.0,True,ABX3,Kubik
1535399_7,1927,Rb1 Ge1 I3,Ge I Rb ,Pm-3m,221,0,5.994,5.994,5.994,90.0,90.0,90.0,True,ABX3,Kubik
1535399_8,1927,Rb1 Ge1 I3,Ge I Rb ,Pm-3m,221,0,5.994,5.994,5.994,90.0,90.0,90.0,True,ABX3,Kubik
1535399_9,1927,Rb1 Ge1 I3,Ge I Rb ,Pm-3m,221,0,5.994,5.994,5.994,90.0,90.0,90.0,True,ABX3,Kubik
1535399_10,1927,Rb1 Ge1 I3,Ge I Rb ,Pm-3m,221,0,5.994,5.994,5.994,90.0,90.0,90.0,True,ABX3,Kubik
1535399_11,1927,Rb1 Ge1 I3,Ge I Rb ,Pm-3m,221,0,5.994,5.994,5.994,90.0,90.0,90.0,True,ABX3,Kubik
1535399_12,1927,Rb1 Ge1 I3,Ge I Rb ,Pm-3m,221,0,5.994,5.994,5.994,90.0,90.0,90.0,True,ABX3,Kubik
1535399_13,1927,Rb1 Ge1 I3,Ge I Rb ,Pm-3m,221,0,5.994,5.994,5.994,90.0,90.0,90.0,True,ABX3,Kubik
1535399_14,1927,Rb1 Ge1 I3,Ge I Rb ,Pm-3m,221,0,5.994,5.994,5.994,90.0,90.0,90.0,True,ABX3,Kubik
1535399_15,1927,Rb1 Ge1 I3,Ge I Rb ,Pm-3m,221,0,5.994,5.994,5.994,90.0,90.0,90.0,True,ABX3,Kubik
1535399_16,1927,Rb1 Ge1 I3,Ge I Rb ,Pm-3m,221,0,5.994,5.994,5.994,90.0,90.0,90.0,True,ABX3,Kubik
1535399_17,1927,Rb1 Ge1 I3,Ge I Rb ,Pm-3m,221,0,5.994,5.994,5.994,90.0,90.0,90.0,True,ABX3,Kubik
1535399_18,1927,Rb1 Ge1 I3,Ge I Rb ,Pm-3m,221,0,5.994,5.994,5.994,90.0,90.0,90.0,True,ABX3,Kubik
1535399_19,1927,Rb1 Ge1 I3,Ge I Rb ,Pm-3m,221,0,5.994,5.994,5.994,90.0,90.0,90.0,True,ABX3,Kubik
1535399_20,1927,Rb1 Ge1 I3,Ge I Rb ,Pm-3m,221,0,5.994,5.994,5.994,90.0,90.0,90.0,True,ABX3,Kubik
1535399_21,1927,Rb1 Ge1 I3,Ge I Rb ,Pm-3m,221,0,5.994,5.994,5.994,90.0,90.0,90.0,True,ABX3,Kubik
1535399_22,1927,Rb1 Ge1 I3,Ge I Rb ,Pm-3m,221,0,5.994,5.994,5.994,90.0,90.0,90.0,True,ABX3,Kubik
1535399_23,1927,Rb1 Ge1 I3,Ge I Rb ,Pm-3m,221,0,5.994,5.994,5.994,90.0,90.0,90.0,True,ABX3,Kubik
1535399_24,1927,Rb1 Ge1 I3,Ge I Rb ,Pm-3m,221,0,5.994,5.994,5.994,90.0,90.0,90.0,True,ABX3,Kubik
2102562_1,1945,K1 Mn1 F3,F K Mn ,Pm-3m,221,0,4.1893,4.1893,4.1893,90.0,90.0,90.0,True,ABX3,Kubik
2102562_2,1945,K1 Mn1 F3,F K Mn ,Pm-3m,221,0,4.1893,4.1893,4.1893,90.0,90.0,90.0,True,ABX3,Kubik
2102562_3,1945,K1 Mn1 F3,F K Mn ,Pm-3m,221,0,4.1893,4.1893,4.1893,90.0,90.0,90.0,True,ABX3,Kubik
2102562_4,1945,K1 Mn1 F3,F K Mn ,Pm-3m,221,0,4.1893,4.1893,4.1893,90.0,90.0,90.0,True,ABX3,Kubik
2102562_5,1945,K1 Mn1 F3,F K Mn ,Pm-3m,221,0,4.1893,4.1893,4.1893,90.0,90.0,90.0,True,ABX3,Kubik
2102562_6,1945,K1 Mn1 F3,F K Mn ,Pm-3m,221,0,4.1893,4.1893,4.1893,90.0,90.0,90.0,True,ABX3,Kubik
2102562_7,1945,K1 Mn1 F3,F K Mn ,Pm-3m,221,0,4.1893,4.1893,4.1893,90.0,90.0,90.0,True,ABX3,Kubik
2102562_8,1945,K1 Mn1 F3,F K Mn ,Pm-3m,221,0,4.1893,4.1893,4.1893,90.0,90.0,90.0,True,ABX3,Kubik
2102562_9,1945,K1 Mn1 F3,F K Mn ,Pm-3m,221,0,4.1893,4.1893,4.1893,90.0,90.0,90.0,True,ABX3,Kubik
2102562_10,1945,K1 Mn1 F3,F K Mn ,Pm-3m,221,0,4.1893,4.1893,4.1893,90.0,90.0,90.0,True,ABX3,Kubik
2102562_11,1945,K1 Mn1 F3,F K Mn ,Pm-3m,221,0,4.1893,4.1893,4.1893,90.0,90.0,90.0,True,ABX3,Kubik
2102562_12,1945,K1 Mn1 F3,F K Mn ,Pm-3m,221,0,4.1893,4.1893,4.1893,90.0,90.0,90.0,True,ABX3,Kubik
2102562_13,1945,K1 Mn1 F3,F K Mn ,Pm-3m,221,0,4.1893,4.1893,4.1893,90.0,90.0,90.0,True,ABX3,Kubik
2102562_14,1945,K1 Mn1 F3,F K Mn ,Pm-3m,221,0,4.1893,4.1893,4.1893,90.0,90.0,90.0,True,ABX3,Kubik
2102562_15,1945,K1 Mn1 F3,F K Mn ,Pm-3m,221,0,4.1893,4.1893,4.1893,90.0,90.0,90.0,True,ABX3,Kubik
2102562_16,1945,K1 Mn1 F3,F K Mn ,Pm-3m,221,0,4.1893,4.1893,4.1893,90.0,90.0,90.0,True,ABX3,Kubik
2102562_17,1945,K1 Mn1 F3,F K Mn ,Pm-3m,221,0,4.1893,4.1893,4.1893,90.0,90.0,90.0,True,ABX3,Kubik
2102562_18,1945,K1 Mn1 F3,F K Mn ,Pm-3m,221,0,4.1893,4.1893,4.1893,90.0,90.0,90.0,True,ABX3,Kubik
2102562_19,1945,K1 Mn1 F3,F K Mn ,Pm-3m,221,0,4.1893,4.1893,4.1893,90.0,90.0,90.0,True,ABX3,Kubik
2102562_20,1945,K1 Mn1 F3,F K Mn ,Pm-3m,221,0,4.1893,4.1893,4.1893,90.0,90.0,90.0,True,ABX3,Kubik
2102562_21,1945,K1 Mn1 F3,F K Mn ,Pm-3m,221,0,4.1893,4.1893,4.1893,90.0,90.0,90.0,True,ABX3,Kubik
2102562_22,1945,K1 Mn1 F3,F K Mn ,Pm-3m,221,0,4.1893,4.1893,4.1893,90.0,90.0,90.0,True,ABX3,Kubik
2102562_23,1945,K1 Mn1 F3,F K Mn ,Pm-3m,221,0,4.1893,4.1893,4.1893,90.0,90.0,90.0,True,ABX3,Kubik
2102562_24,1945,K1 Mn1 F3,F K Mn ,Pm-3m,221,0,4.1893,4.1893,4.1893,90.0,90.0,90.0,True,ABX3,Kubik
4510745_1,2043,Cs4 Pb4 Br12,Br Cs Pb ,Pnma,62,2,8.244,11.7351,8.1982,90.0,90.0,90.0,True,ABX3,Ortorombik
4510745_2,2043,Cs4 Pb4 Br12,Br Cs Pb ,Pnma,62,2,8.244,11.7351,8.1982,90.0,90.0,90.0,True,ABX3,Ortorombik
4510745_3,2043,Cs4 Pb4 Br12,Br Cs Pb ,Pnma,62,2,8.244,11.7351,8.1982,90.0,90.0,90.0,True,ABX3,Ortorombik
4510745_4,2043,Cs4 Pb4 Br12,Br Cs Pb ,Pnma,62,2,8.244,11.7351,8.1982,90.0,90.0,90.0,True,ABX3,Ortorombik
4510745_5,2043,Cs4 Pb4 Br12,Br Cs Pb ,Pnma,62,2,8.244,11.7351,8.1982,90.0,90.0,90.0,True,ABX3,Ortorombik
4510745_6,2043,Cs4 Pb4 Br12,Br Cs Pb ,Pnma,62,2,8.244,11.7351,8.1982,90.0,90.0,90.0,True,ABX3,Ortorombik
4510745_7,2043,Cs4 Pb4 Br12,Br Cs Pb ,Pnma,62,2,8.244,11.7351,8.1982,90.0,90.0,90.0,True,ABX3,Ortorombik
4510745_8,2043,Cs4 Pb4 Br12,Br Cs Pb ,Pnma,62,2,8.244,11.7351,8.1982,90.0,90.0,90.0,True,ABX3,Ortorombik
4510745_9,2043,Cs4 Pb4 Br12,Br Cs Pb ,Pnma,62,2,8.244,11.7351,8.1982,90.0,90.0,90.0,True,ABX3,Ortorombik
4510745_10,2043,Cs4 Pb4 Br12,Br Cs Pb ,Pnma,62,2,8.244,11.7351,8.1982,90.0,90.0,90.0,True,ABX3,Ortorombik
4510745_11,2043,Cs4 Pb4 Br12,Br Cs Pb ,Pnma,62,2,8.244,11.7351,8.1982,90.0,90.0,90.0,True,ABX3,Ortorombik
4510745_12,2043,Cs4 Pb4 Br12,Br Cs Pb ,Pnma,62,2,8.244,11.7351,8.1982,90.0,90.0,90.0,True,ABX3,Ortorombik
4510745_13,2043,Cs4 Pb4 Br12,Br Cs Pb ,Pnma,62,2,8.244,11.7351,8.1982,90.0,90.0,90.0,True,ABX3,Ortorombik
4510745_14,2043,Cs4 Pb4 Br12,Br Cs Pb ,Pnma,62,2,8.244,11.7351,8.1982,90.0,90.0,90.0,True,ABX3,Ortorombik
4510745_15,2043,Cs4 Pb4 Br12,Br Cs Pb ,Pnma,62,2,8.244,11.7351,8.1982,90.0,90.0,90.0,True,ABX3,Ortorombik
4510745_16,2043,Cs4 Pb4 Br12,Br Cs Pb ,Pnma,62,2,8.244,11.7351,8.1982,90.0,90.0,90.0,True,ABX3,Ortorombik
4510745_17,2043,Cs4 Pb4 Br12,Br Cs Pb ,Pnma,62,2,8.244,11.7351,8.1982,90.0,90.0,90.0,True,ABX3,Ortorombik
4510745_18,2043,Cs4 Pb4 Br12,Br Cs Pb ,Pnma,62,2,8.244,11.7351,8.1982,90.0,90.0,90.0,True,ABX3,Ortorombik
4510745_19,2043,Cs4 Pb4 Br12,Br Cs Pb ,Pnma,62,2,8.244,11.7351,8.1982,90.0,90.0,90.0,True,ABX3,Ortorombik
4510745_20,2043,Cs4 Pb4 Br12,Br Cs Pb ,Pnma,62,2,8.244,11.7351,8.1982,90.0,90.0,90.0,True,ABX3,Ortorombik
4510745_21,2043,Cs4 Pb4 Br12,Br Cs Pb ,Pnma,62,2,8.244,11.7351,8.1982,90.0,90.0,90.0,True,ABX3,Ortorombik
4510745_22,2043,Cs4 Pb4 Br12,Br Cs Pb ,Pnma,62,2,8.244,11.7351,8.1982,90.0,90.0,90.0,True,ABX3,Ortorombik
4510745_23,2043,Cs4 Pb4 Br12,Br Cs Pb ,Pnma,62,2,8.244,11.7351,8.1982,90.0,90.0,90.0,True,ABX3,Ortorombik
4510745_24,2043,Cs4 Pb4 Br12,Br Cs Pb ,Pnma,62,2,8.244,11.7351,8.1982,90.0,90.0,90.0,True,ABX3,Ortorombik
1521388_1,2095,Sr8 Zr8 O24,O Sr Zr ,Cmcm,63,2,8.27,8.2732,8.2586,90.0,90.0,90.0,True,ABX3,Ortorombik
1521388_2,2095,Sr8 Zr8 O24,O Sr Zr ,Cmcm,63,2,8.27,8.2732,8.2586,90.0,90.0,90.0,True,ABX3,Ortorombik
1521388_3,2095,Sr8 Zr8 O24,O Sr Zr ,Cmcm,63,2,8.27,8.2732,8.2586,90.0,90.0,90.0,True,ABX3,Ortorombik
1521388_4,2095,Sr8 Zr8 O24,O Sr Zr ,Cmcm,63,2,8.27,8.2732,8.2586,90.0,90.0,90.0,True,ABX3,Ortorombik
1521388_5,2095,Sr8 Zr8 O24,O Sr Zr ,Cmcm,63,2,8.27,8.2732,8.2586,90.0,90.0,90.0,True,ABX3,Ortorombik
1521388_6,2095,Sr8 Zr8 O24,O Sr Zr ,Cmcm,63,2,8.27,8.2732,8.2586,90.0,90.0,90.0,True,ABX3,Ortorombik
1521388_7,2095,Sr8 Zr8 O24,O Sr Zr ,Cmcm,63,2,8.27,8.2732,8.2586,90.0,90.0,90.0,True,ABX3,Ortorombik
1521388_8,2095,Sr8 Zr8 O24,O Sr Zr ,Cmcm,63,2,8.27,8.2732,8.2586,90.0,90.0,90.0,True,ABX3,Ortorombik
1521388_9,2095,Sr8 Zr8 O24,O Sr Zr ,Cmcm,63,2,8.27,8.2732,8.2586,90.0,90.0,90.0,True,ABX3,Ortorombik
1521388_10,2095,Sr8 Zr8 O24,O Sr Zr ,Cmcm,63,2,8.27,8.2732,8.2586,90.0,90.0,90.0,True,ABX3,Ortorombik
1521388_11,2095,Sr8 Zr8 O24,O Sr Zr ,Cmcm,63,2,8.27,8.2732,8.2586,90.0,90.0,90.0,True,ABX3,Ortorombik
1521388_12,2095,Sr8 Zr8 O24,O Sr Zr ,Cmcm,63,2,8.27,8.2732,8.2586,90.0,90.0,90.0,True,ABX3,Ortorombik
1521388_13,2095,Sr8 Zr8 O24,O Sr Zr ,Cmcm,63,2,8.27,8.2732,8.2586,90.0,90.0,90.0,True,ABX3,Ortorombik
1521388_14,2095,Sr8 Zr8 O24,O Sr Zr ,Cmcm,63,2,8.27,8.2732,8.2586,90.0,90.0,90.0,True,ABX3,Ortorombik
1521388_15,2095,Sr8 Zr8 O24,O Sr Zr ,Cmcm,63,2,8.27,8.2732,8.2586,90.0,90.0,90.0,True,ABX3,Ortorombik
1521388_16,2095,Sr8 Zr8 O24,O Sr Zr ,Cmcm,63,2,8.27,8.2732,8.2586,90.0,90.0,90.0,True,ABX3,Ortorombik
1521388_17,2095,Sr8 Zr8 O24,O Sr Zr ,Cmcm,63,2,8.27,8.2732,8.2586,90.0,90.0,90.0,True,ABX3,Ortorombik
1521388_18,2095,Sr8 Zr8 O24,O Sr Zr ,Cmcm,63,2,8.27,8.2732,8.2586,90.0,90.0,90.0,True,ABX3,Ortorombik
1521388_19,2095,Sr8 Zr8 O24,O Sr Zr ,Cmcm,63,2,8.27,8.2732,8.2586,90.0,90.0,90.0,True,ABX3,Ortorombik
1521388_20,2095,Sr8 Zr8 O24,O Sr Zr ,Cmcm,63,2,8.27,8.2732,8.2586,90.0,90.0,90.0,True,ABX3,Ortorombik
1521388_21,2095,Sr8 Zr8 O24,O Sr Zr ,Cmcm,63,2,8.27,8.2732,8.2586,90.0,90.0,90.0,True,ABX3,Ortorombik
1521388_22,2095,Sr8 Zr8 O24,O Sr Zr ,Cmcm,63,2,8.27,8.2732,8.2586,90.0,90.0,90.0,True,ABX3,Ortorombik
1521388_23,2095,Sr8 Zr8 O24,O Sr Zr ,Cmcm,63,2,8.27,8.2732,8.2586,90.0,90.0,90.0,True,ABX3,Ortorombik
1521388_24,2095,Sr8 Zr8 O24,O Sr Zr ,Cmcm,63,2,8.27,8.2732,8.2586,90.0,90.0,90.0,True,ABX3,Ortorombik
4117956_1,2175,Cs4 Sn4 I12,Cs I Sn ,Pnma,62,2,10.3495,4.7632,17.684,90.0,90.0,90.0,True,ABX3,Ortorombik
4117956_2,2175,Cs4 Sn4 I12,Cs I Sn ,Pnma,62,2,10.3495,4.7632,17.684,90.0,90.0,90.0,True,ABX3,Ortorombik
4117956_3,2175,Cs4 Sn4 I12,Cs I Sn ,Pnma,62,2,10.3495,4.7632,17.684,90.0,90.0,90.0,True,ABX3,Ortorombik
4117956_4,2175,Cs4 Sn4 I12,Cs I Sn ,Pnma,62,2,10.3495,4.7632,17.684,90.0,90.0,90.0,True,ABX3,Ortorombik
4117956_5,2175,Cs4 Sn4 I12,Cs I Sn ,Pnma,62,2,10.3495,4.7632,17.684,90.0,90.0,90.0,True,ABX3,Ortorombik
4117956_6,2175,Cs4 Sn4 I12,Cs I Sn ,Pnma,62,2,10.3495,4.7632,17.684,90.0,90.0,90.0,True,ABX3,Ortorombik
4117956_7,2175,Cs4 Sn4 I12,Cs I Sn ,Pnma,62,2,10.3495,4.7632,17.684,90.0,90.0,90.0,True,ABX3,Ortorombik
4117956_8,2175,Cs4 Sn4 I12,Cs I Sn ,Pnma,62,2,10.3495,4.7632,17.684,90.0,90.0,90.0,True,ABX3,Ortorombik
4117956_9,2175,Cs4 Sn4 I12,Cs I Sn ,Pnma,62,2,10.3495,4.7632,17.684,90.0,90.0,90.0,True,ABX3,Ortorombik
4117956_10,2175,Cs4 Sn4 I12,Cs I Sn ,Pnma,62,2,10.3495,4.7632,17.684,90.0,90.0,90.0,True,ABX3,Ortorombik
4117956_11,2175,Cs4 Sn4 I12,Cs I Sn ,Pnma,62,2,10.3495,4.7632,17.684,90.0,90.0,90.0,True,ABX3,Ortorombik
4117956_12,2175,Cs4 Sn4 I12,Cs I Sn ,Pnma,62,2,10.3495,4.7632,17.684,90.0,90.0,90.0,True,ABX3,Ortorombik
4117956_13,2175,Cs4 Sn4 I12,Cs I Sn ,Pnma,62,2,10.3495,4.7632,17.684,90.0,90.0,90.0,True,ABX3,Ortorombik
4117956_14,2175,Cs4 Sn4 I12,Cs I Sn ,Pnma,62,2,10.3495,4.7632,17.684,90.0,90.0,90.0,True,ABX3,Ortorombik
4117956_15,2175,Cs4 Sn4 I12,Cs I Sn ,Pnma,62,2,10.3495,4.7632,17.684,90.0,90.0,90.0,True,ABX3,Ortorombik
4117956_16,2175,Cs4 Sn4 I12,Cs I Sn ,Pnma,62,2,10.3495,4.7632,17.684,90.0,90.0,90.0,True,ABX3,Ortorombik
4117956_17,2175,Cs4 Sn4 I12,Cs I Sn ,Pnma,62,2,10.3495,4.7632,17.684,90.0,90.0,90.0,True,ABX3,Ortorombik
4117956_18,2175,Cs4 Sn4 I12,Cs I Sn ,Pnma,62,2,10.3495,4.7632,17.684,90.0,90.0,90.0,True,ABX3,Ortorombik
4117956_19,2175,Cs4 Sn4 I12,Cs I Sn ,Pnma,62,2,10.3495,4.7632,17.684,90.0,90.0,90.0,True,ABX3,Ortorombik
4117956_20,2175,Cs4 Sn4 I12,Cs I Sn ,Pnma,62,2,10.3495,4.7632,17.684,90.0,90.0,90.0,True,ABX3,Ortorombik
4117956_21,2175,Cs4 Sn4 I12,Cs I Sn ,Pnma,62,2,10.3495,4.7632,17.684,90.0,90.0,90.0,True,ABX3,Ortorombik
4117956_22,2175,Cs4 Sn4 I12,Cs I Sn ,Pnma,62,2,10.3495,4.7632,17.684,90.0,90.0,90.0,True,ABX3,Ortorombik
4117956_23,2175,Cs4 Sn4 I12,Cs I Sn ,Pnma,62,2,10.3495,4.7632,17.684,90.0,90.0,90.0,True,ABX3,Ortorombik
4117956_24,2175,Cs4 Sn4 I12,Cs I Sn ,Pnma,62,2,10.3495,4.7632,17.684,90.0,90.0,90.0,True,ABX3,Ortorombik
1535527_1,2187,La4 Ga4 O12,Ga La O ,Pnma,62,2,5.503,5.474,7.751,90.0,90.0,90.0,True,ABX3,Ortorombik
1535527_2,2187,La4 Ga4 O12,Ga La O ,Pnma,62,2,5.503,5.474,7.751,90.0,90.0,90.0,True,ABX3,Ortorombik
1535527_3,2187,La4 Ga4 O12,Ga La O ,Pnma,62,2,5.503,5.474,7.751,90.0,90.0,90.0,True,ABX3,Ortorombik
1535527_4,2187,La4 Ga4 O12,Ga La O ,Pnma,62,2,5.503,5.474,7.751,90.0,90.0,90.0,True,ABX3,Ortorombik
1535527_5,2187,La4 Ga4 O12,Ga La O ,Pnma,62,2,5.503,5.474,7.751,90.0,90.0,90.0,True,ABX3,Ortorombik
1535527_6,2187,La4 Ga4 O12,Ga La O ,Pnma,62,2,5.503,5.474,7.751,90.0,90.0,90.0,True,ABX3,Ortorombik
1535527_7,2187,La4 Ga4 O12,Ga La O ,Pnma,62,2,5.503,5.474,7.751,90.0,90.0,90.0,True,ABX3,Ortorombik
1535527_8,2187,La4 Ga4 O12,Ga La O ,Pnma,62,2,5.503,5.474,7.751,90.0,90.0,90.0,True,ABX3,Ortorombik
1535527_9,2187,La4 Ga4 O12,Ga La O ,Pnma,62,2,5.503,5.474,7.751,90.0,90.0,90.0,True,ABX3,Ortorombik
1535527_10,2187,La4 Ga4 O12,Ga La O ,Pnma,62,2,5.503,5.474,7.751,90.0,90.0,90.0,True,ABX3,Ortorombik
1535527_11,2187,La4 Ga4 O12,Ga La O ,Pnma,62,2,5.503,5.474,7.751,90.0,90.0,90.0,True,ABX3,Ortorombik
1535527_12,2187,La4 Ga4 O12,Ga La O ,Pnma,62,2,5.503,5.474,7.751,90.0,90.0,90.0,True,ABX3,Ortorombik
1535527_13,2187,La4 Ga4 O12,Ga La O ,Pnma,62,2,5.503,5.474,7.751,90.0,90.0,90.0,True,ABX3,Ortorombik
1535527_14,2187,La4 Ga4 O12,Ga La O ,Pnma,62,2,5.503,5.474,7.751,90.0,90.0,90.0,True,ABX3,Ortorombik
1535527_15,2187,La4 Ga4 O12,Ga La O ,Pnma,62,2,5.503,5.474,7.751,90.0,90.0,90.0,True,ABX3,Ortorombik
1535527_16,2187,La4 Ga4 O12,Ga La O ,Pnma,62,2,5.503,5.474,7.751,90.0,90.0,90.0,True,ABX3,Ortorombik
1535527_17,2187,La4 Ga4 O12,Ga La O ,Pnma,62,2,5.503,5.474,7.751,90.0,90.0,90.0,True,ABX3,Ortorombik
1535527_18,2187,La4 Ga4 O12,Ga La O ,Pnma,62,2,5.503,5.474,7.751,90.0,90.0,90.0,True,ABX3,Ortorombik
1535527_19,2187,La4 Ga4 O12,Ga La O ,Pnma,62,2,5.503,5.474,7.751,90.0,90.0,90.0,True,ABX3,Ortorombik
1535527_20,2187,La4 Ga4 O12,Ga La O ,Pnma,62,2,5.503,5.474,7.751,90.0,90.0,90.0,True,ABX3,Ortorombik
1535527_21,2187,La4 Ga4 O12,Ga La O ,Pnma,62,2,5.503,5.474,7.751,90.0,90.0,90.0,True,ABX3,Ortorombik
1535527_22,2187,La4 Ga4 O12,Ga La O ,Pnma,62,2,5.503,5.474,7.751,90.0,90.0,90.0,True,ABX3,Ortorombik
1535527_23,2187,La4 Ga4 O12,Ga La O ,Pnma,62,2,5.503,5.474,7.751,90.0,90.0,90.0,True,ABX3,Ortorombik
1535527_24,2187,La4 Ga4 O12,Ga La O ,Pnma,62,2,5.503,5.474,7.751,90.0,90.0,90.0,True,ABX3,Ortorombik
1526176_1,2255,La4 Cr4 O12,Cr La O ,Pnma,62,2,5.48588,7.76824,5.52467,90.0,90.0,90.0,True,ABX3,Ortorombik
1526176_2,2255,La4 Cr4 O12,Cr La O ,Pnma,62,2,5.48588,7.76824,5.52467,90.0,90.0,90.0,True,ABX3,Ortorombik
1526176_3,2255,La4 Cr4 O12,Cr La O ,Pnma,62,2,5.48588,7.76824,5.52467,90.0,90.0,90.0,True,ABX3,Ortorombik
1526176_4,2255,La4 Cr4 O12,Cr La O ,Pnma,62,2,5.48588,7.76824,5.52467,90.0,90.0,90.0,True,ABX3,Ortorombik
1526176_5,2255,La4 Cr4 O12,Cr La O ,Pnma,62,2,5.48588,7.76824,5.52467,90.0,90.0,90.0,True,ABX3,Ortorombik
1526176_6,2255,La4 Cr4 O12,Cr La O ,Pnma,62,2,5.48588,7.76824,5.52467,90.0,90.0,90.0,True,ABX3,Ortorombik
1526176_7,2255,La4 Cr4 O12,Cr La O ,Pnma,62,2,5.48588,7.76824,5.52467,90.0,90.0,90.0,True,ABX3,Ortorombik
1526176_8,2255,La4 Cr4 O12,Cr La O ,Pnma,62,2,5.48588,7.76824,5.52467,90.0,90.0,90.0,True,ABX3,Ortorombik
1526176_9,2255,La4 Cr4 O12,Cr La O ,Pnma,62,2,5.48588,7.76824,5.52467,90.0,90.0,90.0,True,ABX3,Ortorombik
1526176_10,2255,La4 Cr4 O12,Cr La O ,Pnma,62,2,5.48588,7.76824,5.52467,90.0,90.0,90.0,True,ABX3,Ortorombik
1526176_11,2255,La4 Cr4 O12,Cr La O ,Pnma,62,2,5.48588,7.76824,5.52467,90.0,90.0,90.0,True,ABX3,Ortorombik
1526176_12,2255,La4 Cr4 O12,Cr La O ,Pnma,62,2,5.48588,7.76824,5.52467,90.0,90.0,90.0,True,ABX3,Ortorombik
1526176_13,2255,La4 Cr4 O12,Cr La O ,Pnma,62,2,5.48588,7.76824,5.52467,90.0,90.0,90.0,True,ABX3,Ortorombik
1526176_14,2255,La4 Cr4 O12,Cr La O ,Pnma,62,2,5.48588,7.76824,5.52467,90.0,90.0,90.0,True,ABX3,Ortorombik
1526176_15,2255,La4 Cr4 O12,Cr La O ,Pnma,62,2,5.48588,7.76824,5.52467,90.0,90.0,90.0,True,ABX3,Ortorombik
1526176_16,2255,La4 Cr4 O12,Cr La O ,Pnma,62,2,5.48588,7.76824,5.52467,90.0,90.0,90.0,True,ABX3,Ortorombik
1526176_17,2255,La4 Cr4 O12,Cr La O ,Pnma,62,2,5.48588,7.76824,5.52467,90.0,90.0,90.0,True,ABX3,Ortorombik
1526176_18,2255,La4 Cr4 O12,Cr La O ,Pnma,62,2,5.48588,7.76824,5.52467,90.0,90.0,90.0,True,ABX3,Ortorombik
1526176_19,2255,La4 Cr4 O12,Cr La O ,Pnma,62,2,5.48588,7.76824,5.52467,90.0,90.0,90.0,True,ABX3,Ortorombik
1526176_20,2255,La4 Cr4 O12,Cr La O ,Pnma,62,2,5.48588,7.76824,5.52467,90.0,90.0,90.0,True,ABX3,Ortorombik
1526176_21,2255,La4 Cr4 O12,Cr La O ,Pnma,62,2,5.48588,7.76824,5.52467,90.0,90.0,90.0,True,ABX3,Ortorombik
1526176_22,2255,La4 Cr4 O12,Cr La O ,Pnma,62,2,5.48588,7.76824,5.52467,90.0,90.0,90.0,True,ABX3,Ortorombik
1526176_23,2255,La4 Cr4 O12,Cr La O ,Pnma,62,2,5.48588,7.76824,5.52467,90.0,90.0,90.0,True,ABX3,Ortorombik
1526176_24,2255,La4 Cr4 O12,Cr La O ,Pnma,62,2,5.48588,7.76824,5.52467,90.0,90.0,90.0,True,ABX3,Ortorombik
7707085_1,2266,Ce8 Si8 P23.96,Ce P Si ,Aea2,41,2,5.8961,25.0987,5.7747,90.0,90.0,90.0,True,ABX3,Ortorombik
7707085_2,2266,Ce8 Si8 P23.96,Ce P Si ,Aea2,41,2,5.8961,25.0987,5.7747,90.0,90.0,90.0,True,ABX3,Ortorombik
7707085_3,2266,Ce8 Si8 P23.96,Ce P Si ,Aea2,41,2,5.8961,25.0987,5.7747,90.0,90.0,90.0,True,ABX3,Ortorombik
7707085_4,2266,Ce8 Si8 P23.96,Ce P Si ,Aea2,41,2,5.8961,25.0987,5.7747,90.0,90.0,90.0,True,ABX3,Ortorombik
7707085_5,2266,Ce8 Si8 P23.96,Ce P Si ,Aea2,41,2,5.8961,25.0987,5.7747,90.0,90.0,90.0,True,ABX3,Ortorombik
7707085_6,2266,Ce8 Si8 P23.96,Ce P Si ,Aea2,41,2,5.8961,25.0987,5.7747,90.0,90.0,90.0,True,ABX3,Ortorombik
7707085_7,2266,Ce8 Si8 P23.96,Ce P Si ,Aea2,41,2,5.8961,25.0987,5.7747,90.0,90.0,90.0,True,ABX3,Ortorombik
7707085_8,2266,Ce8 Si8 P23.96,Ce P Si ,Aea2,41,2,5.8961,25.0987,5.7747,90.0,90.0,90.0,True,ABX3,Ortorombik
7707085_9,2266,Ce8 Si8 P23.96,Ce P Si ,Aea2,41,2,5.8961,25.0987,5.7747,90.0,90.0,90.0,True,ABX3,Ortorombik
7707085_10,2266,Ce8 Si8 P23.96,Ce P Si ,Aea2,41,2,5.8961,25.0987,5.7747,90.0,90.0,90.0,True,ABX3,Ortorombik
7707085_11,2266,Ce8 Si8 P23.96,Ce P Si ,Aea2,41,2,5.8961,25.0987,5.7747,90.0,90.0,90.0,True,ABX3,Ortorombik
7707085_12,2266,Ce8 Si8 P23.96,Ce P Si ,Aea2,41,2,5.8961,25.0987,5.7747,90.0,90.0,90.0,True,ABX3,Ortorombik
7707085_13,2266,Ce8 Si8 P23.96,Ce P Si ,Aea2,41,2,5.8961,25.0987,5.7747,90.0,90.0,90.0,True,ABX3,Ortorombik
7707085_14,2266,Ce8 Si8 P23.96,Ce P Si ,Aea2,41,2,5.8961,25.0987,5.7747,90.0,90.0,90.0,True,ABX3,Ortorombik
7707085_15,2266,Ce8 Si8 P23.96,Ce P Si ,Aea2,41,2,5.8961,25.0987,5.7747,90.0,90.0,90.0,True,ABX3,Ortorombik
7707085_16,2266,Ce8 Si8 P23.96,Ce P Si ,Aea2,41,2,5.8961,25.0987,5.7747,90.0,90.0,90.0,True,ABX3,Ortorombik
7707085_17,2266,Ce8 Si8 P23.96,Ce P Si ,Aea2,41,2,5.8961,25.0987,5.7747,90.0,90.0,90.0,True,ABX3,Ortorombik
7707085_18,2266,Ce8 Si8 P23.96,Ce P Si ,Aea2,41,2,5.8961,25.0987,5.7747,90.0,90.0,90.0,True,ABX3,Ortorombik
7707085_19,2266,Ce8 Si8 P23.96,Ce P Si ,Aea2,41,2,5.8961,25.0987,5.7747,90.0,90.0,90.0,True,ABX3,Ortorombik
7707085_20,2266,Ce8 Si8 P23.96,Ce P Si ,Aea2,41,2,5.8961,25.0987,5.7747,90.0,90.0,90.0,True,ABX3,Ortorombik
7707085_21,2266,Ce8 Si8 P23.96,Ce P Si ,Aea2,41,2,5.8961,25.0987,5.7747,90.0,90.0,90.0,True,ABX3,Ortorombik
7707085_22,2266,Ce8 Si8 P23.96,Ce P Si ,Aea2,41,2,5.8961,25.0987,5.7747,90.0,90.0,90.0,True,ABX3,Ortorombik
7707085_23,2266,Ce8 Si8 P23.96,Ce P Si ,Aea2,41,2,5.8961,25.0987,5.7747,90.0,90.0,90.0,True,ABX3,Ortorombik
7707085_24,2266,Ce8 Si8 P23.96,Ce P Si ,Aea2,41,2,5.8961,25.0987,5.7747,90.0,90.0,90.0,True,ABX3,Ortorombik
2002889_1,2340,Sr4 Pb4 O12,O Pb Sr ,Pnma,62,2,5.964,8.32,5.86,90.0,90.0,90.0,True,ABX3,Ortorombik
2002889_2,2340,Sr4 Pb4 O12,O Pb Sr ,Pnma,62,2,5.964,8.32,5.86,90.0,90.0,90.0,True,ABX3,Ortorombik
2002889_3,2340,Sr4 Pb4 O12,O Pb Sr ,Pnma,62,2,5.964,8.32,5.86,90.0,90.0,90.0,True,ABX3,Ortorombik
2002889_4,2340,Sr4 Pb4 O12,O Pb Sr ,Pnma,62,2,5.964,8.32,5.86,90.0,90.0,90.0,True,ABX3,Ortorombik
2002889_5,2340,Sr4 Pb4 O12,O Pb Sr ,Pnma,62,2,5.964,8.32,5.86,90.0,90.0,90.0,True,ABX3,Ortorombik
2002889_6,2340,Sr4 Pb4 O12,O Pb Sr ,Pnma,62,2,5.964,8.32,5.86,90.0,90.0,90.0,True,ABX3,Ortorombik
2002889_7,2340,Sr4 Pb4 O12,O Pb Sr ,Pnma,62,2,5.964,8.32,5.86,90.0,90.0,90.0,True,ABX3,Ortorombik
2002889_8,2340,Sr4 Pb4 O12,O Pb Sr ,Pnma,62,2,5.964,8.32,5.86,90.0,90.0,90.0,True,ABX3,Ortorombik
2002889_9,2340,Sr4 Pb4 O12,O Pb Sr ,Pnma,62,2,5.964,8.32,5.86,90.0,90.0,90.0,True,ABX3,Ortorombik
2002889_10,2340,Sr4 Pb4 O12,O Pb Sr ,Pnma,62,2,5.964,8.32,5.86,90.0,90.0,90.0,True,ABX3,Ortorombik
2002889_11,2340,Sr4 Pb4 O12,O Pb Sr ,Pnma,62,2,5.964,8.32,5.86,90.0,90.0,90.0,True,ABX3,Ortorombik
2002889_12,2340,Sr4 Pb4 O12,O Pb Sr ,Pnma,62,2,5.964,8.32,5.86,90.0,90.0,90.0,True,ABX3,Ortorombik
2002889_13,2340,Sr4 Pb4 O12,O Pb Sr ,Pnma,62,2,5.964,8.32,5.86,90.0,90.0,90.0,True,ABX3,Ortorombik
2002889_14,2340,Sr4 Pb4 O12,O Pb Sr ,Pnma,62,2,5.964,8.32,5.86,90.0,90.0,90.0,True,ABX3,Ortorombik
2002889_15,2340,Sr4 Pb4 O12,O Pb Sr ,Pnma,62,2,5.964,8.32,5.86,90.0,90.0,90.0,True,ABX3,Ortorombik
2002889_16,2340,Sr4 Pb4 O12,O Pb Sr ,Pnma,62,2,5.964,8.32,5.86,90.0,90.0,90.0,True,ABX3,Ortorombik
2002889_17,2340,Sr4 Pb4 O12,O Pb Sr ,Pnma,62,2,5.964,8.32,5.86,90.0,90.0,90.0,True,ABX3,Ortorombik
2002889_18,2340,Sr4 Pb4 O12,O Pb Sr ,Pnma,62,2,5.964,8.32,5.86,90.0,90.0,90.0,True,ABX3,Ortorombik
2002889_19,2340,Sr4 Pb4 O12,O Pb Sr ,Pnma,62,2,5.964,8.32,5.86,90.0,90.0,90.0,True,ABX3,Ortorombik
2002889_20,2340,Sr4 Pb4 O12,O Pb Sr ,Pnma,62,2,5.964,8.32,5.86,90.0,90.0,90.0,True,ABX3,Ortorombik
2002889_21,2340,Sr4 Pb4 O12,O Pb Sr ,Pnma,62,2,5.964,8.32,5.86,90.0,90.0,90.0,True,ABX3,Ortorombik
2002889_22,2340,Sr4 Pb4 O12,O Pb Sr ,Pnma,62,2,5.964,8.32,5.86,90.0,90.0,90.0,True,ABX3,Ortorombik
2002889_23,2340,Sr4 Pb4 O12,O Pb Sr ,Pnma,62,2,5.964,8.32,5.86,90.0,90.0,90.0,True,ABX3,Ortorombik
2002889_24,2340,Sr4 Pb4 O12,O Pb Sr ,Pnma,62,2,5.964,8.32,5.86,90.0,90.0,90.0,True,ABX3,Ortorombik
1526441_1,2446,Sm4 Fe4 O12,Fe O Sm ,Pnma,62,2,5.3978,5.5917,7.7059,90.0,90.0,90.0,True,ABX3,Ortorombik
1526441_2,2446,Sm4 Fe4 O12,Fe O Sm ,Pnma,62,2,5.3978,5.5917,7.7059,90.0,90.0,90.0,True,ABX3,Ortorombik
1526441_3,2446,Sm4 Fe4 O12,Fe O Sm ,Pnma,62,2,5.3978,5.5917,7.7059,90.0,90.0,90.0,True,ABX3,Ortorombik
1526441_4,2446,Sm4 Fe4 O12,Fe O Sm ,Pnma,62,2,5.3978,5.5917,7.7059,90.0,90.0,90.0,True,ABX3,Ortorombik
1526441_5,2446,Sm4 Fe4 O12,Fe O Sm ,Pnma,62,2,5.3978,5.5917,7.7059,90.0,90.0,90.0,True,ABX3,Ortorombik
1526441_6,2446,Sm4 Fe4 O12,Fe O Sm ,Pnma,62,2,5.3978,5.5917,7.7059,90.0,90.0,90.0,True,ABX3,Ortorombik
1526441_7,2446,Sm4 Fe4 O12,Fe O Sm ,Pnma,62,2,5.3978,5.5917,7.7059,90.0,90.0,90.0,True,ABX3,Ortorombik
1526441_8,2446,Sm4 Fe4 O12,Fe O Sm ,Pnma,62,2,5.3978,5.5917,7.7059,90.0,90.0,90.0,True,ABX3,Ortorombik
1526441_9,2446,Sm4 Fe4 O12,Fe O Sm ,Pnma,62,2,5.3978,5.5917,7.7059,90.0,90.0,90.0,True,ABX3,Ortorombik
1526441_10,2446,Sm4 Fe4 O12,Fe O Sm ,Pnma,62,2,5.3978,5.5917,7.7059,90.0,90.0,90.0,True,ABX3,Ortorombik
1526441_11,2446,Sm4 Fe4 O12,Fe O Sm ,Pnma,62,2,5.3978,5.5917,7.7059,90.0,90.0,90.0,True,ABX3,Ortorombik
1526441_12,2446,Sm4 Fe4 O12,Fe O Sm ,Pnma,62,2,5.3978,5.5917,7.7059,90.0,90.0,90.0,True,ABX3,Ortorombik
1526441_13,2446,Sm4 Fe4 O12,Fe O Sm ,Pnma,62,2,5.3978,5.5917,7.7059,90.0,90.0,90.0,True,ABX3,Ortorombik
1526441_14,2446,Sm4 Fe4 O12,Fe O Sm ,Pnma,62,2,5.3978,5.5917,7.7059,90.0,90.0,90.0,True,ABX3,Ortorombik
1526441_15,2446,Sm4 Fe4 O12,Fe O Sm ,Pnma,62,2,5.3978,5.5917,7.7059,90.0,90.0,90.0,True,ABX3,Ortorombik
1526441_16,2446,Sm4 Fe4 O12,Fe O Sm ,Pnma,62,2,5.3978,5.5917,7.7059,90.0,90.0,90.0,True,ABX3,Ortorombik
1526441_17,2446,Sm4 Fe4 O12,Fe O Sm ,Pnma,62,2,5.3978,5.5917,7.7059,90.0,90.0,90.0,True,ABX3,Ortorombik
1526441_18,2446,Sm4 Fe4 O12,Fe O Sm ,Pnma,62,2,5.3978,5.5917,7.7059,90.0,90.0,90.0,True,ABX3,Ortorombik
1526441_19,2446,Sm4 Fe4 O12,Fe O Sm ,Pnma,62,2,5.3978,5.5917,7.7059,90.0,90.0,90.0,True,ABX3,Ortorombik
1526441_20,2446,Sm4 Fe4 O12,Fe O Sm ,Pnma,62,2,5.3978,5.5917,7.7059,90.0,90.0,90.0,True,ABX3,Ortorombik
1526441_21,2446,Sm4 Fe4 O12,Fe O Sm ,Pnma,62,2,5.3978,5.5917,7.7059,90.0,90.0,90.0,True,ABX3,Ortorombik
1526441_22,2446,Sm4 Fe4 O12,Fe O Sm ,Pnma,62,2,5.3978,5.5917,7.7059,90.0,90.0,90.0,True,ABX3,Ortorombik
1526441_23,2446,Sm4 Fe4 O12,Fe O Sm ,Pnma,62,2,5.3978,5.5917,7.7059,90.0,90.0,90.0,True,ABX3,Ortorombik
1526441_24,2446,Sm4 Fe4 O12,Fe O Sm ,Pnma,62,2,5.3978,5.5917,7.7059,90.0,90.0,90.0,True,ABX3,Ortorombik
2107085_1,2472,Eu4 Fe4 O12,Eu Fe O ,Pnma,62,2,5.372,5.606,7.685,90.0,90.0,90.0,True,ABX3,Ortorombik
2107085_2,2472,Eu4 Fe4 O12,Eu Fe O ,Pnma,62,2,5.372,5.606,7.685,90.0,90.0,90.0,True,ABX3,Ortorombik
2107085_3,2472,Eu4 Fe4 O12,Eu Fe O ,Pnma,62,2,5.372,5.606,7.685,90.0,90.0,90.0,True,ABX3,Ortorombik
2107085_4,2472,Eu4 Fe4 O12,Eu Fe O ,Pnma,62,2,5.372,5.606,7.685,90.0,90.0,90.0,True,ABX3,Ortorombik
2107085_5,2472,Eu4 Fe4 O12,Eu Fe O ,Pnma,62,2,5.372,5.606,7.685,90.0,90.0,90.0,True,ABX3,Ortorombik
2107085_6,2472,Eu4 Fe4 O12,Eu Fe O ,Pnma,62,2,5.372,5.606,7.685,90.0,90.0,90.0,True,ABX3,Ortorombik
2107085_7,2472,Eu4 Fe4 O12,Eu Fe O ,Pnma,62,2,5.372,5.606,7.685,90.0,90.0,90.0,True,ABX3,Ortorombik
2107085_8,2472,Eu4 Fe4 O12,Eu Fe O ,Pnma,62,2,5.372,5.606,7.685,90.0,90.0,90.0,True,ABX3,Ortorombik
2107085_9,2472,Eu4 Fe4 O12,Eu Fe O ,Pnma,62,2,5.372,5.606,7.685,90.0,90.0,90.0,True,ABX3,Ortorombik
2107085_10,2472,Eu4 Fe4 O12,Eu Fe O ,Pnma,62,2,5.372,5.606,7.685,90.0,90.0,90.0,True,ABX3,Ortorombik
2107085_11,2472,Eu4 Fe4 O12,Eu Fe O ,Pnma,62,2,5.372,5.606,7.685,90.0,90.0,90.0,True,ABX3,Ortorombik
2107085_12,2472,Eu4 Fe4 O12,Eu Fe O ,Pnma,62,2,5.372,5.606,7.685,90.0,90.0,90.0,True,ABX3,Ortorombik
2107085_13,2472,Eu4 Fe4 O12,Eu Fe O ,Pnma,62,2,5.372,5.606,7.685,90.0,90.0,90.0,True,ABX3,Ortorombik
2107085_14,2472,Eu4 Fe4 O12,Eu Fe O ,Pnma,62,2,5.372,5.606,7.685,90.0,90.0,90.0,True,ABX3,Ortorombik
2107085_15,2472,Eu4 Fe4 O12,Eu Fe O ,Pnma,62,2,5.372,5.606,7.685,90.0,90.0,90.0,True,ABX3,Ortorombik
2107085_16,2472,Eu4 Fe4 O12,Eu Fe O ,Pnma,62,2,5.372,5.606,7.685,90.0,90.0,90.0,True,ABX3,Ortorombik
2107085_17,2472,Eu4 Fe4 O12,Eu Fe O ,Pnma,62,2,5.372,5.606,7.685,90.0,90.0,90.0,True,ABX3,Ortorombik
2107085_18,2472,Eu4 Fe4 O12,Eu Fe O ,Pnma,62,2,5.372,5.606,7.685,90.0,90.0,90.0,True,ABX3,Ortorombik
2107085_19,2472,Eu4 Fe4 O12,Eu Fe O ,Pnma,62,2,5.372,5.606,7.685,90.0,90.0,90.0,True,ABX3,Ortorombik
2107085_20,2472,Eu4 Fe4 O12,Eu Fe O ,Pnma,62,2,5.372,5.606,7.685,90.0,90.0,90.0,True,ABX3,Ortorombik
2107085_21,2472,Eu4 Fe4 O12,Eu Fe O ,Pnma,62,2,5.372,5.606,7.685,90.0,90.0,90.0,True,ABX3,Ortorombik
2107085_22,2472,Eu4 Fe4 O12,Eu Fe O ,Pnma,62,2,5.372,5.606,7.685,90.0,90.0,90.0,True,ABX3,Ortorombik
2107085_23,2472,Eu4 Fe4 O12,Eu Fe O ,Pnma,62,2,5.372,5.606,7.685,90.0,90.0,90.0,True,ABX3,Ortorombik
2107085_24,2472,Eu4 Fe4 O12,Eu Fe O ,Pnma,62,2,5.372,5.606,7.685,90.0,90.0,90.0,True,ABX3,Ortorombik
1537275_1,2497,Na8 Nb8 O24,Na Nb O ,Pca2_1,29,2,5.494,15.461,5.551,90.0,90.0,90.0,True,ABX3,Ortorombik
1537275_2,2497,Na8 Nb8 O24,Na Nb O ,Pca2_1,29,2,5.494,15.461,5.551,90.0,90.0,90.0,True,ABX3,Ortorombik
1537275_3,2497,Na8 Nb8 O24,Na Nb O ,Pca2_1,29,2,5.494,15.461,5.551,90.0,90.0,90.0,True,ABX3,Ortorombik
1537275_4,2497,Na8 Nb8 O24,Na Nb O ,Pca2_1,29,2,5.494,15.461,5.551,90.0,90.0,90.0,True,ABX3,Ortorombik
1537275_5,2497,Na8 Nb8 O24,Na Nb O ,Pca2_1,29,2,5.494,15.461,5.551,90.0,90.0,90.0,True,ABX3,Ortorombik
1537275_6,2497,Na8 Nb8 O24,Na Nb O ,Pca2_1,29,2,5.494,15.461,5.551,90.0,90.0,90.0,True,ABX3,Ortorombik
1537275_7,2497,Na8 Nb8 O24,Na Nb O ,Pca2_1,29,2,5.494,15.461,5.551,90.0,90.0,90.0,True,ABX3,Ortorombik
1537275_8,2497,Na8 Nb8 O24,Na Nb O ,Pca2_1,29,2,5.494,15.461,5.551,90.0,90.0,90.0,True,ABX3,Ortorombik
1537275_9,2497,Na8 Nb8 O24,Na Nb O ,Pca2_1,29,2,5.494,15.461,5.551,90.0,90.0,90.0,True,ABX3,Ortorombik
1537275_10,2497,Na8 Nb8 O24,Na Nb O ,Pca2_1,29,2,5.494,15.461,5.551,90.0,90.0,90.0,True,ABX3,Ortorombik
1537275_11,2497,Na8 Nb8 O24,Na Nb O ,Pca2_1,29,2,5.494,15.461,5.551,90.0,90.0,90.0,True,ABX3,Ortorombik
1537275_12,2497,Na8 Nb8 O24,Na Nb O ,Pca2_1,29,2,5.494,15.461,5.551,90.0,90.0,90.0,True,ABX3,Ortorombik
1537275_13,2497,Na8 Nb8 O24,Na Nb O ,Pca2_1,29,2,5.494,15.461,5.551,90.0,90.0,90.0,True,ABX3,Ortorombik
1537275_14,2497,Na8 Nb8 O24,Na Nb O ,Pca2_1,29,2,5.494,15.461,5.551,90.0,90.0,90.0,True,ABX3,Ortorombik
1537275_15,2497,Na8 Nb8 O24,Na Nb O ,Pca2_1,29,2,5.494,15.461,5.551,90.0,90.0,90.0,True,ABX3,Ortorombik
1537275_16,2497,Na8 Nb8 O24,Na Nb O ,Pca2_1,29,2,5.494,15.461,5.551,90.0,90.0,90.0,True,ABX3,Ortorombik
1537275_17,2497,Na8 Nb8 O24,Na Nb O ,Pca2_1,29,2,5.494,15.461,5.551,90.0,90.0,90.0,True,ABX3,Ortorombik
1537275_18,2497,Na8 Nb8 O24,Na Nb O ,Pca2_1,29,2,5.494,15.461,5.551,90.0,90.0,90.0,True,ABX3,Ortorombik
1537275_19,2497,Na8 Nb8 O24,Na Nb O ,Pca2_1,29,2,5.494,15.461,5.551,90.0,90.0,90.0,True,ABX3,Ortorombik
1537275_20,2497,Na8 Nb8 O24,Na Nb O ,Pca2_1,29,2,5.494,15.461,5.551,90.0,90.0,90.0,True,ABX3,Ortorombik
1537275_21,2497,Na8 Nb8 O24,Na Nb O ,Pca2_1,29,2,5.494,15.461,5.551,90.0,90.0,90.0,True,ABX3,Ortorombik
1537275_22,2497,Na8 Nb8 O24,Na Nb O ,Pca2_1,29,2,5.494,15.461,5.551,90.0,90.0,90.0,True,ABX3,Ortorombik
1537275_23,2497,Na8 Nb8 O24,Na Nb O ,Pca2_1,29,2,5.494,15.461,5.551,90.0,90.0,90.0,True,ABX3,Ortorombik
1537275_24,2497,Na8 Nb8 O24,Na Nb O ,Pca2_1,29,2,5.494,15.461,5.551,90.0,90.0,90.0,True,ABX3,Ortorombik
1006141_1,2513,La4 Mn4 O12,La Mn O ,Pnma,62,2,5.5367,5.7473,7.6929,90.0,90.0,90.0,True,ABX3,Ortorombik
1006141_2,2513,La4 Mn4 O12,La Mn O ,Pnma,62,2,5.5367,5.7473,7.6929,90.0,90.0,90.0,True,ABX3,Ortorombik
1006141_3,2513,La4 Mn4 O12,La Mn O ,Pnma,62,2,5.5367,5.7473,7.6929,90.0,90.0,90.0,True,ABX3,Ortorombik
1006141_4,2513,La4 Mn4 O12,La Mn O ,Pnma,62,2,5.5367,5.7473,7.6929,90.0,90.0,90.0,True,ABX3,Ortorombik
1006141_5,2513,La4 Mn4 O12,La Mn O ,Pnma,62,2,5.5367,5.7473,7.6929,90.0,90.0,90.0,True,ABX3,Ortorombik
1006141_6,2513,La4 Mn4 O12,La Mn O ,Pnma,62,2,5.5367,5.7473,7.6929,90.0,90.0,90.0,True,ABX3,Ortorombik
1006141_7,2513,La4 Mn4 O12,La Mn O ,Pnma,62,2,5.5367,5.7473,7.6929,90.0,90.0,90.0,True,ABX3,Ortorombik
1006141_8,2513,La4 Mn4 O12,La Mn O ,Pnma,62,2,5.5367,5.7473,7.6929,90.0,90.0,90.0,True,ABX3,Ortorombik
1006141_9,2513,La4 Mn4 O12,La Mn O ,Pnma,62,2,5.5367,5.7473,7.6929,90.0,90.0,90.0,True,ABX3,Ortorombik
1006141_10,2513,La4 Mn4 O12,La Mn O ,Pnma,62,2,5.5367,5.7473,7.6929,90.0,90.0,90.0,True,ABX3,Ortorombik
1006141_11,2513,La4 Mn4 O12,La Mn O ,Pnma,62,2,5.5367,5.7473,7.6929,90.0,90.0,90.0,True,ABX3,Ortorombik
1006141_12,2513,La4 Mn4 O12,La Mn O ,Pnma,62,2,5.5367,5.7473,7.6929,90.0,90.0,90.0,True,ABX3,Ortorombik
1006141_13,2513,La4 Mn4 O12,La Mn O ,Pnma,62,2,5.5367,5.7473,7.6929,90.0,90.0,90.0,True,ABX3,Ortorombik
1006141_14,2513,La4 Mn4 O12,La Mn O ,Pnma,62,2,5.5367,5.7473,7.6929,90.0,90.0,90.0,True,ABX3,Ortorombik
1006141_15,2513,La4 Mn4 O12,La Mn O ,Pnma,62,2,5.5367,5.7473,7.6929,90.0,90.0,90.0,True,ABX3,Ortorombik
1006141_16,2513,La4 Mn4 O12,La Mn O ,Pnma,62,2,5.5367,5.7473,7.6929,90.0,90.0,90.0,True,ABX3,Ortorombik
1006141_17,2513,La4 Mn4 O12,La Mn O ,Pnma,62,2,5.5367,5.7473,7.6929,90.0,90.0,90.0,True,ABX3,Ortorombik
1006141_18,2513,La4 Mn4 O12,La Mn O ,Pnma,62,2,5.5367,5.7473,7.6929,90.0,90.0,90.0,True,ABX3,Ortorombik
1006141_19,2513,La4 Mn4 O12,La Mn O ,Pnma,62,2,5.5367,5.7473,7.6929,90.0,90.0,90.0,True,ABX3,Ortorombik
1006141_20,2513,La4 Mn4 O12,La Mn O ,Pnma,62,2,5.5367,5.7473,7.6929,90.0,90.0,90.0,True,ABX3,Ortorombik
1006141_21,2513,La4 Mn4 O12,La Mn O ,Pnma,62,2,5.5367,5.7473,7.6929,90.0,90.0,90.0,True,ABX3,Ortorombik
1006141_22,2513,La4 Mn4 O12,La Mn O ,Pnma,62,2,5.5367,5.7473,7.6929,90.0,90.0,90.0,True,ABX3,Ortorombik
1006141_23,2513,La4 Mn4 O12,La Mn O ,Pnma,62,2,5.5367,5.7473,7.6929,90.0,90.0,90.0,True,ABX3,Ortorombik
1006141_24,2513,La4 Mn4 O12,La Mn O ,Pnma,62,2,5.5367,5.7473,7.6929,90.0,90.0,90.0,True,ABX3,Ortorombik
1530090_1,2695,K4 Cd4 F12,Cd F K ,Pnma,62,1,6.103,6.103,8.66,90.0,90.0,90.0,True,ABX3,Tetragonal
1530090_2,2695,K4 Cd4 F12,Cd F K ,Pnma,62,1,6.103,6.103,8.66,90.0,90.0,90.0,True,ABX3,Tetragonal
1530090_3,2695,K4 Cd4 F12,Cd F K ,Pnma,62,1,6.103,6.103,8.66,90.0,90.0,90.0,True,ABX3,Tetragonal
1530090_4,2695,K4 Cd4 F12,Cd F K ,Pnma,62,1,6.103,6.103,8.66,90.0,90.0,90.0,True,ABX3,Tetragonal
1530090_5,2695,K4 Cd4 F12,Cd F K ,Pnma,62,1,6.103,6.103,8.66,90.0,90.0,90.0,True,ABX3,Tetragonal
1530090_6,2695,K4 Cd4 F12,Cd F K ,Pnma,62,1,6.103,6.103,8.66,90.0,90.0,90.0,True,ABX3,Tetragonal
1530090_7,2695,K4 Cd4 F12,Cd F K ,Pnma,62,1,6.103,6.103,8.66,90.0,90.0,90.0,True,ABX3,Tetragonal
1530090_8,2695,K4 Cd4 F12,Cd F K ,Pnma,62,1,6.103,6.103,8.66,90.0,90.0,90.0,True,ABX3,Tetragonal
1530090_9,2695,K4 Cd4 F12,Cd F K ,Pnma,62,1,6.103,6.103,8.66,90.0,90.0,90.0,True,ABX3,Tetragonal
1530090_10,2695,K4 Cd4 F12,Cd F K ,Pnma,62,1,6.103,6.103,8.66,90.0,90.0,90.0,True,ABX3,Tetragonal
1530090_11,2695,K4 Cd4 F12,Cd F K ,Pnma,62,1,6.103,6.103,8.66,90.0,90.0,90.0,True,ABX3,Tetragonal
1530090_12,2695,K4 Cd4 F12,Cd F K ,Pnma,62,1,6.103,6.103,8.66,90.0,90.0,90.0,True,ABX3,Tetragonal
1530090_13,2695,K4 Cd4 F12,Cd F K ,Pnma,62,1,6.103,6.103,8.66,90.0,90.0,90.0,True,ABX3,Tetragonal
1530090_14,2695,K4 Cd4 F12,Cd F K ,Pnma,62,1,6.103,6.103,8.66,90.0,90.0,90.0,True,ABX3,Tetragonal
1530090_15,2695,K4 Cd4 F12,Cd F K ,Pnma,62,1,6.103,6.103,8.66,90.0,90.0,90.0,True,ABX3,Tetragonal
1530090_16,2695,K4 Cd4 F12,Cd F K ,Pnma,62,1,6.103,6.103,8.66,90.0,90.0,90.0,True,ABX3,Tetragonal
1530090_17,2695,K4 Cd4 F12,Cd F K ,Pnma,62,1,6.103,6.103,8.66,90.0,90.0,90.0,True,ABX3,Tetragonal
1530090_18,2695,K4 Cd4 F12,Cd F K ,Pnma,62,1,6.103,6.103,8.66,90.0,90.0,90.0,True,ABX3,Tetragonal
1530090_19,2695,K4 Cd4 F12,Cd F K ,Pnma,62,1,6.103,6.103,8.66,90.0,90.0,90.0,True,ABX3,Tetragonal
1530090_20,2695,K4 Cd4 F12,Cd F K ,Pnma,62,1,6.103,6.103,8.66,90.0,90.0,90.0,True,ABX3,Tetragonal
1530090_21,2695,K4 Cd4 F12,Cd F K ,Pnma,62,1,6.103,6.103,8.66,90.0,90.0,90.0,True,ABX3,Tetragonal
1530090_22,2695,K4 Cd4 F12,Cd F K ,Pnma,62,1,6.103,6.103,8.66,90.0,90.0,90.0,True,ABX3,Tetragonal
1530090_23,2695,K4 Cd4 F12,Cd F K ,Pnma,62,1,6.103,6.103,8.66,90.0,90.0,90.0,True,ABX3,Tetragonal
1530090_24,2695,K4 Cd4 F12,Cd F K ,Pnma,62,1,6.103,6.103,8.66,90.0,90.0,90.0,True,ABX3,Tetragonal
1536841_1,2847,Eu4 Sc4 O12,Eu O Sc ,Pnma,62,2,5.502,5.752,7.954,90.0,90.0,90.0,True,ABX3,Ortorombik
1536841_2,2847,Eu4 Sc4 O12,Eu O Sc ,Pnma,62,2,5.502,5.752,7.954,90.0,90.0,90.0,True,ABX3,Ortorombik
1536841_3,2847,Eu4 Sc4 O12,Eu O Sc ,Pnma,62,2,5.502,5.752,7.954,90.0,90.0,90.0,True,ABX3,Ortorombik
1536841_4,2847,Eu4 Sc4 O12,Eu O Sc ,Pnma,62,2,5.502,5.752,7.954,90.0,90.0,90.0,True,ABX3,Ortorombik
1536841_5,2847,Eu4 Sc4 O12,Eu O Sc ,Pnma,62,2,5.502,5.752,7.954,90.0,90.0,90.0,True,ABX3,Ortorombik
1536841_6,2847,Eu4 Sc4 O12,Eu O Sc ,Pnma,62,2,5.502,5.752,7.954,90.0,90.0,90.0,True,ABX3,Ortorombik
1536841_7,2847,Eu4 Sc4 O12,Eu O Sc ,Pnma,62,2,5.502,5.752,7.954,90.0,90.0,90.0,True,ABX3,Ortorombik
1536841_8,2847,Eu4 Sc4 O12,Eu O Sc ,Pnma,62,2,5.502,5.752,7.954,90.0,90.0,90.0,True,ABX3,Ortorombik
1536841_9,2847,Eu4 Sc4 O12,Eu O Sc ,Pnma,62,2,5.502,5.752,7.954,90.0,90.0,90.0,True,ABX3,Ortorombik
1536841_10,2847,Eu4 Sc4 O12,Eu O Sc ,Pnma,62,2,5.502,5.752,7.954,90.0,90.0,90.0,True,ABX3,Ortorombik
1536841_11,2847,Eu4 Sc4 O12,Eu O Sc ,Pnma,62,2,5.502,5.752,7.954,90.0,90.0,90.0,True,ABX3,Ortorombik
1536841_12,2847,Eu4 Sc4 O12,Eu O Sc ,Pnma,62,2,5.502,5.752,7.954,90.0,90.0,90.0,True,ABX3,Ortorombik
1536841_13,2847,Eu4 Sc4 O12,Eu O Sc ,Pnma,62,2,5.502,5.752,7.954,90.0,90.0,90.0,True,ABX3,Ortorombik
1536841_14,2847,Eu4 Sc4 O12,Eu O Sc ,Pnma,62,2,5.502,5.752,7.954,90.0,90.0,90.0,True,ABX3,Ortorombik
1536841_15,2847,Eu4 Sc4 O12,Eu O Sc ,Pnma,62,2,5.502,5.752,7.954,90.0,90.0,90.0,True,ABX3,Ortorombik
1536841_16,2847,Eu4 Sc4 O12,Eu O Sc ,Pnma,62,2,5.502,5.752,7.954,90.0,90.0,90.0,True,ABX3,Ortorombik
1536841_17,2847,Eu4 Sc4 O12,Eu O Sc ,Pnma,62,2,5.502,5.752,7.954,90.0,90.0,90.0,True,ABX3,Ortorombik
1536841_18,2847,Eu4 Sc4 O12,Eu O Sc ,Pnma,62,2,5.502,5.752,7.954,90.0,90.0,90.0,True,ABX3,Ortorombik
1536841_19,2847,Eu4 Sc4 O12,Eu O Sc ,Pnma,62,2,5.502,5.752,7.954,90.0,90.0,90.0,True,ABX3,Ortorombik
1536841_20,2847,Eu4 Sc4 O12,Eu O Sc ,Pnma,62,2,5.502,5.752,7.954,90.0,90.0,90.0,True,ABX3,Ortorombik
1536841_21,2847,Eu4 Sc4 O12,Eu O Sc ,Pnma,62,2,5.502,5.752,7.954,90.0,90.0,90.0,True,ABX3,Ortorombik
1536841_22,2847,Eu4 Sc4 O12,Eu O Sc ,Pnma,62,2,5.502,5.752,7.954,90.0,90.0,90.0,True,ABX3,Ortorombik
1536841_23,2847,Eu4 Sc4 O12,Eu O Sc ,Pnma,62,2,5.502,5.752,7.954,90.0,90.0,90.0,True,ABX3,Ortorombik
1536841_24,2847,Eu4 Sc4 O12,Eu O Sc ,Pnma,62,2,5.502,5.752,7.954,90.0,90.0,90.0,True,ABX3,Ortorombik
1551985_1,2873,La1 Cu1 O3,Cu La O ,P4/mmm,123,1,3.81897,3.81897,3.97258,90.0,90.0,90.0,True,ABX3,Tetragonal
1551985_2,2873,La1 Cu1 O3,Cu La O ,P4/mmm,123,1,3.81897,3.81897,3.97258,90.0,90.0,90.0,True,ABX3,Tetragonal
1551985_3,2873,La1 Cu1 O3,Cu La O ,P4/mmm,123,1,3.81897,3.81897,3.97258,90.0,90.0,90.0,True,ABX3,Tetragonal
1551985_4,2873,La1 Cu1 O3,Cu La O ,P4/mmm,123,1,3.81897,3.81897,3.97258,90.0,90.0,90.0,True,ABX3,Tetragonal
1551985_5,2873,La1 Cu1 O3,Cu La O ,P4/mmm,123,1,3.81897,3.81897,3.97258,90.0,90.0,90.0,True,ABX3,Tetragonal
1551985_6,2873,La1 Cu1 O3,Cu La O ,P4/mmm,123,1,3.81897,3.81897,3.97258,90.0,90.0,90.0,True,ABX3,Tetragonal
1551985_7,2873,La1 Cu1 O3,Cu La O ,P4/mmm,123,1,3.81897,3.81897,3.97258,90.0,90.0,90.0,True,ABX3,Tetragonal
1551985_8,2873,La1 Cu1 O3,Cu La O ,P4/mmm,123,1,3.81897,3.81897,3.97258,90.0,90.0,90.0,True,ABX3,Tetragonal
1551985_9,2873,La1 Cu1 O3,Cu La O ,P4/mmm,123,1,3.81897,3.81897,3.97258,90.0,90.0,90.0,True,ABX3,Tetragonal
1551985_10,2873,La1 Cu1 O3,Cu La O ,P4/mmm,123,1,3.81897,3.81897,3.97258,90.0,90.0,90.0,True,ABX3,Tetragonal
1551985_11,2873,La1 Cu1 O3,Cu La O ,P4/mmm,123,1,3.81897,3.81897,3.97258,90.0,90.0,90.0,True,ABX3,Tetragonal
1551985_12,2873,La1 Cu1 O3,Cu La O ,P4/mmm,123,1,3.81897,3.81897,3.97258,90.0,90.0,90.0,True,ABX3,Tetragonal
1551985_13,2873,La1 Cu1 O3,Cu La O ,P4/mmm,123,1,3.81897,3.81897,3.97258,90.0,90.0,90.0,True,ABX3,Tetragonal
1551985_14,2873,La1 Cu1 O3,Cu La O ,P4/mmm,123,1,3.81897,3.81897,3.97258,90.0,90.0,90.0,True,ABX3,Tetragonal
1551985_15,2873,La1 Cu1 O3,Cu La O ,P4/mmm,123,1,3.81897,3.81897,3.97258,90.0,90.0,90.0,True,ABX3,Tetragonal
1551985_16,2873,La1 Cu1 O3,Cu La O ,P4/mmm,123,1,3.81897,3.81897,3.97258,90.0,90.0,90.0,True,ABX3,Tetragonal
1551985_17,2873,La1 Cu1 O3,Cu La O ,P4/mmm,123,1,3.81897,3.81897,3.97258,90.0,90.0,90.0,True,ABX3,Tetragonal
1551985_18,2873,La1 Cu1 O3,Cu La O ,P4/mmm,123,1,3.81897,3.81897,3.97258,90.0,90.0,90.0,True,ABX3,Tetragonal
1551985_19,2873,La1 Cu1 O3,Cu La O ,P4/mmm,123,1,3.81897,3.81897,3.97258,90.0,90.0,90.0,True,ABX3,Tetragonal
1551985_20,2873,La1 Cu1 O3,Cu La O ,P4/mmm,123,1,3.81897,3.81897,3.97258,90.0,90.0,90.0,True,ABX3,Tetragonal
1551985_21,2873,La1 Cu1 O3,Cu La O ,P4/mmm,123,1,3.81897,3.81897,3.97258,90.0,90.0,90.0,True,ABX3,Tetragonal
1551985_22,2873,La1 Cu1 O3,Cu La O ,P4/mmm,123,1,3.81897,3.81897,3.97258,90.0,90.0,90.0,True,ABX3,Tetragonal
1551985_23,2873,La1 Cu1 O3,Cu La O ,P4/mmm,123,1,3.81897,3.81897,3.97258,90.0,90.0,90.0,True,ABX3,Tetragonal
1551985_24,2873,La1 Cu1 O3,Cu La O ,P4/mmm,123,1,3.81897,3.81897,3.97258,90.0,90.0,90.0,True,ABX3,Tetragonal
9010119_1,3282,Na4 Mg4 F12,F Mg Na ,Cmcm,63,2,2.7145,8.393,6.8512,90.0,90.0,90.0,True,ABX3,Ortorombik
9010119_2,3282,Na4 Mg4 F12,F Mg Na ,Cmcm,63,2,2.7145,8.393,6.8512,90.0,90.0,90.0,True,ABX3,Ortorombik
9010119_3,3282,Na4 Mg4 F12,F Mg Na ,Cmcm,63,2,2.7145,8.393,6.8512,90.0,90.0,90.0,True,ABX3,Ortorombik
9010119_4,3282,Na4 Mg4 F12,F Mg Na ,Cmcm,63,2,2.7145,8.393,6.8512,90.0,90.0,90.0,True,ABX3,Ortorombik
9010119_5,3282,Na4 Mg4 F12,F Mg Na ,Cmcm,63,2,2.7145,8.393,6.8512,90.0,90.0,90.0,True,ABX3,Ortorombik
9010119_6,3282,Na4 Mg4 F12,F Mg Na ,Cmcm,63,2,2.7145,8.393,6.8512,90.0,90.0,90.0,True,ABX3,Ortorombik
9010119_7,3282,Na4 Mg4 F12,F Mg Na ,Cmcm,63,2,2.7145,8.393,6.8512,90.0,90.0,90.0,True,ABX3,Ortorombik
9010119_8,3282,Na4 Mg4 F12,F Mg Na ,Cmcm,63,2,2.7145,8.393,6.8512,90.0,90.0,90.0,True,ABX3,Ortorombik
9010119_9,3282,Na4 Mg4 F12,F Mg Na ,Cmcm,63,2,2.7145,8.393,6.8512,90.0,90.0,90.0,True,ABX3,Ortorombik
9010119_10,3282,Na4 Mg4 F12,F Mg Na ,Cmcm,63,2,2.7145,8.393,6.8512,90.0,90.0,90.0,True,ABX3,Ortorombik
9010119_11,3282,Na4 Mg4 F12,F Mg Na ,Cmcm,63,2,2.7145,8.393,6.8512,90.0,90.0,90.0,True,ABX3,Ortorombik
9010119_12,3282,Na4 Mg4 F12,F Mg Na ,Cmcm,63,2,2.7145,8.393,6.8512,90.0,90.0,90.0,True,ABX3,Ortorombik
9010119_13,3282,Na4 Mg4 F12,F Mg Na ,Cmcm,63,2,2.7145,8.393,6.8512,90.0,90.0,90.0,True,ABX3,Ortorombik
9010119_14,3282,Na4 Mg4 F12,F Mg Na ,Cmcm,63,2,2.7145,8.393,6.8512,90.0,90.0,90.0,True,ABX3,Ortorombik
9010119_15,3282,Na4 Mg4 F12,F Mg Na ,Cmcm,63,2,2.7145,8.393,6.8512,90.0,90.0,90.0,True,ABX3,Ortorombik
9010119_16,3282,Na4 Mg4 F12,F Mg Na ,Cmcm,63,2,2.7145,8.393,6.8512,90.0,90.0,90.0,True,ABX3,Ortorombik
9010119_17,3282,Na4 Mg4 F12,F Mg Na ,Cmcm,63,2,2.7145,8.393,6.8512,90.0,90.0,90.0,True,ABX3,Ortorombik
9010119_18,3282,Na4 Mg4 F12,F Mg Na ,Cmcm,63,2,2.7145,8.393,6.8512,90.0,90.0,90.0,True,ABX3,Ortorombik
9010119_19,3282,Na4 Mg4 F12,F Mg Na ,Cmcm,63,2,2.7145,8.393,6.8512,90.0,90.0,90.0,True,ABX3,Ortorombik
9010119_20,3282,Na4 Mg4 F12,F Mg Na ,Cmcm,63,2,2.7145,8.393,6.8512,90.0,90.0,90.0,True,ABX3,Ortorombik
9010119_21,3282,Na4 Mg4 F12,F Mg Na ,Cmcm,63,2,2.7145,8.393,6.8512,90.0,90.0,90.0,True,ABX3,Ortorombik
9010119_22,3282,Na4 Mg4 F12,F Mg Na ,Cmcm,63,2,2.7145,8.393,6.8512,90.0,90.0,90.0,True,ABX3,Ortorombik
9010119_23,3282,Na4 Mg4 F12,F Mg Na ,Cmcm,63,2,2.7145,8.393,6.8512,90.0,90.0,90.0,True,ABX3,Ortorombik
9010119_24,3282,Na4 Mg4 F12,F Mg Na ,Cmcm,63,2,2.7145,8.393,6.8512,90.0,90.0,90.0,True,ABX3,Ortorombik
1521390_1,3291,Sr4 Hf4 O12,Hf O Sr ,Pnma,62,2,5.7516,5.7646,8.1344,90.0,90.0,90.0,True,ABX3,Ortorombik
1521390_2,3291,Sr4 Hf4 O12,Hf O Sr ,Pnma,62,2,5.7516,5.7646,8.1344,90.0,90.0,90.0,True,ABX3,Ortorombik
1521390_3,3291,Sr4 Hf4 O12,Hf O Sr ,Pnma,62,2,5.7516,5.7646,8.1344,90.0,90.0,90.0,True,ABX3,Ortorombik
1521390_4,3291,Sr4 Hf4 O12,Hf O Sr ,Pnma,62,2,5.7516,5.7646,8.1344,90.0,90.0,90.0,True,ABX3,Ortorombik
1521390_5,3291,Sr4 Hf4 O12,Hf O Sr ,Pnma,62,2,5.7516,5.7646,8.1344,90.0,90.0,90.0,True,ABX3,Ortorombik
1521390_6,3291,Sr4 Hf4 O12,Hf O Sr ,Pnma,62,2,5.7516,5.7646,8.1344,90.0,90.0,90.0,True,ABX3,Ortorombik
1521390_7,3291,Sr4 Hf4 O12,Hf O Sr ,Pnma,62,2,5.7516,5.7646,8.1344,90.0,90.0,90.0,True,ABX3,Ortorombik
1521390_8,3291,Sr4 Hf4 O12,Hf O Sr ,Pnma,62,2,5.7516,5.7646,8.1344,90.0,90.0,90.0,True,ABX3,Ortorombik
1521390_9,3291,Sr4 Hf4 O12,Hf O Sr ,Pnma,62,2,5.7516,5.7646,8.1344,90.0,90.0,90.0,True,ABX3,Ortorombik
1521390_10,3291,Sr4 Hf4 O12,Hf O Sr ,Pnma,62,2,5.7516,5.7646,8.1344,90.0,90.0,90.0,True,ABX3,Ortorombik
1521390_11,3291,Sr4 Hf4 O12,Hf O Sr ,Pnma,62,2,5.7516,5.7646,8.1344,90.0,90.0,90.0,True,ABX3,Ortorombik
1521390_12,3291,Sr4 Hf4 O12,Hf O Sr ,Pnma,62,2,5.7516,5.7646,8.1344,90.0,90.0,90.0,True,ABX3,Ortorombik
1521390_13,3291,Sr4 Hf4 O12,Hf O Sr ,Pnma,62,2,5.7516,5.7646,8.1344,90.0,90.0,90.0,True,ABX3,Ortorombik
1521390_14,3291,Sr4 Hf4 O12,Hf O Sr ,Pnma,62,2,5.7516,5.7646,8.1344,90.0,90.0,90.0,True,ABX3,Ortorombik
1521390_15,3291,Sr4 Hf4 O12,Hf O Sr ,Pnma,62,2,5.7516,5.7646,8.1344,90.0,90.0,90.0,True,ABX3,Ortorombik
1521390_16,3291,Sr4 Hf4 O12,Hf O Sr ,Pnma,62,2,5.7516,5.7646,8.1344,90.0,90.0,90.0,True,ABX3,Ortorombik
1521390_17,3291,Sr4 Hf4 O12,Hf O Sr ,Pnma,62,2,5.7516,5.7646,8.1344,90.0,90.0,90.0,True,ABX3,Ortorombik
1521390_18,3291,Sr4 Hf4 O12,Hf O Sr ,Pnma,62,2,5.7516,5.7646,8.1344,90.0,90.0,90.0,True,ABX3,Ortorombik
1521390_19,3291,Sr4 Hf4 O12,Hf O Sr ,Pnma,62,2,5.7516,5.7646,8.1344,90.0,90.0,90.0,True,ABX3,Ortorombik
1521390_20,3291,Sr4 Hf4 O12,Hf O Sr ,Pnma,62,2,5.7516,5.7646,8.1344,90.0,90.0,90.0,True,ABX3,Ortorombik
1521390_21,3291,Sr4 Hf4 O12,Hf O Sr ,Pnma,62,2,5.7516,5.7646,8.1344,90.0,90.0,90.0,True,ABX3,Ortorombik
1521390_22,3291,Sr4 Hf4 O12,Hf O Sr ,Pnma,62,2,5.7516,5.7646,8.1344,90.0,90.0,90.0,True,ABX3,Ortorombik
1521390_23,3291,Sr4 Hf4 O12,Hf O Sr ,Pnma,62,2,5.7516,5.7646,8.1344,90.0,90.0,90.0,True,ABX3,Ortorombik
1521390_24,3291,Sr4 Hf4 O12,Hf O Sr ,Pnma,62,2,5.7516,5.7646,8.1344,90.0,90.0,90.0,True,ABX3,Ortorombik
2107088_1,3324,Tm4 Fe4 O12,Fe O Tm ,Pnma,62,2,5.251,5.576,7.584,90.0,90.0,90.0,True,ABX3,Ortorombik
2107088_2,3324,Tm4 Fe4 O12,Fe O Tm ,Pnma,62,2,5.251,5.576,7.584,90.0,90.0,90.0,True,ABX3,Ortorombik
2107088_3,3324,Tm4 Fe4 O12,Fe O Tm ,Pnma,62,2,5.251,5.576,7.584,90.0,90.0,90.0,True,ABX3,Ortorombik
2107088_4,3324,Tm4 Fe4 O12,Fe O Tm ,Pnma,62,2,5.251,5.576,7.584,90.0,90.0,90.0,True,ABX3,Ortorombik
2107088_5,3324,Tm4 Fe4 O12,Fe O Tm ,Pnma,62,2,5.251,5.576,7.584,90.0,90.0,90.0,True,ABX3,Ortorombik
2107088_6,3324,Tm4 Fe4 O12,Fe O Tm ,Pnma,62,2,5.251,5.576,7.584,90.0,90.0,90.0,True,ABX3,Ortorombik
2107088_7,3324,Tm4 Fe4 O12,Fe O Tm ,Pnma,62,2,5.251,5.576,7.584,90.0,90.0,90.0,True,ABX3,Ortorombik
2107088_8,3324,Tm4 Fe4 O12,Fe O Tm ,Pnma,62,2,5.251,5.576,7.584,90.0,90.0,90.0,True,ABX3,Ortorombik
2107088_9,3324,Tm4 Fe4 O12,Fe O Tm ,Pnma,62,2,5.251,5.576,7.584,90.0,90.0,90.0,True,ABX3,Ortorombik
2107088_10,3324,Tm4 Fe4 O12,Fe O Tm ,Pnma,62,2,5.251,5.576,7.584,90.0,90.0,90.0,True,ABX3,Ortorombik
2107088_11,3324,Tm4 Fe4 O12,Fe O Tm ,Pnma,62,2,5.251,5.576,7.584,90.0,90.0,90.0,True,ABX3,Ortorombik
2107088_12,3324,Tm4 Fe4 O12,Fe O Tm ,Pnma,62,2,5.251,5.576,7.584,90.0,90.0,90.0,True,ABX3,Ortorombik
2107088_13,3324,Tm4 Fe4 O12,Fe O Tm ,Pnma,62,2,5.251,5.576,7.584,90.0,90.0,90.0,True,ABX3,Ortorombik
2107088_14,3324,Tm4 Fe4 O12,Fe O Tm ,Pnma,62,2,5.251,5.576,7.584,90.0,90.0,90.0,True,ABX3,Ortorombik
2107088_15,3324,Tm4 Fe4 O12,Fe O Tm ,Pnma,62,2,5.251,5.576,7.584,90.0,90.0,90.0,True,ABX3,Ortorombik
2107088_16,3324,Tm4 Fe4 O12,Fe O Tm ,Pnma,62,2,5.251,5.576,7.584,90.0,90.0,90.0,True,ABX3,Ortorombik
2107088_17,3324,Tm4 Fe4 O12,Fe O Tm ,Pnma,62,2,5.251,5.576,7.584,90.0,90.0,90.0,True,ABX3,Ortorombik
2107088_18,3324,Tm4 Fe4 O12,Fe O Tm ,Pnma,62,2,5.251,5.576,7.584,90.0,90.0,90.0,True,ABX3,Ortorombik
2107088_19,3324,Tm4 Fe4 O12,Fe O Tm ,Pnma,62,2,5.251,5.576,7.584,90.0,90.0,90.0,True,ABX3,Ortorombik
2107088_20,3324,Tm4 Fe4 O12,Fe O Tm ,Pnma,62,2,5.251,5.576,7.584,90.0,90.0,90.0,True,ABX3,Ortorombik
2107088_21,3324,Tm4 Fe4 O12,Fe O Tm ,Pnma,62,2,5.251,5.576,7.584,90.0,90.0,90.0,True,ABX3,Ortorombik
2107088_22,3324,Tm4 Fe4 O12,Fe O Tm ,Pnma,62,2,5.251,5.576,7.584,90.0,90.0,90.0,True,ABX3,Ortorombik
2107088_23,3324,Tm4 Fe4 O12,Fe O Tm ,Pnma,62,2,5.251,5.576,7.584,90.0,90.0,90.0,True,ABX3,Ortorombik
2107088_24,3324,Tm4 Fe4 O12,Fe O Tm ,Pnma,62,2,5.251,5.576,7.584,90.0,90.0,90.0,True,ABX3,Ortorombik
4318007_1,3334,Tm16 Mo16 O44,Mo O Tm ,Pbam,55,2,10.5874,15.7134,5.6282,90.0,90.0,90.0,True,ABX3,Ortorombik
4318007_2,3334,Tm16 Mo16 O44,Mo O Tm ,Pbam,55,2,10.5874,15.7134,5.6282,90.0,90.0,90.0,True,ABX3,Ortorombik
4318007_3,3334,Tm16 Mo16 O44,Mo O Tm ,Pbam,55,2,10.5874,15.7134,5.6282,90.0,90.0,90.0,True,ABX3,Ortorombik
4318007_4,3334,Tm16 Mo16 O44,Mo O Tm ,Pbam,55,2,10.5874,15.7134,5.6282,90.0,90.0,90.0,True,ABX3,Ortorombik
4318007_5,3334,Tm16 Mo16 O44,Mo O Tm ,Pbam,55,2,10.5874,15.7134,5.6282,90.0,90.0,90.0,True,ABX3,Ortorombik
4318007_6,3334,Tm16 Mo16 O44,Mo O Tm ,Pbam,55,2,10.5874,15.7134,5.6282,90.0,90.0,90.0,True,ABX3,Ortorombik
4318007_7,3334,Tm16 Mo16 O44,Mo O Tm ,Pbam,55,2,10.5874,15.7134,5.6282,90.0,90.0,90.0,True,ABX3,Ortorombik
4318007_8,3334,Tm16 Mo16 O44,Mo O Tm ,Pbam,55,2,10.5874,15.7134,5.6282,90.0,90.0,90.0,True,ABX3,Ortorombik
4318007_9,3334,Tm16 Mo16 O44,Mo O Tm ,Pbam,55,2,10.5874,15.7134,5.6282,90.0,90.0,90.0,True,ABX3,Ortorombik
4318007_10,3334,Tm16 Mo16 O44,Mo O Tm ,Pbam,55,2,10.5874,15.7134,5.6282,90.0,90.0,90.0,True,ABX3,Ortorombik
4318007_11,3334,Tm16 Mo16 O44,Mo O Tm ,Pbam,55,2,10.5874,15.7134,5.6282,90.0,90.0,90.0,True,ABX3,Ortorombik
4318007_12,3334,Tm16 Mo16 O44,Mo O Tm ,Pbam,55,2,10.5874,15.7134,5.6282,90.0,90.0,90.0,True,ABX3,Ortorombik
4318007_13,3334,Tm16 Mo16 O44,Mo O Tm ,Pbam,55,2,10.5874,15.7134,5.6282,90.0,90.0,90.0,True,ABX3,Ortorombik
4318007_14,3334,Tm16 Mo16 O44,Mo O Tm ,Pbam,55,2,10.5874,15.7134,5.6282,90.0,90.0,90.0,True,ABX3,Ortorombik
4318007_15,3334,Tm16 Mo16 O44,Mo O Tm ,Pbam,55,2,10.5874,15.7134,5.6282,90.0,90.0,90.0,True,ABX3,Ortorombik
4318007_16,3334,Tm16 Mo16 O44,Mo O Tm ,Pbam,55,2,10.5874,15.7134,5.6282,90.0,90.0,90.0,True,ABX3,Ortorombik
4318007_17,3334,Tm16 Mo16 O44,Mo O Tm ,Pbam,55,2,10.5874,15.7134,5.6282,90.0,90.0,90.0,True,ABX3,Ortorombik
4318007_18,3334,Tm16 Mo16 O44,Mo O Tm ,Pbam,55,2,10.5874,15.7134,5.6282,90.0,90.0,90.0,True,ABX3,Ortorombik
4318007_19,3334,Tm16 Mo16 O44,Mo O Tm ,Pbam,55,2,10.5874,15.7134,5.6282,90.0,90.0,90.0,True,ABX3,Ortorombik
4318007_20,3334,Tm16 Mo16 O44,Mo O Tm ,Pbam,55,2,10.5874,15.7134,5.6282,90.0,90.0,90.0,True,ABX3,Ortorombik
4318007_21,3334,Tm16 Mo16 O44,Mo O Tm ,Pbam,55,2,10.5874,15.7134,5.6282,90.0,90.0,90.0,True,ABX3,Ortorombik
4318007_22,3334,Tm16 Mo16 O44,Mo O Tm ,Pbam,55,2,10.5874,15.7134,5.6282,90.0,90.0,90.0,True,ABX3,Ortorombik
4318007_23,3334,Tm16 Mo16 O44,Mo O Tm ,Pbam,55,2,10.5874,15.7134,5.6282,90.0,90.0,90.0,True,ABX3,Ortorombik
4318007_24,3334,Tm16 Mo16 O44,Mo O Tm ,Pbam,55,2,10.5874,15.7134,5.6282,90.0,90.0,90.0,True,ABX3,Ortorombik
1511027_1,3377,Ce2 B2 O6,B Ce O ,P2_1/m,11,5,6.3022,5.0593,4.1311,90.0,107.528,90.0,True,ABX3,Monoklinik
1511027_2,3377,Ce2 B2 O6,B Ce O ,P2_1/m,11,5,6.3022,5.0593,4.1311,90.0,107.528,90.0,True,ABX3,Monoklinik
1511027_3,3377,Ce2 B2 O6,B Ce O ,P2_1/m,11,5,6.3022,5.0593,4.1311,90.0,107.528,90.0,True,ABX3,Monoklinik
1511027_4,3377,Ce2 B2 O6,B Ce O ,P2_1/m,11,5,6.3022,5.0593,4.1311,90.0,107.528,90.0,True,ABX3,Monoklinik
1511027_5,3377,Ce2 B2 O6,B Ce O ,P2_1/m,11,5,6.3022,5.0593,4.1311,90.0,107.528,90.0,True,ABX3,Monoklinik
1511027_6,3377,Ce2 B2 O6,B Ce O ,P2_1/m,11,5,6.3022,5.0593,4.1311,90.0,107.528,90.0,True,ABX3,Monoklinik
1511027_7,3377,Ce2 B2 O6,B Ce O ,P2_1/m,11,5,6.3022,5.0593,4.1311,90.0,107.528,90.0,True,ABX3,Monoklinik
1511027_8,3377,Ce2 B2 O6,B Ce O ,P2_1/m,11,5,6.3022,5.0593,4.1311,90.0,107.528,90.0,True,ABX3,Monoklinik
1511027_9,3377,Ce2 B2 O6,B Ce O ,P2_1/m,11,5,6.3022,5.0593,4.1311,90.0,107.528,90.0,True,ABX3,Monoklinik
1511027_10,3377,Ce2 B2 O6,B Ce O ,P2_1/m,11,5,6.3022,5.0593,4.1311,90.0,107.528,90.0,True,ABX3,Monoklinik
1511027_11,3377,Ce2 B2 O6,B Ce O ,P2_1/m,11,5,6.3022,5.0593,4.1311,90.0,107.528,90.0,True,ABX3,Monoklinik
1511027_12,3377,Ce2 B2 O6,B Ce O ,P2_1/m,11,5,6.3022,5.0593,4.1311,90.0,107.528,90.0,True,ABX3,Monoklinik
1511027_13,3377,Ce2 B2 O6,B Ce O ,P2_1/m,11,5,6.3022,5.0593,4.1311,90.0,107.528,90.0,True,ABX3,Monoklinik
1511027_14,3377,Ce2 B2 O6,B Ce O ,P2_1/m,11,5,6.3022,5.0593,4.1311,90.0,107.528,90.0,True,ABX3,Monoklinik
1511027_15,3377,Ce2 B2 O6,B Ce O ,P2_1/m,11,5,6.3022,5.0593,4.1311,90.0,107.528,90.0,True,ABX3,Monoklinik
1511027_16,3377,Ce2 B2 O6,B Ce O ,P2_1/m,11,5,6.3022,5.0593,4.1311,90.0,107.528,90.0,True,ABX3,Monoklinik
1511027_17,3377,Ce2 B2 O6,B Ce O ,P2_1/m,11,5,6.3022,5.0593,4.1311,90.0,107.528,90.0,True,ABX3,Monoklinik
1511027_18,3377,Ce2 B2 O6,B Ce O ,P2_1/m,11,5,6.3022,5.0593,4.1311,90.0,107.528,90.0,True,ABX3,Monoklinik
1511027_19,3377,Ce2 B2 O6,B Ce O ,P2_1/m,11,5,6.3022,5.0593,4.1311,90.0,107.528,90.0,True,ABX3,Monoklinik
1511027_20,3377,Ce2 B2 O6,B Ce O ,P2_1/m,11,5,6.3022,5.0593,4.1311,90.0,107.528,90.0,True,ABX3,Monoklinik
1511027_21,3377,Ce2 B2 O6,B Ce O ,P2_1/m,11,5,6.3022,5.0593,4.1311,90.0,107.528,90.0,True,ABX3,Monoklinik
1511027_22,3377,Ce2 B2 O6,B Ce O ,P2_1/m,11,5,6.3022,5.0593,4.1311,90.0,107.528,90.0,True,ABX3,Monoklinik
1511027_23,3377,Ce2 B2 O6,B Ce O ,P2_1/m,11,5,6.3022,5.0593,4.1311,90.0,107.528,90.0,True,ABX3,Monoklinik
1511027_24,3377,Ce2 B2 O6,B Ce O ,P2_1/m,11,5,6.3022,5.0593,4.1311,90.0,107.528,90.0,True,ABX3,Monoklinik
4517561_1,3409,Na1 Ni1 H3,H Na Ni ,Pm-3m,221,0,3.43235,3.43235,3.43235,90.0,90.0,90.0,True,ABX3,Kubik
4517561_2,3409,Na1 Ni1 H3,H Na Ni ,Pm-3m,221,0,3.43235,3.43235,3.43235,90.0,90.0,90.0,True,ABX3,Kubik
4517561_3,3409,Na1 Ni1 H3,H Na Ni ,Pm-3m,221,0,3.43235,3.43235,3.43235,90.0,90.0,90.0,True,ABX3,Kubik
4517561_4,3409,Na1 Ni1 H3,H Na Ni ,Pm-3m,221,0,3.43235,3.43235,3.43235,90.0,90.0,90.0,True,ABX3,Kubik
4517561_5,3409,Na1 Ni1 H3,H Na Ni ,Pm-3m,221,0,3.43235,3.43235,3.43235,90.0,90.0,90.0,True,ABX3,Kubik
4517561_6,3409,Na1 Ni1 H3,H Na Ni ,Pm-3m,221,0,3.43235,3.43235,3.43235,90.0,90.0,90.0,True,ABX3,Kubik
4517561_7,3409,Na1 Ni1 H3,H Na Ni ,Pm-3m,221,0,3.43235,3.43235,3.43235,90.0,90.0,90.0,True,ABX3,Kubik
4517561_8,3409,Na1 Ni1 H3,H Na Ni ,Pm-3m,221,0,3.43235,3.43235,3.43235,90.0,90.0,90.0,True,ABX3,Kubik
4517561_9,3409,Na1 Ni1 H3,H Na Ni ,Pm-3m,221,0,3.43235,3.43235,3.43235,90.0,90.0,90.0,True,ABX3,Kubik
4517561_10,3409,Na1 Ni1 H3,H Na Ni ,Pm-3m,221,0,3.43235,3.43235,3.43235,90.0,90.0,90.0,True,ABX3,Kubik
4517561_11,3409,Na1 Ni1 H3,H Na Ni ,Pm-3m,221,0,3.43235,3.43235,3.43235,90.0,90.0,90.0,True,ABX3,Kubik
4517561_12,3409,Na1 Ni1 H3,H Na Ni ,Pm-3m,221,0,3.43235,3.43235,3.43235,90.0,90.0,90.0,True,ABX3,Kubik
4517561_13,3409,Na1 Ni1 H3,H Na Ni ,Pm-3m,221,0,3.43235,3.43235,3.43235,90.0,90.0,90.0,True,ABX3,Kubik
4517561_14,3409,Na1 Ni1 H3,H Na Ni ,Pm-3m,221,0,3.43235,3.43235,3.43235,90.0,90.0,90.0,True,ABX3,Kubik
4517561_15,3409,Na1 Ni1 H3,H Na Ni ,Pm-3m,221,0,3.43235,3.43235,3.43235,90.0,90.0,90.0,True,ABX3,Kubik
4517561_16,3409,Na1 Ni1 H3,H Na Ni ,Pm-3m,221,0,3.43235,3.43235,3.43235,90.0,90.0,90.0,True,ABX3,Kubik
4517561_17,3409,Na1 Ni1 H3,H Na Ni ,Pm-3m,221,0,3.43235,3.43235,3.43235,90.0,90.0,90.0,True,ABX3,Kubik
4517561_18,3409,Na1 Ni1 H3,H Na Ni ,Pm-3m,221,0,3.43235,3.43235,3.43235,90.0,90.0,90.0,True,ABX3,Kubik
4517561_19,3409,Na1 Ni1 H3,H Na Ni ,Pm-3m,221,0,3.43235,3.43235,3.43235,90.0,90.0,90.0,True,ABX3,Kubik
4517561_20,3409,Na1 Ni1 H3,H Na Ni ,Pm-3m,221,0,3.43235,3.43235,3.43235,90.0,90.0,90.0,True,ABX3,Kubik
4517561_21,3409,Na1 Ni1 H3,H Na Ni ,Pm-3m,221,0,3.43235,3.43235,3.43235,90.0,90.0,90.0,True,ABX3,Kubik
4517561_22,3409,Na1 Ni1 H3,H Na Ni ,Pm-3m,221,0,3.43235,3.43235,3.43235,90.0,90.0,90.0,True,ABX3,Kubik
4517561_23,3409,Na1 Ni1 H3,H Na Ni ,Pm-3m,221,0,3.43235,3.43235,3.43235,90.0,90.0,90.0,True,ABX3,Kubik
4517561_24,3409,Na1 Ni1 H3,H Na Ni ,Pm-3m,221,0,3.43235,3.43235,3.43235,90.0,90.0,90.0,True,ABX3,Kubik
2206094_1,3591,Eu24 Sb24 S68,Eu S Sb ,P2_12_12_1,19,2,8.236,15.237,22.724,90.0,90.0,90.0,True,ABX3,Ortorombik
2206094_2,3591,Eu24 Sb24 S68,Eu S Sb ,P2_12_12_1,19,2,8.236,15.237,22.724,90.0,90.0,90.0,True,ABX3,Ortorombik
2206094_3,3591,Eu24 Sb24 S68,Eu S Sb ,P2_12_12_1,19,2,8.236,15.237,22.724,90.0,90.0,90.0,True,ABX3,Ortorombik
2206094_4,3591,Eu24 Sb24 S68,Eu S Sb ,P2_12_12_1,19,2,8.236,15.237,22.724,90.0,90.0,90.0,True,ABX3,Ortorombik
2206094_5,3591,Eu24 Sb24 S68,Eu S Sb ,P2_12_12_1,19,2,8.236,15.237,22.724,90.0,90.0,90.0,True,ABX3,Ortorombik
2206094_6,3591,Eu24 Sb24 S68,Eu S Sb ,P2_12_12_1,19,2,8.236,15.237,22.724,90.0,90.0,90.0,True,ABX3,Ortorombik
2206094_7,3591,Eu24 Sb24 S68,Eu S Sb ,P2_12_12_1,19,2,8.236,15.237,22.724,90.0,90.0,90.0,True,ABX3,Ortorombik
2206094_8,3591,Eu24 Sb24 S68,Eu S Sb ,P2_12_12_1,19,2,8.236,15.237,22.724,90.0,90.0,90.0,True,ABX3,Ortorombik
2206094_9,3591,Eu24 Sb24 S68,Eu S Sb ,P2_12_12_1,19,2,8.236,15.237,22.724,90.0,90.0,90.0,True,ABX3,Ortorombik
2206094_10,3591,Eu24 Sb24 S68,Eu S Sb ,P2_12_12_1,19,2,8.236,15.237,22.724,90.0,90.0,90.0,True,ABX3,Ortorombik
2206094_11,3591,Eu24 Sb24 S68,Eu S Sb ,P2_12_12_1,19,2,8.236,15.237,22.724,90.0,90.0,90.0,True,ABX3,Ortorombik
2206094_12,3591,Eu24 Sb24 S68,Eu S Sb ,P2_12_12_1,19,2,8.236,15.237,22.724,90.0,90.0,90.0,True,ABX3,Ortorombik
2206094_13,3591,Eu24 Sb24 S68,Eu S Sb ,P2_12_12_1,19,2,8.236,15.237,22.724,90.0,90.0,90.0,True,ABX3,Ortorombik
2206094_14,3591,Eu24 Sb24 S68,Eu S Sb ,P2_12_12_1,19,2,8.236,15.237,22.724,90.0,90.0,90.0,True,ABX3,Ortorombik
2206094_15,3591,Eu24 Sb24 S68,Eu S Sb ,P2_12_12_1,19,2,8.236,15.237,22.724,90.0,90.0,90.0,True,ABX3,Ortorombik
2206094_16,3591,Eu24 Sb24 S68,Eu S Sb ,P2_12_12_1,19,2,8.236,15.237,22.724,90.0,90.0,90.0,True,ABX3,Ortorombik
2206094_17,3591,Eu24 Sb24 S68,Eu S Sb ,P2_12_12_1,19,2,8.236,15.237,22.724,90.0,90.0,90.0,True,ABX3,Ortorombik
2206094_18,3591,Eu24 Sb24 S68,Eu S Sb ,P2_12_12_1,19,2,8.236,15.237,22.724,90.0,90.0,90.0,True,ABX3,Ortorombik
2206094_19,3591,Eu24 Sb24 S68,Eu S Sb ,P2_12_12_1,19,2,8.236,15.237,22.724,90.0,90.0,90.0,True,ABX3,Ortorombik
2206094_20,3591,Eu24 Sb24 S68,Eu S Sb ,P2_12_12_1,19,2,8.236,15.237,22.724,90.0,90.0,90.0,True,ABX3,Ortorombik
2206094_21,3591,Eu24 Sb24 S68,Eu S Sb ,P2_12_12_1,19,2,8.236,15.237,22.724,90.0,90.0,90.0,True,ABX3,Ortorombik
2206094_22,3591,Eu24 Sb24 S68,Eu S Sb ,P2_12_12_1,19,2,8.236,15.237,22.724,90.0,90.0,90.0,True,ABX3,Ortorombik
2206094_23,3591,Eu24 Sb24 S68,Eu S Sb ,P2_12_12_1,19,2,8.236,15.237,22.724,90.0,90.0,90.0,True,ABX3,Ortorombik
2206094_24,3591,Eu24 Sb24 S68,Eu S Sb ,P2_12_12_1,19,2,8.236,15.237,22.724,90.0,90.0,90.0,True,ABX3,Ortorombik
2208746_1,3660,La4 B4 O12,B La O ,Pnma,62,2,5.8744,5.1087,8.2581,90.0,90.0,90.0,True,ABX3,Ortorombik
2208746_2,3660,La4 B4 O12,B La O ,Pnma,62,2,5.8744,5.1087,8.2581,90.0,90.0,90.0,True,ABX3,Ortorombik
2208746_3,3660,La4 B4 O12,B La O ,Pnma,62,2,5.8744,5.1087,8.2581,90.0,90.0,90.0,True,ABX3,Ortorombik
2208746_4,3660,La4 B4 O12,B La O ,Pnma,62,2,5.8744,5.1087,8.2581,90.0,90.0,90.0,True,ABX3,Ortorombik
2208746_5,3660,La4 B4 O12,B La O ,Pnma,62,2,5.8744,5.1087,8.2581,90.0,90.0,90.0,True,ABX3,Ortorombik
2208746_6,3660,La4 B4 O12,B La O ,Pnma,62,2,5.8744,5.1087,8.2581,90.0,90.0,90.0,True,ABX3,Ortorombik
2208746_7,3660,La4 B4 O12,B La O ,Pnma,62,2,5.8744,5.1087,8.2581,90.0,90.0,90.0,True,ABX3,Ortorombik
2208746_8,3660,La4 B4 O12,B La O ,Pnma,62,2,5.8744,5.1087,8.2581,90.0,90.0,90.0,True,ABX3,Ortorombik
2208746_9,3660,La4 B4 O12,B La O ,Pnma,62,2,5.8744,5.1087,8.2581,90.0,90.0,90.0,True,ABX3,Ortorombik
2208746_10,3660,La4 B4 O12,B La O ,Pnma,62,2,5.8744,5.1087,8.2581,90.0,90.0,90.0,True,ABX3,Ortorombik
2208746_11,3660,La4 B4 O12,B La O ,Pnma,62,2,5.8744,5.1087,8.2581,90.0,90.0,90.0,True,ABX3,Ortorombik
2208746_12,3660,La4 B4 O12,B La O ,Pnma,62,2,5.8744,5.1087,8.2581,90.0,90.0,90.0,True,ABX3,Ortorombik
2208746_13,3660,La4 B4 O12,B La O ,Pnma,62,2,5.8744,5.1087,8.2581,90.0,90.0,90.0,True,ABX3,Ortorombik
2208746_14,3660,La4 B4 O12,B La O ,Pnma,62,2,5.8744,5.1087,8.2581,90.0,90.0,90.0,True,ABX3,Ortorombik
2208746_15,3660,La4 B4 O12,B La O ,Pnma,62,2,5.8744,5.1087,8.2581,90.0,90.0,90.0,True,ABX3,Ortorombik
2208746_16,3660,La4 B4 O12,B La O ,Pnma,62,2,5.8744,5.1087,8.2581,90.0,90.0,90.0,True,ABX3,Ortorombik
2208746_17,3660,La4 B4 O12,B La O ,Pnma,62,2,5.8744,5.1087,8.2581,90.0,90.0,90.0,True,ABX3,Ortorombik
2208746_18,3660,La4 B4 O12,B La O ,Pnma,62,2,5.8744,5.1087,8.2581,90.0,90.0,90.0,True,ABX3,Ortorombik
2208746_19,3660,La4 B4 O12,B La O ,Pnma,62,2,5.8744,5.1087,8.2581,90.0,90.0,90.0,True,ABX3,Ortorombik
2208746_20,3660,La4 B4 O12,B La O ,Pnma,62,2,5.8744,5.1087,8.2581,90.0,90.0,90.0,True,ABX3,Ortorombik
2208746_21,3660,La4 B4 O12,B La O ,Pnma,62,2,5.8744,5.1087,8.2581,90.0,90.0,90.0,True,ABX3,Ortorombik
2208746_22,3660,La4 B4 O12,B La O ,Pnma,62,2,5.8744,5.1087,8.2581,90.0,90.0,90.0,True,ABX3,Ortorombik
2208746_23,3660,La4 B4 O12,B La O ,Pnma,62,2,5.8744,5.1087,8.2581,90.0,90.0,90.0,True,ABX3,Ortorombik
2208746_24,3660,La4 B4 O12,B La O ,Pnma,62,2,5.8744,5.1087,8.2581,90.0,90.0,90.0,True,ABX3,Ortorombik
1527492_1,3684,Rb4 V4 O12,O Rb V ,Pbcm,57,2,5.261,11.425,5.715,90.0,90.0,90.0,True,ABX3,Ortorombik
1527492_2,3684,Rb4 V4 O12,O Rb V ,Pbcm,57,2,5.261,11.425,5.715,90.0,90.0,90.0,True,ABX3,Ortorombik
1527492_3,3684,Rb4 V4 O12,O Rb V ,Pbcm,57,2,5.261,11.425,5.715,90.0,90.0,90.0,True,ABX3,Ortorombik
1527492_4,3684,Rb4 V4 O12,O Rb V ,Pbcm,57,2,5.261,11.425,5.715,90.0,90.0,90.0,True,ABX3,Ortorombik
1527492_5,3684,Rb4 V4 O12,O Rb V ,Pbcm,57,2,5.261,11.425,5.715,90.0,90.0,90.0,True,ABX3,Ortorombik
1527492_6,3684,Rb4 V4 O12,O Rb V ,Pbcm,57,2,5.261,11.425,5.715,90.0,90.0,90.0,True,ABX3,Ortorombik
1527492_7,3684,Rb4 V4 O12,O Rb V ,Pbcm,57,2,5.261,11.425,5.715,90.0,90.0,90.0,True,ABX3,Ortorombik
1527492_8,3684,Rb4 V4 O12,O Rb V ,Pbcm,57,2,5.261,11.425,5.715,90.0,90.0,90.0,True,ABX3,Ortorombik
1527492_9,3684,Rb4 V4 O12,O Rb V ,Pbcm,57,2,5.261,11.425,5.715,90.0,90.0,90.0,True,ABX3,Ortorombik
1527492_10,3684,Rb4 V4 O12,O Rb V ,Pbcm,57,2,5.261,11.425,5.715,90.0,90.0,90.0,True,ABX3,Ortorombik
1527492_11,3684,Rb4 V4 O12,O Rb V ,Pbcm,57,2,5.261,11.425,5.715,90.0,90.0,90.0,True,ABX3,Ortorombik
1527492_12,3684,Rb4 V4 O12,O Rb V ,Pbcm,57,2,5.261,11.425,5.715,90.0,90.0,90.0,True,ABX3,Ortorombik
1527492_13,3684,Rb4 V4 O12,O Rb V ,Pbcm,57,2,5.261,11.425,5.715,90.0,90.0,90.0,True,ABX3,Ortorombik
1527492_14,3684,Rb4 V4 O12,O Rb V ,Pbcm,57,2,5.261,11.425,5.715,90.0,90.0,90.0,True,ABX3,Ortorombik
1527492_15,3684,Rb4 V4 O12,O Rb V ,Pbcm,57,2,5.261,11.425,5.715,90.0,90.0,90.0,True,ABX3,Ortorombik
1527492_16,3684,Rb4 V4 O12,O Rb V ,Pbcm,57,2,5.261,11.425,5.715,90.0,90.0,90.0,True,ABX3,Ortorombik
1527492_17,3684,Rb4 V4 O12,O Rb V ,Pbcm,57,2,5.261,11.425,5.715,90.0,90.0,90.0,True,ABX3,Ortorombik
1527492_18,3684,Rb4 V4 O12,O Rb V ,Pbcm,57,2,5.261,11.425,5.715,90.0,90.0,90.0,True,ABX3,Ortorombik
1527492_19,3684,Rb4 V4 O12,O Rb V ,Pbcm,57,2,5.261,11.425,5.715,90.0,90.0,90.0,True,ABX3,Ortorombik
1527492_20,3684,Rb4 V4 O12,O Rb V ,Pbcm,57,2,5.261,11.425,5.715,90.0,90.0,90.0,True,ABX3,Ortorombik
1527492_21,3684,Rb4 V4 O12,O Rb V ,Pbcm,57,2,5.261,11.425,5.715,90.0,90.0,90.0,True,ABX3,Ortorombik
1527492_22,3684,Rb4 V4 O12,O Rb V ,Pbcm,57,2,5.261,11.425,5.715,90.0,90.0,90.0,True,ABX3,Ortorombik
1527492_23,3684,Rb4 V4 O12,O Rb V ,Pbcm,57,2,5.261,11.425,5.715,90.0,90.0,90.0,True,ABX3,Ortorombik
1527492_24,3684,Rb4 V4 O12,O Rb V ,Pbcm,57,2,5.261,11.425,5.715,90.0,90.0,90.0,True,ABX3,Ortorombik
4511456_1,4000,Eu4 Rh4 O12,Eu O Rh ,Pnma,62,2,5.2978,5.7574,7.6786,90.0,90.0,90.0,True,ABX3,Ortorombik
4511456_2,4000,Eu4 Rh4 O12,Eu O Rh ,Pnma,62,2,5.2978,5.7574,7.6786,90.0,90.0,90.0,True,ABX3,Ortorombik
4511456_3,4000,Eu4 Rh4 O12,Eu O Rh ,Pnma,62,2,5.2978,5.7574,7.6786,90.0,90.0,90.0,True,ABX3,Ortorombik
4511456_4,4000,Eu4 Rh4 O12,Eu O Rh ,Pnma,62,2,5.2978,5.7574,7.6786,90.0,90.0,90.0,True,ABX3,Ortorombik
4511456_5,4000,Eu4 Rh4 O12,Eu O Rh ,Pnma,62,2,5.2978,5.7574,7.6786,90.0,90.0,90.0,True,ABX3,Ortorombik
4511456_6,4000,Eu4 Rh4 O12,Eu O Rh ,Pnma,62,2,5.2978,5.7574,7.6786,90.0,90.0,90.0,True,ABX3,Ortorombik
4511456_7,4000,Eu4 Rh4 O12,Eu O Rh ,Pnma,62,2,5.2978,5.7574,7.6786,90.0,90.0,90.0,True,ABX3,Ortorombik
4511456_8,4000,Eu4 Rh4 O12,Eu O Rh ,Pnma,62,2,5.2978,5.7574,7.6786,90.0,90.0,90.0,True,ABX3,Ortorombik
4511456_9,4000,Eu4 Rh4 O12,Eu O Rh ,Pnma,62,2,5.2978,5.7574,7.6786,90.0,90.0,90.0,True,ABX3,Ortorombik
4511456_10,4000,Eu4 Rh4 O12,Eu O Rh ,Pnma,62,2,5.2978,5.7574,7.6786,90.0,90.0,90.0,True,ABX3,Ortorombik
4511456_11,4000,Eu4 Rh4 O12,Eu O Rh ,Pnma,62,2,5.2978,5.7574,7.6786,90.0,90.0,90.0,True,ABX3,Ortorombik
4511456_12,4000,Eu4 Rh4 O12,Eu O Rh ,Pnma,62,2,5.2978,5.7574,7.6786,90.0,90.0,90.0,True,ABX3,Ortorombik
4511456_13,4000,Eu4 Rh4 O12,Eu O Rh ,Pnma,62,2,5.2978,5.7574,7.6786,90.0,90.0,90.0,True,ABX3,Ortorombik
4511456_14,4000,Eu4 Rh4 O12,Eu O Rh ,Pnma,62,2,5.2978,5.7574,7.6786,90.0,90.0,90.0,True,ABX3,Ortorombik
4511456_15,4000,Eu4 Rh4 O12,Eu O Rh ,Pnma,62,2,5.2978,5.7574,7.6786,90.0,90.0,90.0,True,ABX3,Ortorombik
4511456_16,4000,Eu4 Rh4 O12,Eu O Rh ,Pnma,62,2,5.2978,5.7574,7.6786,90.0,90.0,90.0,True,ABX3,Ortorombik
4511456_17,4000,Eu4 Rh4 O12,Eu O Rh ,Pnma,62,2,5.2978,5.7574,7.6786,90.0,90.0,90.0,True,ABX3,Ortorombik
4511456_18,4000,Eu4 Rh4 O12,Eu O Rh ,Pnma,62,2,5.2978,5.7574,7.6786,90.0,90.0,90.0,True,ABX3,Ortorombik
4511456_19,4000,Eu4 Rh4 O12,Eu O Rh ,Pnma,62,2,5.2978,5.7574,7.6786,90.0,90.0,90.0,True,ABX3,Ortorombik
4511456_20,4000,Eu4 Rh4 O12,Eu O Rh ,Pnma,62,2,5.2978,5.7574,7.6786,90.0,90.0,90.0,True,ABX3,Ortorombik
4511456_21,4000,Eu4 Rh4 O12,Eu O Rh ,Pnma,62,2,5.2978,5.7574,7.6786,90.0,90.0,90.0,True,ABX3,Ortorombik
4511456_22,4000,Eu4 Rh4 O12,Eu O Rh ,Pnma,62,2,5.2978,5.7574,7.6786,90.0,90.0,90.0,True,ABX3,Ortorombik
4511456_23,4000,Eu4 Rh4 O12,Eu O Rh ,Pnma,62,2,5.2978,5.7574,7.6786,90.0,90.0,90.0,True,ABX3,Ortorombik
4511456_24,4000,Eu4 Rh4 O12,Eu O Rh ,Pnma,62,2,5.2978,5.7574,7.6786,90.0,90.0,90.0,True,ABX3,Ortorombik
2310011_1,4099,K2 Nb2 O6,K Nb O ,Amm2,38,2,5.697,3.971,5.72,90.0,90.0,90.0,True,ABX3,Ortorombik
2310011_2,4099,K2 Nb2 O6,K Nb O ,Amm2,38,2,5.697,3.971,5.72,90.0,90.0,90.0,True,ABX3,Ortorombik
2310011_3,4099,K2 Nb2 O6,K Nb O ,Amm2,38,2,5.697,3.971,5.72,90.0,90.0,90.0,True,ABX3,Ortorombik
2310011_4,4099,K2 Nb2 O6,K Nb O ,Amm2,38,2,5.697,3.971,5.72,90.0,90.0,90.0,True,ABX3,Ortorombik
2310011_5,4099,K2 Nb2 O6,K Nb O ,Amm2,38,2,5.697,3.971,5.72,90.0,90.0,90.0,True,ABX3,Ortorombik
2310011_6,4099,K2 Nb2 O6,K Nb O ,Amm2,38,2,5.697,3.971,5.72,90.0,90.0,90.0,True,ABX3,Ortorombik
2310011_7,4099,K2 Nb2 O6,K Nb O ,Amm2,38,2,5.697,3.971,5.72,90.0,90.0,90.0,True,ABX3,Ortorombik
2310011_8,4099,K2 Nb2 O6,K Nb O ,Amm2,38,2,5.697,3.971,5.72,90.0,90.0,90.0,True,ABX3,Ortorombik
2310011_9,4099,K2 Nb2 O6,K Nb O ,Amm2,38,2,5.697,3.971,5.72,90.0,90.0,90.0,True,ABX3,Ortorombik
2310011_10,4099,K2 Nb2 O6,K Nb O ,Amm2,38,2,5.697,3.971,5.72,90.0,90.0,90.0,True,ABX3,Ortorombik
2310011_11,4099,K2 Nb2 O6,K Nb O ,Amm2,38,2,5.697,3.971,5.72,90.0,90.0,90.0,True,ABX3,Ortorombik
2310011_12,4099,K2 Nb2 O6,K Nb O ,Amm2,38,2,5.697,3.971,5.72,90.0,90.0,90.0,True,ABX3,Ortorombik
2310011_13,4099,K2 Nb2 O6,K Nb O ,Amm2,38,2,5.697,3.971,5.72,90.0,90.0,90.0,True,ABX3,Ortorombik
2310011_14,4099,K2 Nb2 O6,K Nb O ,Amm2,38,2,5.697,3.971,5.72,90.0,90.0,90.0,True,ABX3,Ortorombik
2310011_15,4099,K2 Nb2 O6,K Nb O ,Amm2,38,2,5.697,3.971,5.72,90.0,90.0,90.0,True,ABX3,Ortorombik
2310011_16,4099,K2 Nb2 O6,K Nb O ,Amm2,38,2,5.697,3.971,5.72,90.0,90.0,90.0,True,ABX3,Ortorombik
2310011_17,4099,K2 Nb2 O6,K Nb O ,Amm2,38,2,5.697,3.971,5.72,90.0,90.0,90.0,True,ABX3,Ortorombik
2310011_18,4099,K2 Nb2 O6,K Nb O ,Amm2,38,2,5.697,3.971,5.72,90.0,90.0,90.0,True,ABX3,Ortorombik
2310011_19,4099,K2 Nb2 O6,K Nb O ,Amm2,38,2,5.697,3.971,5.72,90.0,90.0,90.0,True,ABX3,Ortorombik
2310011_20,4099,K2 Nb2 O6,K Nb O ,Amm2,38,2,5.697,3.971,5.72,90.0,90.0,90.0,True,ABX3,Ortorombik
2310011_21,4099,K2 Nb2 O6,K Nb O ,Amm2,38,2,5.697,3.971,5.72,90.0,90.0,90.0,True,ABX3,Ortorombik
2310011_22,4099,K2 Nb2 O6,K Nb O ,Amm2,38,2,5.697,3.971,5.72,90.0,90.0,90.0,True,ABX3,Ortorombik
2310011_23,4099,K2 Nb2 O6,K Nb O ,Amm2,38,2,5.697,3.971,5.72,90.0,90.0,90.0,True,ABX3,Ortorombik
2310011_24,4099,K2 Nb2 O6,K Nb O ,Amm2,38,2,5.697,3.971,5.72,90.0,90.0,90.0,True,ABX3,Ortorombik
4318005_1,4111,Dy16 Mo16 O44,Dy Mo O ,Pbam,55,2,10.7055,15.8721,5.664,90.0,90.0,90.0,True,ABX3,Ortorombik
4318005_2,4111,Dy16 Mo16 O44,Dy Mo O ,Pbam,55,2,10.7055,15.8721,5.664,90.0,90.0,90.0,True,ABX3,Ortorombik
4318005_3,4111,Dy16 Mo16 O44,Dy Mo O ,Pbam,55,2,10.7055,15.8721,5.664,90.0,90.0,90.0,True,ABX3,Ortorombik
4318005_4,4111,Dy16 Mo16 O44,Dy Mo O ,Pbam,55,2,10.7055,15.8721,5.664,90.0,90.0,90.0,True,ABX3,Ortorombik
4318005_5,4111,Dy16 Mo16 O44,Dy Mo O ,Pbam,55,2,10.7055,15.8721,5.664,90.0,90.0,90.0,True,ABX3,Ortorombik
4318005_6,4111,Dy16 Mo16 O44,Dy Mo O ,Pbam,55,2,10.7055,15.8721,5.664,90.0,90.0,90.0,True,ABX3,Ortorombik
4318005_7,4111,Dy16 Mo16 O44,Dy Mo O ,Pbam,55,2,10.7055,15.8721,5.664,90.0,90.0,90.0,True,ABX3,Ortorombik
4318005_8,4111,Dy16 Mo16 O44,Dy Mo O ,Pbam,55,2,10.7055,15.8721,5.664,90.0,90.0,90.0,True,ABX3,Ortorombik
4318005_9,4111,Dy16 Mo16 O44,Dy Mo O ,Pbam,55,2,10.7055,15.8721,5.664,90.0,90.0,90.0,True,ABX3,Ortorombik
4318005_10,4111,Dy16 Mo16 O44,Dy Mo O ,Pbam,55,2,10.7055,15.8721,5.664,90.0,90.0,90.0,True,ABX3,Ortorombik
4318005_11,4111,Dy16 Mo16 O44,Dy Mo O ,Pbam,55,2,10.7055,15.8721,5.664,90.0,90.0,90.0,True,ABX3,Ortorombik
4318005_12,4111,Dy16 Mo16 O44,Dy Mo O ,Pbam,55,2,10.7055,15.8721,5.664,90.0,90.0,90.0,True,ABX3,Ortorombik
4318005_13,4111,Dy16 Mo16 O44,Dy Mo O ,Pbam,55,2,10.7055,15.8721,5.664,90.0,90.0,90.0,True,ABX3,Ortorombik
4318005_14,4111,Dy16 Mo16 O44,Dy Mo O ,Pbam,55,2,10.7055,15.8721,5.664,90.0,90.0,90.0,True,ABX3,Ortorombik
4318005_15,4111,Dy16 Mo16 O44,Dy Mo O ,Pbam,55,2,10.7055,15.8721,5.664,90.0,90.0,90.0,True,ABX3,Ortorombik
4318005_16,4111,Dy16 Mo16 O44,Dy Mo O ,Pbam,55,2,10.7055,15.8721,5.664,90.0,90.0,90.0,True,ABX3,Ortorombik
4318005_17,4111,Dy16 Mo16 O44,Dy Mo O ,Pbam,55,2,10.7055,15.8721,5.664,90.0,90.0,90.0,True,ABX3,Ortorombik
4318005_18,4111,Dy16 Mo16 O44,Dy Mo O ,Pbam,55,2,10.7055,15.8721,5.664,90.0,90.0,90.0,True,ABX3,Ortorombik
4318005_19,4111,Dy16 Mo16 O44,Dy Mo O ,Pbam,55,2,10.7055,15.8721,5.664,90.0,90.0,90.0,True,ABX3,Ortorombik
4318005_20,4111,Dy16 Mo16 O44,Dy Mo O ,Pbam,55,2,10.7055,15.8721,5.664,90.0,90.0,90.0,True,ABX3,Ortorombik
4318005_21,4111,Dy16 Mo16 O44,Dy Mo O ,Pbam,55,2,10.7055,15.8721,5.664,90.0,90.0,90.0,True,ABX3,Ortorombik
4318005_22,4111,Dy16 Mo16 O44,Dy Mo O ,Pbam,55,2,10.7055,15.8721,5.664,90.0,90.0,90.0,True,ABX3,Ortorombik
4318005_23,4111,Dy16 Mo16 O44,Dy Mo O ,Pbam,55,2,10.7055,15.8721,5.664,90.0,90.0,90.0,True,ABX3,Ortorombik
4318005_24,4111,Dy16 Mo16 O44,Dy Mo O ,Pbam,55,2,10.7055,15.8721,5.664,90.0,90.0,90.0,True,ABX3,Ortorombik
4511457_1,4413,Tb4 Rh4 O12,O Rh Tb ,Pnma,62,2,5.2538,5.7454,7.6254,90.0,90.0,90.0,True,ABX3,Ortorombik
4511457_2,4413,Tb4 Rh4 O12,O Rh Tb ,Pnma,62,2,5.2538,5.7454,7.6254,90.0,90.0,90.0,True,ABX3,Ortorombik
4511457_3,4413,Tb4 Rh4 O12,O Rh Tb ,Pnma,62,2,5.2538,5.7454,7.6254,90.0,90.0,90.0,True,ABX3,Ortorombik
4511457_4,4413,Tb4 Rh4 O12,O Rh Tb ,Pnma,62,2,5.2538,5.7454,7.6254,90.0,90.0,90.0,True,ABX3,Ortorombik
4511457_5,4413,Tb4 Rh4 O12,O Rh Tb ,Pnma,62,2,5.2538,5.7454,7.6254,90.0,90.0,90.0,True,ABX3,Ortorombik
4511457_6,4413,Tb4 Rh4 O12,O Rh Tb ,Pnma,62,2,5.2538,5.7454,7.6254,90.0,90.0,90.0,True,ABX3,Ortorombik
4511457_7,4413,Tb4 Rh4 O12,O Rh Tb ,Pnma,62,2,5.2538,5.7454,7.6254,90.0,90.0,90.0,True,ABX3,Ortorombik
4511457_8,4413,Tb4 Rh4 O12,O Rh Tb ,Pnma,62,2,5.2538,5.7454,7.6254,90.0,90.0,90.0,True,ABX3,Ortorombik
4511457_9,4413,Tb4 Rh4 O12,O Rh Tb ,Pnma,62,2,5.2538,5.7454,7.6254,90.0,90.0,90.0,True,ABX3,Ortorombik
4511457_10,4413,Tb4 Rh4 O12,O Rh Tb ,Pnma,62,2,5.2538,5.7454,7.6254,90.0,90.0,90.0,True,ABX3,Ortorombik
4511457_11,4413,Tb4 Rh4 O12,O Rh Tb ,Pnma,62,2,5.2538,5.7454,7.6254,90.0,90.0,90.0,True,ABX3,Ortorombik
4511457_12,4413,Tb4 Rh4 O12,O Rh Tb ,Pnma,62,2,5.2538,5.7454,7.6254,90.0,90.0,90.0,True,ABX3,Ortorombik
4511457_13,4413,Tb4 Rh4 O12,O Rh Tb ,Pnma,62,2,5.2538,5.7454,7.6254,90.0,90.0,90.0,True,ABX3,Ortorombik
4511457_14,4413,Tb4 Rh4 O12,O Rh Tb ,Pnma,62,2,5.2538,5.7454,7.6254,90.0,90.0,90.0,True,ABX3,Ortorombik
4511457_15,4413,Tb4 Rh4 O12,O Rh Tb ,Pnma,62,2,5.2538,5.7454,7.6254,90.0,90.0,90.0,True,ABX3,Ortorombik
4511457_16,4413,Tb4 Rh4 O12,O Rh Tb ,Pnma,62,2,5.2538,5.7454,7.6254,90.0,90.0,90.0,True,ABX3,Ortorombik
4511457_17,4413,Tb4 Rh4 O12,O Rh Tb ,Pnma,62,2,5.2538,5.7454,7.6254,90.0,90.0,90.0,True,ABX3,Ortorombik
4511457_18,4413,Tb4 Rh4 O12,O Rh Tb ,Pnma,62,2,5.2538,5.7454,7.6254,90.0,90.0,90.0,True,ABX3,Ortorombik
4511457_19,4413,Tb4 Rh4 O12,O Rh Tb ,Pnma,62,2,5.2538,5.7454,7.6254,90.0,90.0,90.0,True,ABX3,Ortorombik
4511457_20,4413,Tb4 Rh4 O12,O Rh Tb ,Pnma,62,2,5.2538,5.7454,7.6254,90.0,90.0,90.0,True,ABX3,Ortorombik
4511457_21,4413,Tb4 Rh4 O12,O Rh Tb ,Pnma,62,2,5.2538,5.7454,7.6254,90.0,90.0,90.0,True,ABX3,Ortorombik
4511457_22,4413,Tb4 Rh4 O12,O Rh Tb ,Pnma,62,2,5.2538,5.7454,7.6254,90.0,90.0,90.0,True,ABX3,Ortorombik
4511457_23,4413,Tb4 Rh4 O12,O Rh Tb ,Pnma,62,2,5.2538,5.7454,7.6254,90.0,90.0,90.0,True,ABX3,Ortorombik
4511457_24,4413,Tb4 Rh4 O12,O Rh Tb ,Pnma,62,2,5.2538,5.7454,7.6254,90.0,90.0,90.0,True,ABX3,Ortorombik
9015011_1,4438,Ca4 B4 O12,B Ca O ,P2_1/c,14,5,8.643,9.523,3.567,90.0,119.23,90.0,True,ABX3,Monoklinik
9015011_2,4438,Ca4 B4 O12,B Ca O ,P2_1/c,14,5,8.643,9.523,3.567,90.0,119.23,90.0,True,ABX3,Monoklinik
9015011_3,4438,Ca4 B4 O12,B Ca O ,P2_1/c,14,5,8.643,9.523,3.567,90.0,119.23,90.0,True,ABX3,Monoklinik
9015011_4,4438,Ca4 B4 O12,B Ca O ,P2_1/c,14,5,8.643,9.523,3.567,90.0,119.23,90.0,True,ABX3,Monoklinik
9015011_5,4438,Ca4 B4 O12,B Ca O ,P2_1/c,14,5,8.643,9.523,3.567,90.0,119.23,90.0,True,ABX3,Monoklinik
9015011_6,4438,Ca4 B4 O12,B Ca O ,P2_1/c,14,5,8.643,9.523,3.567,90.0,119.23,90.0,True,ABX3,Monoklinik
9015011_7,4438,Ca4 B4 O12,B Ca O ,P2_1/c,14,5,8.643,9.523,3.567,90.0,119.23,90.0,True,ABX3,Monoklinik
9015011_8,4438,Ca4 B4 O12,B Ca O ,P2_1/c,14,5,8.643,9.523,3.567,90.0,119.23,90.0,True,ABX3,Monoklinik
9015011_9,4438,Ca4 B4 O12,B Ca O ,P2_1/c,14,5,8.643,9.523,3.567,90.0,119.23,90.0,True,ABX3,Monoklinik
9015011_10,4438,Ca4 B4 O12,B Ca O ,P2_1/c,14,5,8.643,9.523,3.567,90.0,119.23,90.0,True,ABX3,Monoklinik
9015011_11,4438,Ca4 B4 O12,B Ca O ,P2_1/c,14,5,8.643,9.523,3.567,90.0,119.23,90.0,True,ABX3,Monoklinik
9015011_12,4438,Ca4 B4 O12,B Ca O ,P2_1/c,14,5,8.643,9.523,3.567,90.0,119.23,90.0,True,ABX3,Monoklinik
9015011_13,4438,Ca4 B4 O12,B Ca O ,P2_1/c,14,5,8.643,9.523,3.567,90.0,119.23,90.0,True,ABX3,Monoklinik
9015011_14,4438,Ca4 B4 O12,B Ca O ,P2_1/c,14,5,8.643,9.523,3.567,90.0,119.23,90.0,True,ABX3,Monoklinik
9015011_15,4438,Ca4 B4 O12,B Ca O ,P2_1/c,14,5,8.643,9.523,3.567,90.0,119.23,90.0,True,ABX3,Monoklinik
9015011_16,4438,Ca4 B4 O12,B Ca O ,P2_1/c,14,5,8.643,9.523,3.567,90.0,119.23,90.0,True,ABX3,Monoklinik
9015011_17,4438,Ca4 B4 O12,B Ca O ,P2_1/c,14,5,8.643,9.523,3.567,90.0,119.23,90.0,True,ABX3,Monoklinik
9015011_18,4438,Ca4 B4 O12,B Ca O ,P2_1/c,14,5,8.643,9.523,3.567,90.0,119.23,90.0,True,ABX3,Monoklinik
9015011_19,4438,Ca4 B4 O12,B Ca O ,P2_1/c,14,5,8.643,9.523,3.567,90.0,119.23,90.0,True,ABX3,Monoklinik
9015011_20,4438,Ca4 B4 O12,B Ca O ,P2_1/c,14,5,8.643,9.523,3.567,90.0,119.23,90.0,True,ABX3,Monoklinik
9015011_21,4438,Ca4 B4 O12,B Ca O ,P2_1/c,14,5,8.643,9.523,3.567,90.0,119.23,90.0,True,ABX3,Monoklinik
9015011_22,4438,Ca4 B4 O12,B Ca O ,P2_1/c,14,5,8.643,9.523,3.567,90.0,119.23,90.0,True,ABX3,Monoklinik
9015011_23,4438,Ca4 B4 O12,B Ca O ,P2_1/c,14,5,8.643,9.523,3.567,90.0,119.23,90.0,True,ABX3,Monoklinik
9015011_24,4438,Ca4 B4 O12,B Ca O ,P2_1/c,14,5,8.643,9.523,3.567,90.0,119.23,90.0,True,ABX3,Monoklinik
1541112_1,4444,Ba4 Bi4 O12,Ba Bi O ,C2/m,12,5,6.1908,6.145,8.6785,90.0,90.16400000000002,90.0,True,ABX3,Monoklinik
1541112_2,4444,Ba4 Bi4 O12,Ba Bi O ,C2/m,12,5,6.1908,6.145,8.6785,90.0,90.16400000000002,90.0,True,ABX3,Monoklinik
1541112_3,4444,Ba4 Bi4 O12,Ba Bi O ,C2/m,12,5,6.1908,6.145,8.6785,90.0,90.16400000000002,90.0,True,ABX3,Monoklinik
1541112_4,4444,Ba4 Bi4 O12,Ba Bi O ,C2/m,12,5,6.1908,6.145,8.6785,90.0,90.16400000000002,90.0,True,ABX3,Monoklinik
1541112_5,4444,Ba4 Bi4 O12,Ba Bi O ,C2/m,12,5,6.1908,6.145,8.6785,90.0,90.16400000000002,90.0,True,ABX3,Monoklinik
1541112_6,4444,Ba4 Bi4 O12,Ba Bi O ,C2/m,12,5,6.1908,6.145,8.6785,90.0,90.16400000000002,90.0,True,ABX3,Monoklinik
1541112_7,4444,Ba4 Bi4 O12,Ba Bi O ,C2/m,12,5,6.1908,6.145,8.6785,90.0,90.16400000000002,90.0,True,ABX3,Monoklinik
1541112_8,4444,Ba4 Bi4 O12,Ba Bi O ,C2/m,12,5,6.1908,6.145,8.6785,90.0,90.16400000000002,90.0,True,ABX3,Monoklinik
1541112_9,4444,Ba4 Bi4 O12,Ba Bi O ,C2/m,12,5,6.1908,6.145,8.6785,90.0,90.16400000000002,90.0,True,ABX3,Monoklinik
1541112_10,4444,Ba4 Bi4 O12,Ba Bi O ,C2/m,12,5,6.1908,6.145,8.6785,90.0,90.16400000000002,90.0,True,ABX3,Monoklinik
1541112_11,4444,Ba4 Bi4 O12,Ba Bi O ,C2/m,12,5,6.1908,6.145,8.6785,90.0,90.16400000000002,90.0,True,ABX3,Monoklinik
1541112_12,4444,Ba4 Bi4 O12,Ba Bi O ,C2/m,12,5,6.1908,6.145,8.6785,90.0,90.16400000000002,90.0,True,ABX3,Monoklinik
1541112_13,4444,Ba4 Bi4 O12,Ba Bi O ,C2/m,12,5,6.1908,6.145,8.6785,90.0,90.16400000000002,90.0,True,ABX3,Monoklinik
1541112_14,4444,Ba4 Bi4 O12,Ba Bi O ,C2/m,12,5,6.1908,6.145,8.6785,90.0,90.16400000000002,90.0,True,ABX3,Monoklinik
1541112_15,4444,Ba4 Bi4 O12,Ba Bi O ,C2/m,12,5,6.1908,6.145,8.6785,90.0,90.16400000000002,90.0,True,ABX3,Monoklinik
1541112_16,4444,Ba4 Bi4 O12,Ba Bi O ,C2/m,12,5,6.1908,6.145,8.6785,90.0,90.16400000000002,90.0,True,ABX3,Monoklinik
1541112_17,4444,Ba4 Bi4 O12,Ba Bi O ,C2/m,12,5,6.1908,6.145,8.6785,90.0,90.16400000000002,90.0,True,ABX3,Monoklinik
1541112_18,4444,Ba4 Bi4 O12,Ba Bi O ,C2/m,12,5,6.1908,6.145,8.6785,90.0,90.16400000000002,90.0,True,ABX3,Monoklinik
1541112_19,4444,Ba4 Bi4 O12,Ba Bi O ,C2/m,12,5,6.1908,6.145,8.6785,90.0,90.16400000000002,90.0,True,ABX3,Monoklinik
1541112_20,4444,Ba4 Bi4 O12,Ba Bi O ,C2/m,12,5,6.1908,6.145,8.6785,90.0,90.16400000000002,90.0,True,ABX3,Monoklinik
1541112_21,4444,Ba4 Bi4 O12,Ba Bi O ,C2/m,12,5,6.1908,6.145,8.6785,90.0,90.16400000000002,90.0,True,ABX3,Monoklinik
1541112_22,4444,Ba4 Bi4 O12,Ba Bi O ,C2/m,12,5,6.1908,6.145,8.6785,90.0,90.16400000000002,90.0,True,ABX3,Monoklinik
1541112_23,4444,Ba4 Bi4 O12,Ba Bi O ,C2/m,12,5,6.1908,6.145,8.6785,90.0,90.16400000000002,90.0,True,ABX3,Monoklinik
1541112_24,4444,Ba4 Bi4 O12,Ba Bi O ,C2/m,12,5,6.1908,6.145,8.6785,90.0,90.16400000000002,90.0,True,ABX3,Monoklinik
9016558_1,4477,Sr8 Si8 O24,O Si Sr ,P2_1/c,14,5,7.452,6.066,13.479,90.0,117.09,90.0,True,ABX3,Monoklinik
9016558_2,4477,Sr8 Si8 O24,O Si Sr ,P2_1/c,14,5,7.452,6.066,13.479,90.0,117.09,90.0,True,ABX3,Monoklinik
9016558_3,4477,Sr8 Si8 O24,O Si Sr ,P2_1/c,14,5,7.452,6.066,13.479,90.0,117.09,90.0,True,ABX3,Monoklinik
9016558_4,4477,Sr8 Si8 O24,O Si Sr ,P2_1/c,14,5,7.452,6.066,13.479,90.0,117.09,90.0,True,ABX3,Monoklinik
9016558_5,4477,Sr8 Si8 O24,O Si Sr ,P2_1/c,14,5,7.452,6.066,13.479,90.0,117.09,90.0,True,ABX3,Monoklinik
9016558_6,4477,Sr8 Si8 O24,O Si Sr ,P2_1/c,14,5,7.452,6.066,13.479,90.0,117.09,90.0,True,ABX3,Monoklinik
9016558_7,4477,Sr8 Si8 O24,O Si Sr ,P2_1/c,14,5,7.452,6.066,13.479,90.0,117.09,90.0,True,ABX3,Monoklinik
9016558_8,4477,Sr8 Si8 O24,O Si Sr ,P2_1/c,14,5,7.452,6.066,13.479,90.0,117.09,90.0,True,ABX3,Monoklinik
9016558_9,4477,Sr8 Si8 O24,O Si Sr ,P2_1/c,14,5,7.452,6.066,13.479,90.0,117.09,90.0,True,ABX3,Monoklinik
9016558_10,4477,Sr8 Si8 O24,O Si Sr ,P2_1/c,14,5,7.452,6.066,13.479,90.0,117.09,90.0,True,ABX3,Monoklinik
9016558_11,4477,Sr8 Si8 O24,O Si Sr ,P2_1/c,14,5,7.452,6.066,13.479,90.0,117.09,90.0,True,ABX3,Monoklinik
9016558_12,4477,Sr8 Si8 O24,O Si Sr ,P2_1/c,14,5,7.452,6.066,13.479,90.0,117.09,90.0,True,ABX3,Monoklinik
9016558_13,4477,Sr8 Si8 O24,O Si Sr ,P2_1/c,14,5,7.452,6.066,13.479,90.0,117.09,90.0,True,ABX3,Monoklinik
9016558_14,4477,Sr8 Si8 O24,O Si Sr ,P2_1/c,14,5,7.452,6.066,13.479,90.0,117.09,90.0,True,ABX3,Monoklinik
9016558_15,4477,Sr8 Si8 O24,O Si Sr ,P2_1/c,14,5,7.452,6.066,13.479,90.0,117.09,90.0,True,ABX3,Monoklinik
9016558_16,4477,Sr8 Si8 O24,O Si Sr ,P2_1/c,14,5,7.452,6.066,13.479,90.0,117.09,90.0,True,ABX3,Monoklinik
9016558_17,4477,Sr8 Si8 O24,O Si Sr ,P2_1/c,14,5,7.452,6.066,13.479,90.0,117.09,90.0,True,ABX3,Monoklinik
9016558_18,4477,Sr8 Si8 O24,O Si Sr ,P2_1/c,14,5,7.452,6.066,13.479,90.0,117.09,90.0,True,ABX3,Monoklinik
9016558_19,4477,Sr8 Si8 O24,O Si Sr ,P2_1/c,14,5,7.452,6.066,13.479,90.0,117.09,90.0,True,ABX3,Monoklinik
9016558_20,4477,Sr8 Si8 O24,O Si Sr ,P2_1/c,14,5,7.452,6.066,13.479,90.0,117.09,90.0,True,ABX3,Monoklinik
9016558_21,4477,Sr8 Si8 O24,O Si Sr ,P2_1/c,14,5,7.452,6.066,13.479,90.0,117.09,90.0,True,ABX3,Monoklinik
9016558_22,4477,Sr8 Si8 O24,O Si Sr ,P2_1/c,14,5,7.452,6.066,13.479,90.0,117.09,90.0,True,ABX3,Monoklinik
9016558_23,4477,Sr8 Si8 O24,O Si Sr ,P2_1/c,14,5,7.452,6.066,13.479,90.0,117.09,90.0,True,ABX3,Monoklinik
9016558_24,4477,Sr8 Si8 O24,O Si Sr ,P2_1/c,14,5,7.452,6.066,13.479,90.0,117.09,90.0,True,ABX3,Monoklinik
2101924_1,4540,Y4 Ti4 O12,O Ti Y ,Pnma,62,2,5.6901,7.613,5.3381,90.0,90.0,90.0,True,ABX3,Ortorombik
2101924_2,4540,Y4 Ti4 O12,O Ti Y ,Pnma,62,2,5.6901,7.613,5.3381,90.0,90.0,90.0,True,ABX3,Ortorombik
2101924_3,4540,Y4 Ti4 O12,O Ti Y ,Pnma,62,2,5.6901,7.613,5.3381,90.0,90.0,90.0,True,ABX3,Ortorombik
2101924_4,4540,Y4 Ti4 O12,O Ti Y ,Pnma,62,2,5.6901,7.613,5.3381,90.0,90.0,90.0,True,ABX3,Ortorombik
2101924_5,4540,Y4 Ti4 O12,O Ti Y ,Pnma,62,2,5.6901,7.613,5.3381,90.0,90.0,90.0,True,ABX3,Ortorombik
2101924_6,4540,Y4 Ti4 O12,O Ti Y ,Pnma,62,2,5.6901,7.613,5.3381,90.0,90.0,90.0,True,ABX3,Ortorombik
2101924_7,4540,Y4 Ti4 O12,O Ti Y ,Pnma,62,2,5.6901,7.613,5.3381,90.0,90.0,90.0,True,ABX3,Ortorombik
2101924_8,4540,Y4 Ti4 O12,O Ti Y ,Pnma,62,2,5.6901,7.613,5.3381,90.0,90.0,90.0,True,ABX3,Ortorombik
2101924_9,4540,Y4 Ti4 O12,O Ti Y ,Pnma,62,2,5.6901,7.613,5.3381,90.0,90.0,90.0,True,ABX3,Ortorombik
2101924_10,4540,Y4 Ti4 O12,O Ti Y ,Pnma,62,2,5.6901,7.613,5.3381,90.0,90.0,90.0,True,ABX3,Ortorombik
2101924_11,4540,Y4 Ti4 O12,O Ti Y ,Pnma,62,2,5.6901,7.613,5.3381,90.0,90.0,90.0,True,ABX3,Ortorombik
2101924_12,4540,Y4 Ti4 O12,O Ti Y ,Pnma,62,2,5.6901,7.613,5.3381,90.0,90.0,90.0,True,ABX3,Ortorombik
2101924_13,4540,Y4 Ti4 O12,O Ti Y ,Pnma,62,2,5.6901,7.613,5.3381,90.0,90.0,90.0,True,ABX3,Ortorombik
2101924_14,4540,Y4 Ti4 O12,O Ti Y ,Pnma,62,2,5.6901,7.613,5.3381,90.0,90.0,90.0,True,ABX3,Ortorombik
2101924_15,4540,Y4 Ti4 O12,O Ti Y ,Pnma,62,2,5.6901,7.613,5.3381,90.0,90.0,90.0,True,ABX3,Ortorombik
2101924_16,4540,Y4 Ti4 O12,O Ti Y ,Pnma,62,2,5.6901,7.613,5.3381,90.0,90.0,90.0,True,ABX3,Ortorombik
2101924_17,4540,Y4 Ti4 O12,O Ti Y ,Pnma,62,2,5.6901,7.613,5.3381,90.0,90.0,90.0,True,ABX3,Ortorombik
2101924_18,4540,Y4 Ti4 O12,O Ti Y ,Pnma,62,2,5.6901,7.613,5.3381,90.0,90.0,90.0,True,ABX3,Ortorombik
2101924_19,4540,Y4 Ti4 O12,O Ti Y ,Pnma,62,2,5.6901,7.613,5.3381,90.0,90.0,90.0,True,ABX3,Ortorombik
2101924_20,4540,Y4 Ti4 O12,O Ti Y ,Pnma,62,2,5.6901,7.613,5.3381,90.0,90.0,90.0,True,ABX3,Ortorombik
2101924_21,4540,Y4 Ti4 O12,O Ti Y ,Pnma,62,2,5.6901,7.613,5.3381,90.0,90.0,90.0,True,ABX3,Ortorombik
2101924_22,4540,Y4 Ti4 O12,O Ti Y ,Pnma,62,2,5.6901,7.613,5.3381,90.0,90.0,90.0,True,ABX3,Ortorombik
2101924_23,4540,Y4 Ti4 O12,O Ti Y ,Pnma,62,2,5.6901,7.613,5.3381,90.0,90.0,90.0,True,ABX3,Ortorombik
2101924_24,4540,Y4 Ti4 O12,O Ti Y ,Pnma,62,2,5.6901,7.613,5.3381,90.0,90.0,90.0,True,ABX3,Ortorombik
7018841_1,4561,Gd12 B12 O36,B Gd O ,C2/c,15,5,11.495934,6.6452513,9.683433,90.0,113.07811,90.0,True,ABX3,Monoklinik
7018841_2,4561,Gd12 B12 O36,B Gd O ,C2/c,15,5,11.495934,6.6452513,9.683433,90.0,113.07811,90.0,True,ABX3,Monoklinik
7018841_3,4561,Gd12 B12 O36,B Gd O ,C2/c,15,5,11.495934,6.6452513,9.683433,90.0,113.07811,90.0,True,ABX3,Monoklinik
7018841_4,4561,Gd12 B12 O36,B Gd O ,C2/c,15,5,11.495934,6.6452513,9.683433,90.0,113.07811,90.0,True,ABX3,Monoklinik
7018841_5,4561,Gd12 B12 O36,B Gd O ,C2/c,15,5,11.495934,6.6452513,9.683433,90.0,113.07811,90.0,True,ABX3,Monoklinik
7018841_6,4561,Gd12 B12 O36,B Gd O ,C2/c,15,5,11.495934,6.6452513,9.683433,90.0,113.07811,90.0,True,ABX3,Monoklinik
7018841_7,4561,Gd12 B12 O36,B Gd O ,C2/c,15,5,11.495934,6.6452513,9.683433,90.0,113.07811,90.0,True,ABX3,Monoklinik
7018841_8,4561,Gd12 B12 O36,B Gd O ,C2/c,15,5,11.495934,6.6452513,9.683433,90.0,113.07811,90.0,True,ABX3,Monoklinik
7018841_9,4561,Gd12 B12 O36,B Gd O ,C2/c,15,5,11.495934,6.6452513,9.683433,90.0,113.07811,90.0,True,ABX3,Monoklinik
7018841_10,4561,Gd12 B12 O36,B Gd O ,C2/c,15,5,11.495934,6.6452513,9.683433,90.0,113.07811,90.0,True,ABX3,Monoklinik
7018841_11,4561,Gd12 B12 O36,B Gd O ,C2/c,15,5,11.495934,6.6452513,9.683433,90.0,113.07811,90.0,True,ABX3,Monoklinik
7018841_12,4561,Gd12 B12 O36,B Gd O ,C2/c,15,5,11.495934,6.6452513,9.683433,90.0,113.07811,90.0,True,ABX3,Monoklinik
7018841_13,4561,Gd12 B12 O36,B Gd O ,C2/c,15,5,11.495934,6.6452513,9.683433,90.0,113.07811,90.0,True,ABX3,Monoklinik
7018841_14,4561,Gd12 B12 O36,B Gd O ,C2/c,15,5,11.495934,6.6452513,9.683433,90.0,113.07811,90.0,True,ABX3,Monoklinik
7018841_15,4561,Gd12 B12 O36,B Gd O ,C2/c,15,5,11.495934,6.6452513,9.683433,90.0,113.07811,90.0,True,ABX3,Monoklinik
7018841_16,4561,Gd12 B12 O36,B Gd O ,C2/c,15,5,11.495934,6.6452513,9.683433,90.0,113.07811,90.0,True,ABX3,Monoklinik
7018841_17,4561,Gd12 B12 O36,B Gd O ,C2/c,15,5,11.495934,6.6452513,9.683433,90.0,113.07811,90.0,True,ABX3,Monoklinik
7018841_18,4561,Gd12 B12 O36,B Gd O ,C2/c,15,5,11.495934,6.6452513,9.683433,90.0,113.07811,90.0,True,ABX3,Monoklinik
7018841_19,4561,Gd12 B12 O36,B Gd O ,C2/c,15,5,11.495934,6.6452513,9.683433,90.0,113.07811,90.0,True,ABX3,Monoklinik
7018841_20,4561,Gd12 B12 O36,B Gd O ,C2/c,15,5,11.495934,6.6452513,9.683433,90.0,113.07811,90.0,True,ABX3,Monoklinik
7018841_21,4561,Gd12 B12 O36,B Gd O ,C2/c,15,5,11.495934,6.6452513,9.683433,90.0,113.07811,90.0,True,ABX3,Monoklinik
7018841_22,4561,Gd12 B12 O36,B Gd O ,C2/c,15,5,11.495934,6.6452513,9.683433,90.0,113.07811,90.0,True,ABX3,Monoklinik
7018841_23,4561,Gd12 B12 O36,B Gd O ,C2/c,15,5,11.495934,6.6452513,9.683433,90.0,113.07811,90.0,True,ABX3,Monoklinik
7018841_24,4561,Gd12 B12 O36,B Gd O ,C2/c,15,5,11.495934,6.6452513,9.683433,90.0,113.07811,90.0,True,ABX3,Monoklinik
1004049_1,4713,La3.5 Ru4 O13,La O Ru ,Pmmm,47,2,11.994,5.609,3.856,90.0,90.0,90.0,True,ABX3,Ortorombik
1004049_2,4713,La3.5 Ru4 O13,La O Ru ,Pmmm,47,2,11.994,5.609,3.856,90.0,90.0,90.0,True,ABX3,Ortorombik
1004049_3,4713,La3.5 Ru4 O13,La O Ru ,Pmmm,47,2,11.994,5.609,3.856,90.0,90.0,90.0,True,ABX3,Ortorombik
1004049_4,4713,La3.5 Ru4 O13,La O Ru ,Pmmm,47,2,11.994,5.609,3.856,90.0,90.0,90.0,True,ABX3,Ortorombik
1004049_5,4713,La3.5 Ru4 O13,La O Ru ,Pmmm,47,2,11.994,5.609,3.856,90.0,90.0,90.0,True,ABX3,Ortorombik
1004049_6,4713,La3.5 Ru4 O13,La O Ru ,Pmmm,47,2,11.994,5.609,3.856,90.0,90.0,90.0,True,ABX3,Ortorombik
1004049_7,4713,La3.5 Ru4 O13,La O Ru ,Pmmm,47,2,11.994,5.609,3.856,90.0,90.0,90.0,True,ABX3,Ortorombik
1004049_8,4713,La3.5 Ru4 O13,La O Ru ,Pmmm,47,2,11.994,5.609,3.856,90.0,90.0,90.0,True,ABX3,Ortorombik
1004049_9,4713,La3.5 Ru4 O13,La O Ru ,Pmmm,47,2,11.994,5.609,3.856,90.0,90.0,90.0,True,ABX3,Ortorombik
1004049_10,4713,La3.5 Ru4 O13,La O Ru ,Pmmm,47,2,11.994,5.609,3.856,90.0,90.0,90.0,True,ABX3,Ortorombik
1004049_11,4713,La3.5 Ru4 O13,La O Ru ,Pmmm,47,2,11.994,5.609,3.856,90.0,90.0,90.0,True,ABX3,Ortorombik
1004049_12,4713,La3.5 Ru4 O13,La O Ru ,Pmmm,47,2,11.994,5.609,3.856,90.0,90.0,90.0,True,ABX3,Ortorombik
1004049_13,4713,La3.5 Ru4 O13,La O Ru ,Pmmm,47,2,11.994,5.609,3.856,90.0,90.0,90.0,True,ABX3,Ortorombik
1004049_14,4713,La3.5 Ru4 O13,La O Ru ,Pmmm,47,2,11.994,5.609,3.856,90.0,90.0,90.0,True,ABX3,Ortorombik
1004049_15,4713,La3.5 Ru4 O13,La O Ru ,Pmmm,47,2,11.994,5.609,3.856,90.0,90.0,90.0,True,ABX3,Ortorombik
1004049_16,4713,La3.5 Ru4 O13,La O Ru ,Pmmm,47,2,11.994,5.609,3.856,90.0,90.0,90.0,True,ABX3,Ortorombik
1004049_17,4713,La3.5 Ru4 O13,La O Ru ,Pmmm,47,2,11.994,5.609,3.856,90.0,90.0,90.0,True,ABX3,Ortorombik
1004049_18,4713,La3.5 Ru4 O13,La O Ru ,Pmmm,47,2,11.994,5.609,3.856,90.0,90.0,90.0,True,ABX3,Ortorombik
1004049_19,4713,La3.5 Ru4 O13,La O Ru ,Pmmm,47,2,11.994,5.609,3.856,90.0,90.0,90.0,True,ABX3,Ortorombik
1004049_20,4713,La3.5 Ru4 O13,La O Ru ,Pmmm,47,2,11.994,5.609,3.856,90.0,90.0,90.0,True,ABX3,Ortorombik
1004049_21,4713,La3.5 Ru4 O13,La O Ru ,Pmmm,47,2,11.994,5.609,3.856,90.0,90.0,90.0,True,ABX3,Ortorombik
1004049_22,4713,La3.5 Ru4 O13,La O Ru ,Pmmm,47,2,11.994,5.609,3.856,90.0,90.0,90.0,True,ABX3,Ortorombik
1004049_23,4713,La3.5 Ru4 O13,La O Ru ,Pmmm,47,2,11.994,5.609,3.856,90.0,90.0,90.0,True,ABX3,Ortorombik
1004049_24,4713,La3.5 Ru4 O13,La O Ru ,Pmmm,47,2,11.994,5.609,3.856,90.0,90.0,90.0,True,ABX3,Ortorombik
1535737_1,4743,Ho4 Ni4 O12,Ho Ni O ,Pnma,62,2,5.181,5.51,7.425,90.0,90.0,90.0,True,ABX3,Ortorombik
1535737_2,4743,Ho4 Ni4 O12,Ho Ni O ,Pnma,62,2,5.181,5.51,7.425,90.0,90.0,90.0,True,ABX3,Ortorombik
1535737_3,4743,Ho4 Ni4 O12,Ho Ni O ,Pnma,62,2,5.181,5.51,7.425,90.0,90.0,90.0,True,ABX3,Ortorombik
1535737_4,4743,Ho4 Ni4 O12,Ho Ni O ,Pnma,62,2,5.181,5.51,7.425,90.0,90.0,90.0,True,ABX3,Ortorombik
1535737_5,4743,Ho4 Ni4 O12,Ho Ni O ,Pnma,62,2,5.181,5.51,7.425,90.0,90.0,90.0,True,ABX3,Ortorombik
1535737_6,4743,Ho4 Ni4 O12,Ho Ni O ,Pnma,62,2,5.181,5.51,7.425,90.0,90.0,90.0,True,ABX3,Ortorombik
1535737_7,4743,Ho4 Ni4 O12,Ho Ni O ,Pnma,62,2,5.181,5.51,7.425,90.0,90.0,90.0,True,ABX3,Ortorombik
1535737_8,4743,Ho4 Ni4 O12,Ho Ni O ,Pnma,62,2,5.181,5.51,7.425,90.0,90.0,90.0,True,ABX3,Ortorombik
1535737_9,4743,Ho4 Ni4 O12,Ho Ni O ,Pnma,62,2,5.181,5.51,7.425,90.0,90.0,90.0,True,ABX3,Ortorombik
1535737_10,4743,Ho4 Ni4 O12,Ho Ni O ,Pnma,62,2,5.181,5.51,7.425,90.0,90.0,90.0,True,ABX3,Ortorombik
1535737_11,4743,Ho4 Ni4 O12,Ho Ni O ,Pnma,62,2,5.181,5.51,7.425,90.0,90.0,90.0,True,ABX3,Ortorombik
1535737_12,4743,Ho4 Ni4 O12,Ho Ni O ,Pnma,62,2,5.181,5.51,7.425,90.0,90.0,90.0,True,ABX3,Ortorombik
1535737_13,4743,Ho4 Ni4 O12,Ho Ni O ,Pnma,62,2,5.181,5.51,7.425,90.0,90.0,90.0,True,ABX3,Ortorombik
1535737_14,4743,Ho4 Ni4 O12,Ho Ni O ,Pnma,62,2,5.181,5.51,7.425,90.0,90.0,90.0,True,ABX3,Ortorombik
1535737_15,4743,Ho4 Ni4 O12,Ho Ni O ,Pnma,62,2,5.181,5.51,7.425,90.0,90.0,90.0,True,ABX3,Ortorombik
1535737_16,4743,Ho4 Ni4 O12,Ho Ni O ,Pnma,62,2,5.181,5.51,7.425,90.0,90.0,90.0,True,ABX3,Ortorombik
1535737_17,4743,Ho4 Ni4 O12,Ho Ni O ,Pnma,62,2,5.181,5.51,7.425,90.0,90.0,90.0,True,ABX3,Ortorombik
1535737_18,4743,Ho4 Ni4 O12,Ho Ni O ,Pnma,62,2,5.181,5.51,7.425,90.0,90.0,90.0,True,ABX3,Ortorombik
1535737_19,4743,Ho4 Ni4 O12,Ho Ni O ,Pnma,62,2,5.181,5.51,7.425,90.0,90.0,90.0,True,ABX3,Ortorombik
1535737_20,4743,Ho4 Ni4 O12,Ho Ni O ,Pnma,62,2,5.181,5.51,7.425,90.0,90.0,90.0,True,ABX3,Ortorombik
1535737_21,4743,Ho4 Ni4 O12,Ho Ni O ,Pnma,62,2,5.181,5.51,7.425,90.0,90.0,90.0,True,ABX3,Ortorombik
1535737_22,4743,Ho4 Ni4 O12,Ho Ni O ,Pnma,62,2,5.181,5.51,7.425,90.0,90.0,90.0,True,ABX3,Ortorombik
1535737_23,4743,Ho4 Ni4 O12,Ho Ni O ,Pnma,62,2,5.181,5.51,7.425,90.0,90.0,90.0,True,ABX3,Ortorombik
1535737_24,4743,Ho4 Ni4 O12,Ho Ni O ,Pnma,62,2,5.181,5.51,7.425,90.0,90.0,90.0,True,ABX3,Ortorombik
1521337_1,4825,La4 Mn4 O12,La Mn O ,Pnma,62,2,5.7478,7.6921,5.5352,90.0,90.0,90.0,True,ABX3,Ortorombik
1521337_2,4825,La4 Mn4 O12,La Mn O ,Pnma,62,2,5.7478,7.6921,5.5352,90.0,90.0,90.0,True,ABX3,Ortorombik
1521337_3,4825,La4 Mn4 O12,La Mn O ,Pnma,62,2,5.7478,7.6921,5.5352,90.0,90.0,90.0,True,ABX3,Ortorombik
1521337_4,4825,La4 Mn4 O12,La Mn O ,Pnma,62,2,5.7478,7.6921,5.5352,90.0,90.0,90.0,True,ABX3,Ortorombik
1521337_5,4825,La4 Mn4 O12,La Mn O ,Pnma,62,2,5.7478,7.6921,5.5352,90.0,90.0,90.0,True,ABX3,Ortorombik
1521337_6,4825,La4 Mn4 O12,La Mn O ,Pnma,62,2,5.7478,7.6921,5.5352,90.0,90.0,90.0,True,ABX3,Ortorombik
1521337_7,4825,La4 Mn4 O12,La Mn O ,Pnma,62,2,5.7478,7.6921,5.5352,90.0,90.0,90.0,True,ABX3,Ortorombik
1521337_8,4825,La4 Mn4 O12,La Mn O ,Pnma,62,2,5.7478,7.6921,5.5352,90.0,90.0,90.0,True,ABX3,Ortorombik
1521337_9,4825,La4 Mn4 O12,La Mn O ,Pnma,62,2,5.7478,7.6921,5.5352,90.0,90.0,90.0,True,ABX3,Ortorombik
1521337_10,4825,La4 Mn4 O12,La Mn O ,Pnma,62,2,5.7478,7.6921,5.5352,90.0,90.0,90.0,True,ABX3,Ortorombik
1521337_11,4825,La4 Mn4 O12,La Mn O ,Pnma,62,2,5.7478,7.6921,5.5352,90.0,90.0,90.0,True,ABX3,Ortorombik
1521337_12,4825,La4 Mn4 O12,La Mn O ,Pnma,62,2,5.7478,7.6921,5.5352,90.0,90.0,90.0,True,ABX3,Ortorombik
1521337_13,4825,La4 Mn4 O12,La Mn O ,Pnma,62,2,5.7478,7.6921,5.5352,90.0,90.0,90.0,True,ABX3,Ortorombik
1521337_14,4825,La4 Mn4 O12,La Mn O ,Pnma,62,2,5.7478,7.6921,5.5352,90.0,90.0,90.0,True,ABX3,Ortorombik
1521337_15,4825,La4 Mn4 O12,La Mn O ,Pnma,62,2,5.7478,7.6921,5.5352,90.0,90.0,90.0,True,ABX3,Ortorombik
1521337_16,4825,La4 Mn4 O12,La Mn O ,Pnma,62,2,5.7478,7.6921,5.5352,90.0,90.0,90.0,True,ABX3,Ortorombik
1521337_17,4825,La4 Mn4 O12,La Mn O ,Pnma,62,2,5.7478,7.6921,5.5352,90.0,90.0,90.0,True,ABX3,Ortorombik
1521337_18,4825,La4 Mn4 O12,La Mn O ,Pnma,62,2,5.7478,7.6921,5.5352,90.0,90.0,90.0,True,ABX3,Ortorombik
1521337_19,4825,La4 Mn4 O12,La Mn O ,Pnma,62,2,5.7478,7.6921,5.5352,90.0,90.0,90.0,True,ABX3,Ortorombik
1521337_20,4825,La4 Mn4 O12,La Mn O ,Pnma,62,2,5.7478,7.6921,5.5352,90.0,90.0,90.0,True,ABX3,Ortorombik
1521337_21,4825,La4 Mn4 O12,La Mn O ,Pnma,62,2,5.7478,7.6921,5.5352,90.0,90.0,90.0,True,ABX3,Ortorombik
1521337_22,4825,La4 Mn4 O12,La Mn O ,Pnma,62,2,5.7478,7.6921,5.5352,90.0,90.0,90.0,True,ABX3,Ortorombik
1521337_23,4825,La4 Mn4 O12,La Mn O ,Pnma,62,2,5.7478,7.6921,5.5352,90.0,90.0,90.0,True,ABX3,Ortorombik
1521337_24,4825,La4 Mn4 O12,La Mn O ,Pnma,62,2,5.7478,7.6921,5.5352,90.0,90.0,90.0,True,ABX3,Ortorombik
4335639_1,4927,Cs4 Pb4 I12,Cs I Pb ,Pnma,62,2,10.4342,4.7905,17.761,90.0,90.0,90.0,True,ABX3,Ortorombik
4335639_2,4927,Cs4 Pb4 I12,Cs I Pb ,Pnma,62,2,10.4342,4.7905,17.761,90.0,90.0,90.0,True,ABX3,Ortorombik
4335639_3,4927,Cs4 Pb4 I12,Cs I Pb ,Pnma,62,2,10.4342,4.7905,17.761,90.0,90.0,90.0,True,ABX3,Ortorombik
4335639_4,4927,Cs4 Pb4 I12,Cs I Pb ,Pnma,62,2,10.4342,4.7905,17.761,90.0,90.0,90.0,True,ABX3,Ortorombik
4335639_5,4927,Cs4 Pb4 I12,Cs I Pb ,Pnma,62,2,10.4342,4.7905,17.761,90.0,90.0,90.0,True,ABX3,Ortorombik
4335639_6,4927,Cs4 Pb4 I12,Cs I Pb ,Pnma,62,2,10.4342,4.7905,17.761,90.0,90.0,90.0,True,ABX3,Ortorombik
4335639_7,4927,Cs4 Pb4 I12,Cs I Pb ,Pnma,62,2,10.4342,4.7905,17.761,90.0,90.0,90.0,True,ABX3,Ortorombik
4335639_8,4927,Cs4 Pb4 I12,Cs I Pb ,Pnma,62,2,10.4342,4.7905,17.761,90.0,90.0,90.0,True,ABX3,Ortorombik
4335639_9,4927,Cs4 Pb4 I12,Cs I Pb ,Pnma,62,2,10.4342,4.7905,17.761,90.0,90.0,90.0,True,ABX3,Ortorombik
4335639_10,4927,Cs4 Pb4 I12,Cs I Pb ,Pnma,62,2,10.4342,4.7905,17.761,90.0,90.0,90.0,True,ABX3,Ortorombik
4335639_11,4927,Cs4 Pb4 I12,Cs I Pb ,Pnma,62,2,10.4342,4.7905,17.761,90.0,90.0,90.0,True,ABX3,Ortorombik
4335639_12,4927,Cs4 Pb4 I12,Cs I Pb ,Pnma,62,2,10.4342,4.7905,17.761,90.0,90.0,90.0,True,ABX3,Ortorombik
4335639_13,4927,Cs4 Pb4 I12,Cs I Pb ,Pnma,62,2,10.4342,4.7905,17.761,90.0,90.0,90.0,True,ABX3,Ortorombik
4335639_14,4927,Cs4 Pb4 I12,Cs I Pb ,Pnma,62,2,10.4342,4.7905,17.761,90.0,90.0,90.0,True,ABX3,Ortorombik
4335639_15,4927,Cs4 Pb4 I12,Cs I Pb ,Pnma,62,2,10.4342,4.7905,17.761,90.0,90.0,90.0,True,ABX3,Ortorombik
4335639_16,4927,Cs4 Pb4 I12,Cs I Pb ,Pnma,62,2,10.4342,4.7905,17.761,90.0,90.0,90.0,True,ABX3,Ortorombik
4335639_17,4927,Cs4 Pb4 I12,Cs I Pb ,Pnma,62,2,10.4342,4.7905,17.761,90.0,90.0,90.0,True,ABX3,Ortorombik
4335639_18,4927,Cs4 Pb4 I12,Cs I Pb ,Pnma,62,2,10.4342,4.7905,17.761,90.0,90.0,90.0,True,ABX3,Ortorombik
4335639_19,4927,Cs4 Pb4 I12,Cs I Pb ,Pnma,62,2,10.4342,4.7905,17.761,90.0,90.0,90.0,True,ABX3,Ortorombik
4335639_20,4927,Cs4 Pb4 I12,Cs I Pb ,Pnma,62,2,10.4342,4.7905,17.761,90.0,90.0,90.0,True,ABX3,Ortorombik
4335639_21,4927,Cs4 Pb4 I12,Cs I Pb ,Pnma,62,2,10.4342,4.7905,17.761,90.0,90.0,90.0,True,ABX3,Ortorombik
4335639_22,4927,Cs4 Pb4 I12,Cs I Pb ,Pnma,62,2,10.4342,4.7905,17.761,90.0,90.0,90.0,True,ABX3,Ortorombik
4335639_23,4927,Cs4 Pb4 I12,Cs I Pb ,Pnma,62,2,10.4342,4.7905,17.761,90.0,90.0,90.0,True,ABX3,Ortorombik
4335639_24,4927,Cs4 Pb4 I12,Cs I Pb ,Pnma,62,2,10.4342,4.7905,17.761,90.0,90.0,90.0,True,ABX3,Ortorombik
1534540_1,4947,Ho4 Al4 O12,Al Ho O ,Pnma,62,2,5.18,5.322,7.374,90.0,90.0,90.0,True,ABX3,Ortorombik
1534540_2,4947,Ho4 Al4 O12,Al Ho O ,Pnma,62,2,5.18,5.322,7.374,90.0,90.0,90.0,True,ABX3,Ortorombik
1534540_3,4947,Ho4 Al4 O12,Al Ho O ,Pnma,62,2,5.18,5.322,7.374,90.0,90.0,90.0,True,ABX3,Ortorombik
1534540_4,4947,Ho4 Al4 O12,Al Ho O ,Pnma,62,2,5.18,5.322,7.374,90.0,90.0,90.0,True,ABX3,Ortorombik
1534540_5,4947,Ho4 Al4 O12,Al Ho O ,Pnma,62,2,5.18,5.322,7.374,90.0,90.0,90.0,True,ABX3,Ortorombik
1534540_6,4947,Ho4 Al4 O12,Al Ho O ,Pnma,62,2,5.18,5.322,7.374,90.0,90.0,90.0,True,ABX3,Ortorombik
1534540_7,4947,Ho4 Al4 O12,Al Ho O ,Pnma,62,2,5.18,5.322,7.374,90.0,90.0,90.0,True,ABX3,Ortorombik
1534540_8,4947,Ho4 Al4 O12,Al Ho O ,Pnma,62,2,5.18,5.322,7.374,90.0,90.0,90.0,True,ABX3,Ortorombik
1534540_9,4947,Ho4 Al4 O12,Al Ho O ,Pnma,62,2,5.18,5.322,7.374,90.0,90.0,90.0,True,ABX3,Ortorombik
1534540_10,4947,Ho4 Al4 O12,Al Ho O ,Pnma,62,2,5.18,5.322,7.374,90.0,90.0,90.0,True,ABX3,Ortorombik
1534540_11,4947,Ho4 Al4 O12,Al Ho O ,Pnma,62,2,5.18,5.322,7.374,90.0,90.0,90.0,True,ABX3,Ortorombik
1534540_12,4947,Ho4 Al4 O12,Al Ho O ,Pnma,62,2,5.18,5.322,7.374,90.0,90.0,90.0,True,ABX3,Ortorombik
1534540_13,4947,Ho4 Al4 O12,Al Ho O ,Pnma,62,2,5.18,5.322,7.374,90.0,90.0,90.0,True,ABX3,Ortorombik
1534540_14,4947,Ho4 Al4 O12,Al Ho O ,Pnma,62,2,5.18,5.322,7.374,90.0,90.0,90.0,True,ABX3,Ortorombik
1534540_15,4947,Ho4 Al4 O12,Al Ho O ,Pnma,62,2,5.18,5.322,7.374,90.0,90.0,90.0,True,ABX3,Ortorombik
1534540_16,4947,Ho4 Al4 O12,Al Ho O ,Pnma,62,2,5.18,5.322,7.374,90.0,90.0,90.0,True,ABX3,Ortorombik
1534540_17,4947,Ho4 Al4 O12,Al Ho O ,Pnma,62,2,5.18,5.322,7.374,90.0,90.0,90.0,True,ABX3,Ortorombik
1534540_18,4947,Ho4 Al4 O12,Al Ho O ,Pnma,62,2,5.18,5.322,7.374,90.0,90.0,90.0,True,ABX3,Ortorombik
1534540_19,4947,Ho4 Al4 O12,Al Ho O ,Pnma,62,2,5.18,5.322,7.374,90.0,90.0,90.0,True,ABX3,Ortorombik
1534540_20,4947,Ho4 Al4 O12,Al Ho O ,Pnma,62,2,5.18,5.322,7.374,90.0,90.0,90.0,True,ABX3,Ortorombik
1534540_21,4947,Ho4 Al4 O12,Al Ho O ,Pnma,62,2,5.18,5.322,7.374,90.0,90.0,90.0,True,ABX3,Ortorombik
1534540_22,4947,Ho4 Al4 O12,Al Ho O ,Pnma,62,2,5.18,5.322,7.374,90.0,90.0,90.0,True,ABX3,Ortorombik
1534540_23,4947,Ho4 Al4 O12,Al Ho O ,Pnma,62,2,5.18,5.322,7.374,90.0,90.0,90.0,True,ABX3,Ortorombik
1534540_24,4947,Ho4 Al4 O12,Al Ho O ,Pnma,62,2,5.18,5.322,7.374,90.0,90.0,90.0,True,ABX3,Ortorombik
9006966_1,5005,K1 Mg1 F3,F K Mg ,Pm-3m,221,0,3.9897,3.9897,3.9897,90.0,90.0,90.0,True,ABX3,Kubik
9006966_2,5005,K1 Mg1 F3,F K Mg ,Pm-3m,221,0,3.9897,3.9897,3.9897,90.0,90.0,90.0,True,ABX3,Kubik
9006966_3,5005,K1 Mg1 F3,F K Mg ,Pm-3m,221,0,3.9897,3.9897,3.9897,90.0,90.0,90.0,True,ABX3,Kubik
9006966_4,5005,K1 Mg1 F3,F K Mg ,Pm-3m,221,0,3.9897,3.9897,3.9897,90.0,90.0,90.0,True,ABX3,Kubik
9006966_5,5005,K1 Mg1 F3,F K Mg ,Pm-3m,221,0,3.9897,3.9897,3.9897,90.0,90.0,90.0,True,ABX3,Kubik
9006966_6,5005,K1 Mg1 F3,F K Mg ,Pm-3m,221,0,3.9897,3.9897,3.9897,90.0,90.0,90.0,True,ABX3,Kubik
9006966_7,5005,K1 Mg1 F3,F K Mg ,Pm-3m,221,0,3.9897,3.9897,3.9897,90.0,90.0,90.0,True,ABX3,Kubik
9006966_8,5005,K1 Mg1 F3,F K Mg ,Pm-3m,221,0,3.9897,3.9897,3.9897,90.0,90.0,90.0,True,ABX3,Kubik
9006966_9,5005,K1 Mg1 F3,F K Mg ,Pm-3m,221,0,3.9897,3.9897,3.9897,90.0,90.0,90.0,True,ABX3,Kubik
9006966_10,5005,K1 Mg1 F3,F K Mg ,Pm-3m,221,0,3.9897,3.9897,3.9897,90.0,90.0,90.0,True,ABX3,Kubik
9006966_11,5005,K1 Mg1 F3,F K Mg ,Pm-3m,221,0,3.9897,3.9897,3.9897,90.0,90.0,90.0,True,ABX3,Kubik
9006966_12,5005,K1 Mg1 F3,F K Mg ,Pm-3m,221,0,3.9897,3.9897,3.9897,90.0,90.0,90.0,True,ABX3,Kubik
9006966_13,5005,K1 Mg1 F3,F K Mg ,Pm-3m,221,0,3.9897,3.9897,3.9897,90.0,90.0,90.0,True,ABX3,Kubik
9006966_14,5005,K1 Mg1 F3,F K Mg ,Pm-3m,221,0,3.9897,3.9897,3.9897,90.0,90.0,90.0,True,ABX3,Kubik
9006966_15,5005,K1 Mg1 F3,F K Mg ,Pm-3m,221,0,3.9897,3.9897,3.9897,90.0,90.0,90.0,True,ABX3,Kubik
9006966_16,5005,K1 Mg1 F3,F K Mg ,Pm-3m,221,0,3.9897,3.9897,3.9897,90.0,90.0,90.0,True,ABX3,Kubik
9006966_17,5005,K1 Mg1 F3,F K Mg ,Pm-3m,221,0,3.9897,3.9897,3.9897,90.0,90.0,90.0,True,ABX3,Kubik
9006966_18,5005,K1 Mg1 F3,F K Mg ,Pm-3m,221,0,3.9897,3.9897,3.9897,90.0,90.0,90.0,True,ABX3,Kubik
9006966_19,5005,K1 Mg1 F3,F K Mg ,Pm-3m,221,0,3.9897,3.9897,3.9897,90.0,90.0,90.0,True,ABX3,Kubik
9006966_20,5005,K1 Mg1 F3,F K Mg ,Pm-3m,221,0,3.9897,3.9897,3.9897,90.0,90.0,90.0,True,ABX3,Kubik
9006966_21,5005,K1 Mg1 F3,F K Mg ,Pm-3m,221,0,3.9897,3.9897,3.9897,90.0,90.0,90.0,True,ABX3,Kubik
9006966_22,5005,K1 Mg1 F3,F K Mg ,Pm-3m,221,0,3.9897,3.9897,3.9897,90.0,90.0,90.0,True,ABX3,Kubik
9006966_23,5005,K1 Mg1 F3,F K Mg ,Pm-3m,221,0,3.9897,3.9897,3.9897,90.0,90.0,90.0,True,ABX3,Kubik
9006966_24,5005,K1 Mg1 F3,F K Mg ,Pm-3m,221,0,3.9897,3.9897,3.9897,90.0,90.0,90.0,True,ABX3,Kubik
1532830_1,5029,Sm4 Sc4 O12,O Sc Sm ,Pnma,62,2,5.5343,5.7622,7.9674,90.0,90.0,90.0,True,ABX3,Ortorombik
1532830_2,5029,Sm4 Sc4 O12,O Sc Sm ,Pnma,62,2,5.5343,5.7622,7.9674,90.0,90.0,90.0,True,ABX3,Ortorombik
1532830_3,5029,Sm4 Sc4 O12,O Sc Sm ,Pnma,62,2,5.5343,5.7622,7.9674,90.0,90.0,90.0,True,ABX3,Ortorombik
1532830_4,5029,Sm4 Sc4 O12,O Sc Sm ,Pnma,62,2,5.5343,5.7622,7.9674,90.0,90.0,90.0,True,ABX3,Ortorombik
1532830_5,5029,Sm4 Sc4 O12,O Sc Sm ,Pnma,62,2,5.5343,5.7622,7.9674,90.0,90.0,90.0,True,ABX3,Ortorombik
1532830_6,5029,Sm4 Sc4 O12,O Sc Sm ,Pnma,62,2,5.5343,5.7622,7.9674,90.0,90.0,90.0,True,ABX3,Ortorombik
1532830_7,5029,Sm4 Sc4 O12,O Sc Sm ,Pnma,62,2,5.5343,5.7622,7.9674,90.0,90.0,90.0,True,ABX3,Ortorombik
1532830_8,5029,Sm4 Sc4 O12,O Sc Sm ,Pnma,62,2,5.5343,5.7622,7.9674,90.0,90.0,90.0,True,ABX3,Ortorombik
1532830_9,5029,Sm4 Sc4 O12,O Sc Sm ,Pnma,62,2,5.5343,5.7622,7.9674,90.0,90.0,90.0,True,ABX3,Ortorombik
1532830_10,5029,Sm4 Sc4 O12,O Sc Sm ,Pnma,62,2,5.5343,5.7622,7.9674,90.0,90.0,90.0,True,ABX3,Ortorombik
1532830_11,5029,Sm4 Sc4 O12,O Sc Sm ,Pnma,62,2,5.5343,5.7622,7.9674,90.0,90.0,90.0,True,ABX3,Ortorombik
1532830_12,5029,Sm4 Sc4 O12,O Sc Sm ,Pnma,62,2,5.5343,5.7622,7.9674,90.0,90.0,90.0,True,ABX3,Ortorombik
1532830_13,5029,Sm4 Sc4 O12,O Sc Sm ,Pnma,62,2,5.5343,5.7622,7.9674,90.0,90.0,90.0,True,ABX3,Ortorombik
1532830_14,5029,Sm4 Sc4 O12,O Sc Sm ,Pnma,62,2,5.5343,5.7622,7.9674,90.0,90.0,90.0,True,ABX3,Ortorombik
1532830_15,5029,Sm4 Sc4 O12,O Sc Sm ,Pnma,62,2,5.5343,5.7622,7.9674,90.0,90.0,90.0,True,ABX3,Ortorombik
1532830_16,5029,Sm4 Sc4 O12,O Sc Sm ,Pnma,62,2,5.5343,5.7622,7.9674,90.0,90.0,90.0,True,ABX3,Ortorombik
1532830_17,5029,Sm4 Sc4 O12,O Sc Sm ,Pnma,62,2,5.5343,5.7622,7.9674,90.0,90.0,90.0,True,ABX3,Ortorombik
1532830_18,5029,Sm4 Sc4 O12,O Sc Sm ,Pnma,62,2,5.5343,5.7622,7.9674,90.0,90.0,90.0,True,ABX3,Ortorombik
1532830_19,5029,Sm4 Sc4 O12,O Sc Sm ,Pnma,62,2,5.5343,5.7622,7.9674,90.0,90.0,90.0,True,ABX3,Ortorombik
1532830_20,5029,Sm4 Sc4 O12,O Sc Sm ,Pnma,62,2,5.5343,5.7622,7.9674,90.0,90.0,90.0,True,ABX3,Ortorombik
1532830_21,5029,Sm4 Sc4 O12,O Sc Sm ,Pnma,62,2,5.5343,5.7622,7.9674,90.0,90.0,90.0,True,ABX3,Ortorombik
1532830_22,5029,Sm4 Sc4 O12,O Sc Sm ,Pnma,62,2,5.5343,5.7622,7.9674,90.0,90.0,90.0,True,ABX3,Ortorombik
1532830_23,5029,Sm4 Sc4 O12,O Sc Sm ,Pnma,62,2,5.5343,5.7622,7.9674,90.0,90.0,90.0,True,ABX3,Ortorombik
1532830_24,5029,Sm4 Sc4 O12,O Sc Sm ,Pnma,62,2,5.5343,5.7622,7.9674,90.0,90.0,90.0,True,ABX3,Ortorombik
1527954_1,5072,Cs4 Sn4 Cl12,Cl Cs Sn ,P2_1/c,14,5,16.1,7.425,5.748,90.0,93.2,90.0,True,ABX3,Monoklinik
1527954_2,5072,Cs4 Sn4 Cl12,Cl Cs Sn ,P2_1/c,14,5,16.1,7.425,5.748,90.0,93.2,90.0,True,ABX3,Monoklinik
1527954_3,5072,Cs4 Sn4 Cl12,Cl Cs Sn ,P2_1/c,14,5,16.1,7.425,5.748,90.0,93.2,90.0,True,ABX3,Monoklinik
1527954_4,5072,Cs4 Sn4 Cl12,Cl Cs Sn ,P2_1/c,14,5,16.1,7.425,5.748,90.0,93.2,90.0,True,ABX3,Monoklinik
1527954_5,5072,Cs4 Sn4 Cl12,Cl Cs Sn ,P2_1/c,14,5,16.1,7.425,5.748,90.0,93.2,90.0,True,ABX3,Monoklinik
1527954_6,5072,Cs4 Sn4 Cl12,Cl Cs Sn ,P2_1/c,14,5,16.1,7.425,5.748,90.0,93.2,90.0,True,ABX3,Monoklinik
1527954_7,5072,Cs4 Sn4 Cl12,Cl Cs Sn ,P2_1/c,14,5,16.1,7.425,5.748,90.0,93.2,90.0,True,ABX3,Monoklinik
1527954_8,5072,Cs4 Sn4 Cl12,Cl Cs Sn ,P2_1/c,14,5,16.1,7.425,5.748,90.0,93.2,90.0,True,ABX3,Monoklinik
1527954_9,5072,Cs4 Sn4 Cl12,Cl Cs Sn ,P2_1/c,14,5,16.1,7.425,5.748,90.0,93.2,90.0,True,ABX3,Monoklinik
1527954_10,5072,Cs4 Sn4 Cl12,Cl Cs Sn ,P2_1/c,14,5,16.1,7.425,5.748,90.0,93.2,90.0,True,ABX3,Monoklinik
1527954_11,5072,Cs4 Sn4 Cl12,Cl Cs Sn ,P2_1/c,14,5,16.1,7.425,5.748,90.0,93.2,90.0,True,ABX3,Monoklinik
1527954_12,5072,Cs4 Sn4 Cl12,Cl Cs Sn ,P2_1/c,14,5,16.1,7.425,5.748,90.0,93.2,90.0,True,ABX3,Monoklinik
1527954_13,5072,Cs4 Sn4 Cl12,Cl Cs Sn ,P2_1/c,14,5,16.1,7.425,5.748,90.0,93.2,90.0,True,ABX3,Monoklinik
1527954_14,5072,Cs4 Sn4 Cl12,Cl Cs Sn ,P2_1/c,14,5,16.1,7.425,5.748,90.0,93.2,90.0,True,ABX3,Monoklinik
1527954_15,5072,Cs4 Sn4 Cl12,Cl Cs Sn ,P2_1/c,14,5,16.1,7.425,5.748,90.0,93.2,90.0,True,ABX3,Monoklinik
1527954_16,5072,Cs4 Sn4 Cl12,Cl Cs Sn ,P2_1/c,14,5,16.1,7.425,5.748,90.0,93.2,90.0,True,ABX3,Monoklinik
1527954_17,5072,Cs4 Sn4 Cl12,Cl Cs Sn ,P2_1/c,14,5,16.1,7.425,5.748,90.0,93.2,90.0,True,ABX3,Monoklinik
1527954_18,5072,Cs4 Sn4 Cl12,Cl Cs Sn ,P2_1/c,14,5,16.1,7.425,5.748,90.0,93.2,90.0,True,ABX3,Monoklinik
1527954_19,5072,Cs4 Sn4 Cl12,Cl Cs Sn ,P2_1/c,14,5,16.1,7.425,5.748,90.0,93.2,90.0,True,ABX3,Monoklinik
1527954_20,5072,Cs4 Sn4 Cl12,Cl Cs Sn ,P2_1/c,14,5,16.1,7.425,5.748,90.0,93.2,90.0,True,ABX3,Monoklinik
1527954_21,5072,Cs4 Sn4 Cl12,Cl Cs Sn ,P2_1/c,14,5,16.1,7.425,5.748,90.0,93.2,90.0,True,ABX3,Monoklinik
1527954_22,5072,Cs4 Sn4 Cl12,Cl Cs Sn ,P2_1/c,14,5,16.1,7.425,5.748,90.0,93.2,90.0,True,ABX3,Monoklinik
1527954_23,5072,Cs4 Sn4 Cl12,Cl Cs Sn ,P2_1/c,14,5,16.1,7.425,5.748,90.0,93.2,90.0,True,ABX3,Monoklinik
1527954_24,5072,Cs4 Sn4 Cl12,Cl Cs Sn ,P2_1/c,14,5,16.1,7.425,5.748,90.0,93.2,90.0,True,ABX3,Monoklinik
1011064_1,5177,Na1 Nb1 O3,Na Nb O ,Pm-3m,221,0,3.906,3.906,3.906,90.0,90.0,90.0,True,ABX3,Kubik
1011064_2,5177,Na1 Nb1 O3,Na Nb O ,Pm-3m,221,0,3.906,3.906,3.906,90.0,90.0,90.0,True,ABX3,Kubik
1011064_3,5177,Na1 Nb1 O3,Na Nb O ,Pm-3m,221,0,3.906,3.906,3.906,90.0,90.0,90.0,True,ABX3,Kubik
1011064_4,5177,Na1 Nb1 O3,Na Nb O ,Pm-3m,221,0,3.906,3.906,3.906,90.0,90.0,90.0,True,ABX3,Kubik
1011064_5,5177,Na1 Nb1 O3,Na Nb O ,Pm-3m,221,0,3.906,3.906,3.906,90.0,90.0,90.0,True,ABX3,Kubik
1011064_6,5177,Na1 Nb1 O3,Na Nb O ,Pm-3m,221,0,3.906,3.906,3.906,90.0,90.0,90.0,True,ABX3,Kubik
1011064_7,5177,Na1 Nb1 O3,Na Nb O ,Pm-3m,221,0,3.906,3.906,3.906,90.0,90.0,90.0,True,ABX3,Kubik
1011064_8,5177,Na1 Nb1 O3,Na Nb O ,Pm-3m,221,0,3.906,3.906,3.906,90.0,90.0,90.0,True,ABX3,Kubik
1011064_9,5177,Na1 Nb1 O3,Na Nb O ,Pm-3m,221,0,3.906,3.906,3.906,90.0,90.0,90.0,True,ABX3,Kubik
1011064_10,5177,Na1 Nb1 O3,Na Nb O ,Pm-3m,221,0,3.906,3.906,3.906,90.0,90.0,90.0,True,ABX3,Kubik
1011064_11,5177,Na1 Nb1 O3,Na Nb O ,Pm-3m,221,0,3.906,3.906,3.906,90.0,90.0,90.0,True,ABX3,Kubik
1011064_12,5177,Na1 Nb1 O3,Na Nb O ,Pm-3m,221,0,3.906,3.906,3.906,90.0,90.0,90.0,True,ABX3,Kubik
1011064_13,5177,Na1 Nb1 O3,Na Nb O ,Pm-3m,221,0,3.906,3.906,3.906,90.0,90.0,90.0,True,ABX3,Kubik
1011064_14,5177,Na1 Nb1 O3,Na Nb O ,Pm-3m,221,0,3.906,3.906,3.906,90.0,90.0,90.0,True,ABX3,Kubik
1011064_15,5177,Na1 Nb1 O3,Na Nb O ,Pm-3m,221,0,3.906,3.906,3.906,90.0,90.0,90.0,True,ABX3,Kubik
1011064_16,5177,Na1 Nb1 O3,Na Nb O ,Pm-3m,221,0,3.906,3.906,3.906,90.0,90.0,90.0,True,ABX3,Kubik
1011064_17,5177,Na1 Nb1 O3,Na Nb O ,Pm-3m,221,0,3.906,3.906,3.906,90.0,90.0,90.0,True,ABX3,Kubik
1011064_18,5177,Na1 Nb1 O3,Na Nb O ,Pm-3m,221,0,3.906,3.906,3.906,90.0,90.0,90.0,True,ABX3,Kubik
1011064_19,5177,Na1 Nb1 O3,Na Nb O ,Pm-3m,221,0,3.906,3.906,3.906,90.0,90.0,90.0,True,ABX3,Kubik
1011064_20,5177,Na1 Nb1 O3,Na Nb O ,Pm-3m,221,0,3.906,3.906,3.906,90.0,90.0,90.0,True,ABX3,Kubik
1011064_21,5177,Na1 Nb1 O3,Na Nb O ,Pm-3m,221,0,3.906,3.906,3.906,90.0,90.0,90.0,True,ABX3,Kubik
1011064_22,5177,Na1 Nb1 O3,Na Nb O ,Pm-3m,221,0,3.906,3.906,3.906,90.0,90.0,90.0,True,ABX3,Kubik
1011064_23,5177,Na1 Nb1 O3,Na Nb O ,Pm-3m,221,0,3.906,3.906,3.906,90.0,90.0,90.0,True,ABX3,Kubik
1011064_24,5177,Na1 Nb1 O3,Na Nb O ,Pm-3m,221,0,3.906,3.906,3.906,90.0,90.0,90.0,True,ABX3,Kubik
1539986_1,5196,Tl4 Fe4 I12,Fe I Tl ,Pnma,62,2,9.967,4.2407,15.981,90.0,90.0,90.0,True,ABX3,Ortorombik
1539986_2,5196,Tl4 Fe4 I12,Fe I Tl ,Pnma,62,2,9.967,4.2407,15.981,90.0,90.0,90.0,True,ABX3,Ortorombik
1539986_3,5196,Tl4 Fe4 I12,Fe I Tl ,Pnma,62,2,9.967,4.2407,15.981,90.0,90.0,90.0,True,ABX3,Ortorombik
1539986_4,5196,Tl4 Fe4 I12,Fe I Tl ,Pnma,62,2,9.967,4.2407,15.981,90.0,90.0,90.0,True,ABX3,Ortorombik
1539986_5,5196,Tl4 Fe4 I12,Fe I Tl ,Pnma,62,2,9.967,4.2407,15.981,90.0,90.0,90.0,True,ABX3,Ortorombik
1539986_6,5196,Tl4 Fe4 I12,Fe I Tl ,Pnma,62,2,9.967,4.2407,15.981,90.0,90.0,90.0,True,ABX3,Ortorombik
1539986_7,5196,Tl4 Fe4 I12,Fe I Tl ,Pnma,62,2,9.967,4.2407,15.981,90.0,90.0,90.0,True,ABX3,Ortorombik
1539986_8,5196,Tl4 Fe4 I12,Fe I Tl ,Pnma,62,2,9.967,4.2407,15.981,90.0,90.0,90.0,True,ABX3,Ortorombik
1539986_9,5196,Tl4 Fe4 I12,Fe I Tl ,Pnma,62,2,9.967,4.2407,15.981,90.0,90.0,90.0,True,ABX3,Ortorombik
1539986_10,5196,Tl4 Fe4 I12,Fe I Tl ,Pnma,62,2,9.967,4.2407,15.981,90.0,90.0,90.0,True,ABX3,Ortorombik
1539986_11,5196,Tl4 Fe4 I12,Fe I Tl ,Pnma,62,2,9.967,4.2407,15.981,90.0,90.0,90.0,True,ABX3,Ortorombik
1539986_12,5196,Tl4 Fe4 I12,Fe I Tl ,Pnma,62,2,9.967,4.2407,15.981,90.0,90.0,90.0,True,ABX3,Ortorombik
1539986_13,5196,Tl4 Fe4 I12,Fe I Tl ,Pnma,62,2,9.967,4.2407,15.981,90.0,90.0,90.0,True,ABX3,Ortorombik
1539986_14,5196,Tl4 Fe4 I12,Fe I Tl ,Pnma,62,2,9.967,4.2407,15.981,90.0,90.0,90.0,True,ABX3,Ortorombik
1539986_15,5196,Tl4 Fe4 I12,Fe I Tl ,Pnma,62,2,9.967,4.2407,15.981,90.0,90.0,90.0,True,ABX3,Ortorombik
1539986_16,5196,Tl4 Fe4 I12,Fe I Tl ,Pnma,62,2,9.967,4.2407,15.981,90.0,90.0,90.0,True,ABX3,Ortorombik
1539986_17,5196,Tl4 Fe4 I12,Fe I Tl ,Pnma,62,2,9.967,4.2407,15.981,90.0,90.0,90.0,True,ABX3,Ortorombik
1539986_18,5196,Tl4 Fe4 I12,Fe I Tl ,Pnma,62,2,9.967,4.2407,15.981,90.0,90.0,90.0,True,ABX3,Ortorombik
1539986_19,5196,Tl4 Fe4 I12,Fe I Tl ,Pnma,62,2,9.967,4.2407,15.981,90.0,90.0,90.0,True,ABX3,Ortorombik
1539986_20,5196,Tl4 Fe4 I12,Fe I Tl ,Pnma,62,2,9.967,4.2407,15.981,90.0,90.0,90.0,True,ABX3,Ortorombik
1539986_21,5196,Tl4 Fe4 I12,Fe I Tl ,Pnma,62,2,9.967,4.2407,15.981,90.0,90.0,90.0,True,ABX3,Ortorombik
1539986_22,5196,Tl4 Fe4 I12,Fe I Tl ,Pnma,62,2,9.967,4.2407,15.981,90.0,90.0,90.0,True,ABX3,Ortorombik
1539986_23,5196,Tl4 Fe4 I12,Fe I Tl ,Pnma,62,2,9.967,4.2407,15.981,90.0,90.0,90.0,True,ABX3,Ortorombik
1539986_24,5196,Tl4 Fe4 I12,Fe I Tl ,Pnma,62,2,9.967,4.2407,15.981,90.0,90.0,90.0,True,ABX3,Ortorombik
9016443_1,5227,Y16.008 Zr15.992 O48,O Y Zr ,Ia-3,206,0,10.5392,10.5392,10.5392,90.0,90.0,90.0,True,ABX3,Kubik
9016443_2,5227,Y16.008 Zr15.992 O48,O Y Zr ,Ia-3,206,0,10.5392,10.5392,10.5392,90.0,90.0,90.0,True,ABX3,Kubik
9016443_3,5227,Y16.008 Zr15.992 O48,O Y Zr ,Ia-3,206,0,10.5392,10.5392,10.5392,90.0,90.0,90.0,True,ABX3,Kubik
9016443_4,5227,Y16.008 Zr15.992 O48,O Y Zr ,Ia-3,206,0,10.5392,10.5392,10.5392,90.0,90.0,90.0,True,ABX3,Kubik
9016443_5,5227,Y16.008 Zr15.992 O48,O Y Zr ,Ia-3,206,0,10.5392,10.5392,10.5392,90.0,90.0,90.0,True,ABX3,Kubik
9016443_6,5227,Y16.008 Zr15.992 O48,O Y Zr ,Ia-3,206,0,10.5392,10.5392,10.5392,90.0,90.0,90.0,True,ABX3,Kubik
9016443_7,5227,Y16.008 Zr15.992 O48,O Y Zr ,Ia-3,206,0,10.5392,10.5392,10.5392,90.0,90.0,90.0,True,ABX3,Kubik
9016443_8,5227,Y16.008 Zr15.992 O48,O Y Zr ,Ia-3,206,0,10.5392,10.5392,10.5392,90.0,90.0,90.0,True,ABX3,Kubik
9016443_9,5227,Y16.008 Zr15.992 O48,O Y Zr ,Ia-3,206,0,10.5392,10.5392,10.5392,90.0,90.0,90.0,True,ABX3,Kubik
9016443_10,5227,Y16.008 Zr15.992 O48,O Y Zr ,Ia-3,206,0,10.5392,10.5392,10.5392,90.0,90.0,90.0,True,ABX3,Kubik
9016443_11,5227,Y16.008 Zr15.992 O48,O Y Zr ,Ia-3,206,0,10.5392,10.5392,10.5392,90.0,90.0,90.0,True,ABX3,Kubik
9016443_12,5227,Y16.008 Zr15.992 O48,O Y Zr ,Ia-3,206,0,10.5392,10.5392,10.5392,90.0,90.0,90.0,True,ABX3,Kubik
9016443_13,5227,Y16.008 Zr15.992 O48,O Y Zr ,Ia-3,206,0,10.5392,10.5392,10.5392,90.0,90.0,90.0,True,ABX3,Kubik
9016443_14,5227,Y16.008 Zr15.992 O48,O Y Zr ,Ia-3,206,0,10.5392,10.5392,10.5392,90.0,90.0,90.0,True,ABX3,Kubik
9016443_15,5227,Y16.008 Zr15.992 O48,O Y Zr ,Ia-3,206,0,10.5392,10.5392,10.5392,90.0,90.0,90.0,True,ABX3,Kubik
9016443_16,5227,Y16.008 Zr15.992 O48,O Y Zr ,Ia-3,206,0,10.5392,10.5392,10.5392,90.0,90.0,90.0,True,ABX3,Kubik
9016443_17,5227,Y16.008 Zr15.992 O48,O Y Zr ,Ia-3,206,0,10.5392,10.5392,10.5392,90.0,90.0,90.0,True,ABX3,Kubik
9016443_18,5227,Y16.008 Zr15.992 O48,O Y Zr ,Ia-3,206,0,10.5392,10.5392,10.5392,90.0,90.0,90.0,True,ABX3,Kubik
9016443_19,5227,Y16.008 Zr15.992 O48,O Y Zr ,Ia-3,206,0,10.5392,10.5392,10.5392,90.0,90.0,90.0,True,ABX3,Kubik
9016443_20,5227,Y16.008 Zr15.992 O48,O Y Zr ,Ia-3,206,0,10.5392,10.5392,10.5392,90.0,90.0,90.0,True,ABX3,Kubik
9016443_21,5227,Y16.008 Zr15.992 O48,O Y Zr ,Ia-3,206,0,10.5392,10.5392,10.5392,90.0,90.0,90.0,True,ABX3,Kubik
9016443_22,5227,Y16.008 Zr15.992 O48,O Y Zr ,Ia-3,206,0,10.5392,10.5392,10.5392,90.0,90.0,90.0,True,ABX3,Kubik
9016443_23,5227,Y16.008 Zr15.992 O48,O Y Zr ,Ia-3,206,0,10.5392,10.5392,10.5392,90.0,90.0,90.0,True,ABX3,Kubik
9016443_24,5227,Y16.008 Zr15.992 O48,O Y Zr ,Ia-3,206,0,10.5392,10.5392,10.5392,90.0,90.0,90.0,True,ABX3,Kubik
1542125_1,5239,Na1 Ta1 O3,Na O Ta ,Pm-3m,221,0,3.931,3.931,3.931,90.0,90.0,90.0,True,ABX3,Kubik
1542125_2,5239,Na1 Ta1 O3,Na O Ta ,Pm-3m,221,0,3.931,3.931,3.931,90.0,90.0,90.0,True,ABX3,Kubik
1542125_3,5239,Na1 Ta1 O3,Na O Ta ,Pm-3m,221,0,3.931,3.931,3.931,90.0,90.0,90.0,True,ABX3,Kubik
1542125_4,5239,Na1 Ta1 O3,Na O Ta ,Pm-3m,221,0,3.931,3.931,3.931,90.0,90.0,90.0,True,ABX3,Kubik
1542125_5,5239,Na1 Ta1 O3,Na O Ta ,Pm-3m,221,0,3.931,3.931,3.931,90.0,90.0,90.0,True,ABX3,Kubik
1542125_6,5239,Na1 Ta1 O3,Na O Ta ,Pm-3m,221,0,3.931,3.931,3.931,90.0,90.0,90.0,True,ABX3,Kubik
1542125_7,5239,Na1 Ta1 O3,Na O Ta ,Pm-3m,221,0,3.931,3.931,3.931,90.0,90.0,90.0,True,ABX3,Kubik
1542125_8,5239,Na1 Ta1 O3,Na O Ta ,Pm-3m,221,0,3.931,3.931,3.931,90.0,90.0,90.0,True,ABX3,Kubik
1542125_9,5239,Na1 Ta1 O3,Na O Ta ,Pm-3m,221,0,3.931,3.931,3.931,90.0,90.0,90.0,True,ABX3,Kubik
1542125_10,5239,Na1 Ta1 O3,Na O Ta ,Pm-3m,221,0,3.931,3.931,3.931,90.0,90.0,90.0,True,ABX3,Kubik
1542125_11,5239,Na1 Ta1 O3,Na O Ta ,Pm-3m,221,0,3.931,3.931,3.931,90.0,90.0,90.0,True,ABX3,Kubik
1542125_12,5239,Na1 Ta1 O3,Na O Ta ,Pm-3m,221,0,3.931,3.931,3.931,90.0,90.0,90.0,True,ABX3,Kubik
1542125_13,5239,Na1 Ta1 O3,Na O Ta ,Pm-3m,221,0,3.931,3.931,3.931,90.0,90.0,90.0,True,ABX3,Kubik
1542125_14,5239,Na1 Ta1 O3,Na O Ta ,Pm-3m,221,0,3.931,3.931,3.931,90.0,90.0,90.0,True,ABX3,Kubik
1542125_15,5239,Na1 Ta1 O3,Na O Ta ,Pm-3m,221,0,3.931,3.931,3.931,90.0,90.0,90.0,True,ABX3,Kubik
1542125_16,5239,Na1 Ta1 O3,Na O Ta ,Pm-3m,221,0,3.931,3.931,3.931,90.0,90.0,90.0,True,ABX3,Kubik
1542125_17,5239,Na1 Ta1 O3,Na O Ta ,Pm-3m,221,0,3.931,3.931,3.931,90.0,90.0,90.0,True,ABX3,Kubik
1542125_18,5239,Na1 Ta1 O3,Na O Ta ,Pm-3m,221,0,3.931,3.931,3.931,90.0,90.0,90.0,True,ABX3,Kubik
1542125_19,5239,Na1 Ta1 O3,Na O Ta ,Pm-3m,221,0,3.931,3.931,3.931,90.0,90.0,90.0,True,ABX3,Kubik
1542125_20,5239,Na1 Ta1 O3,Na O Ta ,Pm-3m,221,0,3.931,3.931,3.931,90.0,90.0,90.0,True,ABX3,Kubik
1542125_21,5239,Na1 Ta1 O3,Na O Ta ,Pm-3m,221,0,3.931,3.931,3.931,90.0,90.0,90.0,True,ABX3,Kubik
1542125_22,5239,Na1 Ta1 O3,Na O Ta ,Pm-3m,221,0,3.931,3.931,3.931,90.0,90.0,90.0,True,ABX3,Kubik
1542125_23,5239,Na1 Ta1 O3,Na O Ta ,Pm-3m,221,0,3.931,3.931,3.931,90.0,90.0,90.0,True,ABX3,Kubik
1542125_24,5239,Na1 Ta1 O3,Na O Ta ,Pm-3m,221,0,3.931,3.931,3.931,90.0,90.0,90.0,True,ABX3,Kubik
4343671_1,5241,Cs8 Cu8 Br24,Br Cs Cu ,C222_1,20,2,12.776,7.666,12.653,90.0,90.0,90.0,True,ABX3,Ortorombik
4343671_2,5241,Cs8 Cu8 Br24,Br Cs Cu ,C222_1,20,2,12.776,7.666,12.653,90.0,90.0,90.0,True,ABX3,Ortorombik
4343671_3,5241,Cs8 Cu8 Br24,Br Cs Cu ,C222_1,20,2,12.776,7.666,12.653,90.0,90.0,90.0,True,ABX3,Ortorombik
4343671_4,5241,Cs8 Cu8 Br24,Br Cs Cu ,C222_1,20,2,12.776,7.666,12.653,90.0,90.0,90.0,True,ABX3,Ortorombik
4343671_5,5241,Cs8 Cu8 Br24,Br Cs Cu ,C222_1,20,2,12.776,7.666,12.653,90.0,90.0,90.0,True,ABX3,Ortorombik
4343671_6,5241,Cs8 Cu8 Br24,Br Cs Cu ,C222_1,20,2,12.776,7.666,12.653,90.0,90.0,90.0,True,ABX3,Ortorombik
4343671_7,5241,Cs8 Cu8 Br24,Br Cs Cu ,C222_1,20,2,12.776,7.666,12.653,90.0,90.0,90.0,True,ABX3,Ortorombik
4343671_8,5241,Cs8 Cu8 Br24,Br Cs Cu ,C222_1,20,2,12.776,7.666,12.653,90.0,90.0,90.0,True,ABX3,Ortorombik
4343671_9,5241,Cs8 Cu8 Br24,Br Cs Cu ,C222_1,20,2,12.776,7.666,12.653,90.0,90.0,90.0,True,ABX3,Ortorombik
4343671_10,5241,Cs8 Cu8 Br24,Br Cs Cu ,C222_1,20,2,12.776,7.666,12.653,90.0,90.0,90.0,True,ABX3,Ortorombik
4343671_11,5241,Cs8 Cu8 Br24,Br Cs Cu ,C222_1,20,2,12.776,7.666,12.653,90.0,90.0,90.0,True,ABX3,Ortorombik
4343671_12,5241,Cs8 Cu8 Br24,Br Cs Cu ,C222_1,20,2,12.776,7.666,12.653,90.0,90.0,90.0,True,ABX3,Ortorombik
4343671_13,5241,Cs8 Cu8 Br24,Br Cs Cu ,C222_1,20,2,12.776,7.666,12.653,90.0,90.0,90.0,True,ABX3,Ortorombik
4343671_14,5241,Cs8 Cu8 Br24,Br Cs Cu ,C222_1,20,2,12.776,7.666,12.653,90.0,90.0,90.0,True,ABX3,Ortorombik
4343671_15,5241,Cs8 Cu8 Br24,Br Cs Cu ,C222_1,20,2,12.776,7.666,12.653,90.0,90.0,90.0,True,ABX3,Ortorombik
4343671_16,5241,Cs8 Cu8 Br24,Br Cs Cu ,C222_1,20,2,12.776,7.666,12.653,90.0,90.0,90.0,True,ABX3,Ortorombik
4343671_17,5241,Cs8 Cu8 Br24,Br Cs Cu ,C222_1,20,2,12.776,7.666,12.653,90.0,90.0,90.0,True,ABX3,Ortorombik
4343671_18,5241,Cs8 Cu8 Br24,Br Cs Cu ,C222_1,20,2,12.776,7.666,12.653,90.0,90.0,90.0,True,ABX3,Ortorombik
4343671_19,5241,Cs8 Cu8 Br24,Br Cs Cu ,C222_1,20,2,12.776,7.666,12.653,90.0,90.0,90.0,True,ABX3,Ortorombik
4343671_20,5241,Cs8 Cu8 Br24,Br Cs Cu ,C222_1,20,2,12.776,7.666,12.653,90.0,90.0,90.0,True,ABX3,Ortorombik
4343671_21,5241,Cs8 Cu8 Br24,Br Cs Cu ,C222_1,20,2,12.776,7.666,12.653,90.0,90.0,90.0,True,ABX3,Ortorombik
4343671_22,5241,Cs8 Cu8 Br24,Br Cs Cu ,C222_1,20,2,12.776,7.666,12.653,90.0,90.0,90.0,True,ABX3,Ortorombik
4343671_23,5241,Cs8 Cu8 Br24,Br Cs Cu ,C222_1,20,2,12.776,7.666,12.653,90.0,90.0,90.0,True,ABX3,Ortorombik
4343671_24,5241,Cs8 Cu8 Br24,Br Cs Cu ,C222_1,20,2,12.776,7.666,12.653,90.0,90.0,90.0,True,ABX3,Ortorombik
2310618_1,5300,Ca4 Ti4 O12,Ca O Ti ,Pnma,62,2,5.367,7.6438,5.4439,90.0,90.0,90.0,True,ABX3,Ortorombik
2310618_2,5300,Ca4 Ti4 O12,Ca O Ti ,Pnma,62,2,5.367,7.6438,5.4439,90.0,90.0,90.0,True,ABX3,Ortorombik
2310618_3,5300,Ca4 Ti4 O12,Ca O Ti ,Pnma,62,2,5.367,7.6438,5.4439,90.0,90.0,90.0,True,ABX3,Ortorombik
2310618_4,5300,Ca4 Ti4 O12,Ca O Ti ,Pnma,62,2,5.367,7.6438,5.4439,90.0,90.0,90.0,True,ABX3,Ortorombik
2310618_5,5300,Ca4 Ti4 O12,Ca O Ti ,Pnma,62,2,5.367,7.6438,5.4439,90.0,90.0,90.0,True,ABX3,Ortorombik
2310618_6,5300,Ca4 Ti4 O12,Ca O Ti ,Pnma,62,2,5.367,7.6438,5.4439,90.0,90.0,90.0,True,ABX3,Ortorombik
2310618_7,5300,Ca4 Ti4 O12,Ca O Ti ,Pnma,62,2,5.367,7.6438,5.4439,90.0,90.0,90.0,True,ABX3,Ortorombik
2310618_8,5300,Ca4 Ti4 O12,Ca O Ti ,Pnma,62,2,5.367,7.6438,5.4439,90.0,90.0,90.0,True,ABX3,Ortorombik
2310618_9,5300,Ca4 Ti4 O12,Ca O Ti ,Pnma,62,2,5.367,7.6438,5.4439,90.0,90.0,90.0,True,ABX3,Ortorombik
2310618_10,5300,Ca4 Ti4 O12,Ca O Ti ,Pnma,62,2,5.367,7.6438,5.4439,90.0,90.0,90.0,True,ABX3,Ortorombik
2310618_11,5300,Ca4 Ti4 O12,Ca O Ti ,Pnma,62,2,5.367,7.6438,5.4439,90.0,90.0,90.0,True,ABX3,Ortorombik
2310618_12,5300,Ca4 Ti4 O12,Ca O Ti ,Pnma,62,2,5.367,7.6438,5.4439,90.0,90.0,90.0,True,ABX3,Ortorombik
2310618_13,5300,Ca4 Ti4 O12,Ca O Ti ,Pnma,62,2,5.367,7.6438,5.4439,90.0,90.0,90.0,True,ABX3,Ortorombik
2310618_14,5300,Ca4 Ti4 O12,Ca O Ti ,Pnma,62,2,5.367,7.6438,5.4439,90.0,90.0,90.0,True,ABX3,Ortorombik
2310618_15,5300,Ca4 Ti4 O12,Ca O Ti ,Pnma,62,2,5.367,7.6438,5.4439,90.0,90.0,90.0,True,ABX3,Ortorombik
2310618_16,5300,Ca4 Ti4 O12,Ca O Ti ,Pnma,62,2,5.367,7.6438,5.4439,90.0,90.0,90.0,True,ABX3,Ortorombik
2310618_17,5300,Ca4 Ti4 O12,Ca O Ti ,Pnma,62,2,5.367,7.6438,5.4439,90.0,90.0,90.0,True,ABX3,Ortorombik
2310618_18,5300,Ca4 Ti4 O12,Ca O Ti ,Pnma,62,2,5.367,7.6438,5.4439,90.0,90.0,90.0,True,ABX3,Ortorombik
2310618_19,5300,Ca4 Ti4 O12,Ca O Ti ,Pnma,62,2,5.367,7.6438,5.4439,90.0,90.0,90.0,True,ABX3,Ortorombik
2310618_20,5300,Ca4 Ti4 O12,Ca O Ti ,Pnma,62,2,5.367,7.6438,5.4439,90.0,90.0,90.0,True,ABX3,Ortorombik
2310618_21,5300,Ca4 Ti4 O12,Ca O Ti ,Pnma,62,2,5.367,7.6438,5.4439,90.0,90.0,90.0,True,ABX3,Ortorombik
2310618_22,5300,Ca4 Ti4 O12,Ca O Ti ,Pnma,62,2,5.367,7.6438,5.4439,90.0,90.0,90.0,True,ABX3,Ortorombik
2310618_23,5300,Ca4 Ti4 O12,Ca O Ti ,Pnma,62,2,5.367,7.6438,5.4439,90.0,90.0,90.0,True,ABX3,Ortorombik
2310618_24,5300,Ca4 Ti4 O12,Ca O Ti ,Pnma,62,2,5.367,7.6438,5.4439,90.0,90.0,90.0,True,ABX3,Ortorombik
4511448_1,5693,Nd4 Rh4 O12,Nd O Rh ,Pnma,62,2,5.7524,7.7703,5.3758,90.0,90.0,90.0,True,ABX3,Ortorombik
4511448_2,5693,Nd4 Rh4 O12,Nd O Rh ,Pnma,62,2,5.7524,7.7703,5.3758,90.0,90.0,90.0,True,ABX3,Ortorombik
4511448_3,5693,Nd4 Rh4 O12,Nd O Rh ,Pnma,62,2,5.7524,7.7703,5.3758,90.0,90.0,90.0,True,ABX3,Ortorombik
4511448_4,5693,Nd4 Rh4 O12,Nd O Rh ,Pnma,62,2,5.7524,7.7703,5.3758,90.0,90.0,90.0,True,ABX3,Ortorombik
4511448_5,5693,Nd4 Rh4 O12,Nd O Rh ,Pnma,62,2,5.7524,7.7703,5.3758,90.0,90.0,90.0,True,ABX3,Ortorombik
4511448_6,5693,Nd4 Rh4 O12,Nd O Rh ,Pnma,62,2,5.7524,7.7703,5.3758,90.0,90.0,90.0,True,ABX3,Ortorombik
4511448_7,5693,Nd4 Rh4 O12,Nd O Rh ,Pnma,62,2,5.7524,7.7703,5.3758,90.0,90.0,90.0,True,ABX3,Ortorombik
4511448_8,5693,Nd4 Rh4 O12,Nd O Rh ,Pnma,62,2,5.7524,7.7703,5.3758,90.0,90.0,90.0,True,ABX3,Ortorombik
4511448_9,5693,Nd4 Rh4 O12,Nd O Rh ,Pnma,62,2,5.7524,7.7703,5.3758,90.0,90.0,90.0,True,ABX3,Ortorombik
4511448_10,5693,Nd4 Rh4 O12,Nd O Rh ,Pnma,62,2,5.7524,7.7703,5.3758,90.0,90.0,90.0,True,ABX3,Ortorombik
4511448_11,5693,Nd4 Rh4 O12,Nd O Rh ,Pnma,62,2,5.7524,7.7703,5.3758,90.0,90.0,90.0,True,ABX3,Ortorombik
4511448_12,5693,Nd4 Rh4 O12,Nd O Rh ,Pnma,62,2,5.7524,7.7703,5.3758,90.0,90.0,90.0,True,ABX3,Ortorombik
4511448_13,5693,Nd4 Rh4 O12,Nd O Rh ,Pnma,62,2,5.7524,7.7703,5.3758,90.0,90.0,90.0,True,ABX3,Ortorombik
4511448_14,5693,Nd4 Rh4 O12,Nd O Rh ,Pnma,62,2,5.7524,7.7703,5.3758,90.0,90.0,90.0,True,ABX3,Ortorombik
4511448_15,5693,Nd4 Rh4 O12,Nd O Rh ,Pnma,62,2,5.7524,7.7703,5.3758,90.0,90.0,90.0,True,ABX3,Ortorombik
4511448_16,5693,Nd4 Rh4 O12,Nd O Rh ,Pnma,62,2,5.7524,7.7703,5.3758,90.0,90.0,90.0,True,ABX3,Ortorombik
4511448_17,5693,Nd4 Rh4 O12,Nd O Rh ,Pnma,62,2,5.7524,7.7703,5.3758,90.0,90.0,90.0,True,ABX3,Ortorombik
4511448_18,5693,Nd4 Rh4 O12,Nd O Rh ,Pnma,62,2,5.7524,7.7703,5.3758,90.0,90.0,90.0,True,ABX3,Ortorombik
4511448_19,5693,Nd4 Rh4 O12,Nd O Rh ,Pnma,62,2,5.7524,7.7703,5.3758,90.0,90.0,90.0,True,ABX3,Ortorombik
4511448_20,5693,Nd4 Rh4 O12,Nd O Rh ,Pnma,62,2,5.7524,7.7703,5.3758,90.0,90.0,90.0,True,ABX3,Ortorombik
4511448_21,5693,Nd4 Rh4 O12,Nd O Rh ,Pnma,62,2,5.7524,7.7703,5.3758,90.0,90.0,90.0,True,ABX3,Ortorombik
4511448_22,5693,Nd4 Rh4 O12,Nd O Rh ,Pnma,62,2,5.7524,7.7703,5.3758,90.0,90.0,90.0,True,ABX3,Ortorombik
4511448_23,5693,Nd4 Rh4 O12,Nd O Rh ,Pnma,62,2,5.7524,7.7703,5.3758,90.0,90.0,90.0,True,ABX3,Ortorombik
4511448_24,5693,Nd4 Rh4 O12,Nd O Rh ,Pnma,62,2,5.7524,7.7703,5.3758,90.0,90.0,90.0,True,ABX3,Ortorombik
1525570_1,5758,Tm4 Ni4 O12,Ni O Tm ,P2_1/c,14,5,5.1453,5.5038,7.375,90.0,90.115,90.0,True,ABX3,Monoklinik
1525570_2,5758,Tm4 Ni4 O12,Ni O Tm ,P2_1/c,14,5,5.1453,5.5038,7.375,90.0,90.115,90.0,True,ABX3,Monoklinik
1525570_3,5758,Tm4 Ni4 O12,Ni O Tm ,P2_1/c,14,5,5.1453,5.5038,7.375,90.0,90.115,90.0,True,ABX3,Monoklinik
1525570_4,5758,Tm4 Ni4 O12,Ni O Tm ,P2_1/c,14,5,5.1453,5.5038,7.375,90.0,90.115,90.0,True,ABX3,Monoklinik
1525570_5,5758,Tm4 Ni4 O12,Ni O Tm ,P2_1/c,14,5,5.1453,5.5038,7.375,90.0,90.115,90.0,True,ABX3,Monoklinik
1525570_6,5758,Tm4 Ni4 O12,Ni O Tm ,P2_1/c,14,5,5.1453,5.5038,7.375,90.0,90.115,90.0,True,ABX3,Monoklinik
1525570_7,5758,Tm4 Ni4 O12,Ni O Tm ,P2_1/c,14,5,5.1453,5.5038,7.375,90.0,90.115,90.0,True,ABX3,Monoklinik
1525570_8,5758,Tm4 Ni4 O12,Ni O Tm ,P2_1/c,14,5,5.1453,5.5038,7.375,90.0,90.115,90.0,True,ABX3,Monoklinik
1525570_9,5758,Tm4 Ni4 O12,Ni O Tm ,P2_1/c,14,5,5.1453,5.5038,7.375,90.0,90.115,90.0,True,ABX3,Monoklinik
1525570_10,5758,Tm4 Ni4 O12,Ni O Tm ,P2_1/c,14,5,5.1453,5.5038,7.375,90.0,90.115,90.0,True,ABX3,Monoklinik
1525570_11,5758,Tm4 Ni4 O12,Ni O Tm ,P2_1/c,14,5,5.1453,5.5038,7.375,90.0,90.115,90.0,True,ABX3,Monoklinik
1525570_12,5758,Tm4 Ni4 O12,Ni O Tm ,P2_1/c,14,5,5.1453,5.5038,7.375,90.0,90.115,90.0,True,ABX3,Monoklinik
1525570_13,5758,Tm4 Ni4 O12,Ni O Tm ,P2_1/c,14,5,5.1453,5.5038,7.375,90.0,90.115,90.0,True,ABX3,Monoklinik
1525570_14,5758,Tm4 Ni4 O12,Ni O Tm ,P2_1/c,14,5,5.1453,5.5038,7.375,90.0,90.115,90.0,True,ABX3,Monoklinik
1525570_15,5758,Tm4 Ni4 O12,Ni O Tm ,P2_1/c,14,5,5.1453,5.5038,7.375,90.0,90.115,90.0,True,ABX3,Monoklinik
1525570_16,5758,Tm4 Ni4 O12,Ni O Tm ,P2_1/c,14,5,5.1453,5.5038,7.375,90.0,90.115,90.0,True,ABX3,Monoklinik
1525570_17,5758,Tm4 Ni4 O12,Ni O Tm ,P2_1/c,14,5,5.1453,5.5038,7.375,90.0,90.115,90.0,True,ABX3,Monoklinik
1525570_18,5758,Tm4 Ni4 O12,Ni O Tm ,P2_1/c,14,5,5.1453,5.5038,7.375,90.0,90.115,90.0,True,ABX3,Monoklinik
1525570_19,5758,Tm4 Ni4 O12,Ni O Tm ,P2_1/c,14,5,5.1453,5.5038,7.375,90.0,90.115,90.0,True,ABX3,Monoklinik
1525570_20,5758,Tm4 Ni4 O12,Ni O Tm ,P2_1/c,14,5,5.1453,5.5038,7.375,90.0,90.115,90.0,True,ABX3,Monoklinik
1525570_21,5758,Tm4 Ni4 O12,Ni O Tm ,P2_1/c,14,5,5.1453,5.5038,7.375,90.0,90.115,90.0,True,ABX3,Monoklinik
1525570_22,5758,Tm4 Ni4 O12,Ni O Tm ,P2_1/c,14,5,5.1453,5.5038,7.375,90.0,90.115,90.0,True,ABX3,Monoklinik
1525570_23,5758,Tm4 Ni4 O12,Ni O Tm ,P2_1/c,14,5,5.1453,5.5038,7.375,90.0,90.115,90.0,True,ABX3,Monoklinik
1525570_24,5758,Tm4 Ni4 O12,Ni O Tm ,P2_1/c,14,5,5.1453,5.5038,7.375,90.0,90.115,90.0,True,ABX3,Monoklinik
1530478_1,5867,Rb4 Cd4 Cl12,Cd Cl Rb ,Pnma,62,2,8.949,4.026,14.93,90.0,90.0,90.0,True,ABX3,Ortorombik
1530478_2,5867,Rb4 Cd4 Cl12,Cd Cl Rb ,Pnma,62,2,8.949,4.026,14.93,90.0,90.0,90.0,True,ABX3,Ortorombik
1530478_3,5867,Rb4 Cd4 Cl12,Cd Cl Rb ,Pnma,62,2,8.949,4.026,14.93,90.0,90.0,90.0,True,ABX3,Ortorombik
1530478_4,5867,Rb4 Cd4 Cl12,Cd Cl Rb ,Pnma,62,2,8.949,4.026,14.93,90.0,90.0,90.0,True,ABX3,Ortorombik
1530478_5,5867,Rb4 Cd4 Cl12,Cd Cl Rb ,Pnma,62,2,8.949,4.026,14.93,90.0,90.0,90.0,True,ABX3,Ortorombik
1530478_6,5867,Rb4 Cd4 Cl12,Cd Cl Rb ,Pnma,62,2,8.949,4.026,14.93,90.0,90.0,90.0,True,ABX3,Ortorombik
1530478_7,5867,Rb4 Cd4 Cl12,Cd Cl Rb ,Pnma,62,2,8.949,4.026,14.93,90.0,90.0,90.0,True,ABX3,Ortorombik
1530478_8,5867,Rb4 Cd4 Cl12,Cd Cl Rb ,Pnma,62,2,8.949,4.026,14.93,90.0,90.0,90.0,True,ABX3,Ortorombik
1530478_9,5867,Rb4 Cd4 Cl12,Cd Cl Rb ,Pnma,62,2,8.949,4.026,14.93,90.0,90.0,90.0,True,ABX3,Ortorombik
1530478_10,5867,Rb4 Cd4 Cl12,Cd Cl Rb ,Pnma,62,2,8.949,4.026,14.93,90.0,90.0,90.0,True,ABX3,Ortorombik
1530478_11,5867,Rb4 Cd4 Cl12,Cd Cl Rb ,Pnma,62,2,8.949,4.026,14.93,90.0,90.0,90.0,True,ABX3,Ortorombik
1530478_12,5867,Rb4 Cd4 Cl12,Cd Cl Rb ,Pnma,62,2,8.949,4.026,14.93,90.0,90.0,90.0,True,ABX3,Ortorombik
1530478_13,5867,Rb4 Cd4 Cl12,Cd Cl Rb ,Pnma,62,2,8.949,4.026,14.93,90.0,90.0,90.0,True,ABX3,Ortorombik
1530478_14,5867,Rb4 Cd4 Cl12,Cd Cl Rb ,Pnma,62,2,8.949,4.026,14.93,90.0,90.0,90.0,True,ABX3,Ortorombik
1530478_15,5867,Rb4 Cd4 Cl12,Cd Cl Rb ,Pnma,62,2,8.949,4.026,14.93,90.0,90.0,90.0,True,ABX3,Ortorombik
1530478_16,5867,Rb4 Cd4 Cl12,Cd Cl Rb ,Pnma,62,2,8.949,4.026,14.93,90.0,90.0,90.0,True,ABX3,Ortorombik
1530478_17,5867,Rb4 Cd4 Cl12,Cd Cl Rb ,Pnma,62,2,8.949,4.026,14.93,90.0,90.0,90.0,True,ABX3,Ortorombik
1530478_18,5867,Rb4 Cd4 Cl12,Cd Cl Rb ,Pnma,62,2,8.949,4.026,14.93,90.0,90.0,90.0,True,ABX3,Ortorombik
1530478_19,5867,Rb4 Cd4 Cl12,Cd Cl Rb ,Pnma,62,2,8.949,4.026,14.93,90.0,90.0,90.0,True,ABX3,Ortorombik
1530478_20,5867,Rb4 Cd4 Cl12,Cd Cl Rb ,Pnma,62,2,8.949,4.026,14.93,90.0,90.0,90.0,True,ABX3,Ortorombik
1530478_21,5867,Rb4 Cd4 Cl12,Cd Cl Rb ,Pnma,62,2,8.949,4.026,14.93,90.0,90.0,90.0,True,ABX3,Ortorombik
1530478_22,5867,Rb4 Cd4 Cl12,Cd Cl Rb ,Pnma,62,2,8.949,4.026,14.93,90.0,90.0,90.0,True,ABX3,Ortorombik
1530478_23,5867,Rb4 Cd4 Cl12,Cd Cl Rb ,Pnma,62,2,8.949,4.026,14.93,90.0,90.0,90.0,True,ABX3,Ortorombik
1530478_24,5867,Rb4 Cd4 Cl12,Cd Cl Rb ,Pnma,62,2,8.949,4.026,14.93,90.0,90.0,90.0,True,ABX3,Ortorombik
1008375_1,5909,Ba4 V4 S12,Ba S V ,Cmc2_1,36,2,6.7572,11.4866,5.5994,90.0,90.0,90.0,True,ABX3,Ortorombik
1008375_2,5909,Ba4 V4 S12,Ba S V ,Cmc2_1,36,2,6.7572,11.4866,5.5994,90.0,90.0,90.0,True,ABX3,Ortorombik
1008375_3,5909,Ba4 V4 S12,Ba S V ,Cmc2_1,36,2,6.7572,11.4866,5.5994,90.0,90.0,90.0,True,ABX3,Ortorombik
1008375_4,5909,Ba4 V4 S12,Ba S V ,Cmc2_1,36,2,6.7572,11.4866,5.5994,90.0,90.0,90.0,True,ABX3,Ortorombik
1008375_5,5909,Ba4 V4 S12,Ba S V ,Cmc2_1,36,2,6.7572,11.4866,5.5994,90.0,90.0,90.0,True,ABX3,Ortorombik
1008375_6,5909,Ba4 V4 S12,Ba S V ,Cmc2_1,36,2,6.7572,11.4866,5.5994,90.0,90.0,90.0,True,ABX3,Ortorombik
1008375_7,5909,Ba4 V4 S12,Ba S V ,Cmc2_1,36,2,6.7572,11.4866,5.5994,90.0,90.0,90.0,True,ABX3,Ortorombik
1008375_8,5909,Ba4 V4 S12,Ba S V ,Cmc2_1,36,2,6.7572,11.4866,5.5994,90.0,90.0,90.0,True,ABX3,Ortorombik
1008375_9,5909,Ba4 V4 S12,Ba S V ,Cmc2_1,36,2,6.7572,11.4866,5.5994,90.0,90.0,90.0,True,ABX3,Ortorombik
1008375_10,5909,Ba4 V4 S12,Ba S V ,Cmc2_1,36,2,6.7572,11.4866,5.5994,90.0,90.0,90.0,True,ABX3,Ortorombik
1008375_11,5909,Ba4 V4 S12,Ba S V ,Cmc2_1,36,2,6.7572,11.4866,5.5994,90.0,90.0,90.0,True,ABX3,Ortorombik
1008375_12,5909,Ba4 V4 S12,Ba S V ,Cmc2_1,36,2,6.7572,11.4866,5.5994,90.0,90.0,90.0,True,ABX3,Ortorombik
1008375_13,5909,Ba4 V4 S12,Ba S V ,Cmc2_1,36,2,6.7572,11.4866,5.5994,90.0,90.0,90.0,True,ABX3,Ortorombik
1008375_14,5909,Ba4 V4 S12,Ba S V ,Cmc2_1,36,2,6.7572,11.4866,5.5994,90.0,90.0,90.0,True,ABX3,Ortorombik
1008375_15,5909,Ba4 V4 S12,Ba S V ,Cmc2_1,36,2,6.7572,11.4866,5.5994,90.0,90.0,90.0,True,ABX3,Ortorombik
1008375_16,5909,Ba4 V4 S12,Ba S V ,Cmc2_1,36,2,6.7572,11.4866,5.5994,90.0,90.0,90.0,True,ABX3,Ortorombik
1008375_17,5909,Ba4 V4 S12,Ba S V ,Cmc2_1,36,2,6.7572,11.4866,5.5994,90.0,90.0,90.0,True,ABX3,Ortorombik
1008375_18,5909,Ba4 V4 S12,Ba S V ,Cmc2_1,36,2,6.7572,11.4866,5.5994,90.0,90.0,90.0,True,ABX3,Ortorombik
1008375_19,5909,Ba4 V4 S12,Ba S V ,Cmc2_1,36,2,6.7572,11.4866,5.5994,90.0,90.0,90.0,True,ABX3,Ortorombik
1008375_20,5909,Ba4 V4 S12,Ba S V ,Cmc2_1,36,2,6.7572,11.4866,5.5994,90.0,90.0,90.0,True,ABX3,Ortorombik
1008375_21,5909,Ba4 V4 S12,Ba S V ,Cmc2_1,36,2,6.7572,11.4866,5.5994,90.0,90.0,90.0,True,ABX3,Ortorombik
1008375_22,5909,Ba4 V4 S12,Ba S V ,Cmc2_1,36,2,6.7572,11.4866,5.5994,90.0,90.0,90.0,True,ABX3,Ortorombik
1008375_23,5909,Ba4 V4 S12,Ba S V ,Cmc2_1,36,2,6.7572,11.4866,5.5994,90.0,90.0,90.0,True,ABX3,Ortorombik
1008375_24,5909,Ba4 V4 S12,Ba S V ,Cmc2_1,36,2,6.7572,11.4866,5.5994,90.0,90.0,90.0,True,ABX3,Ortorombik
2107254_1,5988,La12 Ga12 S36,Ga La S ,P2_1/c,14,5,15.17,10.56,12.82,90.0,137.7,90.0,True,ABX3,Monoklinik
2107254_2,5988,La12 Ga12 S36,Ga La S ,P2_1/c,14,5,15.17,10.56,12.82,90.0,137.7,90.0,True,ABX3,Monoklinik
2107254_3,5988,La12 Ga12 S36,Ga La S ,P2_1/c,14,5,15.17,10.56,12.82,90.0,137.7,90.0,True,ABX3,Monoklinik
2107254_4,5988,La12 Ga12 S36,Ga La S ,P2_1/c,14,5,15.17,10.56,12.82,90.0,137.7,90.0,True,ABX3,Monoklinik
2107254_5,5988,La12 Ga12 S36,Ga La S ,P2_1/c,14,5,15.17,10.56,12.82,90.0,137.7,90.0,True,ABX3,Monoklinik
2107254_6,5988,La12 Ga12 S36,Ga La S ,P2_1/c,14,5,15.17,10.56,12.82,90.0,137.7,90.0,True,ABX3,Monoklinik
2107254_7,5988,La12 Ga12 S36,Ga La S ,P2_1/c,14,5,15.17,10.56,12.82,90.0,137.7,90.0,True,ABX3,Monoklinik
2107254_8,5988,La12 Ga12 S36,Ga La S ,P2_1/c,14,5,15.17,10.56,12.82,90.0,137.7,90.0,True,ABX3,Monoklinik
2107254_9,5988,La12 Ga12 S36,Ga La S ,P2_1/c,14,5,15.17,10.56,12.82,90.0,137.7,90.0,True,ABX3,Monoklinik
2107254_10,5988,La12 Ga12 S36,Ga La S ,P2_1/c,14,5,15.17,10.56,12.82,90.0,137.7,90.0,True,ABX3,Monoklinik
2107254_11,5988,La12 Ga12 S36,Ga La S ,P2_1/c,14,5,15.17,10.56,12.82,90.0,137.7,90.0,True,ABX3,Monoklinik
2107254_12,5988,La12 Ga12 S36,Ga La S ,P2_1/c,14,5,15.17,10.56,12.82,90.0,137.7,90.0,True,ABX3,Monoklinik
2107254_13,5988,La12 Ga12 S36,Ga La S ,P2_1/c,14,5,15.17,10.56,12.82,90.0,137.7,90.0,True,ABX3,Monoklinik
2107254_14,5988,La12 Ga12 S36,Ga La S ,P2_1/c,14,5,15.17,10.56,12.82,90.0,137.7,90.0,True,ABX3,Monoklinik
2107254_15,5988,La12 Ga12 S36,Ga La S ,P2_1/c,14,5,15.17,10.56,12.82,90.0,137.7,90.0,True,ABX3,Monoklinik
2107254_16,5988,La12 Ga12 S36,Ga La S ,P2_1/c,14,5,15.17,10.56,12.82,90.0,137.7,90.0,True,ABX3,Monoklinik
2107254_17,5988,La12 Ga12 S36,Ga La S ,P2_1/c,14,5,15.17,10.56,12.82,90.0,137.7,90.0,True,ABX3,Monoklinik
2107254_18,5988,La12 Ga12 S36,Ga La S ,P2_1/c,14,5,15.17,10.56,12.82,90.0,137.7,90.0,True,ABX3,Monoklinik
2107254_19,5988,La12 Ga12 S36,Ga La S ,P2_1/c,14,5,15.17,10.56,12.82,90.0,137.7,90.0,True,ABX3,Monoklinik
2107254_20,5988,La12 Ga12 S36,Ga La S ,P2_1/c,14,5,15.17,10.56,12.82,90.0,137.7,90.0,True,ABX3,Monoklinik
2107254_21,5988,La12 Ga12 S36,Ga La S ,P2_1/c,14,5,15.17,10.56,12.82,90.0,137.7,90.0,True,ABX3,Monoklinik
2107254_22,5988,La12 Ga12 S36,Ga La S ,P2_1/c,14,5,15.17,10.56,12.82,90.0,137.7,90.0,True,ABX3,Monoklinik
2107254_23,5988,La12 Ga12 S36,Ga La S ,P2_1/c,14,5,15.17,10.56,12.82,90.0,137.7,90.0,True,ABX3,Monoklinik
2107254_24,5988,La12 Ga12 S36,Ga La S ,P2_1/c,14,5,15.17,10.56,12.82,90.0,137.7,90.0,True,ABX3,Monoklinik
4124859_1,6105,Nd1 V1 O3,Nd O V ,Pm-3m,221,0,3.89,3.89,3.89,90.0,90.0,90.0,True,ABX3,Kubik
4124859_2,6105,Nd1 V1 O3,Nd O V ,Pm-3m,221,0,3.89,3.89,3.89,90.0,90.0,90.0,True,ABX3,Kubik
4124859_3,6105,Nd1 V1 O3,Nd O V ,Pm-3m,221,0,3.89,3.89,3.89,90.0,90.0,90.0,True,ABX3,Kubik
4124859_4,6105,Nd1 V1 O3,Nd O V ,Pm-3m,221,0,3.89,3.89,3.89,90.0,90.0,90.0,True,ABX3,Kubik
4124859_5,6105,Nd1 V1 O3,Nd O V ,Pm-3m,221,0,3.89,3.89,3.89,90.0,90.0,90.0,True,ABX3,Kubik
4124859_6,6105,Nd1 V1 O3,Nd O V ,Pm-3m,221,0,3.89,3.89,3.89,90.0,90.0,90.0,True,ABX3,Kubik
4124859_7,6105,Nd1 V1 O3,Nd O V ,Pm-3m,221,0,3.89,3.89,3.89,90.0,90.0,90.0,True,ABX3,Kubik
4124859_8,6105,Nd1 V1 O3,Nd O V ,Pm-3m,221,0,3.89,3.89,3.89,90.0,90.0,90.0,True,ABX3,Kubik
4124859_9,6105,Nd1 V1 O3,Nd O V ,Pm-3m,221,0,3.89,3.89,3.89,90.0,90.0,90.0,True,ABX3,Kubik
4124859_10,6105,Nd1 V1 O3,Nd O V ,Pm-3m,221,0,3.89,3.89,3.89,90.0,90.0,90.0,True,ABX3,Kubik
4124859_11,6105,Nd1 V1 O3,Nd O V ,Pm-3m,221,0,3.89,3.89,3.89,90.0,90.0,90.0,True,ABX3,Kubik
4124859_12,6105,Nd1 V1 O3,Nd O V ,Pm-3m,221,0,3.89,3.89,3.89,90.0,90.0,90.0,True,ABX3,Kubik
4124859_13,6105,Nd1 V1 O3,Nd O V ,Pm-3m,221,0,3.89,3.89,3.89,90.0,90.0,90.0,True,ABX3,Kubik
4124859_14,6105,Nd1 V1 O3,Nd O V ,Pm-3m,221,0,3.89,3.89,3.89,90.0,90.0,90.0,True,ABX3,Kubik
4124859_15,6105,Nd1 V1 O3,Nd O V ,Pm-3m,221,0,3.89,3.89,3.89,90.0,90.0,90.0,True,ABX3,Kubik
4124859_16,6105,Nd1 V1 O3,Nd O V ,Pm-3m,221,0,3.89,3.89,3.89,90.0,90.0,90.0,True,ABX3,Kubik
4124859_17,6105,Nd1 V1 O3,Nd O V ,Pm-3m,221,0,3.89,3.89,3.89,90.0,90.0,90.0,True,ABX3,Kubik
4124859_18,6105,Nd1 V1 O3,Nd O V ,Pm-3m,221,0,3.89,3.89,3.89,90.0,90.0,90.0,True,ABX3,Kubik
4124859_19,6105,Nd1 V1 O3,Nd O V ,Pm-3m,221,0,3.89,3.89,3.89,90.0,90.0,90.0,True,ABX3,Kubik
4124859_20,6105,Nd1 V1 O3,Nd O V ,Pm-3m,221,0,3.89,3.89,3.89,90.0,90.0,90.0,True,ABX3,Kubik
4124859_21,6105,Nd1 V1 O3,Nd O V ,Pm-3m,221,0,3.89,3.89,3.89,90.0,90.0,90.0,True,ABX3,Kubik
4124859_22,6105,Nd1 V1 O3,Nd O V ,Pm-3m,221,0,3.89,3.89,3.89,90.0,90.0,90.0,True,ABX3,Kubik
4124859_23,6105,Nd1 V1 O3,Nd O V ,Pm-3m,221,0,3.89,3.89,3.89,90.0,90.0,90.0,True,ABX3,Kubik
4124859_24,6105,Nd1 V1 O3,Nd O V ,Pm-3m,221,0,3.89,3.89,3.89,90.0,90.0,90.0,True,ABX3,Kubik
4515898_1,6131,K4 Cu4 Cl12,Cl Cu K ,P2_1/c,14,5,4.034,13.7987,8.7445,90.0,97.123,90.0,True,ABX3,Monoklinik
4515898_2,6131,K4 Cu4 Cl12,Cl Cu K ,P2_1/c,14,5,4.034,13.7987,8.7445,90.0,97.123,90.0,True,ABX3,Monoklinik
4515898_3,6131,K4 Cu4 Cl12,Cl Cu K ,P2_1/c,14,5,4.034,13.7987,8.7445,90.0,97.123,90.0,True,ABX3,Monoklinik
4515898_4,6131,K4 Cu4 Cl12,Cl Cu K ,P2_1/c,14,5,4.034,13.7987,8.7445,90.0,97.123,90.0,True,ABX3,Monoklinik
4515898_5,6131,K4 Cu4 Cl12,Cl Cu K ,P2_1/c,14,5,4.034,13.7987,8.7445,90.0,97.123,90.0,True,ABX3,Monoklinik
4515898_6,6131,K4 Cu4 Cl12,Cl Cu K ,P2_1/c,14,5,4.034,13.7987,8.7445,90.0,97.123,90.0,True,ABX3,Monoklinik
4515898_7,6131,K4 Cu4 Cl12,Cl Cu K ,P2_1/c,14,5,4.034,13.7987,8.7445,90.0,97.123,90.0,True,ABX3,Monoklinik
4515898_8,6131,K4 Cu4 Cl12,Cl Cu K ,P2_1/c,14,5,4.034,13.7987,8.7445,90.0,97.123,90.0,True,ABX3,Monoklinik
4515898_9,6131,K4 Cu4 Cl12,Cl Cu K ,P2_1/c,14,5,4.034,13.7987,8.7445,90.0,97.123,90.0,True,ABX3,Monoklinik
4515898_10,6131,K4 Cu4 Cl12,Cl Cu K ,P2_1/c,14,5,4.034,13.7987,8.7445,90.0,97.123,90.0,True,ABX3,Monoklinik
4515898_11,6131,K4 Cu4 Cl12,Cl Cu K ,P2_1/c,14,5,4.034,13.7987,8.7445,90.0,97.123,90.0,True,ABX3,Monoklinik
4515898_12,6131,K4 Cu4 Cl12,Cl Cu K ,P2_1/c,14,5,4.034,13.7987,8.7445,90.0,97.123,90.0,True,ABX3,Monoklinik
4515898_13,6131,K4 Cu4 Cl12,Cl Cu K ,P2_1/c,14,5,4.034,13.7987,8.7445,90.0,97.123,90.0,True,ABX3,Monoklinik
4515898_14,6131,K4 Cu4 Cl12,Cl Cu K ,P2_1/c,14,5,4.034,13.7987,8.7445,90.0,97.123,90.0,True,ABX3,Monoklinik
4515898_15,6131,K4 Cu4 Cl12,Cl Cu K ,P2_1/c,14,5,4.034,13.7987,8.7445,90.0,97.123,90.0,True,ABX3,Monoklinik
4515898_16,6131,K4 Cu4 Cl12,Cl Cu K ,P2_1/c,14,5,4.034,13.7987,8.7445,90.0,97.123,90.0,True,ABX3,Monoklinik
4515898_17,6131,K4 Cu4 Cl12,Cl Cu K ,P2_1/c,14,5,4.034,13.7987,8.7445,90.0,97.123,90.0,True,ABX3,Monoklinik
4515898_18,6131,K4 Cu4 Cl12,Cl Cu K ,P2_1/c,14,5,4.034,13.7987,8.7445,90.0,97.123,90.0,True,ABX3,Monoklinik
4515898_19,6131,K4 Cu4 Cl12,Cl Cu K ,P2_1/c,14,5,4.034,13.7987,8.7445,90.0,97.123,90.0,True,ABX3,Monoklinik
4515898_20,6131,K4 Cu4 Cl12,Cl Cu K ,P2_1/c,14,5,4.034,13.7987,8.7445,90.0,97.123,90.0,True,ABX3,Monoklinik
4515898_21,6131,K4 Cu4 Cl12,Cl Cu K ,P2_1/c,14,5,4.034,13.7987,8.7445,90.0,97.123,90.0,True,ABX3,Monoklinik
4515898_22,6131,K4 Cu4 Cl12,Cl Cu K ,P2_1/c,14,5,4.034,13.7987,8.7445,90.0,97.123,90.0,True,ABX3,Monoklinik
4515898_23,6131,K4 Cu4 Cl12,Cl Cu K ,P2_1/c,14,5,4.034,13.7987,8.7445,90.0,97.123,90.0,True,ABX3,Monoklinik
4515898_24,6131,K4 Cu4 Cl12,Cl Cu K ,P2_1/c,14,5,4.034,13.7987,8.7445,90.0,97.123,90.0,True,ABX3,Monoklinik
9000904_1,6144,Ca4 Ge4 O12,Ca Ge O ,Pnma,62,2,5.2607,5.2688,7.4452,90.0,90.0,90.0,True,ABX3,Ortorombik
9000904_2,6144,Ca4 Ge4 O12,Ca Ge O ,Pnma,62,2,5.2607,5.2688,7.4452,90.0,90.0,90.0,True,ABX3,Ortorombik
9000904_3,6144,Ca4 Ge4 O12,Ca Ge O ,Pnma,62,2,5.2607,5.2688,7.4452,90.0,90.0,90.0,True,ABX3,Ortorombik
9000904_4,6144,Ca4 Ge4 O12,Ca Ge O ,Pnma,62,2,5.2607,5.2688,7.4452,90.0,90.0,90.0,True,ABX3,Ortorombik
9000904_5,6144,Ca4 Ge4 O12,Ca Ge O ,Pnma,62,2,5.2607,5.2688,7.4452,90.0,90.0,90.0,True,ABX3,Ortorombik
9000904_6,6144,Ca4 Ge4 O12,Ca Ge O ,Pnma,62,2,5.2607,5.2688,7.4452,90.0,90.0,90.0,True,ABX3,Ortorombik
9000904_7,6144,Ca4 Ge4 O12,Ca Ge O ,Pnma,62,2,5.2607,5.2688,7.4452,90.0,90.0,90.0,True,ABX3,Ortorombik
9000904_8,6144,Ca4 Ge4 O12,Ca Ge O ,Pnma,62,2,5.2607,5.2688,7.4452,90.0,90.0,90.0,True,ABX3,Ortorombik
9000904_9,6144,Ca4 Ge4 O12,Ca Ge O ,Pnma,62,2,5.2607,5.2688,7.4452,90.0,90.0,90.0,True,ABX3,Ortorombik
9000904_10,6144,Ca4 Ge4 O12,Ca Ge O ,Pnma,62,2,5.2607,5.2688,7.4452,90.0,90.0,90.0,True,ABX3,Ortorombik
9000904_11,6144,Ca4 Ge4 O12,Ca Ge O ,Pnma,62,2,5.2607,5.2688,7.4452,90.0,90.0,90.0,True,ABX3,Ortorombik
9000904_12,6144,Ca4 Ge4 O12,Ca Ge O ,Pnma,62,2,5.2607,5.2688,7.4452,90.0,90.0,90.0,True,ABX3,Ortorombik
9000904_13,6144,Ca4 Ge4 O12,Ca Ge O ,Pnma,62,2,5.2607,5.2688,7.4452,90.0,90.0,90.0,True,ABX3,Ortorombik
9000904_14,6144,Ca4 Ge4 O12,Ca Ge O ,Pnma,62,2,5.2607,5.2688,7.4452,90.0,90.0,90.0,True,ABX3,Ortorombik
9000904_15,6144,Ca4 Ge4 O12,Ca Ge O ,Pnma,62,2,5.2607,5.2688,7.4452,90.0,90.0,90.0,True,ABX3,Ortorombik
9000904_16,6144,Ca4 Ge4 O12,Ca Ge O ,Pnma,62,2,5.2607,5.2688,7.4452,90.0,90.0,90.0,True,ABX3,Ortorombik
9000904_17,6144,Ca4 Ge4 O12,Ca Ge O ,Pnma,62,2,5.2607,5.2688,7.4452,90.0,90.0,90.0,True,ABX3,Ortorombik
9000904_18,6144,Ca4 Ge4 O12,Ca Ge O ,Pnma,62,2,5.2607,5.2688,7.4452,90.0,90.0,90.0,True,ABX3,Ortorombik
9000904_19,6144,Ca4 Ge4 O12,Ca Ge O ,Pnma,62,2,5.2607,5.2688,7.4452,90.0,90.0,90.0,True,ABX3,Ortorombik
9000904_20,6144,Ca4 Ge4 O12,Ca Ge O ,Pnma,62,2,5.2607,5.2688,7.4452,90.0,90.0,90.0,True,ABX3,Ortorombik
9000904_21,6144,Ca4 Ge4 O12,Ca Ge O ,Pnma,62,2,5.2607,5.2688,7.4452,90.0,90.0,90.0,True,ABX3,Ortorombik
9000904_22,6144,Ca4 Ge4 O12,Ca Ge O ,Pnma,62,2,5.2607,5.2688,7.4452,90.0,90.0,90.0,True,ABX3,Ortorombik
9000904_23,6144,Ca4 Ge4 O12,Ca Ge O ,Pnma,62,2,5.2607,5.2688,7.4452,90.0,90.0,90.0,True,ABX3,Ortorombik
9000904_24,6144,Ca4 Ge4 O12,Ca Ge O ,Pnma,62,2,5.2607,5.2688,7.4452,90.0,90.0,90.0,True,ABX3,Ortorombik
1562029_1,6158,Pr4 Mn4 O12,Mn O Pr ,Pnma,62,2,5.8276,7.5986,5.4589,90.0,90.0,90.0,True,ABX3,Ortorombik
1562029_2,6158,Pr4 Mn4 O12,Mn O Pr ,Pnma,62,2,5.8276,7.5986,5.4589,90.0,90.0,90.0,True,ABX3,Ortorombik
1562029_3,6158,Pr4 Mn4 O12,Mn O Pr ,Pnma,62,2,5.8276,7.5986,5.4589,90.0,90.0,90.0,True,ABX3,Ortorombik
1562029_4,6158,Pr4 Mn4 O12,Mn O Pr ,Pnma,62,2,5.8276,7.5986,5.4589,90.0,90.0,90.0,True,ABX3,Ortorombik
1562029_5,6158,Pr4 Mn4 O12,Mn O Pr ,Pnma,62,2,5.8276,7.5986,5.4589,90.0,90.0,90.0,True,ABX3,Ortorombik
1562029_6,6158,Pr4 Mn4 O12,Mn O Pr ,Pnma,62,2,5.8276,7.5986,5.4589,90.0,90.0,90.0,True,ABX3,Ortorombik
1562029_7,6158,Pr4 Mn4 O12,Mn O Pr ,Pnma,62,2,5.8276,7.5986,5.4589,90.0,90.0,90.0,True,ABX3,Ortorombik
1562029_8,6158,Pr4 Mn4 O12,Mn O Pr ,Pnma,62,2,5.8276,7.5986,5.4589,90.0,90.0,90.0,True,ABX3,Ortorombik
1562029_9,6158,Pr4 Mn4 O12,Mn O Pr ,Pnma,62,2,5.8276,7.5986,5.4589,90.0,90.0,90.0,True,ABX3,Ortorombik
1562029_10,6158,Pr4 Mn4 O12,Mn O Pr ,Pnma,62,2,5.8276,7.5986,5.4589,90.0,90.0,90.0,True,ABX3,Ortorombik
1562029_11,6158,Pr4 Mn4 O12,Mn O Pr ,Pnma,62,2,5.8276,7.5986,5.4589,90.0,90.0,90.0,True,ABX3,Ortorombik
1562029_12,6158,Pr4 Mn4 O12,Mn O Pr ,Pnma,62,2,5.8276,7.5986,5.4589,90.0,90.0,90.0,True,ABX3,Ortorombik
1562029_13,6158,Pr4 Mn4 O12,Mn O Pr ,Pnma,62,2,5.8276,7.5986,5.4589,90.0,90.0,90.0,True,ABX3,Ortorombik
1562029_14,6158,Pr4 Mn4 O12,Mn O Pr ,Pnma,62,2,5.8276,7.5986,5.4589,90.0,90.0,90.0,True,ABX3,Ortorombik
1562029_15,6158,Pr4 Mn4 O12,Mn O Pr ,Pnma,62,2,5.8276,7.5986,5.4589,90.0,90.0,90.0,True,ABX3,Ortorombik
1562029_16,6158,Pr4 Mn4 O12,Mn O Pr ,Pnma,62,2,5.8276,7.5986,5.4589,90.0,90.0,90.0,True,ABX3,Ortorombik
1562029_17,6158,Pr4 Mn4 O12,Mn O Pr ,Pnma,62,2,5.8276,7.5986,5.4589,90.0,90.0,90.0,True,ABX3,Ortorombik
1562029_18,6158,Pr4 Mn4 O12,Mn O Pr ,Pnma,62,2,5.8276,7.5986,5.4589,90.0,90.0,90.0,True,ABX3,Ortorombik
1562029_19,6158,Pr4 Mn4 O12,Mn O Pr ,Pnma,62,2,5.8276,7.5986,5.4589,90.0,90.0,90.0,True,ABX3,Ortorombik
1562029_20,6158,Pr4 Mn4 O12,Mn O Pr ,Pnma,62,2,5.8276,7.5986,5.4589,90.0,90.0,90.0,True,ABX3,Ortorombik
1562029_21,6158,Pr4 Mn4 O12,Mn O Pr ,Pnma,62,2,5.8276,7.5986,5.4589,90.0,90.0,90.0,True,ABX3,Ortorombik
1562029_22,6158,Pr4 Mn4 O12,Mn O Pr ,Pnma,62,2,5.8276,7.5986,5.4589,90.0,90.0,90.0,True,ABX3,Ortorombik
1562029_23,6158,Pr4 Mn4 O12,Mn O Pr ,Pnma,62,2,5.8276,7.5986,5.4589,90.0,90.0,90.0,True,ABX3,Ortorombik
1562029_24,6158,Pr4 Mn4 O12,Mn O Pr ,Pnma,62,2,5.8276,7.5986,5.4589,90.0,90.0,90.0,True,ABX3,Ortorombik
4117957_1,6182,Cs1 Sn1 I3,Cs I Sn ,Pm-3m,221,0,6.2057,6.2057,6.2057,90.0,90.0,90.0,True,ABX3,Kubik
4117957_2,6182,Cs1 Sn1 I3,Cs I Sn ,Pm-3m,221,0,6.2057,6.2057,6.2057,90.0,90.0,90.0,True,ABX3,Kubik
4117957_3,6182,Cs1 Sn1 I3,Cs I Sn ,Pm-3m,221,0,6.2057,6.2057,6.2057,90.0,90.0,90.0,True,ABX3,Kubik
4117957_4,6182,Cs1 Sn1 I3,Cs I Sn ,Pm-3m,221,0,6.2057,6.2057,6.2057,90.0,90.0,90.0,True,ABX3,Kubik
4117957_5,6182,Cs1 Sn1 I3,Cs I Sn ,Pm-3m,221,0,6.2057,6.2057,6.2057,90.0,90.0,90.0,True,ABX3,Kubik
4117957_6,6182,Cs1 Sn1 I3,Cs I Sn ,Pm-3m,221,0,6.2057,6.2057,6.2057,90.0,90.0,90.0,True,ABX3,Kubik
4117957_7,6182,Cs1 Sn1 I3,Cs I Sn ,Pm-3m,221,0,6.2057,6.2057,6.2057,90.0,90.0,90.0,True,ABX3,Kubik
4117957_8,6182,Cs1 Sn1 I3,Cs I Sn ,Pm-3m,221,0,6.2057,6.2057,6.2057,90.0,90.0,90.0,True,ABX3,Kubik
4117957_9,6182,Cs1 Sn1 I3,Cs I Sn ,Pm-3m,221,0,6.2057,6.2057,6.2057,90.0,90.0,90.0,True,ABX3,Kubik
4117957_10,6182,Cs1 Sn1 I3,Cs I Sn ,Pm-3m,221,0,6.2057,6.2057,6.2057,90.0,90.0,90.0,True,ABX3,Kubik
4117957_11,6182,Cs1 Sn1 I3,Cs I Sn ,Pm-3m,221,0,6.2057,6.2057,6.2057,90.0,90.0,90.0,True,ABX3,Kubik
4117957_12,6182,Cs1 Sn1 I3,Cs I Sn ,Pm-3m,221,0,6.2057,6.2057,6.2057,90.0,90.0,90.0,True,ABX3,Kubik
4117957_13,6182,Cs1 Sn1 I3,Cs I Sn ,Pm-3m,221,0,6.2057,6.2057,6.2057,90.0,90.0,90.0,True,ABX3,Kubik
4117957_14,6182,Cs1 Sn1 I3,Cs I Sn ,Pm-3m,221,0,6.2057,6.2057,6.2057,90.0,90.0,90.0,True,ABX3,Kubik
4117957_15,6182,Cs1 Sn1 I3,Cs I Sn ,Pm-3m,221,0,6.2057,6.2057,6.2057,90.0,90.0,90.0,True,ABX3,Kubik
4117957_16,6182,Cs1 Sn1 I3,Cs I Sn ,Pm-3m,221,0,6.2057,6.2057,6.2057,90.0,90.0,90.0,True,ABX3,Kubik
4117957_17,6182,Cs1 Sn1 I3,Cs I Sn ,Pm-3m,221,0,6.2057,6.2057,6.2057,90.0,90.0,90.0,True,ABX3,Kubik
4117957_18,6182,Cs1 Sn1 I3,Cs I Sn ,Pm-3m,221,0,6.2057,6.2057,6.2057,90.0,90.0,90.0,True,ABX3,Kubik
4117957_19,6182,Cs1 Sn1 I3,Cs I Sn ,Pm-3m,221,0,6.2057,6.2057,6.2057,90.0,90.0,90.0,True,ABX3,Kubik
4117957_20,6182,Cs1 Sn1 I3,Cs I Sn ,Pm-3m,221,0,6.2057,6.2057,6.2057,90.0,90.0,90.0,True,ABX3,Kubik
4117957_21,6182,Cs1 Sn1 I3,Cs I Sn ,Pm-3m,221,0,6.2057,6.2057,6.2057,90.0,90.0,90.0,True,ABX3,Kubik
4117957_22,6182,Cs1 Sn1 I3,Cs I Sn ,Pm-3m,221,0,6.2057,6.2057,6.2057,90.0,90.0,90.0,True,ABX3,Kubik
4117957_23,6182,Cs1 Sn1 I3,Cs I Sn ,Pm-3m,221,0,6.2057,6.2057,6.2057,90.0,90.0,90.0,True,ABX3,Kubik
4117957_24,6182,Cs1 Sn1 I3,Cs I Sn ,Pm-3m,221,0,6.2057,6.2057,6.2057,90.0,90.0,90.0,True,ABX3,Kubik
1537234_1,6322,Ta16 Tl16 O48,O Ta Tl ,Fd-3m,227,0,10.66,10.66,10.66,90.0,90.0,90.0,True,ABX3,Kubik
1537234_2,6322,Ta16 Tl16 O48,O Ta Tl ,Fd-3m,227,0,10.66,10.66,10.66,90.0,90.0,90.0,True,ABX3,Kubik
1537234_3,6322,Ta16 Tl16 O48,O Ta Tl ,Fd-3m,227,0,10.66,10.66,10.66,90.0,90.0,90.0,True,ABX3,Kubik
1537234_4,6322,Ta16 Tl16 O48,O Ta Tl ,Fd-3m,227,0,10.66,10.66,10.66,90.0,90.0,90.0,True,ABX3,Kubik
1537234_5,6322,Ta16 Tl16 O48,O Ta Tl ,Fd-3m,227,0,10.66,10.66,10.66,90.0,90.0,90.0,True,ABX3,Kubik
1537234_6,6322,Ta16 Tl16 O48,O Ta Tl ,Fd-3m,227,0,10.66,10.66,10.66,90.0,90.0,90.0,True,ABX3,Kubik
1537234_7,6322,Ta16 Tl16 O48,O Ta Tl ,Fd-3m,227,0,10.66,10.66,10.66,90.0,90.0,90.0,True,ABX3,Kubik
1537234_8,6322,Ta16 Tl16 O48,O Ta Tl ,Fd-3m,227,0,10.66,10.66,10.66,90.0,90.0,90.0,True,ABX3,Kubik
1537234_9,6322,Ta16 Tl16 O48,O Ta Tl ,Fd-3m,227,0,10.66,10.66,10.66,90.0,90.0,90.0,True,ABX3,Kubik
1537234_10,6322,Ta16 Tl16 O48,O Ta Tl ,Fd-3m,227,0,10.66,10.66,10.66,90.0,90.0,90.0,True,ABX3,Kubik
1537234_11,6322,Ta16 Tl16 O48,O Ta Tl ,Fd-3m,227,0,10.66,10.66,10.66,90.0,90.0,90.0,True,ABX3,Kubik
1537234_12,6322,Ta16 Tl16 O48,O Ta Tl ,Fd-3m,227,0,10.66,10.66,10.66,90.0,90.0,90.0,True,ABX3,Kubik
1537234_13,6322,Ta16 Tl16 O48,O Ta Tl ,Fd-3m,227,0,10.66,10.66,10.66,90.0,90.0,90.0,True,ABX3,Kubik
1537234_14,6322,Ta16 Tl16 O48,O Ta Tl ,Fd-3m,227,0,10.66,10.66,10.66,90.0,90.0,90.0,True,ABX3,Kubik
1537234_15,6322,Ta16 Tl16 O48,O Ta Tl ,Fd-3m,227,0,10.66,10.66,10.66,90.0,90.0,90.0,True,ABX3,Kubik
1537234_16,6322,Ta16 Tl16 O48,O Ta Tl ,Fd-3m,227,0,10.66,10.66,10.66,90.0,90.0,90.0,True,ABX3,Kubik
1537234_17,6322,Ta16 Tl16 O48,O Ta Tl ,Fd-3m,227,0,10.66,10.66,10.66,90.0,90.0,90.0,True,ABX3,Kubik
1537234_18,6322,Ta16 Tl16 O48,O Ta Tl ,Fd-3m,227,0,10.66,10.66,10.66,90.0,90.0,90.0,True,ABX3,Kubik
1537234_19,6322,Ta16 Tl16 O48,O Ta Tl ,Fd-3m,227,0,10.66,10.66,10.66,90.0,90.0,90.0,True,ABX3,Kubik
1537234_20,6322,Ta16 Tl16 O48,O Ta Tl ,Fd-3m,227,0,10.66,10.66,10.66,90.0,90.0,90.0,True,ABX3,Kubik
1537234_21,6322,Ta16 Tl16 O48,O Ta Tl ,Fd-3m,227,0,10.66,10.66,10.66,90.0,90.0,90.0,True,ABX3,Kubik
1537234_22,6322,Ta16 Tl16 O48,O Ta Tl ,Fd-3m,227,0,10.66,10.66,10.66,90.0,90.0,90.0,True,ABX3,Kubik
1537234_23,6322,Ta16 Tl16 O48,O Ta Tl ,Fd-3m,227,0,10.66,10.66,10.66,90.0,90.0,90.0,True,ABX3,Kubik
1537234_24,6322,Ta16 Tl16 O48,O Ta Tl ,Fd-3m,227,0,10.66,10.66,10.66,90.0,90.0,90.0,True,ABX3,Kubik
1521093_1,6384,Sr4 Sn4 O12,O Sn Sr ,Pnma,62,2,5.69857,5.69744,8.05187,90.0,90.0,90.0,True,ABX3,Ortorombik
1521093_2,6384,Sr4 Sn4 O12,O Sn Sr ,Pnma,62,2,5.69857,5.69744,8.05187,90.0,90.0,90.0,True,ABX3,Ortorombik
1521093_3,6384,Sr4 Sn4 O12,O Sn Sr ,Pnma,62,2,5.69857,5.69744,8.05187,90.0,90.0,90.0,True,ABX3,Ortorombik
1521093_4,6384,Sr4 Sn4 O12,O Sn Sr ,Pnma,62,2,5.69857,5.69744,8.05187,90.0,90.0,90.0,True,ABX3,Ortorombik
1521093_5,6384,Sr4 Sn4 O12,O Sn Sr ,Pnma,62,2,5.69857,5.69744,8.05187,90.0,90.0,90.0,True,ABX3,Ortorombik
1521093_6,6384,Sr4 Sn4 O12,O Sn Sr ,Pnma,62,2,5.69857,5.69744,8.05187,90.0,90.0,90.0,True,ABX3,Ortorombik
1521093_7,6384,Sr4 Sn4 O12,O Sn Sr ,Pnma,62,2,5.69857,5.69744,8.05187,90.0,90.0,90.0,True,ABX3,Ortorombik
1521093_8,6384,Sr4 Sn4 O12,O Sn Sr ,Pnma,62,2,5.69857,5.69744,8.05187,90.0,90.0,90.0,True,ABX3,Ortorombik
1521093_9,6384,Sr4 Sn4 O12,O Sn Sr ,Pnma,62,2,5.69857,5.69744,8.05187,90.0,90.0,90.0,True,ABX3,Ortorombik
1521093_10,6384,Sr4 Sn4 O12,O Sn Sr ,Pnma,62,2,5.69857,5.69744,8.05187,90.0,90.0,90.0,True,ABX3,Ortorombik
1521093_11,6384,Sr4 Sn4 O12,O Sn Sr ,Pnma,62,2,5.69857,5.69744,8.05187,90.0,90.0,90.0,True,ABX3,Ortorombik
1521093_12,6384,Sr4 Sn4 O12,O Sn Sr ,Pnma,62,2,5.69857,5.69744,8.05187,90.0,90.0,90.0,True,ABX3,Ortorombik
1521093_13,6384,Sr4 Sn4 O12,O Sn Sr ,Pnma,62,2,5.69857,5.69744,8.05187,90.0,90.0,90.0,True,ABX3,Ortorombik
1521093_14,6384,Sr4 Sn4 O12,O Sn Sr ,Pnma,62,2,5.69857,5.69744,8.05187,90.0,90.0,90.0,True,ABX3,Ortorombik
1521093_15,6384,Sr4 Sn4 O12,O Sn Sr ,Pnma,62,2,5.69857,5.69744,8.05187,90.0,90.0,90.0,True,ABX3,Ortorombik
1521093_16,6384,Sr4 Sn4 O12,O Sn Sr ,Pnma,62,2,5.69857,5.69744,8.05187,90.0,90.0,90.0,True,ABX3,Ortorombik
1521093_17,6384,Sr4 Sn4 O12,O Sn Sr ,Pnma,62,2,5.69857,5.69744,8.05187,90.0,90.0,90.0,True,ABX3,Ortorombik
1521093_18,6384,Sr4 Sn4 O12,O Sn Sr ,Pnma,62,2,5.69857,5.69744,8.05187,90.0,90.0,90.0,True,ABX3,Ortorombik
1521093_19,6384,Sr4 Sn4 O12,O Sn Sr ,Pnma,62,2,5.69857,5.69744,8.05187,90.0,90.0,90.0,True,ABX3,Ortorombik
1521093_20,6384,Sr4 Sn4 O12,O Sn Sr ,Pnma,62,2,5.69857,5.69744,8.05187,90.0,90.0,90.0,True,ABX3,Ortorombik
1521093_21,6384,Sr4 Sn4 O12,O Sn Sr ,Pnma,62,2,5.69857,5.69744,8.05187,90.0,90.0,90.0,True,ABX3,Ortorombik
1521093_22,6384,Sr4 Sn4 O12,O Sn Sr ,Pnma,62,2,5.69857,5.69744,8.05187,90.0,90.0,90.0,True,ABX3,Ortorombik
1521093_23,6384,Sr4 Sn4 O12,O Sn Sr ,Pnma,62,2,5.69857,5.69744,8.05187,90.0,90.0,90.0,True,ABX3,Ortorombik
1521093_24,6384,Sr4 Sn4 O12,O Sn Sr ,Pnma,62,2,5.69857,5.69744,8.05187,90.0,90.0,90.0,True,ABX3,Ortorombik
7705062_1,6553,K12.008 Ir12 O36,Ir K O ,Im-3,204,0,9.4465,9.4465,9.4465,90.0,90.0,90.0,True,ABX3,Kubik
7705062_2,6553,K12.008 Ir12 O36,Ir K O ,Im-3,204,0,9.4465,9.4465,9.4465,90.0,90.0,90.0,True,ABX3,Kubik
7705062_3,6553,K12.008 Ir12 O36,Ir K O ,Im-3,204,0,9.4465,9.4465,9.4465,90.0,90.0,90.0,True,ABX3,Kubik
7705062_4,6553,K12.008 Ir12 O36,Ir K O ,Im-3,204,0,9.4465,9.4465,9.4465,90.0,90.0,90.0,True,ABX3,Kubik
7705062_5,6553,K12.008 Ir12 O36,Ir K O ,Im-3,204,0,9.4465,9.4465,9.4465,90.0,90.0,90.0,True,ABX3,Kubik
7705062_6,6553,K12.008 Ir12 O36,Ir K O ,Im-3,204,0,9.4465,9.4465,9.4465,90.0,90.0,90.0,True,ABX3,Kubik
7705062_7,6553,K12.008 Ir12 O36,Ir K O ,Im-3,204,0,9.4465,9.4465,9.4465,90.0,90.0,90.0,True,ABX3,Kubik
7705062_8,6553,K12.008 Ir12 O36,Ir K O ,Im-3,204,0,9.4465,9.4465,9.4465,90.0,90.0,90.0,True,ABX3,Kubik
7705062_9,6553,K12.008 Ir12 O36,Ir K O ,Im-3,204,0,9.4465,9.4465,9.4465,90.0,90.0,90.0,True,ABX3,Kubik
7705062_10,6553,K12.008 Ir12 O36,Ir K O ,Im-3,204,0,9.4465,9.4465,9.4465,90.0,90.0,90.0,True,ABX3,Kubik
7705062_11,6553,K12.008 Ir12 O36,Ir K O ,Im-3,204,0,9.4465,9.4465,9.4465,90.0,90.0,90.0,True,ABX3,Kubik
7705062_12,6553,K12.008 Ir12 O36,Ir K O ,Im-3,204,0,9.4465,9.4465,9.4465,90.0,90.0,90.0,True,ABX3,Kubik
7705062_13,6553,K12.008 Ir12 O36,Ir K O ,Im-3,204,0,9.4465,9.4465,9.4465,90.0,90.0,90.0,True,ABX3,Kubik
7705062_14,6553,K12.008 Ir12 O36,Ir K O ,Im-3,204,0,9.4465,9.4465,9.4465,90.0,90.0,90.0,True,ABX3,Kubik
7705062_15,6553,K12.008 Ir12 O36,Ir K O ,Im-3,204,0,9.4465,9.4465,9.4465,90.0,90.0,90.0,True,ABX3,Kubik
7705062_16,6553,K12.008 Ir12 O36,Ir K O ,Im-3,204,0,9.4465,9.4465,9.4465,90.0,90.0,90.0,True,ABX3,Kubik
7705062_17,6553,K12.008 Ir12 O36,Ir K O ,Im-3,204,0,9.4465,9.4465,9.4465,90.0,90.0,90.0,True,ABX3,Kubik
7705062_18,6553,K12.008 Ir12 O36,Ir K O ,Im-3,204,0,9.4465,9.4465,9.4465,90.0,90.0,90.0,True,ABX3,Kubik
7705062_19,6553,K12.008 Ir12 O36,Ir K O ,Im-3,204,0,9.4465,9.4465,9.4465,90.0,90.0,90.0,True,ABX3,Kubik
7705062_20,6553,K12.008 Ir12 O36,Ir K O ,Im-3,204,0,9.4465,9.4465,9.4465,90.0,90.0,90.0,True,ABX3,Kubik
7705062_21,6553,K12.008 Ir12 O36,Ir K O ,Im-3,204,0,9.4465,9.4465,9.4465,90.0,90.0,90.0,True,ABX3,Kubik
7705062_22,6553,K12.008 Ir12 O36,Ir K O ,Im-3,204,0,9.4465,9.4465,9.4465,90.0,90.0,90.0,True,ABX3,Kubik
7705062_23,6553,K12.008 Ir12 O36,Ir K O ,Im-3,204,0,9.4465,9.4465,9.4465,90.0,90.0,90.0,True,ABX3,Kubik
7705062_24,6553,K12.008 Ir12 O36,Ir K O ,Im-3,204,0,9.4465,9.4465,9.4465,90.0,90.0,90.0,True,ABX3,Kubik
2310755_1,6579,Eu1 Ti1 O3,Eu O Ti ,Pm-3m,221,0,3.905,3.905,3.905,90.0,90.0,90.0,True,ABX3,Kubik
2310755_2,6579,Eu1 Ti1 O3,Eu O Ti ,Pm-3m,221,0,3.905,3.905,3.905,90.0,90.0,90.0,True,ABX3,Kubik
2310755_3,6579,Eu1 Ti1 O3,Eu O Ti ,Pm-3m,221,0,3.905,3.905,3.905,90.0,90.0,90.0,True,ABX3,Kubik
2310755_4,6579,Eu1 Ti1 O3,Eu O Ti ,Pm-3m,221,0,3.905,3.905,3.905,90.0,90.0,90.0,True,ABX3,Kubik
2310755_5,6579,Eu1 Ti1 O3,Eu O Ti ,Pm-3m,221,0,3.905,3.905,3.905,90.0,90.0,90.0,True,ABX3,Kubik
2310755_6,6579,Eu1 Ti1 O3,Eu O Ti ,Pm-3m,221,0,3.905,3.905,3.905,90.0,90.0,90.0,True,ABX3,Kubik
2310755_7,6579,Eu1 Ti1 O3,Eu O Ti ,Pm-3m,221,0,3.905,3.905,3.905,90.0,90.0,90.0,True,ABX3,Kubik
2310755_8,6579,Eu1 Ti1 O3,Eu O Ti ,Pm-3m,221,0,3.905,3.905,3.905,90.0,90.0,90.0,True,ABX3,Kubik
2310755_9,6579,Eu1 Ti1 O3,Eu O Ti ,Pm-3m,221,0,3.905,3.905,3.905,90.0,90.0,90.0,True,ABX3,Kubik
2310755_10,6579,Eu1 Ti1 O3,Eu O Ti ,Pm-3m,221,0,3.905,3.905,3.905,90.0,90.0,90.0,True,ABX3,Kubik
2310755_11,6579,Eu1 Ti1 O3,Eu O Ti ,Pm-3m,221,0,3.905,3.905,3.905,90.0,90.0,90.0,True,ABX3,Kubik
2310755_12,6579,Eu1 Ti1 O3,Eu O Ti ,Pm-3m,221,0,3.905,3.905,3.905,90.0,90.0,90.0,True,ABX3,Kubik
2310755_13,6579,Eu1 Ti1 O3,Eu O Ti ,Pm-3m,221,0,3.905,3.905,3.905,90.0,90.0,90.0,True,ABX3,Kubik
2310755_14,6579,Eu1 Ti1 O3,Eu O Ti ,Pm-3m,221,0,3.905,3.905,3.905,90.0,90.0,90.0,True,ABX3,Kubik
2310755_15,6579,Eu1 Ti1 O3,Eu O Ti ,Pm-3m,221,0,3.905,3.905,3.905,90.0,90.0,90.0,True,ABX3,Kubik
2310755_16,6579,Eu1 Ti1 O3,Eu O Ti ,Pm-3m,221,0,3.905,3.905,3.905,90.0,90.0,90.0,True,ABX3,Kubik
2310755_17,6579,Eu1 Ti1 O3,Eu O Ti ,Pm-3m,221,0,3.905,3.905,3.905,90.0,90.0,90.0,True,ABX3,Kubik
2310755_18,6579,Eu1 Ti1 O3,Eu O Ti ,Pm-3m,221,0,3.905,3.905,3.905,90.0,90.0,90.0,True,ABX3,Kubik
2310755_19,6579,Eu1 Ti1 O3,Eu O Ti ,Pm-3m,221,0,3.905,3.905,3.905,90.0,90.0,90.0,True,ABX3,Kubik
2310755_20,6579,Eu1 Ti1 O3,Eu O Ti ,Pm-3m,221,0,3.905,3.905,3.905,90.0,90.0,90.0,True,ABX3,Kubik
2310755_21,6579,Eu1 Ti1 O3,Eu O Ti ,Pm-3m,221,0,3.905,3.905,3.905,90.0,90.0,90.0,True,ABX3,Kubik
2310755_22,6579,Eu1 Ti1 O3,Eu O Ti ,Pm-3m,221,0,3.905,3.905,3.905,90.0,90.0,90.0,True,ABX3,Kubik
2310755_23,6579,Eu1 Ti1 O3,Eu O Ti ,Pm-3m,221,0,3.905,3.905,3.905,90.0,90.0,90.0,True,ABX3,Kubik
2310755_24,6579,Eu1 Ti1 O3,Eu O Ti ,Pm-3m,221,0,3.905,3.905,3.905,90.0,90.0,90.0,True,ABX3,Kubik
4511449_1,6583,Sm4 Rh4 O12,O Rh Sm ,Pnma,62,2,5.7566,7.7084,5.3231,90.0,90.0,90.0,True,ABX3,Ortorombik
4511449_2,6583,Sm4 Rh4 O12,O Rh Sm ,Pnma,62,2,5.7566,7.7084,5.3231,90.0,90.0,90.0,True,ABX3,Ortorombik
4511449_3,6583,Sm4 Rh4 O12,O Rh Sm ,Pnma,62,2,5.7566,7.7084,5.3231,90.0,90.0,90.0,True,ABX3,Ortorombik
4511449_4,6583,Sm4 Rh4 O12,O Rh Sm ,Pnma,62,2,5.7566,7.7084,5.3231,90.0,90.0,90.0,True,ABX3,Ortorombik
4511449_5,6583,Sm4 Rh4 O12,O Rh Sm ,Pnma,62,2,5.7566,7.7084,5.3231,90.0,90.0,90.0,True,ABX3,Ortorombik
4511449_6,6583,Sm4 Rh4 O12,O Rh Sm ,Pnma,62,2,5.7566,7.7084,5.3231,90.0,90.0,90.0,True,ABX3,Ortorombik
4511449_7,6583,Sm4 Rh4 O12,O Rh Sm ,Pnma,62,2,5.7566,7.7084,5.3231,90.0,90.0,90.0,True,ABX3,Ortorombik
4511449_8,6583,Sm4 Rh4 O12,O Rh Sm ,Pnma,62,2,5.7566,7.7084,5.3231,90.0,90.0,90.0,True,ABX3,Ortorombik
4511449_9,6583,Sm4 Rh4 O12,O Rh Sm ,Pnma,62,2,5.7566,7.7084,5.3231,90.0,90.0,90.0,True,ABX3,Ortorombik
4511449_10,6583,Sm4 Rh4 O12,O Rh Sm ,Pnma,62,2,5.7566,7.7084,5.3231,90.0,90.0,90.0,True,ABX3,Ortorombik
4511449_11,6583,Sm4 Rh4 O12,O Rh Sm ,Pnma,62,2,5.7566,7.7084,5.3231,90.0,90.0,90.0,True,ABX3,Ortorombik
4511449_12,6583,Sm4 Rh4 O12,O Rh Sm ,Pnma,62,2,5.7566,7.7084,5.3231,90.0,90.0,90.0,True,ABX3,Ortorombik
4511449_13,6583,Sm4 Rh4 O12,O Rh Sm ,Pnma,62,2,5.7566,7.7084,5.3231,90.0,90.0,90.0,True,ABX3,Ortorombik
4511449_14,6583,Sm4 Rh4 O12,O Rh Sm ,Pnma,62,2,5.7566,7.7084,5.3231,90.0,90.0,90.0,True,ABX3,Ortorombik
4511449_15,6583,Sm4 Rh4 O12,O Rh Sm ,Pnma,62,2,5.7566,7.7084,5.3231,90.0,90.0,90.0,True,ABX3,Ortorombik
4511449_16,6583,Sm4 Rh4 O12,O Rh Sm ,Pnma,62,2,5.7566,7.7084,5.3231,90.0,90.0,90.0,True,ABX3,Ortorombik
4511449_17,6583,Sm4 Rh4 O12,O Rh Sm ,Pnma,62,2,5.7566,7.7084,5.3231,90.0,90.0,90.0,True,ABX3,Ortorombik
4511449_18,6583,Sm4 Rh4 O12,O Rh Sm ,Pnma,62,2,5.7566,7.7084,5.3231,90.0,90.0,90.0,True,ABX3,Ortorombik
4511449_19,6583,Sm4 Rh4 O12,O Rh Sm ,Pnma,62,2,5.7566,7.7084,5.3231,90.0,90.0,90.0,True,ABX3,Ortorombik
4511449_20,6583,Sm4 Rh4 O12,O Rh Sm ,Pnma,62,2,5.7566,7.7084,5.3231,90.0,90.0,90.0,True,ABX3,Ortorombik
4511449_21,6583,Sm4 Rh4 O12,O Rh Sm ,Pnma,62,2,5.7566,7.7084,5.3231,90.0,90.0,90.0,True,ABX3,Ortorombik
4511449_22,6583,Sm4 Rh4 O12,O Rh Sm ,Pnma,62,2,5.7566,7.7084,5.3231,90.0,90.0,90.0,True,ABX3,Ortorombik
4511449_23,6583,Sm4 Rh4 O12,O Rh Sm ,Pnma,62,2,5.7566,7.7084,5.3231,90.0,90.0,90.0,True,ABX3,Ortorombik
4511449_24,6583,Sm4 Rh4 O12,O Rh Sm ,Pnma,62,2,5.7566,7.7084,5.3231,90.0,90.0,90.0,True,ABX3,Ortorombik
8103032_1,6597,Pr4 Sc4 O12,O Pr Sc ,Pnma,62,2,5.7804,8.025,5.6077,90.0,90.0,90.0,True,ABX3,Ortorombik
8103032_2,6597,Pr4 Sc4 O12,O Pr Sc ,Pnma,62,2,5.7804,8.025,5.6077,90.0,90.0,90.0,True,ABX3,Ortorombik
8103032_3,6597,Pr4 Sc4 O12,O Pr Sc ,Pnma,62,2,5.7804,8.025,5.6077,90.0,90.0,90.0,True,ABX3,Ortorombik
8103032_4,6597,Pr4 Sc4 O12,O Pr Sc ,Pnma,62,2,5.7804,8.025,5.6077,90.0,90.0,90.0,True,ABX3,Ortorombik
8103032_5,6597,Pr4 Sc4 O12,O Pr Sc ,Pnma,62,2,5.7804,8.025,5.6077,90.0,90.0,90.0,True,ABX3,Ortorombik
8103032_6,6597,Pr4 Sc4 O12,O Pr Sc ,Pnma,62,2,5.7804,8.025,5.6077,90.0,90.0,90.0,True,ABX3,Ortorombik
8103032_7,6597,Pr4 Sc4 O12,O Pr Sc ,Pnma,62,2,5.7804,8.025,5.6077,90.0,90.0,90.0,True,ABX3,Ortorombik
8103032_8,6597,Pr4 Sc4 O12,O Pr Sc ,Pnma,62,2,5.7804,8.025,5.6077,90.0,90.0,90.0,True,ABX3,Ortorombik
8103032_9,6597,Pr4 Sc4 O12,O Pr Sc ,Pnma,62,2,5.7804,8.025,5.6077,90.0,90.0,90.0,True,ABX3,Ortorombik
8103032_10,6597,Pr4 Sc4 O12,O Pr Sc ,Pnma,62,2,5.7804,8.025,5.6077,90.0,90.0,90.0,True,ABX3,Ortorombik
8103032_11,6597,Pr4 Sc4 O12,O Pr Sc ,Pnma,62,2,5.7804,8.025,5.6077,90.0,90.0,90.0,True,ABX3,Ortorombik
8103032_12,6597,Pr4 Sc4 O12,O Pr Sc ,Pnma,62,2,5.7804,8.025,5.6077,90.0,90.0,90.0,True,ABX3,Ortorombik
8103032_13,6597,Pr4 Sc4 O12,O Pr Sc ,Pnma,62,2,5.7804,8.025,5.6077,90.0,90.0,90.0,True,ABX3,Ortorombik
8103032_14,6597,Pr4 Sc4 O12,O Pr Sc ,Pnma,62,2,5.7804,8.025,5.6077,90.0,90.0,90.0,True,ABX3,Ortorombik
8103032_15,6597,Pr4 Sc4 O12,O Pr Sc ,Pnma,62,2,5.7804,8.025,5.6077,90.0,90.0,90.0,True,ABX3,Ortorombik
8103032_16,6597,Pr4 Sc4 O12,O Pr Sc ,Pnma,62,2,5.7804,8.025,5.6077,90.0,90.0,90.0,True,ABX3,Ortorombik
8103032_17,6597,Pr4 Sc4 O12,O Pr Sc ,Pnma,62,2,5.7804,8.025,5.6077,90.0,90.0,90.0,True,ABX3,Ortorombik
8103032_18,6597,Pr4 Sc4 O12,O Pr Sc ,Pnma,62,2,5.7804,8.025,5.6077,90.0,90.0,90.0,True,ABX3,Ortorombik
8103032_19,6597,Pr4 Sc4 O12,O Pr Sc ,Pnma,62,2,5.7804,8.025,5.6077,90.0,90.0,90.0,True,ABX3,Ortorombik
8103032_20,6597,Pr4 Sc4 O12,O Pr Sc ,Pnma,62,2,5.7804,8.025,5.6077,90.0,90.0,90.0,True,ABX3,Ortorombik
8103032_21,6597,Pr4 Sc4 O12,O Pr Sc ,Pnma,62,2,5.7804,8.025,5.6077,90.0,90.0,90.0,True,ABX3,Ortorombik
8103032_22,6597,Pr4 Sc4 O12,O Pr Sc ,Pnma,62,2,5.7804,8.025,5.6077,90.0,90.0,90.0,True,ABX3,Ortorombik
8103032_23,6597,Pr4 Sc4 O12,O Pr Sc ,Pnma,62,2,5.7804,8.025,5.6077,90.0,90.0,90.0,True,ABX3,Ortorombik
8103032_24,6597,Pr4 Sc4 O12,O Pr Sc ,Pnma,62,2,5.7804,8.025,5.6077,90.0,90.0,90.0,True,ABX3,Ortorombik
2101573_1,6660,Ba4 Bi4 O12,Ba Bi O ,Pba2,32,2,6.127,12.016,4.378,90.0,90.0,90.0,True,ABX3,Ortorombik
2101573_2,6660,Ba4 Bi4 O12,Ba Bi O ,Pba2,32,2,6.127,12.016,4.378,90.0,90.0,90.0,True,ABX3,Ortorombik
2101573_3,6660,Ba4 Bi4 O12,Ba Bi O ,Pba2,32,2,6.127,12.016,4.378,90.0,90.0,90.0,True,ABX3,Ortorombik
2101573_4,6660,Ba4 Bi4 O12,Ba Bi O ,Pba2,32,2,6.127,12.016,4.378,90.0,90.0,90.0,True,ABX3,Ortorombik
2101573_5,6660,Ba4 Bi4 O12,Ba Bi O ,Pba2,32,2,6.127,12.016,4.378,90.0,90.0,90.0,True,ABX3,Ortorombik
2101573_6,6660,Ba4 Bi4 O12,Ba Bi O ,Pba2,32,2,6.127,12.016,4.378,90.0,90.0,90.0,True,ABX3,Ortorombik
2101573_7,6660,Ba4 Bi4 O12,Ba Bi O ,Pba2,32,2,6.127,12.016,4.378,90.0,90.0,90.0,True,ABX3,Ortorombik
2101573_8,6660,Ba4 Bi4 O12,Ba Bi O ,Pba2,32,2,6.127,12.016,4.378,90.0,90.0,90.0,True,ABX3,Ortorombik
2101573_9,6660,Ba4 Bi4 O12,Ba Bi O ,Pba2,32,2,6.127,12.016,4.378,90.0,90.0,90.0,True,ABX3,Ortorombik
2101573_10,6660,Ba4 Bi4 O12,Ba Bi O ,Pba2,32,2,6.127,12.016,4.378,90.0,90.0,90.0,True,ABX3,Ortorombik
2101573_11,6660,Ba4 Bi4 O12,Ba Bi O ,Pba2,32,2,6.127,12.016,4.378,90.0,90.0,90.0,True,ABX3,Ortorombik
2101573_12,6660,Ba4 Bi4 O12,Ba Bi O ,Pba2,32,2,6.127,12.016,4.378,90.0,90.0,90.0,True,ABX3,Ortorombik
2101573_13,6660,Ba4 Bi4 O12,Ba Bi O ,Pba2,32,2,6.127,12.016,4.378,90.0,90.0,90.0,True,ABX3,Ortorombik
2101573_14,6660,Ba4 Bi4 O12,Ba Bi O ,Pba2,32,2,6.127,12.016,4.378,90.0,90.0,90.0,True,ABX3,Ortorombik
2101573_15,6660,Ba4 Bi4 O12,Ba Bi O ,Pba2,32,2,6.127,12.016,4.378,90.0,90.0,90.0,True,ABX3,Ortorombik
2101573_16,6660,Ba4 Bi4 O12,Ba Bi O ,Pba2,32,2,6.127,12.016,4.378,90.0,90.0,90.0,True,ABX3,Ortorombik
2101573_17,6660,Ba4 Bi4 O12,Ba Bi O ,Pba2,32,2,6.127,12.016,4.378,90.0,90.0,90.0,True,ABX3,Ortorombik
2101573_18,6660,Ba4 Bi4 O12,Ba Bi O ,Pba2,32,2,6.127,12.016,4.378,90.0,90.0,90.0,True,ABX3,Ortorombik
2101573_19,6660,Ba4 Bi4 O12,Ba Bi O ,Pba2,32,2,6.127,12.016,4.378,90.0,90.0,90.0,True,ABX3,Ortorombik
2101573_20,6660,Ba4 Bi4 O12,Ba Bi O ,Pba2,32,2,6.127,12.016,4.378,90.0,90.0,90.0,True,ABX3,Ortorombik
2101573_21,6660,Ba4 Bi4 O12,Ba Bi O ,Pba2,32,2,6.127,12.016,4.378,90.0,90.0,90.0,True,ABX3,Ortorombik
2101573_22,6660,Ba4 Bi4 O12,Ba Bi O ,Pba2,32,2,6.127,12.016,4.378,90.0,90.0,90.0,True,ABX3,Ortorombik
2101573_23,6660,Ba4 Bi4 O12,Ba Bi O ,Pba2,32,2,6.127,12.016,4.378,90.0,90.0,90.0,True,ABX3,Ortorombik
2101573_24,6660,Ba4 Bi4 O12,Ba Bi O ,Pba2,32,2,6.127,12.016,4.378,90.0,90.0,90.0,True,ABX3,Ortorombik
1535174_1,6802,La32 Nb28 S88,La Nb S ,Ccc2,37,2,23.216,5.806,23.031,90.0,90.0,90.0,True,ABX3,Ortorombik
1535174_2,6802,La32 Nb28 S88,La Nb S ,Ccc2,37,2,23.216,5.806,23.031,90.0,90.0,90.0,True,ABX3,Ortorombik
1535174_3,6802,La32 Nb28 S88,La Nb S ,Ccc2,37,2,23.216,5.806,23.031,90.0,90.0,90.0,True,ABX3,Ortorombik
1535174_4,6802,La32 Nb28 S88,La Nb S ,Ccc2,37,2,23.216,5.806,23.031,90.0,90.0,90.0,True,ABX3,Ortorombik
1535174_5,6802,La32 Nb28 S88,La Nb S ,Ccc2,37,2,23.216,5.806,23.031,90.0,90.0,90.0,True,ABX3,Ortorombik
1535174_6,6802,La32 Nb28 S88,La Nb S ,Ccc2,37,2,23.216,5.806,23.031,90.0,90.0,90.0,True,ABX3,Ortorombik
1535174_7,6802,La32 Nb28 S88,La Nb S ,Ccc2,37,2,23.216,5.806,23.031,90.0,90.0,90.0,True,ABX3,Ortorombik
1535174_8,6802,La32 Nb28 S88,La Nb S ,Ccc2,37,2,23.216,5.806,23.031,90.0,90.0,90.0,True,ABX3,Ortorombik
1535174_9,6802,La32 Nb28 S88,La Nb S ,Ccc2,37,2,23.216,5.806,23.031,90.0,90.0,90.0,True,ABX3,Ortorombik
1535174_10,6802,La32 Nb28 S88,La Nb S ,Ccc2,37,2,23.216,5.806,23.031,90.0,90.0,90.0,True,ABX3,Ortorombik
1535174_11,6802,La32 Nb28 S88,La Nb S ,Ccc2,37,2,23.216,5.806,23.031,90.0,90.0,90.0,True,ABX3,Ortorombik
1535174_12,6802,La32 Nb28 S88,La Nb S ,Ccc2,37,2,23.216,5.806,23.031,90.0,90.0,90.0,True,ABX3,Ortorombik
1535174_13,6802,La32 Nb28 S88,La Nb S ,Ccc2,37,2,23.216,5.806,23.031,90.0,90.0,90.0,True,ABX3,Ortorombik
1535174_14,6802,La32 Nb28 S88,La Nb S ,Ccc2,37,2,23.216,5.806,23.031,90.0,90.0,90.0,True,ABX3,Ortorombik
1535174_15,6802,La32 Nb28 S88,La Nb S ,Ccc2,37,2,23.216,5.806,23.031,90.0,90.0,90.0,True,ABX3,Ortorombik
1535174_16,6802,La32 Nb28 S88,La Nb S ,Ccc2,37,2,23.216,5.806,23.031,90.0,90.0,90.0,True,ABX3,Ortorombik
1535174_17,6802,La32 Nb28 S88,La Nb S ,Ccc2,37,2,23.216,5.806,23.031,90.0,90.0,90.0,True,ABX3,Ortorombik
1535174_18,6802,La32 Nb28 S88,La Nb S ,Ccc2,37,2,23.216,5.806,23.031,90.0,90.0,90.0,True,ABX3,Ortorombik
1535174_19,6802,La32 Nb28 S88,La Nb S ,Ccc2,37,2,23.216,5.806,23.031,90.0,90.0,90.0,True,ABX3,Ortorombik
1535174_20,6802,La32 Nb28 S88,La Nb S ,Ccc2,37,2,23.216,5.806,23.031,90.0,90.0,90.0,True,ABX3,Ortorombik
1535174_21,6802,La32 Nb28 S88,La Nb S ,Ccc2,37,2,23.216,5.806,23.031,90.0,90.0,90.0,True,ABX3,Ortorombik
1535174_22,6802,La32 Nb28 S88,La Nb S ,Ccc2,37,2,23.216,5.806,23.031,90.0,90.0,90.0,True,ABX3,Ortorombik
1535174_23,6802,La32 Nb28 S88,La Nb S ,Ccc2,37,2,23.216,5.806,23.031,90.0,90.0,90.0,True,ABX3,Ortorombik
1535174_24,6802,La32 Nb28 S88,La Nb S ,Ccc2,37,2,23.216,5.806,23.031,90.0,90.0,90.0,True,ABX3,Ortorombik
1010156_1,6887,Na16 Sb16 O48,Na O Sb ,Fd-3m,227,0,10.2,10.2,10.2,90.0,90.0,90.0,True,ABX3,Kubik
1010156_2,6887,Na16 Sb16 O48,Na O Sb ,Fd-3m,227,0,10.2,10.2,10.2,90.0,90.0,90.0,True,ABX3,Kubik
1010156_3,6887,Na16 Sb16 O48,Na O Sb ,Fd-3m,227,0,10.2,10.2,10.2,90.0,90.0,90.0,True,ABX3,Kubik
1010156_4,6887,Na16 Sb16 O48,Na O Sb ,Fd-3m,227,0,10.2,10.2,10.2,90.0,90.0,90.0,True,ABX3,Kubik
1010156_5,6887,Na16 Sb16 O48,Na O Sb ,Fd-3m,227,0,10.2,10.2,10.2,90.0,90.0,90.0,True,ABX3,Kubik
1010156_6,6887,Na16 Sb16 O48,Na O Sb ,Fd-3m,227,0,10.2,10.2,10.2,90.0,90.0,90.0,True,ABX3,Kubik
1010156_7,6887,Na16 Sb16 O48,Na O Sb ,Fd-3m,227,0,10.2,10.2,10.2,90.0,90.0,90.0,True,ABX3,Kubik
1010156_8,6887,Na16 Sb16 O48,Na O Sb ,Fd-3m,227,0,10.2,10.2,10.2,90.0,90.0,90.0,True,ABX3,Kubik
1010156_9,6887,Na16 Sb16 O48,Na O Sb ,Fd-3m,227,0,10.2,10.2,10.2,90.0,90.0,90.0,True,ABX3,Kubik
1010156_10,6887,Na16 Sb16 O48,Na O Sb ,Fd-3m,227,0,10.2,10.2,10.2,90.0,90.0,90.0,True,ABX3,Kubik
1010156_11,6887,Na16 Sb16 O48,Na O Sb ,Fd-3m,227,0,10.2,10.2,10.2,90.0,90.0,90.0,True,ABX3,Kubik
1010156_12,6887,Na16 Sb16 O48,Na O Sb ,Fd-3m,227,0,10.2,10.2,10.2,90.0,90.0,90.0,True,ABX3,Kubik
1010156_13,6887,Na16 Sb16 O48,Na O Sb ,Fd-3m,227,0,10.2,10.2,10.2,90.0,90.0,90.0,True,ABX3,Kubik
1010156_14,6887,Na16 Sb16 O48,Na O Sb ,Fd-3m,227,0,10.2,10.2,10.2,90.0,90.0,90.0,True,ABX3,Kubik
1010156_15,6887,Na16 Sb16 O48,Na O Sb ,Fd-3m,227,0,10.2,10.2,10.2,90.0,90.0,90.0,True,ABX3,Kubik
1010156_16,6887,Na16 Sb16 O48,Na O Sb ,Fd-3m,227,0,10.2,10.2,10.2,90.0,90.0,90.0,True,ABX3,Kubik
1010156_17,6887,Na16 Sb16 O48,Na O Sb ,Fd-3m,227,0,10.2,10.2,10.2,90.0,90.0,90.0,True,ABX3,Kubik
1010156_18,6887,Na16 Sb16 O48,Na O Sb ,Fd-3m,227,0,10.2,10.2,10.2,90.0,90.0,90.0,True,ABX3,Kubik
1010156_19,6887,Na16 Sb16 O48,Na O Sb ,Fd-3m,227,0,10.2,10.2,10.2,90.0,90.0,90.0,True,ABX3,Kubik
1010156_20,6887,Na16 Sb16 O48,Na O Sb ,Fd-3m,227,0,10.2,10.2,10.2,90.0,90.0,90.0,True,ABX3,Kubik
1010156_21,6887,Na16 Sb16 O48,Na O Sb ,Fd-3m,227,0,10.2,10.2,10.2,90.0,90.0,90.0,True,ABX3,Kubik
1010156_22,6887,Na16 Sb16 O48,Na O Sb ,Fd-3m,227,0,10.2,10.2,10.2,90.0,90.0,90.0,True,ABX3,Kubik
1010156_23,6887,Na16 Sb16 O48,Na O Sb ,Fd-3m,227,0,10.2,10.2,10.2,90.0,90.0,90.0,True,ABX3,Kubik
1010156_24,6887,Na16 Sb16 O48,Na O Sb ,Fd-3m,227,0,10.2,10.2,10.2,90.0,90.0,90.0,True,ABX3,Kubik
1526086_1,6961,Pr3.608 Mn3.968 O12,Mn O Pr ,Pnma,62,2,5.6049,7.6654,5.4616,90.0,90.0,90.0,True,ABX3,Ortorombik
1526086_2,6961,Pr3.608 Mn3.968 O12,Mn O Pr ,Pnma,62,2,5.6049,7.6654,5.4616,90.0,90.0,90.0,True,ABX3,Ortorombik
1526086_3,6961,Pr3.608 Mn3.968 O12,Mn O Pr ,Pnma,62,2,5.6049,7.6654,5.4616,90.0,90.0,90.0,True,ABX3,Ortorombik
1526086_4,6961,Pr3.608 Mn3.968 O12,Mn O Pr ,Pnma,62,2,5.6049,7.6654,5.4616,90.0,90.0,90.0,True,ABX3,Ortorombik
1526086_5,6961,Pr3.608 Mn3.968 O12,Mn O Pr ,Pnma,62,2,5.6049,7.6654,5.4616,90.0,90.0,90.0,True,ABX3,Ortorombik
1526086_6,6961,Pr3.608 Mn3.968 O12,Mn O Pr ,Pnma,62,2,5.6049,7.6654,5.4616,90.0,90.0,90.0,True,ABX3,Ortorombik
1526086_7,6961,Pr3.608 Mn3.968 O12,Mn O Pr ,Pnma,62,2,5.6049,7.6654,5.4616,90.0,90.0,90.0,True,ABX3,Ortorombik
1526086_8,6961,Pr3.608 Mn3.968 O12,Mn O Pr ,Pnma,62,2,5.6049,7.6654,5.4616,90.0,90.0,90.0,True,ABX3,Ortorombik
1526086_9,6961,Pr3.608 Mn3.968 O12,Mn O Pr ,Pnma,62,2,5.6049,7.6654,5.4616,90.0,90.0,90.0,True,ABX3,Ortorombik
1526086_10,6961,Pr3.608 Mn3.968 O12,Mn O Pr ,Pnma,62,2,5.6049,7.6654,5.4616,90.0,90.0,90.0,True,ABX3,Ortorombik
1526086_11,6961,Pr3.608 Mn3.968 O12,Mn O Pr ,Pnma,62,2,5.6049,7.6654,5.4616,90.0,90.0,90.0,True,ABX3,Ortorombik
1526086_12,6961,Pr3.608 Mn3.968 O12,Mn O Pr ,Pnma,62,2,5.6049,7.6654,5.4616,90.0,90.0,90.0,True,ABX3,Ortorombik
1526086_13,6961,Pr3.608 Mn3.968 O12,Mn O Pr ,Pnma,62,2,5.6049,7.6654,5.4616,90.0,90.0,90.0,True,ABX3,Ortorombik
1526086_14,6961,Pr3.608 Mn3.968 O12,Mn O Pr ,Pnma,62,2,5.6049,7.6654,5.4616,90.0,90.0,90.0,True,ABX3,Ortorombik
1526086_15,6961,Pr3.608 Mn3.968 O12,Mn O Pr ,Pnma,62,2,5.6049,7.6654,5.4616,90.0,90.0,90.0,True,ABX3,Ortorombik
1526086_16,6961,Pr3.608 Mn3.968 O12,Mn O Pr ,Pnma,62,2,5.6049,7.6654,5.4616,90.0,90.0,90.0,True,ABX3,Ortorombik
1526086_17,6961,Pr3.608 Mn3.968 O12,Mn O Pr ,Pnma,62,2,5.6049,7.6654,5.4616,90.0,90.0,90.0,True,ABX3,Ortorombik
1526086_18,6961,Pr3.608 Mn3.968 O12,Mn O Pr ,Pnma,62,2,5.6049,7.6654,5.4616,90.0,90.0,90.0,True,ABX3,Ortorombik
1526086_19,6961,Pr3.608 Mn3.968 O12,Mn O Pr ,Pnma,62,2,5.6049,7.6654,5.4616,90.0,90.0,90.0,True,ABX3,Ortorombik
1526086_20,6961,Pr3.608 Mn3.968 O12,Mn O Pr ,Pnma,62,2,5.6049,7.6654,5.4616,90.0,90.0,90.0,True,ABX3,Ortorombik
1526086_21,6961,Pr3.608 Mn3.968 O12,Mn O Pr ,Pnma,62,2,5.6049,7.6654,5.4616,90.0,90.0,90.0,True,ABX3,Ortorombik
1526086_22,6961,Pr3.608 Mn3.968 O12,Mn O Pr ,Pnma,62,2,5.6049,7.6654,5.4616,90.0,90.0,90.0,True,ABX3,Ortorombik
1526086_23,6961,Pr3.608 Mn3.968 O12,Mn O Pr ,Pnma,62,2,5.6049,7.6654,5.4616,90.0,90.0,90.0,True,ABX3,Ortorombik
1526086_24,6961,Pr3.608 Mn3.968 O12,Mn O Pr ,Pnma,62,2,5.6049,7.6654,5.4616,90.0,90.0,90.0,True,ABX3,Ortorombik
4030504_1,6974,Tl16 Sn16 F48.48,F Sn Tl ,C2/c,15,5,15.892,13.579,8.226,90.0,113.04,90.0,True,ABX3,Monoklinik
4030504_2,6974,Tl16 Sn16 F48.48,F Sn Tl ,C2/c,15,5,15.892,13.579,8.226,90.0,113.04,90.0,True,ABX3,Monoklinik
4030504_3,6974,Tl16 Sn16 F48.48,F Sn Tl ,C2/c,15,5,15.892,13.579,8.226,90.0,113.04,90.0,True,ABX3,Monoklinik
4030504_4,6974,Tl16 Sn16 F48.48,F Sn Tl ,C2/c,15,5,15.892,13.579,8.226,90.0,113.04,90.0,True,ABX3,Monoklinik
4030504_5,6974,Tl16 Sn16 F48.48,F Sn Tl ,C2/c,15,5,15.892,13.579,8.226,90.0,113.04,90.0,True,ABX3,Monoklinik
4030504_6,6974,Tl16 Sn16 F48.48,F Sn Tl ,C2/c,15,5,15.892,13.579,8.226,90.0,113.04,90.0,True,ABX3,Monoklinik
4030504_7,6974,Tl16 Sn16 F48.48,F Sn Tl ,C2/c,15,5,15.892,13.579,8.226,90.0,113.04,90.0,True,ABX3,Monoklinik
4030504_8,6974,Tl16 Sn16 F48.48,F Sn Tl ,C2/c,15,5,15.892,13.579,8.226,90.0,113.04,90.0,True,ABX3,Monoklinik
4030504_9,6974,Tl16 Sn16 F48.48,F Sn Tl ,C2/c,15,5,15.892,13.579,8.226,90.0,113.04,90.0,True,ABX3,Monoklinik
4030504_10,6974,Tl16 Sn16 F48.48,F Sn Tl ,C2/c,15,5,15.892,13.579,8.226,90.0,113.04,90.0,True,ABX3,Monoklinik
4030504_11,6974,Tl16 Sn16 F48.48,F Sn Tl ,C2/c,15,5,15.892,13.579,8.226,90.0,113.04,90.0,True,ABX3,Monoklinik
4030504_12,6974,Tl16 Sn16 F48.48,F Sn Tl ,C2/c,15,5,15.892,13.579,8.226,90.0,113.04,90.0,True,ABX3,Monoklinik
4030504_13,6974,Tl16 Sn16 F48.48,F Sn Tl ,C2/c,15,5,15.892,13.579,8.226,90.0,113.04,90.0,True,ABX3,Monoklinik
4030504_14,6974,Tl16 Sn16 F48.48,F Sn Tl ,C2/c,15,5,15.892,13.579,8.226,90.0,113.04,90.0,True,ABX3,Monoklinik
4030504_15,6974,Tl16 Sn16 F48.48,F Sn Tl ,C2/c,15,5,15.892,13.579,8.226,90.0,113.04,90.0,True,ABX3,Monoklinik
4030504_16,6974,Tl16 Sn16 F48.48,F Sn Tl ,C2/c,15,5,15.892,13.579,8.226,90.0,113.04,90.0,True,ABX3,Monoklinik
4030504_17,6974,Tl16 Sn16 F48.48,F Sn Tl ,C2/c,15,5,15.892,13.579,8.226,90.0,113.04,90.0,True,ABX3,Monoklinik
4030504_18,6974,Tl16 Sn16 F48.48,F Sn Tl ,C2/c,15,5,15.892,13.579,8.226,90.0,113.04,90.0,True,ABX3,Monoklinik
4030504_19,6974,Tl16 Sn16 F48.48,F Sn Tl ,C2/c,15,5,15.892,13.579,8.226,90.0,113.04,90.0,True,ABX3,Monoklinik
4030504_20,6974,Tl16 Sn16 F48.48,F Sn Tl ,C2/c,15,5,15.892,13.579,8.226,90.0,113.04,90.0,True,ABX3,Monoklinik
4030504_21,6974,Tl16 Sn16 F48.48,F Sn Tl ,C2/c,15,5,15.892,13.579,8.226,90.0,113.04,90.0,True,ABX3,Monoklinik
4030504_22,6974,Tl16 Sn16 F48.48,F Sn Tl ,C2/c,15,5,15.892,13.579,8.226,90.0,113.04,90.0,True,ABX3,Monoklinik
4030504_23,6974,Tl16 Sn16 F48.48,F Sn Tl ,C2/c,15,5,15.892,13.579,8.226,90.0,113.04,90.0,True,ABX3,Monoklinik
4030504_24,6974,Tl16 Sn16 F48.48,F Sn Tl ,C2/c,15,5,15.892,13.579,8.226,90.0,113.04,90.0,True,ABX3,Monoklinik
1520840_1,7062,Tl16 Pb16 Cl48,Cl Pb Tl ,I4/mcm,140,1,11.902,11.902,15.805,90.0,90.0,90.0,True,ABX3,Tetragonal
1520840_2,7062,Tl16 Pb16 Cl48,Cl Pb Tl ,I4/mcm,140,1,11.902,11.902,15.805,90.0,90.0,90.0,True,ABX3,Tetragonal
1520840_3,7062,Tl16 Pb16 Cl48,Cl Pb Tl ,I4/mcm,140,1,11.902,11.902,15.805,90.0,90.0,90.0,True,ABX3,Tetragonal
1520840_4,7062,Tl16 Pb16 Cl48,Cl Pb Tl ,I4/mcm,140,1,11.902,11.902,15.805,90.0,90.0,90.0,True,ABX3,Tetragonal
1520840_5,7062,Tl16 Pb16 Cl48,Cl Pb Tl ,I4/mcm,140,1,11.902,11.902,15.805,90.0,90.0,90.0,True,ABX3,Tetragonal
1520840_6,7062,Tl16 Pb16 Cl48,Cl Pb Tl ,I4/mcm,140,1,11.902,11.902,15.805,90.0,90.0,90.0,True,ABX3,Tetragonal
1520840_7,7062,Tl16 Pb16 Cl48,Cl Pb Tl ,I4/mcm,140,1,11.902,11.902,15.805,90.0,90.0,90.0,True,ABX3,Tetragonal
1520840_8,7062,Tl16 Pb16 Cl48,Cl Pb Tl ,I4/mcm,140,1,11.902,11.902,15.805,90.0,90.0,90.0,True,ABX3,Tetragonal
1520840_9,7062,Tl16 Pb16 Cl48,Cl Pb Tl ,I4/mcm,140,1,11.902,11.902,15.805,90.0,90.0,90.0,True,ABX3,Tetragonal
1520840_10,7062,Tl16 Pb16 Cl48,Cl Pb Tl ,I4/mcm,140,1,11.902,11.902,15.805,90.0,90.0,90.0,True,ABX3,Tetragonal
1520840_11,7062,Tl16 Pb16 Cl48,Cl Pb Tl ,I4/mcm,140,1,11.902,11.902,15.805,90.0,90.0,90.0,True,ABX3,Tetragonal
1520840_12,7062,Tl16 Pb16 Cl48,Cl Pb Tl ,I4/mcm,140,1,11.902,11.902,15.805,90.0,90.0,90.0,True,ABX3,Tetragonal
1520840_13,7062,Tl16 Pb16 Cl48,Cl Pb Tl ,I4/mcm,140,1,11.902,11.902,15.805,90.0,90.0,90.0,True,ABX3,Tetragonal
1520840_14,7062,Tl16 Pb16 Cl48,Cl Pb Tl ,I4/mcm,140,1,11.902,11.902,15.805,90.0,90.0,90.0,True,ABX3,Tetragonal
1520840_15,7062,Tl16 Pb16 Cl48,Cl Pb Tl ,I4/mcm,140,1,11.902,11.902,15.805,90.0,90.0,90.0,True,ABX3,Tetragonal
1520840_16,7062,Tl16 Pb16 Cl48,Cl Pb Tl ,I4/mcm,140,1,11.902,11.902,15.805,90.0,90.0,90.0,True,ABX3,Tetragonal
1520840_17,7062,Tl16 Pb16 Cl48,Cl Pb Tl ,I4/mcm,140,1,11.902,11.902,15.805,90.0,90.0,90.0,True,ABX3,Tetragonal
1520840_18,7062,Tl16 Pb16 Cl48,Cl Pb Tl ,I4/mcm,140,1,11.902,11.902,15.805,90.0,90.0,90.0,True,ABX3,Tetragonal
1520840_19,7062,Tl16 Pb16 Cl48,Cl Pb Tl ,I4/mcm,140,1,11.902,11.902,15.805,90.0,90.0,90.0,True,ABX3,Tetragonal
1520840_20,7062,Tl16 Pb16 Cl48,Cl Pb Tl ,I4/mcm,140,1,11.902,11.902,15.805,90.0,90.0,90.0,True,ABX3,Tetragonal
1520840_21,7062,Tl16 Pb16 Cl48,Cl Pb Tl ,I4/mcm,140,1,11.902,11.902,15.805,90.0,90.0,90.0,True,ABX3,Tetragonal
1520840_22,7062,Tl16 Pb16 Cl48,Cl Pb Tl ,I4/mcm,140,1,11.902,11.902,15.805,90.0,90.0,90.0,True,ABX3,Tetragonal
1520840_23,7062,Tl16 Pb16 Cl48,Cl Pb Tl ,I4/mcm,140,1,11.902,11.902,15.805,90.0,90.0,90.0,True,ABX3,Tetragonal
1520840_24,7062,Tl16 Pb16 Cl48,Cl Pb Tl ,I4/mcm,140,1,11.902,11.902,15.805,90.0,90.0,90.0,True,ABX3,Tetragonal
1563703_1,7069,Ce4 B4 S12,B Ce S ,Pna2_1,33,2,7.60873,6.016846,8.93188,90.0,90.0,90.0,True,ABX3,Ortorombik
1563703_2,7069,Ce4 B4 S12,B Ce S ,Pna2_1,33,2,7.60873,6.016846,8.93188,90.0,90.0,90.0,True,ABX3,Ortorombik
1563703_3,7069,Ce4 B4 S12,B Ce S ,Pna2_1,33,2,7.60873,6.016846,8.93188,90.0,90.0,90.0,True,ABX3,Ortorombik
1563703_4,7069,Ce4 B4 S12,B Ce S ,Pna2_1,33,2,7.60873,6.016846,8.93188,90.0,90.0,90.0,True,ABX3,Ortorombik
1563703_5,7069,Ce4 B4 S12,B Ce S ,Pna2_1,33,2,7.60873,6.016846,8.93188,90.0,90.0,90.0,True,ABX3,Ortorombik
1563703_6,7069,Ce4 B4 S12,B Ce S ,Pna2_1,33,2,7.60873,6.016846,8.93188,90.0,90.0,90.0,True,ABX3,Ortorombik
1563703_7,7069,Ce4 B4 S12,B Ce S ,Pna2_1,33,2,7.60873,6.016846,8.93188,90.0,90.0,90.0,True,ABX3,Ortorombik
1563703_8,7069,Ce4 B4 S12,B Ce S ,Pna2_1,33,2,7.60873,6.016846,8.93188,90.0,90.0,90.0,True,ABX3,Ortorombik
1563703_9,7069,Ce4 B4 S12,B Ce S ,Pna2_1,33,2,7.60873,6.016846,8.93188,90.0,90.0,90.0,True,ABX3,Ortorombik
1563703_10,7069,Ce4 B4 S12,B Ce S ,Pna2_1,33,2,7.60873,6.016846,8.93188,90.0,90.0,90.0,True,ABX3,Ortorombik
1563703_11,7069,Ce4 B4 S12,B Ce S ,Pna2_1,33,2,7.60873,6.016846,8.93188,90.0,90.0,90.0,True,ABX3,Ortorombik
1563703_12,7069,Ce4 B4 S12,B Ce S ,Pna2_1,33,2,7.60873,6.016846,8.93188,90.0,90.0,90.0,True,ABX3,Ortorombik
1563703_13,7069,Ce4 B4 S12,B Ce S ,Pna2_1,33,2,7.60873,6.016846,8.93188,90.0,90.0,90.0,True,ABX3,Ortorombik
1563703_14,7069,Ce4 B4 S12,B Ce S ,Pna2_1,33,2,7.60873,6.016846,8.93188,90.0,90.0,90.0,True,ABX3,Ortorombik
1563703_15,7069,Ce4 B4 S12,B Ce S ,Pna2_1,33,2,7.60873,6.016846,8.93188,90.0,90.0,90.0,True,ABX3,Ortorombik
1563703_16,7069,Ce4 B4 S12,B Ce S ,Pna2_1,33,2,7.60873,6.016846,8.93188,90.0,90.0,90.0,True,ABX3,Ortorombik
1563703_17,7069,Ce4 B4 S12,B Ce S ,Pna2_1,33,2,7.60873,6.016846,8.93188,90.0,90.0,90.0,True,ABX3,Ortorombik
1563703_18,7069,Ce4 B4 S12,B Ce S ,Pna2_1,33,2,7.60873,6.016846,8.93188,90.0,90.0,90.0,True,ABX3,Ortorombik
1563703_19,7069,Ce4 B4 S12,B Ce S ,Pna2_1,33,2,7.60873,6.016846,8.93188,90.0,90.0,90.0,True,ABX3,Ortorombik
1563703_20,7069,Ce4 B4 S12,B Ce S ,Pna2_1,33,2,7.60873,6.016846,8.93188,90.0,90.0,90.0,True,ABX3,Ortorombik
1563703_21,7069,Ce4 B4 S12,B Ce S ,Pna2_1,33,2,7.60873,6.016846,8.93188,90.0,90.0,90.0,True,ABX3,Ortorombik
1563703_22,7069,Ce4 B4 S12,B Ce S ,Pna2_1,33,2,7.60873,6.016846,8.93188,90.0,90.0,90.0,True,ABX3,Ortorombik
1563703_23,7069,Ce4 B4 S12,B Ce S ,Pna2_1,33,2,7.60873,6.016846,8.93188,90.0,90.0,90.0,True,ABX3,Ortorombik
1563703_24,7069,Ce4 B4 S12,B Ce S ,Pna2_1,33,2,7.60873,6.016846,8.93188,90.0,90.0,90.0,True,ABX3,Ortorombik
4124538_1,7152,Na4 Sb4 O12,Na O Sb ,Pnma,62,2,5.43835,7.66195,5.38201,90.0,90.0,90.0,True,ABX3,Ortorombik
4124538_2,7152,Na4 Sb4 O12,Na O Sb ,Pnma,62,2,5.43835,7.66195,5.38201,90.0,90.0,90.0,True,ABX3,Ortorombik
4124538_3,7152,Na4 Sb4 O12,Na O Sb ,Pnma,62,2,5.43835,7.66195,5.38201,90.0,90.0,90.0,True,ABX3,Ortorombik
4124538_4,7152,Na4 Sb4 O12,Na O Sb ,Pnma,62,2,5.43835,7.66195,5.38201,90.0,90.0,90.0,True,ABX3,Ortorombik
4124538_5,7152,Na4 Sb4 O12,Na O Sb ,Pnma,62,2,5.43835,7.66195,5.38201,90.0,90.0,90.0,True,ABX3,Ortorombik
4124538_6,7152,Na4 Sb4 O12,Na O Sb ,Pnma,62,2,5.43835,7.66195,5.38201,90.0,90.0,90.0,True,ABX3,Ortorombik
4124538_7,7152,Na4 Sb4 O12,Na O Sb ,Pnma,62,2,5.43835,7.66195,5.38201,90.0,90.0,90.0,True,ABX3,Ortorombik
4124538_8,7152,Na4 Sb4 O12,Na O Sb ,Pnma,62,2,5.43835,7.66195,5.38201,90.0,90.0,90.0,True,ABX3,Ortorombik
4124538_9,7152,Na4 Sb4 O12,Na O Sb ,Pnma,62,2,5.43835,7.66195,5.38201,90.0,90.0,90.0,True,ABX3,Ortorombik
4124538_10,7152,Na4 Sb4 O12,Na O Sb ,Pnma,62,2,5.43835,7.66195,5.38201,90.0,90.0,90.0,True,ABX3,Ortorombik
4124538_11,7152,Na4 Sb4 O12,Na O Sb ,Pnma,62,2,5.43835,7.66195,5.38201,90.0,90.0,90.0,True,ABX3,Ortorombik
4124538_12,7152,Na4 Sb4 O12,Na O Sb ,Pnma,62,2,5.43835,7.66195,5.38201,90.0,90.0,90.0,True,ABX3,Ortorombik
4124538_13,7152,Na4 Sb4 O12,Na O Sb ,Pnma,62,2,5.43835,7.66195,5.38201,90.0,90.0,90.0,True,ABX3,Ortorombik
4124538_14,7152,Na4 Sb4 O12,Na O Sb ,Pnma,62,2,5.43835,7.66195,5.38201,90.0,90.0,90.0,True,ABX3,Ortorombik
4124538_15,7152,Na4 Sb4 O12,Na O Sb ,Pnma,62,2,5.43835,7.66195,5.38201,90.0,90.0,90.0,True,ABX3,Ortorombik
4124538_16,7152,Na4 Sb4 O12,Na O Sb ,Pnma,62,2,5.43835,7.66195,5.38201,90.0,90.0,90.0,True,ABX3,Ortorombik
4124538_17,7152,Na4 Sb4 O12,Na O Sb ,Pnma,62,2,5.43835,7.66195,5.38201,90.0,90.0,90.0,True,ABX3,Ortorombik
4124538_18,7152,Na4 Sb4 O12,Na O Sb ,Pnma,62,2,5.43835,7.66195,5.38201,90.0,90.0,90.0,True,ABX3,Ortorombik
4124538_19,7152,Na4 Sb4 O12,Na O Sb ,Pnma,62,2,5.43835,7.66195,5.38201,90.0,90.0,90.0,True,ABX3,Ortorombik
4124538_20,7152,Na4 Sb4 O12,Na O Sb ,Pnma,62,2,5.43835,7.66195,5.38201,90.0,90.0,90.0,True,ABX3,Ortorombik
4124538_21,7152,Na4 Sb4 O12,Na O Sb ,Pnma,62,2,5.43835,7.66195,5.38201,90.0,90.0,90.0,True,ABX3,Ortorombik
4124538_22,7152,Na4 Sb4 O12,Na O Sb ,Pnma,62,2,5.43835,7.66195,5.38201,90.0,90.0,90.0,True,ABX3,Ortorombik
4124538_23,7152,Na4 Sb4 O12,Na O Sb ,Pnma,62,2,5.43835,7.66195,5.38201,90.0,90.0,90.0,True,ABX3,Ortorombik
4124538_24,7152,Na4 Sb4 O12,Na O Sb ,Pnma,62,2,5.43835,7.66195,5.38201,90.0,90.0,90.0,True,ABX3,Ortorombik
7221402_1,7158,Ho4 Co4 O12,Co Ho O ,Pnma,62,2,5.1437,5.4159,7.3751,90.0,90.0,90.0,True,ABX3,Ortorombik
7221402_2,7158,Ho4 Co4 O12,Co Ho O ,Pnma,62,2,5.1437,5.4159,7.3751,90.0,90.0,90.0,True,ABX3,Ortorombik
7221402_3,7158,Ho4 Co4 O12,Co Ho O ,Pnma,62,2,5.1437,5.4159,7.3751,90.0,90.0,90.0,True,ABX3,Ortorombik
7221402_4,7158,Ho4 Co4 O12,Co Ho O ,Pnma,62,2,5.1437,5.4159,7.3751,90.0,90.0,90.0,True,ABX3,Ortorombik
7221402_5,7158,Ho4 Co4 O12,Co Ho O ,Pnma,62,2,5.1437,5.4159,7.3751,90.0,90.0,90.0,True,ABX3,Ortorombik
7221402_6,7158,Ho4 Co4 O12,Co Ho O ,Pnma,62,2,5.1437,5.4159,7.3751,90.0,90.0,90.0,True,ABX3,Ortorombik
7221402_7,7158,Ho4 Co4 O12,Co Ho O ,Pnma,62,2,5.1437,5.4159,7.3751,90.0,90.0,90.0,True,ABX3,Ortorombik
7221402_8,7158,Ho4 Co4 O12,Co Ho O ,Pnma,62,2,5.1437,5.4159,7.3751,90.0,90.0,90.0,True,ABX3,Ortorombik
7221402_9,7158,Ho4 Co4 O12,Co Ho O ,Pnma,62,2,5.1437,5.4159,7.3751,90.0,90.0,90.0,True,ABX3,Ortorombik
7221402_10,7158,Ho4 Co4 O12,Co Ho O ,Pnma,62,2,5.1437,5.4159,7.3751,90.0,90.0,90.0,True,ABX3,Ortorombik
7221402_11,7158,Ho4 Co4 O12,Co Ho O ,Pnma,62,2,5.1437,5.4159,7.3751,90.0,90.0,90.0,True,ABX3,Ortorombik
7221402_12,7158,Ho4 Co4 O12,Co Ho O ,Pnma,62,2,5.1437,5.4159,7.3751,90.0,90.0,90.0,True,ABX3,Ortorombik
7221402_13,7158,Ho4 Co4 O12,Co Ho O ,Pnma,62,2,5.1437,5.4159,7.3751,90.0,90.0,90.0,True,ABX3,Ortorombik
7221402_14,7158,Ho4 Co4 O12,Co Ho O ,Pnma,62,2,5.1437,5.4159,7.3751,90.0,90.0,90.0,True,ABX3,Ortorombik
7221402_15,7158,Ho4 Co4 O12,Co Ho O ,Pnma,62,2,5.1437,5.4159,7.3751,90.0,90.0,90.0,True,ABX3,Ortorombik
7221402_16,7158,Ho4 Co4 O12,Co Ho O ,Pnma,62,2,5.1437,5.4159,7.3751,90.0,90.0,90.0,True,ABX3,Ortorombik
7221402_17,7158,Ho4 Co4 O12,Co Ho O ,Pnma,62,2,5.1437,5.4159,7.3751,90.0,90.0,90.0,True,ABX3,Ortorombik
7221402_18,7158,Ho4 Co4 O12,Co Ho O ,Pnma,62,2,5.1437,5.4159,7.3751,90.0,90.0,90.0,True,ABX3,Ortorombik
7221402_19,7158,Ho4 Co4 O12,Co Ho O ,Pnma,62,2,5.1437,5.4159,7.3751,90.0,90.0,90.0,True,ABX3,Ortorombik
7221402_20,7158,Ho4 Co4 O12,Co Ho O ,Pnma,62,2,5.1437,5.4159,7.3751,90.0,90.0,90.0,True,ABX3,Ortorombik
7221402_21,7158,Ho4 Co4 O12,Co Ho O ,Pnma,62,2,5.1437,5.4159,7.3751,90.0,90.0,90.0,True,ABX3,Ortorombik
7221402_22,7158,Ho4 Co4 O12,Co Ho O ,Pnma,62,2,5.1437,5.4159,7.3751,90.0,90.0,90.0,True,ABX3,Ortorombik
7221402_23,7158,Ho4 Co4 O12,Co Ho O ,Pnma,62,2,5.1437,5.4159,7.3751,90.0,90.0,90.0,True,ABX3,Ortorombik
7221402_24,7158,Ho4 Co4 O12,Co Ho O ,Pnma,62,2,5.1437,5.4159,7.3751,90.0,90.0,90.0,True,ABX3,Ortorombik
1546378_1,7255,Na4 Zn4 F12,F Na Zn ,Pnma,62,2,5.409,5.579,7.765,90.0,90.0,90.0,True,ABX3,Ortorombik
1546378_2,7255,Na4 Zn4 F12,F Na Zn ,Pnma,62,2,5.409,5.579,7.765,90.0,90.0,90.0,True,ABX3,Ortorombik
1546378_3,7255,Na4 Zn4 F12,F Na Zn ,Pnma,62,2,5.409,5.579,7.765,90.0,90.0,90.0,True,ABX3,Ortorombik
1546378_4,7255,Na4 Zn4 F12,F Na Zn ,Pnma,62,2,5.409,5.579,7.765,90.0,90.0,90.0,True,ABX3,Ortorombik
1546378_5,7255,Na4 Zn4 F12,F Na Zn ,Pnma,62,2,5.409,5.579,7.765,90.0,90.0,90.0,True,ABX3,Ortorombik
1546378_6,7255,Na4 Zn4 F12,F Na Zn ,Pnma,62,2,5.409,5.579,7.765,90.0,90.0,90.0,True,ABX3,Ortorombik
1546378_7,7255,Na4 Zn4 F12,F Na Zn ,Pnma,62,2,5.409,5.579,7.765,90.0,90.0,90.0,True,ABX3,Ortorombik
1546378_8,7255,Na4 Zn4 F12,F Na Zn ,Pnma,62,2,5.409,5.579,7.765,90.0,90.0,90.0,True,ABX3,Ortorombik
1546378_9,7255,Na4 Zn4 F12,F Na Zn ,Pnma,62,2,5.409,5.579,7.765,90.0,90.0,90.0,True,ABX3,Ortorombik
1546378_10,7255,Na4 Zn4 F12,F Na Zn ,Pnma,62,2,5.409,5.579,7.765,90.0,90.0,90.0,True,ABX3,Ortorombik
1546378_11,7255,Na4 Zn4 F12,F Na Zn ,Pnma,62,2,5.409,5.579,7.765,90.0,90.0,90.0,True,ABX3,Ortorombik
1546378_12,7255,Na4 Zn4 F12,F Na Zn ,Pnma,62,2,5.409,5.579,7.765,90.0,90.0,90.0,True,ABX3,Ortorombik
1546378_13,7255,Na4 Zn4 F12,F Na Zn ,Pnma,62,2,5.409,5.579,7.765,90.0,90.0,90.0,True,ABX3,Ortorombik
1546378_14,7255,Na4 Zn4 F12,F Na Zn ,Pnma,62,2,5.409,5.579,7.765,90.0,90.0,90.0,True,ABX3,Ortorombik
1546378_15,7255,Na4 Zn4 F12,F Na Zn ,Pnma,62,2,5.409,5.579,7.765,90.0,90.0,90.0,True,ABX3,Ortorombik
1546378_16,7255,Na4 Zn4 F12,F Na Zn ,Pnma,62,2,5.409,5.579,7.765,90.0,90.0,90.0,True,ABX3,Ortorombik
1546378_17,7255,Na4 Zn4 F12,F Na Zn ,Pnma,62,2,5.409,5.579,7.765,90.0,90.0,90.0,True,ABX3,Ortorombik
1546378_18,7255,Na4 Zn4 F12,F Na Zn ,Pnma,62,2,5.409,5.579,7.765,90.0,90.0,90.0,True,ABX3,Ortorombik
1546378_19,7255,Na4 Zn4 F12,F Na Zn ,Pnma,62,2,5.409,5.579,7.765,90.0,90.0,90.0,True,ABX3,Ortorombik
1546378_20,7255,Na4 Zn4 F12,F Na Zn ,Pnma,62,2,5.409,5.579,7.765,90.0,90.0,90.0,True,ABX3,Ortorombik
1546378_21,7255,Na4 Zn4 F12,F Na Zn ,Pnma,62,2,5.409,5.579,7.765,90.0,90.0,90.0,True,ABX3,Ortorombik
1546378_22,7255,Na4 Zn4 F12,F Na Zn ,Pnma,62,2,5.409,5.579,7.765,90.0,90.0,90.0,True,ABX3,Ortorombik
1546378_23,7255,Na4 Zn4 F12,F Na Zn ,Pnma,62,2,5.409,5.579,7.765,90.0,90.0,90.0,True,ABX3,Ortorombik
1546378_24,7255,Na4 Zn4 F12,F Na Zn ,Pnma,62,2,5.409,5.579,7.765,90.0,90.0,90.0,True,ABX3,Ortorombik
1521398_1,7279,Sm4 Cr4 S12,Cr S Sm ,Pnma,62,2,7.64,3.74,12.97,90.0,90.0,90.0,True,ABX3,Ortorombik
1521398_2,7279,Sm4 Cr4 S12,Cr S Sm ,Pnma,62,2,7.64,3.74,12.97,90.0,90.0,90.0,True,ABX3,Ortorombik
1521398_3,7279,Sm4 Cr4 S12,Cr S Sm ,Pnma,62,2,7.64,3.74,12.97,90.0,90.0,90.0,True,ABX3,Ortorombik
1521398_4,7279,Sm4 Cr4 S12,Cr S Sm ,Pnma,62,2,7.64,3.74,12.97,90.0,90.0,90.0,True,ABX3,Ortorombik
1521398_5,7279,Sm4 Cr4 S12,Cr S Sm ,Pnma,62,2,7.64,3.74,12.97,90.0,90.0,90.0,True,ABX3,Ortorombik
1521398_6,7279,Sm4 Cr4 S12,Cr S Sm ,Pnma,62,2,7.64,3.74,12.97,90.0,90.0,90.0,True,ABX3,Ortorombik
1521398_7,7279,Sm4 Cr4 S12,Cr S Sm ,Pnma,62,2,7.64,3.74,12.97,90.0,90.0,90.0,True,ABX3,Ortorombik
1521398_8,7279,Sm4 Cr4 S12,Cr S Sm ,Pnma,62,2,7.64,3.74,12.97,90.0,90.0,90.0,True,ABX3,Ortorombik
1521398_9,7279,Sm4 Cr4 S12,Cr S Sm ,Pnma,62,2,7.64,3.74,12.97,90.0,90.0,90.0,True,ABX3,Ortorombik
1521398_10,7279,Sm4 Cr4 S12,Cr S Sm ,Pnma,62,2,7.64,3.74,12.97,90.0,90.0,90.0,True,ABX3,Ortorombik
1521398_11,7279,Sm4 Cr4 S12,Cr S Sm ,Pnma,62,2,7.64,3.74,12.97,90.0,90.0,90.0,True,ABX3,Ortorombik
1521398_12,7279,Sm4 Cr4 S12,Cr S Sm ,Pnma,62,2,7.64,3.74,12.97,90.0,90.0,90.0,True,ABX3,Ortorombik
1521398_13,7279,Sm4 Cr4 S12,Cr S Sm ,Pnma,62,2,7.64,3.74,12.97,90.0,90.0,90.0,True,ABX3,Ortorombik
1521398_14,7279,Sm4 Cr4 S12,Cr S Sm ,Pnma,62,2,7.64,3.74,12.97,90.0,90.0,90.0,True,ABX3,Ortorombik
1521398_15,7279,Sm4 Cr4 S12,Cr S Sm ,Pnma,62,2,7.64,3.74,12.97,90.0,90.0,90.0,True,ABX3,Ortorombik
1521398_16,7279,Sm4 Cr4 S12,Cr S Sm ,Pnma,62,2,7.64,3.74,12.97,90.0,90.0,90.0,True,ABX3,Ortorombik
1521398_17,7279,Sm4 Cr4 S12,Cr S Sm ,Pnma,62,2,7.64,3.74,12.97,90.0,90.0,90.0,True,ABX3,Ortorombik
1521398_18,7279,Sm4 Cr4 S12,Cr S Sm ,Pnma,62,2,7.64,3.74,12.97,90.0,90.0,90.0,True,ABX3,Ortorombik
1521398_19,7279,Sm4 Cr4 S12,Cr S Sm ,Pnma,62,2,7.64,3.74,12.97,90.0,90.0,90.0,True,ABX3,Ortorombik
1521398_20,7279,Sm4 Cr4 S12,Cr S Sm ,Pnma,62,2,7.64,3.74,12.97,90.0,90.0,90.0,True,ABX3,Ortorombik
1521398_21,7279,Sm4 Cr4 S12,Cr S Sm ,Pnma,62,2,7.64,3.74,12.97,90.0,90.0,90.0,True,ABX3,Ortorombik
1521398_22,7279,Sm4 Cr4 S12,Cr S Sm ,Pnma,62,2,7.64,3.74,12.97,90.0,90.0,90.0,True,ABX3,Ortorombik
1521398_23,7279,Sm4 Cr4 S12,Cr S Sm ,Pnma,62,2,7.64,3.74,12.97,90.0,90.0,90.0,True,ABX3,Ortorombik
1521398_24,7279,Sm4 Cr4 S12,Cr S Sm ,Pnma,62,2,7.64,3.74,12.97,90.0,90.0,90.0,True,ABX3,Ortorombik
2002884_1,7287,Ba1 Nb0.92 O2.76,Ba Nb O ,Pm-3m,221,0,4.039,4.039,4.039,90.0,90.0,90.0,True,ABX3,Kubik
2002884_2,7287,Ba1 Nb0.92 O2.76,Ba Nb O ,Pm-3m,221,0,4.039,4.039,4.039,90.0,90.0,90.0,True,ABX3,Kubik
2002884_3,7287,Ba1 Nb0.92 O2.76,Ba Nb O ,Pm-3m,221,0,4.039,4.039,4.039,90.0,90.0,90.0,True,ABX3,Kubik
2002884_4,7287,Ba1 Nb0.92 O2.76,Ba Nb O ,Pm-3m,221,0,4.039,4.039,4.039,90.0,90.0,90.0,True,ABX3,Kubik
2002884_5,7287,Ba1 Nb0.92 O2.76,Ba Nb O ,Pm-3m,221,0,4.039,4.039,4.039,90.0,90.0,90.0,True,ABX3,Kubik
2002884_6,7287,Ba1 Nb0.92 O2.76,Ba Nb O ,Pm-3m,221,0,4.039,4.039,4.039,90.0,90.0,90.0,True,ABX3,Kubik
2002884_7,7287,Ba1 Nb0.92 O2.76,Ba Nb O ,Pm-3m,221,0,4.039,4.039,4.039,90.0,90.0,90.0,True,ABX3,Kubik
2002884_8,7287,Ba1 Nb0.92 O2.76,Ba Nb O ,Pm-3m,221,0,4.039,4.039,4.039,90.0,90.0,90.0,True,ABX3,Kubik
2002884_9,7287,Ba1 Nb0.92 O2.76,Ba Nb O ,Pm-3m,221,0,4.039,4.039,4.039,90.0,90.0,90.0,True,ABX3,Kubik
2002884_10,7287,Ba1 Nb0.92 O2.76,Ba Nb O ,Pm-3m,221,0,4.039,4.039,4.039,90.0,90.0,90.0,True,ABX3,Kubik
2002884_11,7287,Ba1 Nb0.92 O2.76,Ba Nb O ,Pm-3m,221,0,4.039,4.039,4.039,90.0,90.0,90.0,True,ABX3,Kubik
2002884_12,7287,Ba1 Nb0.92 O2.76,Ba Nb O ,Pm-3m,221,0,4.039,4.039,4.039,90.0,90.0,90.0,True,ABX3,Kubik
2002884_13,7287,Ba1 Nb0.92 O2.76,Ba Nb O ,Pm-3m,221,0,4.039,4.039,4.039,90.0,90.0,90.0,True,ABX3,Kubik
2002884_14,7287,Ba1 Nb0.92 O2.76,Ba Nb O ,Pm-3m,221,0,4.039,4.039,4.039,90.0,90.0,90.0,True,ABX3,Kubik
2002884_15,7287,Ba1 Nb0.92 O2.76,Ba Nb O ,Pm-3m,221,0,4.039,4.039,4.039,90.0,90.0,90.0,True,ABX3,Kubik
2002884_16,7287,Ba1 Nb0.92 O2.76,Ba Nb O ,Pm-3m,221,0,4.039,4.039,4.039,90.0,90.0,90.0,True,ABX3,Kubik
2002884_17,7287,Ba1 Nb0.92 O2.76,Ba Nb O ,Pm-3m,221,0,4.039,4.039,4.039,90.0,90.0,90.0,True,ABX3,Kubik
2002884_18,7287,Ba1 Nb0.92 O2.76,Ba Nb O ,Pm-3m,221,0,4.039,4.039,4.039,90.0,90.0,90.0,True,ABX3,Kubik
2002884_19,7287,Ba1 Nb0.92 O2.76,Ba Nb O ,Pm-3m,221,0,4.039,4.039,4.039,90.0,90.0,90.0,True,ABX3,Kubik
2002884_20,7287,Ba1 Nb0.92 O2.76,Ba Nb O ,Pm-3m,221,0,4.039,4.039,4.039,90.0,90.0,90.0,True,ABX3,Kubik
2002884_21,7287,Ba1 Nb0.92 O2.76,Ba Nb O ,Pm-3m,221,0,4.039,4.039,4.039,90.0,90.0,90.0,True,ABX3,Kubik
2002884_22,7287,Ba1 Nb0.92 O2.76,Ba Nb O ,Pm-3m,221,0,4.039,4.039,4.039,90.0,90.0,90.0,True,ABX3,Kubik
2002884_23,7287,Ba1 Nb0.92 O2.76,Ba Nb O ,Pm-3m,221,0,4.039,4.039,4.039,90.0,90.0,90.0,True,ABX3,Kubik
2002884_24,7287,Ba1 Nb0.92 O2.76,Ba Nb O ,Pm-3m,221,0,4.039,4.039,4.039,90.0,90.0,90.0,True,ABX3,Kubik
1524531_1,7329,Ce8 Si8 P24,Ce P Si ,Pna2_1,33,2,5.861,5.712,25.295,90.0,90.0,90.0,True,ABX3,Ortorombik
1524531_2,7329,Ce8 Si8 P24,Ce P Si ,Pna2_1,33,2,5.861,5.712,25.295,90.0,90.0,90.0,True,ABX3,Ortorombik
1524531_3,7329,Ce8 Si8 P24,Ce P Si ,Pna2_1,33,2,5.861,5.712,25.295,90.0,90.0,90.0,True,ABX3,Ortorombik
1524531_4,7329,Ce8 Si8 P24,Ce P Si ,Pna2_1,33,2,5.861,5.712,25.295,90.0,90.0,90.0,True,ABX3,Ortorombik
1524531_5,7329,Ce8 Si8 P24,Ce P Si ,Pna2_1,33,2,5.861,5.712,25.295,90.0,90.0,90.0,True,ABX3,Ortorombik
1524531_6,7329,Ce8 Si8 P24,Ce P Si ,Pna2_1,33,2,5.861,5.712,25.295,90.0,90.0,90.0,True,ABX3,Ortorombik
1524531_7,7329,Ce8 Si8 P24,Ce P Si ,Pna2_1,33,2,5.861,5.712,25.295,90.0,90.0,90.0,True,ABX3,Ortorombik
1524531_8,7329,Ce8 Si8 P24,Ce P Si ,Pna2_1,33,2,5.861,5.712,25.295,90.0,90.0,90.0,True,ABX3,Ortorombik
1524531_9,7329,Ce8 Si8 P24,Ce P Si ,Pna2_1,33,2,5.861,5.712,25.295,90.0,90.0,90.0,True,ABX3,Ortorombik
1524531_10,7329,Ce8 Si8 P24,Ce P Si ,Pna2_1,33,2,5.861,5.712,25.295,90.0,90.0,90.0,True,ABX3,Ortorombik
1524531_11,7329,Ce8 Si8 P24,Ce P Si ,Pna2_1,33,2,5.861,5.712,25.295,90.0,90.0,90.0,True,ABX3,Ortorombik
1524531_12,7329,Ce8 Si8 P24,Ce P Si ,Pna2_1,33,2,5.861,5.712,25.295,90.0,90.0,90.0,True,ABX3,Ortorombik
1524531_13,7329,Ce8 Si8 P24,Ce P Si ,Pna2_1,33,2,5.861,5.712,25.295,90.0,90.0,90.0,True,ABX3,Ortorombik
1524531_14,7329,Ce8 Si8 P24,Ce P Si ,Pna2_1,33,2,5.861,5.712,25.295,90.0,90.0,90.0,True,ABX3,Ortorombik
1524531_15,7329,Ce8 Si8 P24,Ce P Si ,Pna2_1,33,2,5.861,5.712,25.295,90.0,90.0,90.0,True,ABX3,Ortorombik
1524531_16,7329,Ce8 Si8 P24,Ce P Si ,Pna2_1,33,2,5.861,5.712,25.295,90.0,90.0,90.0,True,ABX3,Ortorombik
1524531_17,7329,Ce8 Si8 P24,Ce P Si ,Pna2_1,33,2,5.861,5.712,25.295,90.0,90.0,90.0,True,ABX3,Ortorombik
1524531_18,7329,Ce8 Si8 P24,Ce P Si ,Pna2_1,33,2,5.861,5.712,25.295,90.0,90.0,90.0,True,ABX3,Ortorombik
1524531_19,7329,Ce8 Si8 P24,Ce P Si ,Pna2_1,33,2,5.861,5.712,25.295,90.0,90.0,90.0,True,ABX3,Ortorombik
1524531_20,7329,Ce8 Si8 P24,Ce P Si ,Pna2_1,33,2,5.861,5.712,25.295,90.0,90.0,90.0,True,ABX3,Ortorombik
1524531_21,7329,Ce8 Si8 P24,Ce P Si ,Pna2_1,33,2,5.861,5.712,25.295,90.0,90.0,90.0,True,ABX3,Ortorombik
1524531_22,7329,Ce8 Si8 P24,Ce P Si ,Pna2_1,33,2,5.861,5.712,25.295,90.0,90.0,90.0,True,ABX3,Ortorombik
1524531_23,7329,Ce8 Si8 P24,Ce P Si ,Pna2_1,33,2,5.861,5.712,25.295,90.0,90.0,90.0,True,ABX3,Ortorombik
1524531_24,7329,Ce8 Si8 P24,Ce P Si ,Pna2_1,33,2,5.861,5.712,25.295,90.0,90.0,90.0,True,ABX3,Ortorombik
1534336_1,7331,Nd4 Ga4 O12,Ga Nd O ,Pna2_1,33,2,5.44,5.5,7.71,90.0,90.0,90.0,True,ABX3,Ortorombik
1534336_2,7331,Nd4 Ga4 O12,Ga Nd O ,Pna2_1,33,2,5.44,5.5,7.71,90.0,90.0,90.0,True,ABX3,Ortorombik
1534336_3,7331,Nd4 Ga4 O12,Ga Nd O ,Pna2_1,33,2,5.44,5.5,7.71,90.0,90.0,90.0,True,ABX3,Ortorombik
1534336_4,7331,Nd4 Ga4 O12,Ga Nd O ,Pna2_1,33,2,5.44,5.5,7.71,90.0,90.0,90.0,True,ABX3,Ortorombik
1534336_5,7331,Nd4 Ga4 O12,Ga Nd O ,Pna2_1,33,2,5.44,5.5,7.71,90.0,90.0,90.0,True,ABX3,Ortorombik
1534336_6,7331,Nd4 Ga4 O12,Ga Nd O ,Pna2_1,33,2,5.44,5.5,7.71,90.0,90.0,90.0,True,ABX3,Ortorombik
1534336_7,7331,Nd4 Ga4 O12,Ga Nd O ,Pna2_1,33,2,5.44,5.5,7.71,90.0,90.0,90.0,True,ABX3,Ortorombik
1534336_8,7331,Nd4 Ga4 O12,Ga Nd O ,Pna2_1,33,2,5.44,5.5,7.71,90.0,90.0,90.0,True,ABX3,Ortorombik
1534336_9,7331,Nd4 Ga4 O12,Ga Nd O ,Pna2_1,33,2,5.44,5.5,7.71,90.0,90.0,90.0,True,ABX3,Ortorombik
1534336_10,7331,Nd4 Ga4 O12,Ga Nd O ,Pna2_1,33,2,5.44,5.5,7.71,90.0,90.0,90.0,True,ABX3,Ortorombik
1534336_11,7331,Nd4 Ga4 O12,Ga Nd O ,Pna2_1,33,2,5.44,5.5,7.71,90.0,90.0,90.0,True,ABX3,Ortorombik
1534336_12,7331,Nd4 Ga4 O12,Ga Nd O ,Pna2_1,33,2,5.44,5.5,7.71,90.0,90.0,90.0,True,ABX3,Ortorombik
1534336_13,7331,Nd4 Ga4 O12,Ga Nd O ,Pna2_1,33,2,5.44,5.5,7.71,90.0,90.0,90.0,True,ABX3,Ortorombik
1534336_14,7331,Nd4 Ga4 O12,Ga Nd O ,Pna2_1,33,2,5.44,5.5,7.71,90.0,90.0,90.0,True,ABX3,Ortorombik
1534336_15,7331,Nd4 Ga4 O12,Ga Nd O ,Pna2_1,33,2,5.44,5.5,7.71,90.0,90.0,90.0,True,ABX3,Ortorombik
1534336_16,7331,Nd4 Ga4 O12,Ga Nd O ,Pna2_1,33,2,5.44,5.5,7.71,90.0,90.0,90.0,True,ABX3,Ortorombik
1534336_17,7331,Nd4 Ga4 O12,Ga Nd O ,Pna2_1,33,2,5.44,5.5,7.71,90.0,90.0,90.0,True,ABX3,Ortorombik
1534336_18,7331,Nd4 Ga4 O12,Ga Nd O ,Pna2_1,33,2,5.44,5.5,7.71,90.0,90.0,90.0,True,ABX3,Ortorombik
1534336_19,7331,Nd4 Ga4 O12,Ga Nd O ,Pna2_1,33,2,5.44,5.5,7.71,90.0,90.0,90.0,True,ABX3,Ortorombik
1534336_20,7331,Nd4 Ga4 O12,Ga Nd O ,Pna2_1,33,2,5.44,5.5,7.71,90.0,90.0,90.0,True,ABX3,Ortorombik
1534336_21,7331,Nd4 Ga4 O12,Ga Nd O ,Pna2_1,33,2,5.44,5.5,7.71,90.0,90.0,90.0,True,ABX3,Ortorombik
1534336_22,7331,Nd4 Ga4 O12,Ga Nd O ,Pna2_1,33,2,5.44,5.5,7.71,90.0,90.0,90.0,True,ABX3,Ortorombik
1534336_23,7331,Nd4 Ga4 O12,Ga Nd O ,Pna2_1,33,2,5.44,5.5,7.71,90.0,90.0,90.0,True,ABX3,Ortorombik
1534336_24,7331,Nd4 Ga4 O12,Ga Nd O ,Pna2_1,33,2,5.44,5.5,7.71,90.0,90.0,90.0,True,ABX3,Ortorombik
1527946_1,7353,Na4 Mn4 F12,F Mn Na ,Pnma,62,2,5.747,8.004,5.548,90.0,90.0,90.0,True,ABX3,Ortorombik
1527946_2,7353,Na4 Mn4 F12,F Mn Na ,Pnma,62,2,5.747,8.004,5.548,90.0,90.0,90.0,True,ABX3,Ortorombik
1527946_3,7353,Na4 Mn4 F12,F Mn Na ,Pnma,62,2,5.747,8.004,5.548,90.0,90.0,90.0,True,ABX3,Ortorombik
1527946_4,7353,Na4 Mn4 F12,F Mn Na ,Pnma,62,2,5.747,8.004,5.548,90.0,90.0,90.0,True,ABX3,Ortorombik
1527946_5,7353,Na4 Mn4 F12,F Mn Na ,Pnma,62,2,5.747,8.004,5.548,90.0,90.0,90.0,True,ABX3,Ortorombik
1527946_6,7353,Na4 Mn4 F12,F Mn Na ,Pnma,62,2,5.747,8.004,5.548,90.0,90.0,90.0,True,ABX3,Ortorombik
1527946_7,7353,Na4 Mn4 F12,F Mn Na ,Pnma,62,2,5.747,8.004,5.548,90.0,90.0,90.0,True,ABX3,Ortorombik
1527946_8,7353,Na4 Mn4 F12,F Mn Na ,Pnma,62,2,5.747,8.004,5.548,90.0,90.0,90.0,True,ABX3,Ortorombik
1527946_9,7353,Na4 Mn4 F12,F Mn Na ,Pnma,62,2,5.747,8.004,5.548,90.0,90.0,90.0,True,ABX3,Ortorombik
1527946_10,7353,Na4 Mn4 F12,F Mn Na ,Pnma,62,2,5.747,8.004,5.548,90.0,90.0,90.0,True,ABX3,Ortorombik
1527946_11,7353,Na4 Mn4 F12,F Mn Na ,Pnma,62,2,5.747,8.004,5.548,90.0,90.0,90.0,True,ABX3,Ortorombik
1527946_12,7353,Na4 Mn4 F12,F Mn Na ,Pnma,62,2,5.747,8.004,5.548,90.0,90.0,90.0,True,ABX3,Ortorombik
1527946_13,7353,Na4 Mn4 F12,F Mn Na ,Pnma,62,2,5.747,8.004,5.548,90.0,90.0,90.0,True,ABX3,Ortorombik
1527946_14,7353,Na4 Mn4 F12,F Mn Na ,Pnma,62,2,5.747,8.004,5.548,90.0,90.0,90.0,True,ABX3,Ortorombik
1527946_15,7353,Na4 Mn4 F12,F Mn Na ,Pnma,62,2,5.747,8.004,5.548,90.0,90.0,90.0,True,ABX3,Ortorombik
1527946_16,7353,Na4 Mn4 F12,F Mn Na ,Pnma,62,2,5.747,8.004,5.548,90.0,90.0,90.0,True,ABX3,Ortorombik
1527946_17,7353,Na4 Mn4 F12,F Mn Na ,Pnma,62,2,5.747,8.004,5.548,90.0,90.0,90.0,True,ABX3,Ortorombik
1527946_18,7353,Na4 Mn4 F12,F Mn Na ,Pnma,62,2,5.747,8.004,5.548,90.0,90.0,90.0,True,ABX3,Ortorombik
1527946_19,7353,Na4 Mn4 F12,F Mn Na ,Pnma,62,2,5.747,8.004,5.548,90.0,90.0,90.0,True,ABX3,Ortorombik
1527946_20,7353,Na4 Mn4 F12,F Mn Na ,Pnma,62,2,5.747,8.004,5.548,90.0,90.0,90.0,True,ABX3,Ortorombik
1527946_21,7353,Na4 Mn4 F12,F Mn Na ,Pnma,62,2,5.747,8.004,5.548,90.0,90.0,90.0,True,ABX3,Ortorombik
1527946_22,7353,Na4 Mn4 F12,F Mn Na ,Pnma,62,2,5.747,8.004,5.548,90.0,90.0,90.0,True,ABX3,Ortorombik
1527946_23,7353,Na4 Mn4 F12,F Mn Na ,Pnma,62,2,5.747,8.004,5.548,90.0,90.0,90.0,True,ABX3,Ortorombik
1527946_24,7353,Na4 Mn4 F12,F Mn Na ,Pnma,62,2,5.747,8.004,5.548,90.0,90.0,90.0,True,ABX3,Ortorombik
1525569_1,7380,Er4 Ni4 O12,Er Ni O ,P2_1/c,14,5,5.1614,5.511,7.3997,90.0,90.112,90.0,True,ABX3,Monoklinik
1525569_2,7380,Er4 Ni4 O12,Er Ni O ,P2_1/c,14,5,5.1614,5.511,7.3997,90.0,90.112,90.0,True,ABX3,Monoklinik
1525569_3,7380,Er4 Ni4 O12,Er Ni O ,P2_1/c,14,5,5.1614,5.511,7.3997,90.0,90.112,90.0,True,ABX3,Monoklinik
1525569_4,7380,Er4 Ni4 O12,Er Ni O ,P2_1/c,14,5,5.1614,5.511,7.3997,90.0,90.112,90.0,True,ABX3,Monoklinik
1525569_5,7380,Er4 Ni4 O12,Er Ni O ,P2_1/c,14,5,5.1614,5.511,7.3997,90.0,90.112,90.0,True,ABX3,Monoklinik
1525569_6,7380,Er4 Ni4 O12,Er Ni O ,P2_1/c,14,5,5.1614,5.511,7.3997,90.0,90.112,90.0,True,ABX3,Monoklinik
1525569_7,7380,Er4 Ni4 O12,Er Ni O ,P2_1/c,14,5,5.1614,5.511,7.3997,90.0,90.112,90.0,True,ABX3,Monoklinik
1525569_8,7380,Er4 Ni4 O12,Er Ni O ,P2_1/c,14,5,5.1614,5.511,7.3997,90.0,90.112,90.0,True,ABX3,Monoklinik
1525569_9,7380,Er4 Ni4 O12,Er Ni O ,P2_1/c,14,5,5.1614,5.511,7.3997,90.0,90.112,90.0,True,ABX3,Monoklinik
1525569_10,7380,Er4 Ni4 O12,Er Ni O ,P2_1/c,14,5,5.1614,5.511,7.3997,90.0,90.112,90.0,True,ABX3,Monoklinik
1525569_11,7380,Er4 Ni4 O12,Er Ni O ,P2_1/c,14,5,5.1614,5.511,7.3997,90.0,90.112,90.0,True,ABX3,Monoklinik
1525569_12,7380,Er4 Ni4 O12,Er Ni O ,P2_1/c,14,5,5.1614,5.511,7.3997,90.0,90.112,90.0,True,ABX3,Monoklinik
1525569_13,7380,Er4 Ni4 O12,Er Ni O ,P2_1/c,14,5,5.1614,5.511,7.3997,90.0,90.112,90.0,True,ABX3,Monoklinik
1525569_14,7380,Er4 Ni4 O12,Er Ni O ,P2_1/c,14,5,5.1614,5.511,7.3997,90.0,90.112,90.0,True,ABX3,Monoklinik
1525569_15,7380,Er4 Ni4 O12,Er Ni O ,P2_1/c,14,5,5.1614,5.511,7.3997,90.0,90.112,90.0,True,ABX3,Monoklinik
1525569_16,7380,Er4 Ni4 O12,Er Ni O ,P2_1/c,14,5,5.1614,5.511,7.3997,90.0,90.112,90.0,True,ABX3,Monoklinik
1525569_17,7380,Er4 Ni4 O12,Er Ni O ,P2_1/c,14,5,5.1614,5.511,7.3997,90.0,90.112,90.0,True,ABX3,Monoklinik
1525569_18,7380,Er4 Ni4 O12,Er Ni O ,P2_1/c,14,5,5.1614,5.511,7.3997,90.0,90.112,90.0,True,ABX3,Monoklinik
1525569_19,7380,Er4 Ni4 O12,Er Ni O ,P2_1/c,14,5,5.1614,5.511,7.3997,90.0,90.112,90.0,True,ABX3,Monoklinik
1525569_20,7380,Er4 Ni4 O12,Er Ni O ,P2_1/c,14,5,5.1614,5.511,7.3997,90.0,90.112,90.0,True,ABX3,Monoklinik
1525569_21,7380,Er4 Ni4 O12,Er Ni O ,P2_1/c,14,5,5.1614,5.511,7.3997,90.0,90.112,90.0,True,ABX3,Monoklinik
1525569_22,7380,Er4 Ni4 O12,Er Ni O ,P2_1/c,14,5,5.1614,5.511,7.3997,90.0,90.112,90.0,True,ABX3,Monoklinik
1525569_23,7380,Er4 Ni4 O12,Er Ni O ,P2_1/c,14,5,5.1614,5.511,7.3997,90.0,90.112,90.0,True,ABX3,Monoklinik
1525569_24,7380,Er4 Ni4 O12,Er Ni O ,P2_1/c,14,5,5.1614,5.511,7.3997,90.0,90.112,90.0,True,ABX3,Monoklinik
2002187_1,7574,Ba1 Bi1 O3,Ba Bi O ,P4/mmm,123,1,4.364,4.364,4.518,90.0,90.0,90.0,True,ABX3,Tetragonal
2002187_2,7574,Ba1 Bi1 O3,Ba Bi O ,P4/mmm,123,1,4.364,4.364,4.518,90.0,90.0,90.0,True,ABX3,Tetragonal
2002187_3,7574,Ba1 Bi1 O3,Ba Bi O ,P4/mmm,123,1,4.364,4.364,4.518,90.0,90.0,90.0,True,ABX3,Tetragonal
2002187_4,7574,Ba1 Bi1 O3,Ba Bi O ,P4/mmm,123,1,4.364,4.364,4.518,90.0,90.0,90.0,True,ABX3,Tetragonal
2002187_5,7574,Ba1 Bi1 O3,Ba Bi O ,P4/mmm,123,1,4.364,4.364,4.518,90.0,90.0,90.0,True,ABX3,Tetragonal
2002187_6,7574,Ba1 Bi1 O3,Ba Bi O ,P4/mmm,123,1,4.364,4.364,4.518,90.0,90.0,90.0,True,ABX3,Tetragonal
2002187_7,7574,Ba1 Bi1 O3,Ba Bi O ,P4/mmm,123,1,4.364,4.364,4.518,90.0,90.0,90.0,True,ABX3,Tetragonal
2002187_8,7574,Ba1 Bi1 O3,Ba Bi O ,P4/mmm,123,1,4.364,4.364,4.518,90.0,90.0,90.0,True,ABX3,Tetragonal
2002187_9,7574,Ba1 Bi1 O3,Ba Bi O ,P4/mmm,123,1,4.364,4.364,4.518,90.0,90.0,90.0,True,ABX3,Tetragonal
2002187_10,7574,Ba1 Bi1 O3,Ba Bi O ,P4/mmm,123,1,4.364,4.364,4.518,90.0,90.0,90.0,True,ABX3,Tetragonal
2002187_11,7574,Ba1 Bi1 O3,Ba Bi O ,P4/mmm,123,1,4.364,4.364,4.518,90.0,90.0,90.0,True,ABX3,Tetragonal
2002187_12,7574,Ba1 Bi1 O3,Ba Bi O ,P4/mmm,123,1,4.364,4.364,4.518,90.0,90.0,90.0,True,ABX3,Tetragonal
2002187_13,7574,Ba1 Bi1 O3,Ba Bi O ,P4/mmm,123,1,4.364,4.364,4.518,90.0,90.0,90.0,True,ABX3,Tetragonal
2002187_14,7574,Ba1 Bi1 O3,Ba Bi O ,P4/mmm,123,1,4.364,4.364,4.518,90.0,90.0,90.0,True,ABX3,Tetragonal
2002187_15,7574,Ba1 Bi1 O3,Ba Bi O ,P4/mmm,123,1,4.364,4.364,4.518,90.0,90.0,90.0,True,ABX3,Tetragonal
2002187_16,7574,Ba1 Bi1 O3,Ba Bi O ,P4/mmm,123,1,4.364,4.364,4.518,90.0,90.0,90.0,True,ABX3,Tetragonal
2002187_17,7574,Ba1 Bi1 O3,Ba Bi O ,P4/mmm,123,1,4.364,4.364,4.518,90.0,90.0,90.0,True,ABX3,Tetragonal
2002187_18,7574,Ba1 Bi1 O3,Ba Bi O ,P4/mmm,123,1,4.364,4.364,4.518,90.0,90.0,90.0,True,ABX3,Tetragonal
2002187_19,7574,Ba1 Bi1 O3,Ba Bi O ,P4/mmm,123,1,4.364,4.364,4.518,90.0,90.0,90.0,True,ABX3,Tetragonal
2002187_20,7574,Ba1 Bi1 O3,Ba Bi O ,P4/mmm,123,1,4.364,4.364,4.518,90.0,90.0,90.0,True,ABX3,Tetragonal
2002187_21,7574,Ba1 Bi1 O3,Ba Bi O ,P4/mmm,123,1,4.364,4.364,4.518,90.0,90.0,90.0,True,ABX3,Tetragonal
2002187_22,7574,Ba1 Bi1 O3,Ba Bi O ,P4/mmm,123,1,4.364,4.364,4.518,90.0,90.0,90.0,True,ABX3,Tetragonal
2002187_23,7574,Ba1 Bi1 O3,Ba Bi O ,P4/mmm,123,1,4.364,4.364,4.518,90.0,90.0,90.0,True,ABX3,Tetragonal
2002187_24,7574,Ba1 Bi1 O3,Ba Bi O ,P4/mmm,123,1,4.364,4.364,4.518,90.0,90.0,90.0,True,ABX3,Tetragonal
1542142_1,7589,Cs1 Pb1 Cl3,Cl Cs Pb ,Pm-3m,221,0,5.605,5.605,5.605,90.0,90.0,90.0,True,ABX3,Kubik
1542142_2,7589,Cs1 Pb1 Cl3,Cl Cs Pb ,Pm-3m,221,0,5.605,5.605,5.605,90.0,90.0,90.0,True,ABX3,Kubik
1542142_3,7589,Cs1 Pb1 Cl3,Cl Cs Pb ,Pm-3m,221,0,5.605,5.605,5.605,90.0,90.0,90.0,True,ABX3,Kubik
1542142_4,7589,Cs1 Pb1 Cl3,Cl Cs Pb ,Pm-3m,221,0,5.605,5.605,5.605,90.0,90.0,90.0,True,ABX3,Kubik
1542142_5,7589,Cs1 Pb1 Cl3,Cl Cs Pb ,Pm-3m,221,0,5.605,5.605,5.605,90.0,90.0,90.0,True,ABX3,Kubik
1542142_6,7589,Cs1 Pb1 Cl3,Cl Cs Pb ,Pm-3m,221,0,5.605,5.605,5.605,90.0,90.0,90.0,True,ABX3,Kubik
1542142_7,7589,Cs1 Pb1 Cl3,Cl Cs Pb ,Pm-3m,221,0,5.605,5.605,5.605,90.0,90.0,90.0,True,ABX3,Kubik
1542142_8,7589,Cs1 Pb1 Cl3,Cl Cs Pb ,Pm-3m,221,0,5.605,5.605,5.605,90.0,90.0,90.0,True,ABX3,Kubik
1542142_9,7589,Cs1 Pb1 Cl3,Cl Cs Pb ,Pm-3m,221,0,5.605,5.605,5.605,90.0,90.0,90.0,True,ABX3,Kubik
1542142_10,7589,Cs1 Pb1 Cl3,Cl Cs Pb ,Pm-3m,221,0,5.605,5.605,5.605,90.0,90.0,90.0,True,ABX3,Kubik
1542142_11,7589,Cs1 Pb1 Cl3,Cl Cs Pb ,Pm-3m,221,0,5.605,5.605,5.605,90.0,90.0,90.0,True,ABX3,Kubik
1542142_12,7589,Cs1 Pb1 Cl3,Cl Cs Pb ,Pm-3m,221,0,5.605,5.605,5.605,90.0,90.0,90.0,True,ABX3,Kubik
1542142_13,7589,Cs1 Pb1 Cl3,Cl Cs Pb ,Pm-3m,221,0,5.605,5.605,5.605,90.0,90.0,90.0,True,ABX3,Kubik
1542142_14,7589,Cs1 Pb1 Cl3,Cl Cs Pb ,Pm-3m,221,0,5.605,5.605,5.605,90.0,90.0,90.0,True,ABX3,Kubik
1542142_15,7589,Cs1 Pb1 Cl3,Cl Cs Pb ,Pm-3m,221,0,5.605,5.605,5.605,90.0,90.0,90.0,True,ABX3,Kubik
1542142_16,7589,Cs1 Pb1 Cl3,Cl Cs Pb ,Pm-3m,221,0,5.605,5.605,5.605,90.0,90.0,90.0,True,ABX3,Kubik
1542142_17,7589,Cs1 Pb1 Cl3,Cl Cs Pb ,Pm-3m,221,0,5.605,5.605,5.605,90.0,90.0,90.0,True,ABX3,Kubik
1542142_18,7589,Cs1 Pb1 Cl3,Cl Cs Pb ,Pm-3m,221,0,5.605,5.605,5.605,90.0,90.0,90.0,True,ABX3,Kubik
1542142_19,7589,Cs1 Pb1 Cl3,Cl Cs Pb ,Pm-3m,221,0,5.605,5.605,5.605,90.0,90.0,90.0,True,ABX3,Kubik
1542142_20,7589,Cs1 Pb1 Cl3,Cl Cs Pb ,Pm-3m,221,0,5.605,5.605,5.605,90.0,90.0,90.0,True,ABX3,Kubik
1542142_21,7589,Cs1 Pb1 Cl3,Cl Cs Pb ,Pm-3m,221,0,5.605,5.605,5.605,90.0,90.0,90.0,True,ABX3,Kubik
1542142_22,7589,Cs1 Pb1 Cl3,Cl Cs Pb ,Pm-3m,221,0,5.605,5.605,5.605,90.0,90.0,90.0,True,ABX3,Kubik
1542142_23,7589,Cs1 Pb1 Cl3,Cl Cs Pb ,Pm-3m,221,0,5.605,5.605,5.605,90.0,90.0,90.0,True,ABX3,Kubik
1542142_24,7589,Cs1 Pb1 Cl3,Cl Cs Pb ,Pm-3m,221,0,5.605,5.605,5.605,90.0,90.0,90.0,True,ABX3,Kubik
7221065_1,7630,Nd4 Mn3.84 O11.544,Mn Nd O ,Pnma,62,2,5.87766,7.66068,5.41051,90.0,90.0,90.0,True,ABX3,Ortorombik
7221065_2,7630,Nd4 Mn3.84 O11.544,Mn Nd O ,Pnma,62,2,5.87766,7.66068,5.41051,90.0,90.0,90.0,True,ABX3,Ortorombik
7221065_3,7630,Nd4 Mn3.84 O11.544,Mn Nd O ,Pnma,62,2,5.87766,7.66068,5.41051,90.0,90.0,90.0,True,ABX3,Ortorombik
7221065_4,7630,Nd4 Mn3.84 O11.544,Mn Nd O ,Pnma,62,2,5.87766,7.66068,5.41051,90.0,90.0,90.0,True,ABX3,Ortorombik
7221065_5,7630,Nd4 Mn3.84 O11.544,Mn Nd O ,Pnma,62,2,5.87766,7.66068,5.41051,90.0,90.0,90.0,True,ABX3,Ortorombik
7221065_6,7630,Nd4 Mn3.84 O11.544,Mn Nd O ,Pnma,62,2,5.87766,7.66068,5.41051,90.0,90.0,90.0,True,ABX3,Ortorombik
7221065_7,7630,Nd4 Mn3.84 O11.544,Mn Nd O ,Pnma,62,2,5.87766,7.66068,5.41051,90.0,90.0,90.0,True,ABX3,Ortorombik
7221065_8,7630,Nd4 Mn3.84 O11.544,Mn Nd O ,Pnma,62,2,5.87766,7.66068,5.41051,90.0,90.0,90.0,True,ABX3,Ortorombik
7221065_9,7630,Nd4 Mn3.84 O11.544,Mn Nd O ,Pnma,62,2,5.87766,7.66068,5.41051,90.0,90.0,90.0,True,ABX3,Ortorombik
7221065_10,7630,Nd4 Mn3.84 O11.544,Mn Nd O ,Pnma,62,2,5.87766,7.66068,5.41051,90.0,90.0,90.0,True,ABX3,Ortorombik
7221065_11,7630,Nd4 Mn3.84 O11.544,Mn Nd O ,Pnma,62,2,5.87766,7.66068,5.41051,90.0,90.0,90.0,True,ABX3,Ortorombik
7221065_12,7630,Nd4 Mn3.84 O11.544,Mn Nd O ,Pnma,62,2,5.87766,7.66068,5.41051,90.0,90.0,90.0,True,ABX3,Ortorombik
7221065_13,7630,Nd4 Mn3.84 O11.544,Mn Nd O ,Pnma,62,2,5.87766,7.66068,5.41051,90.0,90.0,90.0,True,ABX3,Ortorombik
7221065_14,7630,Nd4 Mn3.84 O11.544,Mn Nd O ,Pnma,62,2,5.87766,7.66068,5.41051,90.0,90.0,90.0,True,ABX3,Ortorombik
7221065_15,7630,Nd4 Mn3.84 O11.544,Mn Nd O ,Pnma,62,2,5.87766,7.66068,5.41051,90.0,90.0,90.0,True,ABX3,Ortorombik
7221065_16,7630,Nd4 Mn3.84 O11.544,Mn Nd O ,Pnma,62,2,5.87766,7.66068,5.41051,90.0,90.0,90.0,True,ABX3,Ortorombik
7221065_17,7630,Nd4 Mn3.84 O11.544,Mn Nd O ,Pnma,62,2,5.87766,7.66068,5.41051,90.0,90.0,90.0,True,ABX3,Ortorombik
7221065_18,7630,Nd4 Mn3.84 O11.544,Mn Nd O ,Pnma,62,2,5.87766,7.66068,5.41051,90.0,90.0,90.0,True,ABX3,Ortorombik
7221065_19,7630,Nd4 Mn3.84 O11.544,Mn Nd O ,Pnma,62,2,5.87766,7.66068,5.41051,90.0,90.0,90.0,True,ABX3,Ortorombik
7221065_20,7630,Nd4 Mn3.84 O11.544,Mn Nd O ,Pnma,62,2,5.87766,7.66068,5.41051,90.0,90.0,90.0,True,ABX3,Ortorombik
7221065_21,7630,Nd4 Mn3.84 O11.544,Mn Nd O ,Pnma,62,2,5.87766,7.66068,5.41051,90.0,90.0,90.0,True,ABX3,Ortorombik
7221065_22,7630,Nd4 Mn3.84 O11.544,Mn Nd O ,Pnma,62,2,5.87766,7.66068,5.41051,90.0,90.0,90.0,True,ABX3,Ortorombik
7221065_23,7630,Nd4 Mn3.84 O11.544,Mn Nd O ,Pnma,62,2,5.87766,7.66068,5.41051,90.0,90.0,90.0,True,ABX3,Ortorombik
7221065_24,7630,Nd4 Mn3.84 O11.544,Mn Nd O ,Pnma,62,2,5.87766,7.66068,5.41051,90.0,90.0,90.0,True,ABX3,Ortorombik
1539294_1,7644,K1 Mg1 H3,H K Mg ,Pm-3m,221,0,4.025,4.025,4.025,90.0,90.0,90.0,True,ABX3,Kubik
1539294_2,7644,K1 Mg1 H3,H K Mg ,Pm-3m,221,0,4.025,4.025,4.025,90.0,90.0,90.0,True,ABX3,Kubik
1539294_3,7644,K1 Mg1 H3,H K Mg ,Pm-3m,221,0,4.025,4.025,4.025,90.0,90.0,90.0,True,ABX3,Kubik
1539294_4,7644,K1 Mg1 H3,H K Mg ,Pm-3m,221,0,4.025,4.025,4.025,90.0,90.0,90.0,True,ABX3,Kubik
1539294_5,7644,K1 Mg1 H3,H K Mg ,Pm-3m,221,0,4.025,4.025,4.025,90.0,90.0,90.0,True,ABX3,Kubik
1539294_6,7644,K1 Mg1 H3,H K Mg ,Pm-3m,221,0,4.025,4.025,4.025,90.0,90.0,90.0,True,ABX3,Kubik
1539294_7,7644,K1 Mg1 H3,H K Mg ,Pm-3m,221,0,4.025,4.025,4.025,90.0,90.0,90.0,True,ABX3,Kubik
1539294_8,7644,K1 Mg1 H3,H K Mg ,Pm-3m,221,0,4.025,4.025,4.025,90.0,90.0,90.0,True,ABX3,Kubik
1539294_9,7644,K1 Mg1 H3,H K Mg ,Pm-3m,221,0,4.025,4.025,4.025,90.0,90.0,90.0,True,ABX3,Kubik
1539294_10,7644,K1 Mg1 H3,H K Mg ,Pm-3m,221,0,4.025,4.025,4.025,90.0,90.0,90.0,True,ABX3,Kubik
1539294_11,7644,K1 Mg1 H3,H K Mg ,Pm-3m,221,0,4.025,4.025,4.025,90.0,90.0,90.0,True,ABX3,Kubik
1539294_12,7644,K1 Mg1 H3,H K Mg ,Pm-3m,221,0,4.025,4.025,4.025,90.0,90.0,90.0,True,ABX3,Kubik
1539294_13,7644,K1 Mg1 H3,H K Mg ,Pm-3m,221,0,4.025,4.025,4.025,90.0,90.0,90.0,True,ABX3,Kubik
1539294_14,7644,K1 Mg1 H3,H K Mg ,Pm-3m,221,0,4.025,4.025,4.025,90.0,90.0,90.0,True,ABX3,Kubik
1539294_15,7644,K1 Mg1 H3,H K Mg ,Pm-3m,221,0,4.025,4.025,4.025,90.0,90.0,90.0,True,ABX3,Kubik
1539294_16,7644,K1 Mg1 H3,H K Mg ,Pm-3m,221,0,4.025,4.025,4.025,90.0,90.0,90.0,True,ABX3,Kubik
1539294_17,7644,K1 Mg1 H3,H K Mg ,Pm-3m,221,0,4.025,4.025,4.025,90.0,90.0,90.0,True,ABX3,Kubik
1539294_18,7644,K1 Mg1 H3,H K Mg ,Pm-3m,221,0,4.025,4.025,4.025,90.0,90.0,90.0,True,ABX3,Kubik
1539294_19,7644,K1 Mg1 H3,H K Mg ,Pm-3m,221,0,4.025,4.025,4.025,90.0,90.0,90.0,True,ABX3,Kubik
1539294_20,7644,K1 Mg1 H3,H K Mg ,Pm-3m,221,0,4.025,4.025,4.025,90.0,90.0,90.0,True,ABX3,Kubik
1539294_21,7644,K1 Mg1 H3,H K Mg ,Pm-3m,221,0,4.025,4.025,4.025,90.0,90.0,90.0,True,ABX3,Kubik
1539294_22,7644,K1 Mg1 H3,H K Mg ,Pm-3m,221,0,4.025,4.025,4.025,90.0,90.0,90.0,True,ABX3,Kubik
1539294_23,7644,K1 Mg1 H3,H K Mg ,Pm-3m,221,0,4.025,4.025,4.025,90.0,90.0,90.0,True,ABX3,Kubik
1539294_24,7644,K1 Mg1 H3,H K Mg ,Pm-3m,221,0,4.025,4.025,4.025,90.0,90.0,90.0,True,ABX3,Kubik
1532578_1,7714,U4 Mn4 Se12,Mn Se U ,Cmcm,63,2,3.931,12.705,9.148,90.0,90.0,90.0,True,ABX3,Ortorombik
1532578_2,7714,U4 Mn4 Se12,Mn Se U ,Cmcm,63,2,3.931,12.705,9.148,90.0,90.0,90.0,True,ABX3,Ortorombik
1532578_3,7714,U4 Mn4 Se12,Mn Se U ,Cmcm,63,2,3.931,12.705,9.148,90.0,90.0,90.0,True,ABX3,Ortorombik
1532578_4,7714,U4 Mn4 Se12,Mn Se U ,Cmcm,63,2,3.931,12.705,9.148,90.0,90.0,90.0,True,ABX3,Ortorombik
1532578_5,7714,U4 Mn4 Se12,Mn Se U ,Cmcm,63,2,3.931,12.705,9.148,90.0,90.0,90.0,True,ABX3,Ortorombik
1532578_6,7714,U4 Mn4 Se12,Mn Se U ,Cmcm,63,2,3.931,12.705,9.148,90.0,90.0,90.0,True,ABX3,Ortorombik
1532578_7,7714,U4 Mn4 Se12,Mn Se U ,Cmcm,63,2,3.931,12.705,9.148,90.0,90.0,90.0,True,ABX3,Ortorombik
1532578_8,7714,U4 Mn4 Se12,Mn Se U ,Cmcm,63,2,3.931,12.705,9.148,90.0,90.0,90.0,True,ABX3,Ortorombik
1532578_9,7714,U4 Mn4 Se12,Mn Se U ,Cmcm,63,2,3.931,12.705,9.148,90.0,90.0,90.0,True,ABX3,Ortorombik
1532578_10,7714,U4 Mn4 Se12,Mn Se U ,Cmcm,63,2,3.931,12.705,9.148,90.0,90.0,90.0,True,ABX3,Ortorombik
1532578_11,7714,U4 Mn4 Se12,Mn Se U ,Cmcm,63,2,3.931,12.705,9.148,90.0,90.0,90.0,True,ABX3,Ortorombik
1532578_12,7714,U4 Mn4 Se12,Mn Se U ,Cmcm,63,2,3.931,12.705,9.148,90.0,90.0,90.0,True,ABX3,Ortorombik
1532578_13,7714,U4 Mn4 Se12,Mn Se U ,Cmcm,63,2,3.931,12.705,9.148,90.0,90.0,90.0,True,ABX3,Ortorombik
1532578_14,7714,U4 Mn4 Se12,Mn Se U ,Cmcm,63,2,3.931,12.705,9.148,90.0,90.0,90.0,True,ABX3,Ortorombik
1532578_15,7714,U4 Mn4 Se12,Mn Se U ,Cmcm,63,2,3.931,12.705,9.148,90.0,90.0,90.0,True,ABX3,Ortorombik
1532578_16,7714,U4 Mn4 Se12,Mn Se U ,Cmcm,63,2,3.931,12.705,9.148,90.0,90.0,90.0,True,ABX3,Ortorombik
1532578_17,7714,U4 Mn4 Se12,Mn Se U ,Cmcm,63,2,3.931,12.705,9.148,90.0,90.0,90.0,True,ABX3,Ortorombik
1532578_18,7714,U4 Mn4 Se12,Mn Se U ,Cmcm,63,2,3.931,12.705,9.148,90.0,90.0,90.0,True,ABX3,Ortorombik
1532578_19,7714,U4 Mn4 Se12,Mn Se U ,Cmcm,63,2,3.931,12.705,9.148,90.0,90.0,90.0,True,ABX3,Ortorombik
1532578_20,7714,U4 Mn4 Se12,Mn Se U ,Cmcm,63,2,3.931,12.705,9.148,90.0,90.0,90.0,True,ABX3,Ortorombik
1532578_21,7714,U4 Mn4 Se12,Mn Se U ,Cmcm,63,2,3.931,12.705,9.148,90.0,90.0,90.0,True,ABX3,Ortorombik
1532578_22,7714,U4 Mn4 Se12,Mn Se U ,Cmcm,63,2,3.931,12.705,9.148,90.0,90.0,90.0,True,ABX3,Ortorombik
1532578_23,7714,U4 Mn4 Se12,Mn Se U ,Cmcm,63,2,3.931,12.705,9.148,90.0,90.0,90.0,True,ABX3,Ortorombik
1532578_24,7714,U4 Mn4 Se12,Mn Se U ,Cmcm,63,2,3.931,12.705,9.148,90.0,90.0,90.0,True,ABX3,Ortorombik
2107087_1,7748,Er4 Fe4 O12,Er Fe O ,Pnma,62,2,5.263,5.582,7.591,90.0,90.0,90.0,True,ABX3,Ortorombik
2107087_2,7748,Er4 Fe4 O12,Er Fe O ,Pnma,62,2,5.263,5.582,7.591,90.0,90.0,90.0,True,ABX3,Ortorombik
2107087_3,7748,Er4 Fe4 O12,Er Fe O ,Pnma,62,2,5.263,5.582,7.591,90.0,90.0,90.0,True,ABX3,Ortorombik
2107087_4,7748,Er4 Fe4 O12,Er Fe O ,Pnma,62,2,5.263,5.582,7.591,90.0,90.0,90.0,True,ABX3,Ortorombik
2107087_5,7748,Er4 Fe4 O12,Er Fe O ,Pnma,62,2,5.263,5.582,7.591,90.0,90.0,90.0,True,ABX3,Ortorombik
2107087_6,7748,Er4 Fe4 O12,Er Fe O ,Pnma,62,2,5.263,5.582,7.591,90.0,90.0,90.0,True,ABX3,Ortorombik
2107087_7,7748,Er4 Fe4 O12,Er Fe O ,Pnma,62,2,5.263,5.582,7.591,90.0,90.0,90.0,True,ABX3,Ortorombik
2107087_8,7748,Er4 Fe4 O12,Er Fe O ,Pnma,62,2,5.263,5.582,7.591,90.0,90.0,90.0,True,ABX3,Ortorombik
2107087_9,7748,Er4 Fe4 O12,Er Fe O ,Pnma,62,2,5.263,5.582,7.591,90.0,90.0,90.0,True,ABX3,Ortorombik
2107087_10,7748,Er4 Fe4 O12,Er Fe O ,Pnma,62,2,5.263,5.582,7.591,90.0,90.0,90.0,True,ABX3,Ortorombik
2107087_11,7748,Er4 Fe4 O12,Er Fe O ,Pnma,62,2,5.263,5.582,7.591,90.0,90.0,90.0,True,ABX3,Ortorombik
2107087_12,7748,Er4 Fe4 O12,Er Fe O ,Pnma,62,2,5.263,5.582,7.591,90.0,90.0,90.0,True,ABX3,Ortorombik
2107087_13,7748,Er4 Fe4 O12,Er Fe O ,Pnma,62,2,5.263,5.582,7.591,90.0,90.0,90.0,True,ABX3,Ortorombik
2107087_14,7748,Er4 Fe4 O12,Er Fe O ,Pnma,62,2,5.263,5.582,7.591,90.0,90.0,90.0,True,ABX3,Ortorombik
2107087_15,7748,Er4 Fe4 O12,Er Fe O ,Pnma,62,2,5.263,5.582,7.591,90.0,90.0,90.0,True,ABX3,Ortorombik
2107087_16,7748,Er4 Fe4 O12,Er Fe O ,Pnma,62,2,5.263,5.582,7.591,90.0,90.0,90.0,True,ABX3,Ortorombik
2107087_17,7748,Er4 Fe4 O12,Er Fe O ,Pnma,62,2,5.263,5.582,7.591,90.0,90.0,90.0,True,ABX3,Ortorombik
2107087_18,7748,Er4 Fe4 O12,Er Fe O ,Pnma,62,2,5.263,5.582,7.591,90.0,90.0,90.0,True,ABX3,Ortorombik
2107087_19,7748,Er4 Fe4 O12,Er Fe O ,Pnma,62,2,5.263,5.582,7.591,90.0,90.0,90.0,True,ABX3,Ortorombik
2107087_20,7748,Er4 Fe4 O12,Er Fe O ,Pnma,62,2,5.263,5.582,7.591,90.0,90.0,90.0,True,ABX3,Ortorombik
2107087_21,7748,Er4 Fe4 O12,Er Fe O ,Pnma,62,2,5.263,5.582,7.591,90.0,90.0,90.0,True,ABX3,Ortorombik
2107087_22,7748,Er4 Fe4 O12,Er Fe O ,Pnma,62,2,5.263,5.582,7.591,90.0,90.0,90.0,True,ABX3,Ortorombik
2107087_23,7748,Er4 Fe4 O12,Er Fe O ,Pnma,62,2,5.263,5.582,7.591,90.0,90.0,90.0,True,ABX3,Ortorombik
2107087_24,7748,Er4 Fe4 O12,Er Fe O ,Pnma,62,2,5.263,5.582,7.591,90.0,90.0,90.0,True,ABX3,Ortorombik
4002507_1,7751,Tl4 Ni4 O12,Ni O Tl ,P2_1/c,14,5,5.254499999999999,5.3674,7.5607,90.0,90.002,90.0,True,ABX3,Monoklinik
4002507_2,7751,Tl4 Ni4 O12,Ni O Tl ,P2_1/c,14,5,5.254499999999999,5.3674,7.5607,90.0,90.002,90.0,True,ABX3,Monoklinik
4002507_3,7751,Tl4 Ni4 O12,Ni O Tl ,P2_1/c,14,5,5.254499999999999,5.3674,7.5607,90.0,90.002,90.0,True,ABX3,Monoklinik
4002507_4,7751,Tl4 Ni4 O12,Ni O Tl ,P2_1/c,14,5,5.254499999999999,5.3674,7.5607,90.0,90.002,90.0,True,ABX3,Monoklinik
4002507_5,7751,Tl4 Ni4 O12,Ni O Tl ,P2_1/c,14,5,5.254499999999999,5.3674,7.5607,90.0,90.002,90.0,True,ABX3,Monoklinik
4002507_6,7751,Tl4 Ni4 O12,Ni O Tl ,P2_1/c,14,5,5.254499999999999,5.3674,7.5607,90.0,90.002,90.0,True,ABX3,Monoklinik
4002507_7,7751,Tl4 Ni4 O12,Ni O Tl ,P2_1/c,14,5,5.254499999999999,5.3674,7.5607,90.0,90.002,90.0,True,ABX3,Monoklinik
4002507_8,7751,Tl4 Ni4 O12,Ni O Tl ,P2_1/c,14,5,5.254499999999999,5.3674,7.5607,90.0,90.002,90.0,True,ABX3,Monoklinik
4002507_9,7751,Tl4 Ni4 O12,Ni O Tl ,P2_1/c,14,5,5.254499999999999,5.3674,7.5607,90.0,90.002,90.0,True,ABX3,Monoklinik
4002507_10,7751,Tl4 Ni4 O12,Ni O Tl ,P2_1/c,14,5,5.254499999999999,5.3674,7.5607,90.0,90.002,90.0,True,ABX3,Monoklinik
4002507_11,7751,Tl4 Ni4 O12,Ni O Tl ,P2_1/c,14,5,5.254499999999999,5.3674,7.5607,90.0,90.002,90.0,True,ABX3,Monoklinik
4002507_12,7751,Tl4 Ni4 O12,Ni O Tl ,P2_1/c,14,5,5.254499999999999,5.3674,7.5607,90.0,90.002,90.0,True,ABX3,Monoklinik
4002507_13,7751,Tl4 Ni4 O12,Ni O Tl ,P2_1/c,14,5,5.254499999999999,5.3674,7.5607,90.0,90.002,90.0,True,ABX3,Monoklinik
4002507_14,7751,Tl4 Ni4 O12,Ni O Tl ,P2_1/c,14,5,5.254499999999999,5.3674,7.5607,90.0,90.002,90.0,True,ABX3,Monoklinik
4002507_15,7751,Tl4 Ni4 O12,Ni O Tl ,P2_1/c,14,5,5.254499999999999,5.3674,7.5607,90.0,90.002,90.0,True,ABX3,Monoklinik
4002507_16,7751,Tl4 Ni4 O12,Ni O Tl ,P2_1/c,14,5,5.254499999999999,5.3674,7.5607,90.0,90.002,90.0,True,ABX3,Monoklinik
4002507_17,7751,Tl4 Ni4 O12,Ni O Tl ,P2_1/c,14,5,5.254499999999999,5.3674,7.5607,90.0,90.002,90.0,True,ABX3,Monoklinik
4002507_18,7751,Tl4 Ni4 O12,Ni O Tl ,P2_1/c,14,5,5.254499999999999,5.3674,7.5607,90.0,90.002,90.0,True,ABX3,Monoklinik
4002507_19,7751,Tl4 Ni4 O12,Ni O Tl ,P2_1/c,14,5,5.254499999999999,5.3674,7.5607,90.0,90.002,90.0,True,ABX3,Monoklinik
4002507_20,7751,Tl4 Ni4 O12,Ni O Tl ,P2_1/c,14,5,5.254499999999999,5.3674,7.5607,90.0,90.002,90.0,True,ABX3,Monoklinik
4002507_21,7751,Tl4 Ni4 O12,Ni O Tl ,P2_1/c,14,5,5.254499999999999,5.3674,7.5607,90.0,90.002,90.0,True,ABX3,Monoklinik
4002507_22,7751,Tl4 Ni4 O12,Ni O Tl ,P2_1/c,14,5,5.254499999999999,5.3674,7.5607,90.0,90.002,90.0,True,ABX3,Monoklinik
4002507_23,7751,Tl4 Ni4 O12,Ni O Tl ,P2_1/c,14,5,5.254499999999999,5.3674,7.5607,90.0,90.002,90.0,True,ABX3,Monoklinik
4002507_24,7751,Tl4 Ni4 O12,Ni O Tl ,P2_1/c,14,5,5.254499999999999,5.3674,7.5607,90.0,90.002,90.0,True,ABX3,Monoklinik
1525572_1,7754,Lu4 Ni4 O12,Lu Ni O ,P2_1/c,14,5,5.1109,5.4984,7.3404,90.0,90.16299999999998,90.0,True,ABX3,Monoklinik
1525572_2,7754,Lu4 Ni4 O12,Lu Ni O ,P2_1/c,14,5,5.1109,5.4984,7.3404,90.0,90.16299999999998,90.0,True,ABX3,Monoklinik
1525572_3,7754,Lu4 Ni4 O12,Lu Ni O ,P2_1/c,14,5,5.1109,5.4984,7.3404,90.0,90.16299999999998,90.0,True,ABX3,Monoklinik
1525572_4,7754,Lu4 Ni4 O12,Lu Ni O ,P2_1/c,14,5,5.1109,5.4984,7.3404,90.0,90.16299999999998,90.0,True,ABX3,Monoklinik
1525572_5,7754,Lu4 Ni4 O12,Lu Ni O ,P2_1/c,14,5,5.1109,5.4984,7.3404,90.0,90.16299999999998,90.0,True,ABX3,Monoklinik
1525572_6,7754,Lu4 Ni4 O12,Lu Ni O ,P2_1/c,14,5,5.1109,5.4984,7.3404,90.0,90.16299999999998,90.0,True,ABX3,Monoklinik
1525572_7,7754,Lu4 Ni4 O12,Lu Ni O ,P2_1/c,14,5,5.1109,5.4984,7.3404,90.0,90.16299999999998,90.0,True,ABX3,Monoklinik
1525572_8,7754,Lu4 Ni4 O12,Lu Ni O ,P2_1/c,14,5,5.1109,5.4984,7.3404,90.0,90.16299999999998,90.0,True,ABX3,Monoklinik
1525572_9,7754,Lu4 Ni4 O12,Lu Ni O ,P2_1/c,14,5,5.1109,5.4984,7.3404,90.0,90.16299999999998,90.0,True,ABX3,Monoklinik
1525572_10,7754,Lu4 Ni4 O12,Lu Ni O ,P2_1/c,14,5,5.1109,5.4984,7.3404,90.0,90.16299999999998,90.0,True,ABX3,Monoklinik
1525572_11,7754,Lu4 Ni4 O12,Lu Ni O ,P2_1/c,14,5,5.1109,5.4984,7.3404,90.0,90.16299999999998,90.0,True,ABX3,Monoklinik
1525572_12,7754,Lu4 Ni4 O12,Lu Ni O ,P2_1/c,14,5,5.1109,5.4984,7.3404,90.0,90.16299999999998,90.0,True,ABX3,Monoklinik
1525572_13,7754,Lu4 Ni4 O12,Lu Ni O ,P2_1/c,14,5,5.1109,5.4984,7.3404,90.0,90.16299999999998,90.0,True,ABX3,Monoklinik
1525572_14,7754,Lu4 Ni4 O12,Lu Ni O ,P2_1/c,14,5,5.1109,5.4984,7.3404,90.0,90.16299999999998,90.0,True,ABX3,Monoklinik
1525572_15,7754,Lu4 Ni4 O12,Lu Ni O ,P2_1/c,14,5,5.1109,5.4984,7.3404,90.0,90.16299999999998,90.0,True,ABX3,Monoklinik
1525572_16,7754,Lu4 Ni4 O12,Lu Ni O ,P2_1/c,14,5,5.1109,5.4984,7.3404,90.0,90.16299999999998,90.0,True,ABX3,Monoklinik
1525572_17,7754,Lu4 Ni4 O12,Lu Ni O ,P2_1/c,14,5,5.1109,5.4984,7.3404,90.0,90.16299999999998,90.0,True,ABX3,Monoklinik
1525572_18,7754,Lu4 Ni4 O12,Lu Ni O ,P2_1/c,14,5,5.1109,5.4984,7.3404,90.0,90.16299999999998,90.0,True,ABX3,Monoklinik
1525572_19,7754,Lu4 Ni4 O12,Lu Ni O ,P2_1/c,14,5,5.1109,5.4984,7.3404,90.0,90.16299999999998,90.0,True,ABX3,Monoklinik
1525572_20,7754,Lu4 Ni4 O12,Lu Ni O ,P2_1/c,14,5,5.1109,5.4984,7.3404,90.0,90.16299999999998,90.0,True,ABX3,Monoklinik
1525572_21,7754,Lu4 Ni4 O12,Lu Ni O ,P2_1/c,14,5,5.1109,5.4984,7.3404,90.0,90.16299999999998,90.0,True,ABX3,Monoklinik
1525572_22,7754,Lu4 Ni4 O12,Lu Ni O ,P2_1/c,14,5,5.1109,5.4984,7.3404,90.0,90.16299999999998,90.0,True,ABX3,Monoklinik
1525572_23,7754,Lu4 Ni4 O12,Lu Ni O ,P2_1/c,14,5,5.1109,5.4984,7.3404,90.0,90.16299999999998,90.0,True,ABX3,Monoklinik
1525572_24,7754,Lu4 Ni4 O12,Lu Ni O ,P2_1/c,14,5,5.1109,5.4984,7.3404,90.0,90.16299999999998,90.0,True,ABX3,Monoklinik
4124868_1,7762,La1 Ti1 O3,La O Ti ,Pm-3m,221,0,3.92,3.92,3.92,90.0,90.0,90.0,True,ABX3,Kubik
4124868_2,7762,La1 Ti1 O3,La O Ti ,Pm-3m,221,0,3.92,3.92,3.92,90.0,90.0,90.0,True,ABX3,Kubik
4124868_3,7762,La1 Ti1 O3,La O Ti ,Pm-3m,221,0,3.92,3.92,3.92,90.0,90.0,90.0,True,ABX3,Kubik
4124868_4,7762,La1 Ti1 O3,La O Ti ,Pm-3m,221,0,3.92,3.92,3.92,90.0,90.0,90.0,True,ABX3,Kubik
4124868_5,7762,La1 Ti1 O3,La O Ti ,Pm-3m,221,0,3.92,3.92,3.92,90.0,90.0,90.0,True,ABX3,Kubik
4124868_6,7762,La1 Ti1 O3,La O Ti ,Pm-3m,221,0,3.92,3.92,3.92,90.0,90.0,90.0,True,ABX3,Kubik
4124868_7,7762,La1 Ti1 O3,La O Ti ,Pm-3m,221,0,3.92,3.92,3.92,90.0,90.0,90.0,True,ABX3,Kubik
4124868_8,7762,La1 Ti1 O3,La O Ti ,Pm-3m,221,0,3.92,3.92,3.92,90.0,90.0,90.0,True,ABX3,Kubik
4124868_9,7762,La1 Ti1 O3,La O Ti ,Pm-3m,221,0,3.92,3.92,3.92,90.0,90.0,90.0,True,ABX3,Kubik
4124868_10,7762,La1 Ti1 O3,La O Ti ,Pm-3m,221,0,3.92,3.92,3.92,90.0,90.0,90.0,True,ABX3,Kubik
4124868_11,7762,La1 Ti1 O3,La O Ti ,Pm-3m,221,0,3.92,3.92,3.92,90.0,90.0,90.0,True,ABX3,Kubik
4124868_12,7762,La1 Ti1 O3,La O Ti ,Pm-3m,221,0,3.92,3.92,3.92,90.0,90.0,90.0,True,ABX3,Kubik
4124868_13,7762,La1 Ti1 O3,La O Ti ,Pm-3m,221,0,3.92,3.92,3.92,90.0,90.0,90.0,True,ABX3,Kubik
4124868_14,7762,La1 Ti1 O3,La O Ti ,Pm-3m,221,0,3.92,3.92,3.92,90.0,90.0,90.0,True,ABX3,Kubik
4124868_15,7762,La1 Ti1 O3,La O Ti ,Pm-3m,221,0,3.92,3.92,3.92,90.0,90.0,90.0,True,ABX3,Kubik
4124868_16,7762,La1 Ti1 O3,La O Ti ,Pm-3m,221,0,3.92,3.92,3.92,90.0,90.0,90.0,True,ABX3,Kubik
4124868_17,7762,La1 Ti1 O3,La O Ti ,Pm-3m,221,0,3.92,3.92,3.92,90.0,90.0,90.0,True,ABX3,Kubik
4124868_18,7762,La1 Ti1 O3,La O Ti ,Pm-3m,221,0,3.92,3.92,3.92,90.0,90.0,90.0,True,ABX3,Kubik
4124868_19,7762,La1 Ti1 O3,La O Ti ,Pm-3m,221,0,3.92,3.92,3.92,90.0,90.0,90.0,True,ABX3,Kubik
4124868_20,7762,La1 Ti1 O3,La O Ti ,Pm-3m,221,0,3.92,3.92,3.92,90.0,90.0,90.0,True,ABX3,Kubik
4124868_21,7762,La1 Ti1 O3,La O Ti ,Pm-3m,221,0,3.92,3.92,3.92,90.0,90.0,90.0,True,ABX3,Kubik
4124868_22,7762,La1 Ti1 O3,La O Ti ,Pm-3m,221,0,3.92,3.92,3.92,90.0,90.0,90.0,True,ABX3,Kubik
4124868_23,7762,La1 Ti1 O3,La O Ti ,Pm-3m,221,0,3.92,3.92,3.92,90.0,90.0,90.0,True,ABX3,Kubik
4124868_24,7762,La1 Ti1 O3,La O Ti ,Pm-3m,221,0,3.92,3.92,3.92,90.0,90.0,90.0,True,ABX3,Kubik
1525673_1,7813,Cs1 Pb1 F3,Cs F Pb ,Pm-3m,221,0,4.7748,4.7748,4.7748,90.0,90.0,90.0,True,ABX3,Kubik
1525673_2,7813,Cs1 Pb1 F3,Cs F Pb ,Pm-3m,221,0,4.7748,4.7748,4.7748,90.0,90.0,90.0,True,ABX3,Kubik
1525673_3,7813,Cs1 Pb1 F3,Cs F Pb ,Pm-3m,221,0,4.7748,4.7748,4.7748,90.0,90.0,90.0,True,ABX3,Kubik
1525673_4,7813,Cs1 Pb1 F3,Cs F Pb ,Pm-3m,221,0,4.7748,4.7748,4.7748,90.0,90.0,90.0,True,ABX3,Kubik
1525673_5,7813,Cs1 Pb1 F3,Cs F Pb ,Pm-3m,221,0,4.7748,4.7748,4.7748,90.0,90.0,90.0,True,ABX3,Kubik
1525673_6,7813,Cs1 Pb1 F3,Cs F Pb ,Pm-3m,221,0,4.7748,4.7748,4.7748,90.0,90.0,90.0,True,ABX3,Kubik
1525673_7,7813,Cs1 Pb1 F3,Cs F Pb ,Pm-3m,221,0,4.7748,4.7748,4.7748,90.0,90.0,90.0,True,ABX3,Kubik
1525673_8,7813,Cs1 Pb1 F3,Cs F Pb ,Pm-3m,221,0,4.7748,4.7748,4.7748,90.0,90.0,90.0,True,ABX3,Kubik
1525673_9,7813,Cs1 Pb1 F3,Cs F Pb ,Pm-3m,221,0,4.7748,4.7748,4.7748,90.0,90.0,90.0,True,ABX3,Kubik
1525673_10,7813,Cs1 Pb1 F3,Cs F Pb ,Pm-3m,221,0,4.7748,4.7748,4.7748,90.0,90.0,90.0,True,ABX3,Kubik
1525673_11,7813,Cs1 Pb1 F3,Cs F Pb ,Pm-3m,221,0,4.7748,4.7748,4.7748,90.0,90.0,90.0,True,ABX3,Kubik
1525673_12,7813,Cs1 Pb1 F3,Cs F Pb ,Pm-3m,221,0,4.7748,4.7748,4.7748,90.0,90.0,90.0,True,ABX3,Kubik
1525673_13,7813,Cs1 Pb1 F3,Cs F Pb ,Pm-3m,221,0,4.7748,4.7748,4.7748,90.0,90.0,90.0,True,ABX3,Kubik
1525673_14,7813,Cs1 Pb1 F3,Cs F Pb ,Pm-3m,221,0,4.7748,4.7748,4.7748,90.0,90.0,90.0,True,ABX3,Kubik
1525673_15,7813,Cs1 Pb1 F3,Cs F Pb ,Pm-3m,221,0,4.7748,4.7748,4.7748,90.0,90.0,90.0,True,ABX3,Kubik
1525673_16,7813,Cs1 Pb1 F3,Cs F Pb ,Pm-3m,221,0,4.7748,4.7748,4.7748,90.0,90.0,90.0,True,ABX3,Kubik
1525673_17,7813,Cs1 Pb1 F3,Cs F Pb ,Pm-3m,221,0,4.7748,4.7748,4.7748,90.0,90.0,90.0,True,ABX3,Kubik
1525673_18,7813,Cs1 Pb1 F3,Cs F Pb ,Pm-3m,221,0,4.7748,4.7748,4.7748,90.0,90.0,90.0,True,ABX3,Kubik
1525673_19,7813,Cs1 Pb1 F3,Cs F Pb ,Pm-3m,221,0,4.7748,4.7748,4.7748,90.0,90.0,90.0,True,ABX3,Kubik
1525673_20,7813,Cs1 Pb1 F3,Cs F Pb ,Pm-3m,221,0,4.7748,4.7748,4.7748,90.0,90.0,90.0,True,ABX3,Kubik
1525673_21,7813,Cs1 Pb1 F3,Cs F Pb ,Pm-3m,221,0,4.7748,4.7748,4.7748,90.0,90.0,90.0,True,ABX3,Kubik
1525673_22,7813,Cs1 Pb1 F3,Cs F Pb ,Pm-3m,221,0,4.7748,4.7748,4.7748,90.0,90.0,90.0,True,ABX3,Kubik
1525673_23,7813,Cs1 Pb1 F3,Cs F Pb ,Pm-3m,221,0,4.7748,4.7748,4.7748,90.0,90.0,90.0,True,ABX3,Kubik
1525673_24,7813,Cs1 Pb1 F3,Cs F Pb ,Pm-3m,221,0,4.7748,4.7748,4.7748,90.0,90.0,90.0,True,ABX3,Kubik
1524091_1,7963,Ho4 V4 O12,Ho O V ,Pnma,62,2,5.6137,7.6259,5.3032,90.0,90.0,90.0,True,ABX3,Ortorombik
1524091_2,7963,Ho4 V4 O12,Ho O V ,Pnma,62,2,5.6137,7.6259,5.3032,90.0,90.0,90.0,True,ABX3,Ortorombik
1524091_3,7963,Ho4 V4 O12,Ho O V ,Pnma,62,2,5.6137,7.6259,5.3032,90.0,90.0,90.0,True,ABX3,Ortorombik
1524091_4,7963,Ho4 V4 O12,Ho O V ,Pnma,62,2,5.6137,7.6259,5.3032,90.0,90.0,90.0,True,ABX3,Ortorombik
1524091_5,7963,Ho4 V4 O12,Ho O V ,Pnma,62,2,5.6137,7.6259,5.3032,90.0,90.0,90.0,True,ABX3,Ortorombik
1524091_6,7963,Ho4 V4 O12,Ho O V ,Pnma,62,2,5.6137,7.6259,5.3032,90.0,90.0,90.0,True,ABX3,Ortorombik
1524091_7,7963,Ho4 V4 O12,Ho O V ,Pnma,62,2,5.6137,7.6259,5.3032,90.0,90.0,90.0,True,ABX3,Ortorombik
1524091_8,7963,Ho4 V4 O12,Ho O V ,Pnma,62,2,5.6137,7.6259,5.3032,90.0,90.0,90.0,True,ABX3,Ortorombik
1524091_9,7963,Ho4 V4 O12,Ho O V ,Pnma,62,2,5.6137,7.6259,5.3032,90.0,90.0,90.0,True,ABX3,Ortorombik
1524091_10,7963,Ho4 V4 O12,Ho O V ,Pnma,62,2,5.6137,7.6259,5.3032,90.0,90.0,90.0,True,ABX3,Ortorombik
1524091_11,7963,Ho4 V4 O12,Ho O V ,Pnma,62,2,5.6137,7.6259,5.3032,90.0,90.0,90.0,True,ABX3,Ortorombik
1524091_12,7963,Ho4 V4 O12,Ho O V ,Pnma,62,2,5.6137,7.6259,5.3032,90.0,90.0,90.0,True,ABX3,Ortorombik
1524091_13,7963,Ho4 V4 O12,Ho O V ,Pnma,62,2,5.6137,7.6259,5.3032,90.0,90.0,90.0,True,ABX3,Ortorombik
1524091_14,7963,Ho4 V4 O12,Ho O V ,Pnma,62,2,5.6137,7.6259,5.3032,90.0,90.0,90.0,True,ABX3,Ortorombik
1524091_15,7963,Ho4 V4 O12,Ho O V ,Pnma,62,2,5.6137,7.6259,5.3032,90.0,90.0,90.0,True,ABX3,Ortorombik
1524091_16,7963,Ho4 V4 O12,Ho O V ,Pnma,62,2,5.6137,7.6259,5.3032,90.0,90.0,90.0,True,ABX3,Ortorombik
1524091_17,7963,Ho4 V4 O12,Ho O V ,Pnma,62,2,5.6137,7.6259,5.3032,90.0,90.0,90.0,True,ABX3,Ortorombik
1524091_18,7963,Ho4 V4 O12,Ho O V ,Pnma,62,2,5.6137,7.6259,5.3032,90.0,90.0,90.0,True,ABX3,Ortorombik
1524091_19,7963,Ho4 V4 O12,Ho O V ,Pnma,62,2,5.6137,7.6259,5.3032,90.0,90.0,90.0,True,ABX3,Ortorombik
1524091_20,7963,Ho4 V4 O12,Ho O V ,Pnma,62,2,5.6137,7.6259,5.3032,90.0,90.0,90.0,True,ABX3,Ortorombik
1524091_21,7963,Ho4 V4 O12,Ho O V ,Pnma,62,2,5.6137,7.6259,5.3032,90.0,90.0,90.0,True,ABX3,Ortorombik
1524091_22,7963,Ho4 V4 O12,Ho O V ,Pnma,62,2,5.6137,7.6259,5.3032,90.0,90.0,90.0,True,ABX3,Ortorombik
1524091_23,7963,Ho4 V4 O12,Ho O V ,Pnma,62,2,5.6137,7.6259,5.3032,90.0,90.0,90.0,True,ABX3,Ortorombik
1524091_24,7963,Ho4 V4 O12,Ho O V ,Pnma,62,2,5.6137,7.6259,5.3032,90.0,90.0,90.0,True,ABX3,Ortorombik
4341155_1,8094,Eu16 Bi16 Se48,Bi Eu Se ,P2_12_12_1,19,2,33.329,15.599,4.2237,90.0,90.0,90.0,True,ABX3,Ortorombik
4341155_2,8094,Eu16 Bi16 Se48,Bi Eu Se ,P2_12_12_1,19,2,33.329,15.599,4.2237,90.0,90.0,90.0,True,ABX3,Ortorombik
4341155_3,8094,Eu16 Bi16 Se48,Bi Eu Se ,P2_12_12_1,19,2,33.329,15.599,4.2237,90.0,90.0,90.0,True,ABX3,Ortorombik
4341155_4,8094,Eu16 Bi16 Se48,Bi Eu Se ,P2_12_12_1,19,2,33.329,15.599,4.2237,90.0,90.0,90.0,True,ABX3,Ortorombik
4341155_5,8094,Eu16 Bi16 Se48,Bi Eu Se ,P2_12_12_1,19,2,33.329,15.599,4.2237,90.0,90.0,90.0,True,ABX3,Ortorombik
4341155_6,8094,Eu16 Bi16 Se48,Bi Eu Se ,P2_12_12_1,19,2,33.329,15.599,4.2237,90.0,90.0,90.0,True,ABX3,Ortorombik
4341155_7,8094,Eu16 Bi16 Se48,Bi Eu Se ,P2_12_12_1,19,2,33.329,15.599,4.2237,90.0,90.0,90.0,True,ABX3,Ortorombik
4341155_8,8094,Eu16 Bi16 Se48,Bi Eu Se ,P2_12_12_1,19,2,33.329,15.599,4.2237,90.0,90.0,90.0,True,ABX3,Ortorombik
4341155_9,8094,Eu16 Bi16 Se48,Bi Eu Se ,P2_12_12_1,19,2,33.329,15.599,4.2237,90.0,90.0,90.0,True,ABX3,Ortorombik
4341155_10,8094,Eu16 Bi16 Se48,Bi Eu Se ,P2_12_12_1,19,2,33.329,15.599,4.2237,90.0,90.0,90.0,True,ABX3,Ortorombik
4341155_11,8094,Eu16 Bi16 Se48,Bi Eu Se ,P2_12_12_1,19,2,33.329,15.599,4.2237,90.0,90.0,90.0,True,ABX3,Ortorombik
4341155_12,8094,Eu16 Bi16 Se48,Bi Eu Se ,P2_12_12_1,19,2,33.329,15.599,4.2237,90.0,90.0,90.0,True,ABX3,Ortorombik
4341155_13,8094,Eu16 Bi16 Se48,Bi Eu Se ,P2_12_12_1,19,2,33.329,15.599,4.2237,90.0,90.0,90.0,True,ABX3,Ortorombik
4341155_14,8094,Eu16 Bi16 Se48,Bi Eu Se ,P2_12_12_1,19,2,33.329,15.599,4.2237,90.0,90.0,90.0,True,ABX3,Ortorombik
4341155_15,8094,Eu16 Bi16 Se48,Bi Eu Se ,P2_12_12_1,19,2,33.329,15.599,4.2237,90.0,90.0,90.0,True,ABX3,Ortorombik
4341155_16,8094,Eu16 Bi16 Se48,Bi Eu Se ,P2_12_12_1,19,2,33.329,15.599,4.2237,90.0,90.0,90.0,True,ABX3,Ortorombik
4341155_17,8094,Eu16 Bi16 Se48,Bi Eu Se ,P2_12_12_1,19,2,33.329,15.599,4.2237,90.0,90.0,90.0,True,ABX3,Ortorombik
4341155_18,8094,Eu16 Bi16 Se48,Bi Eu Se ,P2_12_12_1,19,2,33.329,15.599,4.2237,90.0,90.0,90.0,True,ABX3,Ortorombik
4341155_19,8094,Eu16 Bi16 Se48,Bi Eu Se ,P2_12_12_1,19,2,33.329,15.599,4.2237,90.0,90.0,90.0,True,ABX3,Ortorombik
4341155_20,8094,Eu16 Bi16 Se48,Bi Eu Se ,P2_12_12_1,19,2,33.329,15.599,4.2237,90.0,90.0,90.0,True,ABX3,Ortorombik
4341155_21,8094,Eu16 Bi16 Se48,Bi Eu Se ,P2_12_12_1,19,2,33.329,15.599,4.2237,90.0,90.0,90.0,True,ABX3,Ortorombik
4341155_22,8094,Eu16 Bi16 Se48,Bi Eu Se ,P2_12_12_1,19,2,33.329,15.599,4.2237,90.0,90.0,90.0,True,ABX3,Ortorombik
4341155_23,8094,Eu16 Bi16 Se48,Bi Eu Se ,P2_12_12_1,19,2,33.329,15.599,4.2237,90.0,90.0,90.0,True,ABX3,Ortorombik
4341155_24,8094,Eu16 Bi16 Se48,Bi Eu Se ,P2_12_12_1,19,2,33.329,15.599,4.2237,90.0,90.0,90.0,True,ABX3,Ortorombik
9005778_1,8269,Ca12 Si12 O36,Ca O Si ,P2_1/c,14,5,15.423999999999998,7.324,7.0692,90.0,95.37099999999998,90.0,True,ABX3,Monoklinik
9005778_2,8269,Ca12 Si12 O36,Ca O Si ,P2_1/c,14,5,15.423999999999998,7.324,7.0692,90.0,95.37099999999998,90.0,True,ABX3,Monoklinik
9005778_3,8269,Ca12 Si12 O36,Ca O Si ,P2_1/c,14,5,15.423999999999998,7.324,7.0692,90.0,95.37099999999998,90.0,True,ABX3,Monoklinik
9005778_4,8269,Ca12 Si12 O36,Ca O Si ,P2_1/c,14,5,15.423999999999998,7.324,7.0692,90.0,95.37099999999998,90.0,True,ABX3,Monoklinik
9005778_5,8269,Ca12 Si12 O36,Ca O Si ,P2_1/c,14,5,15.423999999999998,7.324,7.0692,90.0,95.37099999999998,90.0,True,ABX3,Monoklinik
9005778_6,8269,Ca12 Si12 O36,Ca O Si ,P2_1/c,14,5,15.423999999999998,7.324,7.0692,90.0,95.37099999999998,90.0,True,ABX3,Monoklinik
9005778_7,8269,Ca12 Si12 O36,Ca O Si ,P2_1/c,14,5,15.423999999999998,7.324,7.0692,90.0,95.37099999999998,90.0,True,ABX3,Monoklinik
9005778_8,8269,Ca12 Si12 O36,Ca O Si ,P2_1/c,14,5,15.423999999999998,7.324,7.0692,90.0,95.37099999999998,90.0,True,ABX3,Monoklinik
9005778_9,8269,Ca12 Si12 O36,Ca O Si ,P2_1/c,14,5,15.423999999999998,7.324,7.0692,90.0,95.37099999999998,90.0,True,ABX3,Monoklinik
9005778_10,8269,Ca12 Si12 O36,Ca O Si ,P2_1/c,14,5,15.423999999999998,7.324,7.0692,90.0,95.37099999999998,90.0,True,ABX3,Monoklinik
9005778_11,8269,Ca12 Si12 O36,Ca O Si ,P2_1/c,14,5,15.423999999999998,7.324,7.0692,90.0,95.37099999999998,90.0,True,ABX3,Monoklinik
9005778_12,8269,Ca12 Si12 O36,Ca O Si ,P2_1/c,14,5,15.423999999999998,7.324,7.0692,90.0,95.37099999999998,90.0,True,ABX3,Monoklinik
9005778_13,8269,Ca12 Si12 O36,Ca O Si ,P2_1/c,14,5,15.423999999999998,7.324,7.0692,90.0,95.37099999999998,90.0,True,ABX3,Monoklinik
9005778_14,8269,Ca12 Si12 O36,Ca O Si ,P2_1/c,14,5,15.423999999999998,7.324,7.0692,90.0,95.37099999999998,90.0,True,ABX3,Monoklinik
9005778_15,8269,Ca12 Si12 O36,Ca O Si ,P2_1/c,14,5,15.423999999999998,7.324,7.0692,90.0,95.37099999999998,90.0,True,ABX3,Monoklinik
9005778_16,8269,Ca12 Si12 O36,Ca O Si ,P2_1/c,14,5,15.423999999999998,7.324,7.0692,90.0,95.37099999999998,90.0,True,ABX3,Monoklinik
9005778_17,8269,Ca12 Si12 O36,Ca O Si ,P2_1/c,14,5,15.423999999999998,7.324,7.0692,90.0,95.37099999999998,90.0,True,ABX3,Monoklinik
9005778_18,8269,Ca12 Si12 O36,Ca O Si ,P2_1/c,14,5,15.423999999999998,7.324,7.0692,90.0,95.37099999999998,90.0,True,ABX3,Monoklinik
9005778_19,8269,Ca12 Si12 O36,Ca O Si ,P2_1/c,14,5,15.423999999999998,7.324,7.0692,90.0,95.37099999999998,90.0,True,ABX3,Monoklinik
9005778_20,8269,Ca12 Si12 O36,Ca O Si ,P2_1/c,14,5,15.423999999999998,7.324,7.0692,90.0,95.37099999999998,90.0,True,ABX3,Monoklinik
9005778_21,8269,Ca12 Si12 O36,Ca O Si ,P2_1/c,14,5,15.423999999999998,7.324,7.0692,90.0,95.37099999999998,90.0,True,ABX3,Monoklinik
9005778_22,8269,Ca12 Si12 O36,Ca O Si ,P2_1/c,14,5,15.423999999999998,7.324,7.0692,90.0,95.37099999999998,90.0,True,ABX3,Monoklinik
9005778_23,8269,Ca12 Si12 O36,Ca O Si ,P2_1/c,14,5,15.423999999999998,7.324,7.0692,90.0,95.37099999999998,90.0,True,ABX3,Monoklinik
9005778_24,8269,Ca12 Si12 O36,Ca O Si ,P2_1/c,14,5,15.423999999999998,7.324,7.0692,90.0,95.37099999999998,90.0,True,ABX3,Monoklinik
1511306_1,8308,Rb4 B4 S12,B Rb S ,P2_1/c,14,5,7.082,11.863,5.794,90.0,106.54000000000002,90.0,True,ABX3,Monoklinik
1511306_2,8308,Rb4 B4 S12,B Rb S ,P2_1/c,14,5,7.082,11.863,5.794,90.0,106.54000000000002,90.0,True,ABX3,Monoklinik
1511306_3,8308,Rb4 B4 S12,B Rb S ,P2_1/c,14,5,7.082,11.863,5.794,90.0,106.54000000000002,90.0,True,ABX3,Monoklinik
1511306_4,8308,Rb4 B4 S12,B Rb S ,P2_1/c,14,5,7.082,11.863,5.794,90.0,106.54000000000002,90.0,True,ABX3,Monoklinik
1511306_5,8308,Rb4 B4 S12,B Rb S ,P2_1/c,14,5,7.082,11.863,5.794,90.0,106.54000000000002,90.0,True,ABX3,Monoklinik
1511306_6,8308,Rb4 B4 S12,B Rb S ,P2_1/c,14,5,7.082,11.863,5.794,90.0,106.54000000000002,90.0,True,ABX3,Monoklinik
1511306_7,8308,Rb4 B4 S12,B Rb S ,P2_1/c,14,5,7.082,11.863,5.794,90.0,106.54000000000002,90.0,True,ABX3,Monoklinik
1511306_8,8308,Rb4 B4 S12,B Rb S ,P2_1/c,14,5,7.082,11.863,5.794,90.0,106.54000000000002,90.0,True,ABX3,Monoklinik
1511306_9,8308,Rb4 B4 S12,B Rb S ,P2_1/c,14,5,7.082,11.863,5.794,90.0,106.54000000000002,90.0,True,ABX3,Monoklinik
1511306_10,8308,Rb4 B4 S12,B Rb S ,P2_1/c,14,5,7.082,11.863,5.794,90.0,106.54000000000002,90.0,True,ABX3,Monoklinik
1511306_11,8308,Rb4 B4 S12,B Rb S ,P2_1/c,14,5,7.082,11.863,5.794,90.0,106.54000000000002,90.0,True,ABX3,Monoklinik
1511306_12,8308,Rb4 B4 S12,B Rb S ,P2_1/c,14,5,7.082,11.863,5.794,90.0,106.54000000000002,90.0,True,ABX3,Monoklinik
1511306_13,8308,Rb4 B4 S12,B Rb S ,P2_1/c,14,5,7.082,11.863,5.794,90.0,106.54000000000002,90.0,True,ABX3,Monoklinik
1511306_14,8308,Rb4 B4 S12,B Rb S ,P2_1/c,14,5,7.082,11.863,5.794,90.0,106.54000000000002,90.0,True,ABX3,Monoklinik
1511306_15,8308,Rb4 B4 S12,B Rb S ,P2_1/c,14,5,7.082,11.863,5.794,90.0,106.54000000000002,90.0,True,ABX3,Monoklinik
1511306_16,8308,Rb4 B4 S12,B Rb S ,P2_1/c,14,5,7.082,11.863,5.794,90.0,106.54000000000002,90.0,True,ABX3,Monoklinik
1511306_17,8308,Rb4 B4 S12,B Rb S ,P2_1/c,14,5,7.082,11.863,5.794,90.0,106.54000000000002,90.0,True,ABX3,Monoklinik
1511306_18,8308,Rb4 B4 S12,B Rb S ,P2_1/c,14,5,7.082,11.863,5.794,90.0,106.54000000000002,90.0,True,ABX3,Monoklinik
1511306_19,8308,Rb4 B4 S12,B Rb S ,P2_1/c,14,5,7.082,11.863,5.794,90.0,106.54000000000002,90.0,True,ABX3,Monoklinik
1511306_20,8308,Rb4 B4 S12,B Rb S ,P2_1/c,14,5,7.082,11.863,5.794,90.0,106.54000000000002,90.0,True,ABX3,Monoklinik
1511306_21,8308,Rb4 B4 S12,B Rb S ,P2_1/c,14,5,7.082,11.863,5.794,90.0,106.54000000000002,90.0,True,ABX3,Monoklinik
1511306_22,8308,Rb4 B4 S12,B Rb S ,P2_1/c,14,5,7.082,11.863,5.794,90.0,106.54000000000002,90.0,True,ABX3,Monoklinik
1511306_23,8308,Rb4 B4 S12,B Rb S ,P2_1/c,14,5,7.082,11.863,5.794,90.0,106.54000000000002,90.0,True,ABX3,Monoklinik
1511306_24,8308,Rb4 B4 S12,B Rb S ,P2_1/c,14,5,7.082,11.863,5.794,90.0,106.54000000000002,90.0,True,ABX3,Monoklinik
8103049_1,8363,Tb4 B4 S12,B S Tb ,Pna2_1,33,2,7.2053,6.0784,8.7194,90.0,90.0,90.0,True,ABX3,Ortorombik
8103049_2,8363,Tb4 B4 S12,B S Tb ,Pna2_1,33,2,7.2053,6.0784,8.7194,90.0,90.0,90.0,True,ABX3,Ortorombik
8103049_3,8363,Tb4 B4 S12,B S Tb ,Pna2_1,33,2,7.2053,6.0784,8.7194,90.0,90.0,90.0,True,ABX3,Ortorombik
8103049_4,8363,Tb4 B4 S12,B S Tb ,Pna2_1,33,2,7.2053,6.0784,8.7194,90.0,90.0,90.0,True,ABX3,Ortorombik
8103049_5,8363,Tb4 B4 S12,B S Tb ,Pna2_1,33,2,7.2053,6.0784,8.7194,90.0,90.0,90.0,True,ABX3,Ortorombik
8103049_6,8363,Tb4 B4 S12,B S Tb ,Pna2_1,33,2,7.2053,6.0784,8.7194,90.0,90.0,90.0,True,ABX3,Ortorombik
8103049_7,8363,Tb4 B4 S12,B S Tb ,Pna2_1,33,2,7.2053,6.0784,8.7194,90.0,90.0,90.0,True,ABX3,Ortorombik
8103049_8,8363,Tb4 B4 S12,B S Tb ,Pna2_1,33,2,7.2053,6.0784,8.7194,90.0,90.0,90.0,True,ABX3,Ortorombik
8103049_9,8363,Tb4 B4 S12,B S Tb ,Pna2_1,33,2,7.2053,6.0784,8.7194,90.0,90.0,90.0,True,ABX3,Ortorombik
8103049_10,8363,Tb4 B4 S12,B S Tb ,Pna2_1,33,2,7.2053,6.0784,8.7194,90.0,90.0,90.0,True,ABX3,Ortorombik
8103049_11,8363,Tb4 B4 S12,B S Tb ,Pna2_1,33,2,7.2053,6.0784,8.7194,90.0,90.0,90.0,True,ABX3,Ortorombik
8103049_12,8363,Tb4 B4 S12,B S Tb ,Pna2_1,33,2,7.2053,6.0784,8.7194,90.0,90.0,90.0,True,ABX3,Ortorombik
8103049_13,8363,Tb4 B4 S12,B S Tb ,Pna2_1,33,2,7.2053,6.0784,8.7194,90.0,90.0,90.0,True,ABX3,Ortorombik
8103049_14,8363,Tb4 B4 S12,B S Tb ,Pna2_1,33,2,7.2053,6.0784,8.7194,90.0,90.0,90.0,True,ABX3,Ortorombik
8103049_15,8363,Tb4 B4 S12,B S Tb ,Pna2_1,33,2,7.2053,6.0784,8.7194,90.0,90.0,90.0,True,ABX3,Ortorombik
8103049_16,8363,Tb4 B4 S12,B S Tb ,Pna2_1,33,2,7.2053,6.0784,8.7194,90.0,90.0,90.0,True,ABX3,Ortorombik
8103049_17,8363,Tb4 B4 S12,B S Tb ,Pna2_1,33,2,7.2053,6.0784,8.7194,90.0,90.0,90.0,True,ABX3,Ortorombik
8103049_18,8363,Tb4 B4 S12,B S Tb ,Pna2_1,33,2,7.2053,6.0784,8.7194,90.0,90.0,90.0,True,ABX3,Ortorombik
8103049_19,8363,Tb4 B4 S12,B S Tb ,Pna2_1,33,2,7.2053,6.0784,8.7194,90.0,90.0,90.0,True,ABX3,Ortorombik
8103049_20,8363,Tb4 B4 S12,B S Tb ,Pna2_1,33,2,7.2053,6.0784,8.7194,90.0,90.0,90.0,True,ABX3,Ortorombik
8103049_21,8363,Tb4 B4 S12,B S Tb ,Pna2_1,33,2,7.2053,6.0784,8.7194,90.0,90.0,90.0,True,ABX3,Ortorombik
8103049_22,8363,Tb4 B4 S12,B S Tb ,Pna2_1,33,2,7.2053,6.0784,8.7194,90.0,90.0,90.0,True,ABX3,Ortorombik
8103049_23,8363,Tb4 B4 S12,B S Tb ,Pna2_1,33,2,7.2053,6.0784,8.7194,90.0,90.0,90.0,True,ABX3,Ortorombik
8103049_24,8363,Tb4 B4 S12,B S Tb ,Pna2_1,33,2,7.2053,6.0784,8.7194,90.0,90.0,90.0,True,ABX3,Ortorombik
1531803_1,8364,Eu4 Mn4 O12,Eu Mn O ,Pnma,62,2,5.866,7.448,5.34,90.0,90.0,90.0,True,ABX3,Ortorombik
1531803_2,8364,Eu4 Mn4 O12,Eu Mn O ,Pnma,62,2,5.866,7.448,5.34,90.0,90.0,90.0,True,ABX3,Ortorombik
1531803_3,8364,Eu4 Mn4 O12,Eu Mn O ,Pnma,62,2,5.866,7.448,5.34,90.0,90.0,90.0,True,ABX3,Ortorombik
1531803_4,8364,Eu4 Mn4 O12,Eu Mn O ,Pnma,62,2,5.866,7.448,5.34,90.0,90.0,90.0,True,ABX3,Ortorombik
1531803_5,8364,Eu4 Mn4 O12,Eu Mn O ,Pnma,62,2,5.866,7.448,5.34,90.0,90.0,90.0,True,ABX3,Ortorombik
1531803_6,8364,Eu4 Mn4 O12,Eu Mn O ,Pnma,62,2,5.866,7.448,5.34,90.0,90.0,90.0,True,ABX3,Ortorombik
1531803_7,8364,Eu4 Mn4 O12,Eu Mn O ,Pnma,62,2,5.866,7.448,5.34,90.0,90.0,90.0,True,ABX3,Ortorombik
1531803_8,8364,Eu4 Mn4 O12,Eu Mn O ,Pnma,62,2,5.866,7.448,5.34,90.0,90.0,90.0,True,ABX3,Ortorombik
1531803_9,8364,Eu4 Mn4 O12,Eu Mn O ,Pnma,62,2,5.866,7.448,5.34,90.0,90.0,90.0,True,ABX3,Ortorombik
1531803_10,8364,Eu4 Mn4 O12,Eu Mn O ,Pnma,62,2,5.866,7.448,5.34,90.0,90.0,90.0,True,ABX3,Ortorombik
1531803_11,8364,Eu4 Mn4 O12,Eu Mn O ,Pnma,62,2,5.866,7.448,5.34,90.0,90.0,90.0,True,ABX3,Ortorombik
1531803_12,8364,Eu4 Mn4 O12,Eu Mn O ,Pnma,62,2,5.866,7.448,5.34,90.0,90.0,90.0,True,ABX3,Ortorombik
1531803_13,8364,Eu4 Mn4 O12,Eu Mn O ,Pnma,62,2,5.866,7.448,5.34,90.0,90.0,90.0,True,ABX3,Ortorombik
1531803_14,8364,Eu4 Mn4 O12,Eu Mn O ,Pnma,62,2,5.866,7.448,5.34,90.0,90.0,90.0,True,ABX3,Ortorombik
1531803_15,8364,Eu4 Mn4 O12,Eu Mn O ,Pnma,62,2,5.866,7.448,5.34,90.0,90.0,90.0,True,ABX3,Ortorombik
1531803_16,8364,Eu4 Mn4 O12,Eu Mn O ,Pnma,62,2,5.866,7.448,5.34,90.0,90.0,90.0,True,ABX3,Ortorombik
1531803_17,8364,Eu4 Mn4 O12,Eu Mn O ,Pnma,62,2,5.866,7.448,5.34,90.0,90.0,90.0,True,ABX3,Ortorombik
1531803_18,8364,Eu4 Mn4 O12,Eu Mn O ,Pnma,62,2,5.866,7.448,5.34,90.0,90.0,90.0,True,ABX3,Ortorombik
1531803_19,8364,Eu4 Mn4 O12,Eu Mn O ,Pnma,62,2,5.866,7.448,5.34,90.0,90.0,90.0,True,ABX3,Ortorombik
1531803_20,8364,Eu4 Mn4 O12,Eu Mn O ,Pnma,62,2,5.866,7.448,5.34,90.0,90.0,90.0,True,ABX3,Ortorombik
1531803_21,8364,Eu4 Mn4 O12,Eu Mn O ,Pnma,62,2,5.866,7.448,5.34,90.0,90.0,90.0,True,ABX3,Ortorombik
1531803_22,8364,Eu4 Mn4 O12,Eu Mn O ,Pnma,62,2,5.866,7.448,5.34,90.0,90.0,90.0,True,ABX3,Ortorombik
1531803_23,8364,Eu4 Mn4 O12,Eu Mn O ,Pnma,62,2,5.866,7.448,5.34,90.0,90.0,90.0,True,ABX3,Ortorombik
1531803_24,8364,Eu4 Mn4 O12,Eu Mn O ,Pnma,62,2,5.866,7.448,5.34,90.0,90.0,90.0,True,ABX3,Ortorombik
1532743_1,8478,Ba1 Zr1 O3,Ba O Zr ,Pm-3m,221,0,4.19134,4.19134,4.19134,90.0,90.0,90.0,True,ABX3,Kubik
1532743_2,8478,Ba1 Zr1 O3,Ba O Zr ,Pm-3m,221,0,4.19134,4.19134,4.19134,90.0,90.0,90.0,True,ABX3,Kubik
1532743_3,8478,Ba1 Zr1 O3,Ba O Zr ,Pm-3m,221,0,4.19134,4.19134,4.19134,90.0,90.0,90.0,True,ABX3,Kubik
1532743_4,8478,Ba1 Zr1 O3,Ba O Zr ,Pm-3m,221,0,4.19134,4.19134,4.19134,90.0,90.0,90.0,True,ABX3,Kubik
1532743_5,8478,Ba1 Zr1 O3,Ba O Zr ,Pm-3m,221,0,4.19134,4.19134,4.19134,90.0,90.0,90.0,True,ABX3,Kubik
1532743_6,8478,Ba1 Zr1 O3,Ba O Zr ,Pm-3m,221,0,4.19134,4.19134,4.19134,90.0,90.0,90.0,True,ABX3,Kubik
1532743_7,8478,Ba1 Zr1 O3,Ba O Zr ,Pm-3m,221,0,4.19134,4.19134,4.19134,90.0,90.0,90.0,True,ABX3,Kubik
1532743_8,8478,Ba1 Zr1 O3,Ba O Zr ,Pm-3m,221,0,4.19134,4.19134,4.19134,90.0,90.0,90.0,True,ABX3,Kubik
1532743_9,8478,Ba1 Zr1 O3,Ba O Zr ,Pm-3m,221,0,4.19134,4.19134,4.19134,90.0,90.0,90.0,True,ABX3,Kubik
1532743_10,8478,Ba1 Zr1 O3,Ba O Zr ,Pm-3m,221,0,4.19134,4.19134,4.19134,90.0,90.0,90.0,True,ABX3,Kubik
1532743_11,8478,Ba1 Zr1 O3,Ba O Zr ,Pm-3m,221,0,4.19134,4.19134,4.19134,90.0,90.0,90.0,True,ABX3,Kubik
1532743_12,8478,Ba1 Zr1 O3,Ba O Zr ,Pm-3m,221,0,4.19134,4.19134,4.19134,90.0,90.0,90.0,True,ABX3,Kubik
1532743_13,8478,Ba1 Zr1 O3,Ba O Zr ,Pm-3m,221,0,4.19134,4.19134,4.19134,90.0,90.0,90.0,True,ABX3,Kubik
1532743_14,8478,Ba1 Zr1 O3,Ba O Zr ,Pm-3m,221,0,4.19134,4.19134,4.19134,90.0,90.0,90.0,True,ABX3,Kubik
1532743_15,8478,Ba1 Zr1 O3,Ba O Zr ,Pm-3m,221,0,4.19134,4.19134,4.19134,90.0,90.0,90.0,True,ABX3,Kubik
1532743_16,8478,Ba1 Zr1 O3,Ba O Zr ,Pm-3m,221,0,4.19134,4.19134,4.19134,90.0,90.0,90.0,True,ABX3,Kubik
1532743_17,8478,Ba1 Zr1 O3,Ba O Zr ,Pm-3m,221,0,4.19134,4.19134,4.19134,90.0,90.0,90.0,True,ABX3,Kubik
1532743_18,8478,Ba1 Zr1 O3,Ba O Zr ,Pm-3m,221,0,4.19134,4.19134,4.19134,90.0,90.0,90.0,True,ABX3,Kubik
1532743_19,8478,Ba1 Zr1 O3,Ba O Zr ,Pm-3m,221,0,4.19134,4.19134,4.19134,90.0,90.0,90.0,True,ABX3,Kubik
1532743_20,8478,Ba1 Zr1 O3,Ba O Zr ,Pm-3m,221,0,4.19134,4.19134,4.19134,90.0,90.0,90.0,True,ABX3,Kubik
1532743_21,8478,Ba1 Zr1 O3,Ba O Zr ,Pm-3m,221,0,4.19134,4.19134,4.19134,90.0,90.0,90.0,True,ABX3,Kubik
1532743_22,8478,Ba1 Zr1 O3,Ba O Zr ,Pm-3m,221,0,4.19134,4.19134,4.19134,90.0,90.0,90.0,True,ABX3,Kubik
1532743_23,8478,Ba1 Zr1 O3,Ba O Zr ,Pm-3m,221,0,4.19134,4.19134,4.19134,90.0,90.0,90.0,True,ABX3,Kubik
1532743_24,8478,Ba1 Zr1 O3,Ba O Zr ,Pm-3m,221,0,4.19134,4.19134,4.19134,90.0,90.0,90.0,True,ABX3,Kubik
2300484_1,8490,Na4 Ni4 F12,F Na Ni ,Cmcm,63,2,3.0294,10.0534,7.3938,90.0,90.0,90.0,True,ABX3,Ortorombik
2300484_2,8490,Na4 Ni4 F12,F Na Ni ,Cmcm,63,2,3.0294,10.0534,7.3938,90.0,90.0,90.0,True,ABX3,Ortorombik
2300484_3,8490,Na4 Ni4 F12,F Na Ni ,Cmcm,63,2,3.0294,10.0534,7.3938,90.0,90.0,90.0,True,ABX3,Ortorombik
2300484_4,8490,Na4 Ni4 F12,F Na Ni ,Cmcm,63,2,3.0294,10.0534,7.3938,90.0,90.0,90.0,True,ABX3,Ortorombik
2300484_5,8490,Na4 Ni4 F12,F Na Ni ,Cmcm,63,2,3.0294,10.0534,7.3938,90.0,90.0,90.0,True,ABX3,Ortorombik
2300484_6,8490,Na4 Ni4 F12,F Na Ni ,Cmcm,63,2,3.0294,10.0534,7.3938,90.0,90.0,90.0,True,ABX3,Ortorombik
2300484_7,8490,Na4 Ni4 F12,F Na Ni ,Cmcm,63,2,3.0294,10.0534,7.3938,90.0,90.0,90.0,True,ABX3,Ortorombik
2300484_8,8490,Na4 Ni4 F12,F Na Ni ,Cmcm,63,2,3.0294,10.0534,7.3938,90.0,90.0,90.0,True,ABX3,Ortorombik
2300484_9,8490,Na4 Ni4 F12,F Na Ni ,Cmcm,63,2,3.0294,10.0534,7.3938,90.0,90.0,90.0,True,ABX3,Ortorombik
2300484_10,8490,Na4 Ni4 F12,F Na Ni ,Cmcm,63,2,3.0294,10.0534,7.3938,90.0,90.0,90.0,True,ABX3,Ortorombik
2300484_11,8490,Na4 Ni4 F12,F Na Ni ,Cmcm,63,2,3.0294,10.0534,7.3938,90.0,90.0,90.0,True,ABX3,Ortorombik
2300484_12,8490,Na4 Ni4 F12,F Na Ni ,Cmcm,63,2,3.0294,10.0534,7.3938,90.0,90.0,90.0,True,ABX3,Ortorombik
2300484_13,8490,Na4 Ni4 F12,F Na Ni ,Cmcm,63,2,3.0294,10.0534,7.3938,90.0,90.0,90.0,True,ABX3,Ortorombik
2300484_14,8490,Na4 Ni4 F12,F Na Ni ,Cmcm,63,2,3.0294,10.0534,7.3938,90.0,90.0,90.0,True,ABX3,Ortorombik
2300484_15,8490,Na4 Ni4 F12,F Na Ni ,Cmcm,63,2,3.0294,10.0534,7.3938,90.0,90.0,90.0,True,ABX3,Ortorombik
2300484_16,8490,Na4 Ni4 F12,F Na Ni ,Cmcm,63,2,3.0294,10.0534,7.3938,90.0,90.0,90.0,True,ABX3,Ortorombik
2300484_17,8490,Na4 Ni4 F12,F Na Ni ,Cmcm,63,2,3.0294,10.0534,7.3938,90.0,90.0,90.0,True,ABX3,Ortorombik
2300484_18,8490,Na4 Ni4 F12,F Na Ni ,Cmcm,63,2,3.0294,10.0534,7.3938,90.0,90.0,90.0,True,ABX3,Ortorombik
2300484_19,8490,Na4 Ni4 F12,F Na Ni ,Cmcm,63,2,3.0294,10.0534,7.3938,90.0,90.0,90.0,True,ABX3,Ortorombik
2300484_20,8490,Na4 Ni4 F12,F Na Ni ,Cmcm,63,2,3.0294,10.0534,7.3938,90.0,90.0,90.0,True,ABX3,Ortorombik
2300484_21,8490,Na4 Ni4 F12,F Na Ni ,Cmcm,63,2,3.0294,10.0534,7.3938,90.0,90.0,90.0,True,ABX3,Ortorombik
2300484_22,8490,Na4 Ni4 F12,F Na Ni ,Cmcm,63,2,3.0294,10.0534,7.3938,90.0,90.0,90.0,True,ABX3,Ortorombik
2300484_23,8490,Na4 Ni4 F12,F Na Ni ,Cmcm,63,2,3.0294,10.0534,7.3938,90.0,90.0,90.0,True,ABX3,Ortorombik
2300484_24,8490,Na4 Ni4 F12,F Na Ni ,Cmcm,63,2,3.0294,10.0534,7.3938,90.0,90.0,90.0,True,ABX3,Ortorombik
1530096_1,8522,Li8 Ga8 Cl24,Cl Ga Li ,Pnma,62,2,15.137,9.73,6.132,90.0,90.0,90.0,True,ABX3,Ortorombik
1530096_2,8522,Li8 Ga8 Cl24,Cl Ga Li ,Pnma,62,2,15.137,9.73,6.132,90.0,90.0,90.0,True,ABX3,Ortorombik
1530096_3,8522,Li8 Ga8 Cl24,Cl Ga Li ,Pnma,62,2,15.137,9.73,6.132,90.0,90.0,90.0,True,ABX3,Ortorombik
1530096_4,8522,Li8 Ga8 Cl24,Cl Ga Li ,Pnma,62,2,15.137,9.73,6.132,90.0,90.0,90.0,True,ABX3,Ortorombik
1530096_5,8522,Li8 Ga8 Cl24,Cl Ga Li ,Pnma,62,2,15.137,9.73,6.132,90.0,90.0,90.0,True,ABX3,Ortorombik
1530096_6,8522,Li8 Ga8 Cl24,Cl Ga Li ,Pnma,62,2,15.137,9.73,6.132,90.0,90.0,90.0,True,ABX3,Ortorombik
1530096_7,8522,Li8 Ga8 Cl24,Cl Ga Li ,Pnma,62,2,15.137,9.73,6.132,90.0,90.0,90.0,True,ABX3,Ortorombik
1530096_8,8522,Li8 Ga8 Cl24,Cl Ga Li ,Pnma,62,2,15.137,9.73,6.132,90.0,90.0,90.0,True,ABX3,Ortorombik
1530096_9,8522,Li8 Ga8 Cl24,Cl Ga Li ,Pnma,62,2,15.137,9.73,6.132,90.0,90.0,90.0,True,ABX3,Ortorombik
1530096_10,8522,Li8 Ga8 Cl24,Cl Ga Li ,Pnma,62,2,15.137,9.73,6.132,90.0,90.0,90.0,True,ABX3,Ortorombik
1530096_11,8522,Li8 Ga8 Cl24,Cl Ga Li ,Pnma,62,2,15.137,9.73,6.132,90.0,90.0,90.0,True,ABX3,Ortorombik
1530096_12,8522,Li8 Ga8 Cl24,Cl Ga Li ,Pnma,62,2,15.137,9.73,6.132,90.0,90.0,90.0,True,ABX3,Ortorombik
1530096_13,8522,Li8 Ga8 Cl24,Cl Ga Li ,Pnma,62,2,15.137,9.73,6.132,90.0,90.0,90.0,True,ABX3,Ortorombik
1530096_14,8522,Li8 Ga8 Cl24,Cl Ga Li ,Pnma,62,2,15.137,9.73,6.132,90.0,90.0,90.0,True,ABX3,Ortorombik
1530096_15,8522,Li8 Ga8 Cl24,Cl Ga Li ,Pnma,62,2,15.137,9.73,6.132,90.0,90.0,90.0,True,ABX3,Ortorombik
1530096_16,8522,Li8 Ga8 Cl24,Cl Ga Li ,Pnma,62,2,15.137,9.73,6.132,90.0,90.0,90.0,True,ABX3,Ortorombik
1530096_17,8522,Li8 Ga8 Cl24,Cl Ga Li ,Pnma,62,2,15.137,9.73,6.132,90.0,90.0,90.0,True,ABX3,Ortorombik
1530096_18,8522,Li8 Ga8 Cl24,Cl Ga Li ,Pnma,62,2,15.137,9.73,6.132,90.0,90.0,90.0,True,ABX3,Ortorombik
1530096_19,8522,Li8 Ga8 Cl24,Cl Ga Li ,Pnma,62,2,15.137,9.73,6.132,90.0,90.0,90.0,True,ABX3,Ortorombik
1530096_20,8522,Li8 Ga8 Cl24,Cl Ga Li ,Pnma,62,2,15.137,9.73,6.132,90.0,90.0,90.0,True,ABX3,Ortorombik
1530096_21,8522,Li8 Ga8 Cl24,Cl Ga Li ,Pnma,62,2,15.137,9.73,6.132,90.0,90.0,90.0,True,ABX3,Ortorombik
1530096_22,8522,Li8 Ga8 Cl24,Cl Ga Li ,Pnma,62,2,15.137,9.73,6.132,90.0,90.0,90.0,True,ABX3,Ortorombik
1530096_23,8522,Li8 Ga8 Cl24,Cl Ga Li ,Pnma,62,2,15.137,9.73,6.132,90.0,90.0,90.0,True,ABX3,Ortorombik
1530096_24,8522,Li8 Ga8 Cl24,Cl Ga Li ,Pnma,62,2,15.137,9.73,6.132,90.0,90.0,90.0,True,ABX3,Ortorombik
1525999_1,8534,Pr4 Ni4 O12,Ni O Pr ,Pnma,62,2,5.4161,5.3737,7.6226,90.0,90.0,90.0,True,ABX3,Ortorombik
1525999_2,8534,Pr4 Ni4 O12,Ni O Pr ,Pnma,62,2,5.4161,5.3737,7.6226,90.0,90.0,90.0,True,ABX3,Ortorombik
1525999_3,8534,Pr4 Ni4 O12,Ni O Pr ,Pnma,62,2,5.4161,5.3737,7.6226,90.0,90.0,90.0,True,ABX3,Ortorombik
1525999_4,8534,Pr4 Ni4 O12,Ni O Pr ,Pnma,62,2,5.4161,5.3737,7.6226,90.0,90.0,90.0,True,ABX3,Ortorombik
1525999_5,8534,Pr4 Ni4 O12,Ni O Pr ,Pnma,62,2,5.4161,5.3737,7.6226,90.0,90.0,90.0,True,ABX3,Ortorombik
1525999_6,8534,Pr4 Ni4 O12,Ni O Pr ,Pnma,62,2,5.4161,5.3737,7.6226,90.0,90.0,90.0,True,ABX3,Ortorombik
1525999_7,8534,Pr4 Ni4 O12,Ni O Pr ,Pnma,62,2,5.4161,5.3737,7.6226,90.0,90.0,90.0,True,ABX3,Ortorombik
1525999_8,8534,Pr4 Ni4 O12,Ni O Pr ,Pnma,62,2,5.4161,5.3737,7.6226,90.0,90.0,90.0,True,ABX3,Ortorombik
1525999_9,8534,Pr4 Ni4 O12,Ni O Pr ,Pnma,62,2,5.4161,5.3737,7.6226,90.0,90.0,90.0,True,ABX3,Ortorombik
1525999_10,8534,Pr4 Ni4 O12,Ni O Pr ,Pnma,62,2,5.4161,5.3737,7.6226,90.0,90.0,90.0,True,ABX3,Ortorombik
1525999_11,8534,Pr4 Ni4 O12,Ni O Pr ,Pnma,62,2,5.4161,5.3737,7.6226,90.0,90.0,90.0,True,ABX3,Ortorombik
1525999_12,8534,Pr4 Ni4 O12,Ni O Pr ,Pnma,62,2,5.4161,5.3737,7.6226,90.0,90.0,90.0,True,ABX3,Ortorombik
1525999_13,8534,Pr4 Ni4 O12,Ni O Pr ,Pnma,62,2,5.4161,5.3737,7.6226,90.0,90.0,90.0,True,ABX3,Ortorombik
1525999_14,8534,Pr4 Ni4 O12,Ni O Pr ,Pnma,62,2,5.4161,5.3737,7.6226,90.0,90.0,90.0,True,ABX3,Ortorombik
1525999_15,8534,Pr4 Ni4 O12,Ni O Pr ,Pnma,62,2,5.4161,5.3737,7.6226,90.0,90.0,90.0,True,ABX3,Ortorombik
1525999_16,8534,Pr4 Ni4 O12,Ni O Pr ,Pnma,62,2,5.4161,5.3737,7.6226,90.0,90.0,90.0,True,ABX3,Ortorombik
1525999_17,8534,Pr4 Ni4 O12,Ni O Pr ,Pnma,62,2,5.4161,5.3737,7.6226,90.0,90.0,90.0,True,ABX3,Ortorombik
1525999_18,8534,Pr4 Ni4 O12,Ni O Pr ,Pnma,62,2,5.4161,5.3737,7.6226,90.0,90.0,90.0,True,ABX3,Ortorombik
1525999_19,8534,Pr4 Ni4 O12,Ni O Pr ,Pnma,62,2,5.4161,5.3737,7.6226,90.0,90.0,90.0,True,ABX3,Ortorombik
1525999_20,8534,Pr4 Ni4 O12,Ni O Pr ,Pnma,62,2,5.4161,5.3737,7.6226,90.0,90.0,90.0,True,ABX3,Ortorombik
1525999_21,8534,Pr4 Ni4 O12,Ni O Pr ,Pnma,62,2,5.4161,5.3737,7.6226,90.0,90.0,90.0,True,ABX3,Ortorombik
1525999_22,8534,Pr4 Ni4 O12,Ni O Pr ,Pnma,62,2,5.4161,5.3737,7.6226,90.0,90.0,90.0,True,ABX3,Ortorombik
1525999_23,8534,Pr4 Ni4 O12,Ni O Pr ,Pnma,62,2,5.4161,5.3737,7.6226,90.0,90.0,90.0,True,ABX3,Ortorombik
1525999_24,8534,Pr4 Ni4 O12,Ni O Pr ,Pnma,62,2,5.4161,5.3737,7.6226,90.0,90.0,90.0,True,ABX3,Ortorombik
1519031_1,8732,K20 Ta20 Te60,K Ta Te ,P2_1/c,14,5,7.7177,13.826,30.981,90.0,90.11,90.0,True,ABX3,Monoklinik
1519031_2,8732,K20 Ta20 Te60,K Ta Te ,P2_1/c,14,5,7.7177,13.826,30.981,90.0,90.11,90.0,True,ABX3,Monoklinik
1519031_3,8732,K20 Ta20 Te60,K Ta Te ,P2_1/c,14,5,7.7177,13.826,30.981,90.0,90.11,90.0,True,ABX3,Monoklinik
1519031_4,8732,K20 Ta20 Te60,K Ta Te ,P2_1/c,14,5,7.7177,13.826,30.981,90.0,90.11,90.0,True,ABX3,Monoklinik
1519031_5,8732,K20 Ta20 Te60,K Ta Te ,P2_1/c,14,5,7.7177,13.826,30.981,90.0,90.11,90.0,True,ABX3,Monoklinik
1519031_6,8732,K20 Ta20 Te60,K Ta Te ,P2_1/c,14,5,7.7177,13.826,30.981,90.0,90.11,90.0,True,ABX3,Monoklinik
1519031_7,8732,K20 Ta20 Te60,K Ta Te ,P2_1/c,14,5,7.7177,13.826,30.981,90.0,90.11,90.0,True,ABX3,Monoklinik
1519031_8,8732,K20 Ta20 Te60,K Ta Te ,P2_1/c,14,5,7.7177,13.826,30.981,90.0,90.11,90.0,True,ABX3,Monoklinik
1519031_9,8732,K20 Ta20 Te60,K Ta Te ,P2_1/c,14,5,7.7177,13.826,30.981,90.0,90.11,90.0,True,ABX3,Monoklinik
1519031_10,8732,K20 Ta20 Te60,K Ta Te ,P2_1/c,14,5,7.7177,13.826,30.981,90.0,90.11,90.0,True,ABX3,Monoklinik
1519031_11,8732,K20 Ta20 Te60,K Ta Te ,P2_1/c,14,5,7.7177,13.826,30.981,90.0,90.11,90.0,True,ABX3,Monoklinik
1519031_12,8732,K20 Ta20 Te60,K Ta Te ,P2_1/c,14,5,7.7177,13.826,30.981,90.0,90.11,90.0,True,ABX3,Monoklinik
1519031_13,8732,K20 Ta20 Te60,K Ta Te ,P2_1/c,14,5,7.7177,13.826,30.981,90.0,90.11,90.0,True,ABX3,Monoklinik
1519031_14,8732,K20 Ta20 Te60,K Ta Te ,P2_1/c,14,5,7.7177,13.826,30.981,90.0,90.11,90.0,True,ABX3,Monoklinik
1519031_15,8732,K20 Ta20 Te60,K Ta Te ,P2_1/c,14,5,7.7177,13.826,30.981,90.0,90.11,90.0,True,ABX3,Monoklinik
1519031_16,8732,K20 Ta20 Te60,K Ta Te ,P2_1/c,14,5,7.7177,13.826,30.981,90.0,90.11,90.0,True,ABX3,Monoklinik
1519031_17,8732,K20 Ta20 Te60,K Ta Te ,P2_1/c,14,5,7.7177,13.826,30.981,90.0,90.11,90.0,True,ABX3,Monoklinik
1519031_18,8732,K20 Ta20 Te60,K Ta Te ,P2_1/c,14,5,7.7177,13.826,30.981,90.0,90.11,90.0,True,ABX3,Monoklinik
1519031_19,8732,K20 Ta20 Te60,K Ta Te ,P2_1/c,14,5,7.7177,13.826,30.981,90.0,90.11,90.0,True,ABX3,Monoklinik
1519031_20,8732,K20 Ta20 Te60,K Ta Te ,P2_1/c,14,5,7.7177,13.826,30.981,90.0,90.11,90.0,True,ABX3,Monoklinik
1519031_21,8732,K20 Ta20 Te60,K Ta Te ,P2_1/c,14,5,7.7177,13.826,30.981,90.0,90.11,90.0,True,ABX3,Monoklinik
1519031_22,8732,K20 Ta20 Te60,K Ta Te ,P2_1/c,14,5,7.7177,13.826,30.981,90.0,90.11,90.0,True,ABX3,Monoklinik
1519031_23,8732,K20 Ta20 Te60,K Ta Te ,P2_1/c,14,5,7.7177,13.826,30.981,90.0,90.11,90.0,True,ABX3,Monoklinik
1519031_24,8732,K20 Ta20 Te60,K Ta Te ,P2_1/c,14,5,7.7177,13.826,30.981,90.0,90.11,90.0,True,ABX3,Monoklinik
1531799_1,8776,Nd4 Mn4 O12,Mn Nd O ,Pnma,62,2,5.849,7.543,5.416,90.0,90.0,90.0,True,ABX3,Ortorombik
1531799_2,8776,Nd4 Mn4 O12,Mn Nd O ,Pnma,62,2,5.849,7.543,5.416,90.0,90.0,90.0,True,ABX3,Ortorombik
1531799_3,8776,Nd4 Mn4 O12,Mn Nd O ,Pnma,62,2,5.849,7.543,5.416,90.0,90.0,90.0,True,ABX3,Ortorombik
1531799_4,8776,Nd4 Mn4 O12,Mn Nd O ,Pnma,62,2,5.849,7.543,5.416,90.0,90.0,90.0,True,ABX3,Ortorombik
1531799_5,8776,Nd4 Mn4 O12,Mn Nd O ,Pnma,62,2,5.849,7.543,5.416,90.0,90.0,90.0,True,ABX3,Ortorombik
1531799_6,8776,Nd4 Mn4 O12,Mn Nd O ,Pnma,62,2,5.849,7.543,5.416,90.0,90.0,90.0,True,ABX3,Ortorombik
1531799_7,8776,Nd4 Mn4 O12,Mn Nd O ,Pnma,62,2,5.849,7.543,5.416,90.0,90.0,90.0,True,ABX3,Ortorombik
1531799_8,8776,Nd4 Mn4 O12,Mn Nd O ,Pnma,62,2,5.849,7.543,5.416,90.0,90.0,90.0,True,ABX3,Ortorombik
1531799_9,8776,Nd4 Mn4 O12,Mn Nd O ,Pnma,62,2,5.849,7.543,5.416,90.0,90.0,90.0,True,ABX3,Ortorombik
1531799_10,8776,Nd4 Mn4 O12,Mn Nd O ,Pnma,62,2,5.849,7.543,5.416,90.0,90.0,90.0,True,ABX3,Ortorombik
1531799_11,8776,Nd4 Mn4 O12,Mn Nd O ,Pnma,62,2,5.849,7.543,5.416,90.0,90.0,90.0,True,ABX3,Ortorombik
1531799_12,8776,Nd4 Mn4 O12,Mn Nd O ,Pnma,62,2,5.849,7.543,5.416,90.0,90.0,90.0,True,ABX3,Ortorombik
1531799_13,8776,Nd4 Mn4 O12,Mn Nd O ,Pnma,62,2,5.849,7.543,5.416,90.0,90.0,90.0,True,ABX3,Ortorombik
1531799_14,8776,Nd4 Mn4 O12,Mn Nd O ,Pnma,62,2,5.849,7.543,5.416,90.0,90.0,90.0,True,ABX3,Ortorombik
1531799_15,8776,Nd4 Mn4 O12,Mn Nd O ,Pnma,62,2,5.849,7.543,5.416,90.0,90.0,90.0,True,ABX3,Ortorombik
1531799_16,8776,Nd4 Mn4 O12,Mn Nd O ,Pnma,62,2,5.849,7.543,5.416,90.0,90.0,90.0,True,ABX3,Ortorombik
1531799_17,8776,Nd4 Mn4 O12,Mn Nd O ,Pnma,62,2,5.849,7.543,5.416,90.0,90.0,90.0,True,ABX3,Ortorombik
1531799_18,8776,Nd4 Mn4 O12,Mn Nd O ,Pnma,62,2,5.849,7.543,5.416,90.0,90.0,90.0,True,ABX3,Ortorombik
1531799_19,8776,Nd4 Mn4 O12,Mn Nd O ,Pnma,62,2,5.849,7.543,5.416,90.0,90.0,90.0,True,ABX3,Ortorombik
1531799_20,8776,Nd4 Mn4 O12,Mn Nd O ,Pnma,62,2,5.849,7.543,5.416,90.0,90.0,90.0,True,ABX3,Ortorombik
1531799_21,8776,Nd4 Mn4 O12,Mn Nd O ,Pnma,62,2,5.849,7.543,5.416,90.0,90.0,90.0,True,ABX3,Ortorombik
1531799_22,8776,Nd4 Mn4 O12,Mn Nd O ,Pnma,62,2,5.849,7.543,5.416,90.0,90.0,90.0,True,ABX3,Ortorombik
1531799_23,8776,Nd4 Mn4 O12,Mn Nd O ,Pnma,62,2,5.849,7.543,5.416,90.0,90.0,90.0,True,ABX3,Ortorombik
1531799_24,8776,Nd4 Mn4 O12,Mn Nd O ,Pnma,62,2,5.849,7.543,5.416,90.0,90.0,90.0,True,ABX3,Ortorombik
1533864_1,8793,Ca4 Ru4 O12,Ca O Ru ,Pnma,62,2,5.5311,7.646,5.3408,90.0,90.0,90.0,True,ABX3,Ortorombik
1533864_2,8793,Ca4 Ru4 O12,Ca O Ru ,Pnma,62,2,5.5311,7.646,5.3408,90.0,90.0,90.0,True,ABX3,Ortorombik
1533864_3,8793,Ca4 Ru4 O12,Ca O Ru ,Pnma,62,2,5.5311,7.646,5.3408,90.0,90.0,90.0,True,ABX3,Ortorombik
1533864_4,8793,Ca4 Ru4 O12,Ca O Ru ,Pnma,62,2,5.5311,7.646,5.3408,90.0,90.0,90.0,True,ABX3,Ortorombik
1533864_5,8793,Ca4 Ru4 O12,Ca O Ru ,Pnma,62,2,5.5311,7.646,5.3408,90.0,90.0,90.0,True,ABX3,Ortorombik
1533864_6,8793,Ca4 Ru4 O12,Ca O Ru ,Pnma,62,2,5.5311,7.646,5.3408,90.0,90.0,90.0,True,ABX3,Ortorombik
1533864_7,8793,Ca4 Ru4 O12,Ca O Ru ,Pnma,62,2,5.5311,7.646,5.3408,90.0,90.0,90.0,True,ABX3,Ortorombik
1533864_8,8793,Ca4 Ru4 O12,Ca O Ru ,Pnma,62,2,5.5311,7.646,5.3408,90.0,90.0,90.0,True,ABX3,Ortorombik
1533864_9,8793,Ca4 Ru4 O12,Ca O Ru ,Pnma,62,2,5.5311,7.646,5.3408,90.0,90.0,90.0,True,ABX3,Ortorombik
1533864_10,8793,Ca4 Ru4 O12,Ca O Ru ,Pnma,62,2,5.5311,7.646,5.3408,90.0,90.0,90.0,True,ABX3,Ortorombik
1533864_11,8793,Ca4 Ru4 O12,Ca O Ru ,Pnma,62,2,5.5311,7.646,5.3408,90.0,90.0,90.0,True,ABX3,Ortorombik
1533864_12,8793,Ca4 Ru4 O12,Ca O Ru ,Pnma,62,2,5.5311,7.646,5.3408,90.0,90.0,90.0,True,ABX3,Ortorombik
1533864_13,8793,Ca4 Ru4 O12,Ca O Ru ,Pnma,62,2,5.5311,7.646,5.3408,90.0,90.0,90.0,True,ABX3,Ortorombik
1533864_14,8793,Ca4 Ru4 O12,Ca O Ru ,Pnma,62,2,5.5311,7.646,5.3408,90.0,90.0,90.0,True,ABX3,Ortorombik
1533864_15,8793,Ca4 Ru4 O12,Ca O Ru ,Pnma,62,2,5.5311,7.646,5.3408,90.0,90.0,90.0,True,ABX3,Ortorombik
1533864_16,8793,Ca4 Ru4 O12,Ca O Ru ,Pnma,62,2,5.5311,7.646,5.3408,90.0,90.0,90.0,True,ABX3,Ortorombik
1533864_17,8793,Ca4 Ru4 O12,Ca O Ru ,Pnma,62,2,5.5311,7.646,5.3408,90.0,90.0,90.0,True,ABX3,Ortorombik
1533864_18,8793,Ca4 Ru4 O12,Ca O Ru ,Pnma,62,2,5.5311,7.646,5.3408,90.0,90.0,90.0,True,ABX3,Ortorombik
1533864_19,8793,Ca4 Ru4 O12,Ca O Ru ,Pnma,62,2,5.5311,7.646,5.3408,90.0,90.0,90.0,True,ABX3,Ortorombik
1533864_20,8793,Ca4 Ru4 O12,Ca O Ru ,Pnma,62,2,5.5311,7.646,5.3408,90.0,90.0,90.0,True,ABX3,Ortorombik
1533864_21,8793,Ca4 Ru4 O12,Ca O Ru ,Pnma,62,2,5.5311,7.646,5.3408,90.0,90.0,90.0,True,ABX3,Ortorombik
1533864_22,8793,Ca4 Ru4 O12,Ca O Ru ,Pnma,62,2,5.5311,7.646,5.3408,90.0,90.0,90.0,True,ABX3,Ortorombik
1533864_23,8793,Ca4 Ru4 O12,Ca O Ru ,Pnma,62,2,5.5311,7.646,5.3408,90.0,90.0,90.0,True,ABX3,Ortorombik
1533864_24,8793,Ca4 Ru4 O12,Ca O Ru ,Pnma,62,2,5.5311,7.646,5.3408,90.0,90.0,90.0,True,ABX3,Ortorombik
1532827_1,8850,Nd4 Sc4 O12,Nd O Sc ,Pnma,62,2,5.5809,5.7765,8.0072,90.0,90.0,90.0,True,ABX3,Ortorombik
1532827_2,8850,Nd4 Sc4 O12,Nd O Sc ,Pnma,62,2,5.5809,5.7765,8.0072,90.0,90.0,90.0,True,ABX3,Ortorombik
1532827_3,8850,Nd4 Sc4 O12,Nd O Sc ,Pnma,62,2,5.5809,5.7765,8.0072,90.0,90.0,90.0,True,ABX3,Ortorombik
1532827_4,8850,Nd4 Sc4 O12,Nd O Sc ,Pnma,62,2,5.5809,5.7765,8.0072,90.0,90.0,90.0,True,ABX3,Ortorombik
1532827_5,8850,Nd4 Sc4 O12,Nd O Sc ,Pnma,62,2,5.5809,5.7765,8.0072,90.0,90.0,90.0,True,ABX3,Ortorombik
1532827_6,8850,Nd4 Sc4 O12,Nd O Sc ,Pnma,62,2,5.5809,5.7765,8.0072,90.0,90.0,90.0,True,ABX3,Ortorombik
1532827_7,8850,Nd4 Sc4 O12,Nd O Sc ,Pnma,62,2,5.5809,5.7765,8.0072,90.0,90.0,90.0,True,ABX3,Ortorombik
1532827_8,8850,Nd4 Sc4 O12,Nd O Sc ,Pnma,62,2,5.5809,5.7765,8.0072,90.0,90.0,90.0,True,ABX3,Ortorombik
1532827_9,8850,Nd4 Sc4 O12,Nd O Sc ,Pnma,62,2,5.5809,5.7765,8.0072,90.0,90.0,90.0,True,ABX3,Ortorombik
1532827_10,8850,Nd4 Sc4 O12,Nd O Sc ,Pnma,62,2,5.5809,5.7765,8.0072,90.0,90.0,90.0,True,ABX3,Ortorombik
1532827_11,8850,Nd4 Sc4 O12,Nd O Sc ,Pnma,62,2,5.5809,5.7765,8.0072,90.0,90.0,90.0,True,ABX3,Ortorombik
1532827_12,8850,Nd4 Sc4 O12,Nd O Sc ,Pnma,62,2,5.5809,5.7765,8.0072,90.0,90.0,90.0,True,ABX3,Ortorombik
1532827_13,8850,Nd4 Sc4 O12,Nd O Sc ,Pnma,62,2,5.5809,5.7765,8.0072,90.0,90.0,90.0,True,ABX3,Ortorombik
1532827_14,8850,Nd4 Sc4 O12,Nd O Sc ,Pnma,62,2,5.5809,5.7765,8.0072,90.0,90.0,90.0,True,ABX3,Ortorombik
1532827_15,8850,Nd4 Sc4 O12,Nd O Sc ,Pnma,62,2,5.5809,5.7765,8.0072,90.0,90.0,90.0,True,ABX3,Ortorombik
1532827_16,8850,Nd4 Sc4 O12,Nd O Sc ,Pnma,62,2,5.5809,5.7765,8.0072,90.0,90.0,90.0,True,ABX3,Ortorombik
1532827_17,8850,Nd4 Sc4 O12,Nd O Sc ,Pnma,62,2,5.5809,5.7765,8.0072,90.0,90.0,90.0,True,ABX3,Ortorombik
1532827_18,8850,Nd4 Sc4 O12,Nd O Sc ,Pnma,62,2,5.5809,5.7765,8.0072,90.0,90.0,90.0,True,ABX3,Ortorombik
1532827_19,8850,Nd4 Sc4 O12,Nd O Sc ,Pnma,62,2,5.5809,5.7765,8.0072,90.0,90.0,90.0,True,ABX3,Ortorombik
1532827_20,8850,Nd4 Sc4 O12,Nd O Sc ,Pnma,62,2,5.5809,5.7765,8.0072,90.0,90.0,90.0,True,ABX3,Ortorombik
1532827_21,8850,Nd4 Sc4 O12,Nd O Sc ,Pnma,62,2,5.5809,5.7765,8.0072,90.0,90.0,90.0,True,ABX3,Ortorombik
1532827_22,8850,Nd4 Sc4 O12,Nd O Sc ,Pnma,62,2,5.5809,5.7765,8.0072,90.0,90.0,90.0,True,ABX3,Ortorombik
1532827_23,8850,Nd4 Sc4 O12,Nd O Sc ,Pnma,62,2,5.5809,5.7765,8.0072,90.0,90.0,90.0,True,ABX3,Ortorombik
1532827_24,8850,Nd4 Sc4 O12,Nd O Sc ,Pnma,62,2,5.5809,5.7765,8.0072,90.0,90.0,90.0,True,ABX3,Ortorombik
9011241_1,8852,Na4 V4 O12,Na O V ,Pnma,62,2,14.147,3.6496,5.364,90.0,90.0,90.0,True,ABX3,Ortorombik
9011241_2,8852,Na4 V4 O12,Na O V ,Pnma,62,2,14.147,3.6496,5.364,90.0,90.0,90.0,True,ABX3,Ortorombik
9011241_3,8852,Na4 V4 O12,Na O V ,Pnma,62,2,14.147,3.6496,5.364,90.0,90.0,90.0,True,ABX3,Ortorombik
9011241_4,8852,Na4 V4 O12,Na O V ,Pnma,62,2,14.147,3.6496,5.364,90.0,90.0,90.0,True,ABX3,Ortorombik
9011241_5,8852,Na4 V4 O12,Na O V ,Pnma,62,2,14.147,3.6496,5.364,90.0,90.0,90.0,True,ABX3,Ortorombik
9011241_6,8852,Na4 V4 O12,Na O V ,Pnma,62,2,14.147,3.6496,5.364,90.0,90.0,90.0,True,ABX3,Ortorombik
9011241_7,8852,Na4 V4 O12,Na O V ,Pnma,62,2,14.147,3.6496,5.364,90.0,90.0,90.0,True,ABX3,Ortorombik
9011241_8,8852,Na4 V4 O12,Na O V ,Pnma,62,2,14.147,3.6496,5.364,90.0,90.0,90.0,True,ABX3,Ortorombik
9011241_9,8852,Na4 V4 O12,Na O V ,Pnma,62,2,14.147,3.6496,5.364,90.0,90.0,90.0,True,ABX3,Ortorombik
9011241_10,8852,Na4 V4 O12,Na O V ,Pnma,62,2,14.147,3.6496,5.364,90.0,90.0,90.0,True,ABX3,Ortorombik
9011241_11,8852,Na4 V4 O12,Na O V ,Pnma,62,2,14.147,3.6496,5.364,90.0,90.0,90.0,True,ABX3,Ortorombik
9011241_12,8852,Na4 V4 O12,Na O V ,Pnma,62,2,14.147,3.6496,5.364,90.0,90.0,90.0,True,ABX3,Ortorombik
9011241_13,8852,Na4 V4 O12,Na O V ,Pnma,62,2,14.147,3.6496,5.364,90.0,90.0,90.0,True,ABX3,Ortorombik
9011241_14,8852,Na4 V4 O12,Na O V ,Pnma,62,2,14.147,3.6496,5.364,90.0,90.0,90.0,True,ABX3,Ortorombik
9011241_15,8852,Na4 V4 O12,Na O V ,Pnma,62,2,14.147,3.6496,5.364,90.0,90.0,90.0,True,ABX3,Ortorombik
9011241_16,8852,Na4 V4 O12,Na O V ,Pnma,62,2,14.147,3.6496,5.364,90.0,90.0,90.0,True,ABX3,Ortorombik
9011241_17,8852,Na4 V4 O12,Na O V ,Pnma,62,2,14.147,3.6496,5.364,90.0,90.0,90.0,True,ABX3,Ortorombik
9011241_18,8852,Na4 V4 O12,Na O V ,Pnma,62,2,14.147,3.6496,5.364,90.0,90.0,90.0,True,ABX3,Ortorombik
9011241_19,8852,Na4 V4 O12,Na O V ,Pnma,62,2,14.147,3.6496,5.364,90.0,90.0,90.0,True,ABX3,Ortorombik
9011241_20,8852,Na4 V4 O12,Na O V ,Pnma,62,2,14.147,3.6496,5.364,90.0,90.0,90.0,True,ABX3,Ortorombik
9011241_21,8852,Na4 V4 O12,Na O V ,Pnma,62,2,14.147,3.6496,5.364,90.0,90.0,90.0,True,ABX3,Ortorombik
9011241_22,8852,Na4 V4 O12,Na O V ,Pnma,62,2,14.147,3.6496,5.364,90.0,90.0,90.0,True,ABX3,Ortorombik
9011241_23,8852,Na4 V4 O12,Na O V ,Pnma,62,2,14.147,3.6496,5.364,90.0,90.0,90.0,True,ABX3,Ortorombik
9011241_24,8852,Na4 V4 O12,Na O V ,Pnma,62,2,14.147,3.6496,5.364,90.0,90.0,90.0,True,ABX3,Ortorombik
1528128_1,8910,Ba4 Pb4 O12,Ba O Pb ,Imma,74,2,6.007,8.476,6.063,90.0,90.0,90.0,True,ABX3,Ortorombik
1528128_2,8910,Ba4 Pb4 O12,Ba O Pb ,Imma,74,2,6.007,8.476,6.063,90.0,90.0,90.0,True,ABX3,Ortorombik
1528128_3,8910,Ba4 Pb4 O12,Ba O Pb ,Imma,74,2,6.007,8.476,6.063,90.0,90.0,90.0,True,ABX3,Ortorombik
1528128_4,8910,Ba4 Pb4 O12,Ba O Pb ,Imma,74,2,6.007,8.476,6.063,90.0,90.0,90.0,True,ABX3,Ortorombik
1528128_5,8910,Ba4 Pb4 O12,Ba O Pb ,Imma,74,2,6.007,8.476,6.063,90.0,90.0,90.0,True,ABX3,Ortorombik
1528128_6,8910,Ba4 Pb4 O12,Ba O Pb ,Imma,74,2,6.007,8.476,6.063,90.0,90.0,90.0,True,ABX3,Ortorombik
1528128_7,8910,Ba4 Pb4 O12,Ba O Pb ,Imma,74,2,6.007,8.476,6.063,90.0,90.0,90.0,True,ABX3,Ortorombik
1528128_8,8910,Ba4 Pb4 O12,Ba O Pb ,Imma,74,2,6.007,8.476,6.063,90.0,90.0,90.0,True,ABX3,Ortorombik
1528128_9,8910,Ba4 Pb4 O12,Ba O Pb ,Imma,74,2,6.007,8.476,6.063,90.0,90.0,90.0,True,ABX3,Ortorombik
1528128_10,8910,Ba4 Pb4 O12,Ba O Pb ,Imma,74,2,6.007,8.476,6.063,90.0,90.0,90.0,True,ABX3,Ortorombik
1528128_11,8910,Ba4 Pb4 O12,Ba O Pb ,Imma,74,2,6.007,8.476,6.063,90.0,90.0,90.0,True,ABX3,Ortorombik
1528128_12,8910,Ba4 Pb4 O12,Ba O Pb ,Imma,74,2,6.007,8.476,6.063,90.0,90.0,90.0,True,ABX3,Ortorombik
1528128_13,8910,Ba4 Pb4 O12,Ba O Pb ,Imma,74,2,6.007,8.476,6.063,90.0,90.0,90.0,True,ABX3,Ortorombik
1528128_14,8910,Ba4 Pb4 O12,Ba O Pb ,Imma,74,2,6.007,8.476,6.063,90.0,90.0,90.0,True,ABX3,Ortorombik
1528128_15,8910,Ba4 Pb4 O12,Ba O Pb ,Imma,74,2,6.007,8.476,6.063,90.0,90.0,90.0,True,ABX3,Ortorombik
1528128_16,8910,Ba4 Pb4 O12,Ba O Pb ,Imma,74,2,6.007,8.476,6.063,90.0,90.0,90.0,True,ABX3,Ortorombik
1528128_17,8910,Ba4 Pb4 O12,Ba O Pb ,Imma,74,2,6.007,8.476,6.063,90.0,90.0,90.0,True,ABX3,Ortorombik
1528128_18,8910,Ba4 Pb4 O12,Ba O Pb ,Imma,74,2,6.007,8.476,6.063,90.0,90.0,90.0,True,ABX3,Ortorombik
1528128_19,8910,Ba4 Pb4 O12,Ba O Pb ,Imma,74,2,6.007,8.476,6.063,90.0,90.0,90.0,True,ABX3,Ortorombik
1528128_20,8910,Ba4 Pb4 O12,Ba O Pb ,Imma,74,2,6.007,8.476,6.063,90.0,90.0,90.0,True,ABX3,Ortorombik
1528128_21,8910,Ba4 Pb4 O12,Ba O Pb ,Imma,74,2,6.007,8.476,6.063,90.0,90.0,90.0,True,ABX3,Ortorombik
1528128_22,8910,Ba4 Pb4 O12,Ba O Pb ,Imma,74,2,6.007,8.476,6.063,90.0,90.0,90.0,True,ABX3,Ortorombik
1528128_23,8910,Ba4 Pb4 O12,Ba O Pb ,Imma,74,2,6.007,8.476,6.063,90.0,90.0,90.0,True,ABX3,Ortorombik
1528128_24,8910,Ba4 Pb4 O12,Ba O Pb ,Imma,74,2,6.007,8.476,6.063,90.0,90.0,90.0,True,ABX3,Ortorombik
1530401_1,8971,La32 Nb28 S88,La Nb S ,Ccce,68,2,23.031,23.216,5.806,90.0,90.0,90.0,True,ABX3,Ortorombik
1530401_2,8971,La32 Nb28 S88,La Nb S ,Ccce,68,2,23.031,23.216,5.806,90.0,90.0,90.0,True,ABX3,Ortorombik
1530401_3,8971,La32 Nb28 S88,La Nb S ,Ccce,68,2,23.031,23.216,5.806,90.0,90.0,90.0,True,ABX3,Ortorombik
1530401_4,8971,La32 Nb28 S88,La Nb S ,Ccce,68,2,23.031,23.216,5.806,90.0,90.0,90.0,True,ABX3,Ortorombik
1530401_5,8971,La32 Nb28 S88,La Nb S ,Ccce,68,2,23.031,23.216,5.806,90.0,90.0,90.0,True,ABX3,Ortorombik
1530401_6,8971,La32 Nb28 S88,La Nb S ,Ccce,68,2,23.031,23.216,5.806,90.0,90.0,90.0,True,ABX3,Ortorombik
1530401_7,8971,La32 Nb28 S88,La Nb S ,Ccce,68,2,23.031,23.216,5.806,90.0,90.0,90.0,True,ABX3,Ortorombik
1530401_8,8971,La32 Nb28 S88,La Nb S ,Ccce,68,2,23.031,23.216,5.806,90.0,90.0,90.0,True,ABX3,Ortorombik
1530401_9,8971,La32 Nb28 S88,La Nb S ,Ccce,68,2,23.031,23.216,5.806,90.0,90.0,90.0,True,ABX3,Ortorombik
1530401_10,8971,La32 Nb28 S88,La Nb S ,Ccce,68,2,23.031,23.216,5.806,90.0,90.0,90.0,True,ABX3,Ortorombik
1530401_11,8971,La32 Nb28 S88,La Nb S ,Ccce,68,2,23.031,23.216,5.806,90.0,90.0,90.0,True,ABX3,Ortorombik
1530401_12,8971,La32 Nb28 S88,La Nb S ,Ccce,68,2,23.031,23.216,5.806,90.0,90.0,90.0,True,ABX3,Ortorombik
1530401_13,8971,La32 Nb28 S88,La Nb S ,Ccce,68,2,23.031,23.216,5.806,90.0,90.0,90.0,True,ABX3,Ortorombik
1530401_14,8971,La32 Nb28 S88,La Nb S ,Ccce,68,2,23.031,23.216,5.806,90.0,90.0,90.0,True,ABX3,Ortorombik
1530401_15,8971,La32 Nb28 S88,La Nb S ,Ccce,68,2,23.031,23.216,5.806,90.0,90.0,90.0,True,ABX3,Ortorombik
1530401_16,8971,La32 Nb28 S88,La Nb S ,Ccce,68,2,23.031,23.216,5.806,90.0,90.0,90.0,True,ABX3,Ortorombik
1530401_17,8971,La32 Nb28 S88,La Nb S ,Ccce,68,2,23.031,23.216,5.806,90.0,90.0,90.0,True,ABX3,Ortorombik
1530401_18,8971,La32 Nb28 S88,La Nb S ,Ccce,68,2,23.031,23.216,5.806,90.0,90.0,90.0,True,ABX3,Ortorombik
1530401_19,8971,La32 Nb28 S88,La Nb S ,Ccce,68,2,23.031,23.216,5.806,90.0,90.0,90.0,True,ABX3,Ortorombik
1530401_20,8971,La32 Nb28 S88,La Nb S ,Ccce,68,2,23.031,23.216,5.806,90.0,90.0,90.0,True,ABX3,Ortorombik
1530401_21,8971,La32 Nb28 S88,La Nb S ,Ccce,68,2,23.031,23.216,5.806,90.0,90.0,90.0,True,ABX3,Ortorombik
1530401_22,8971,La32 Nb28 S88,La Nb S ,Ccce,68,2,23.031,23.216,5.806,90.0,90.0,90.0,True,ABX3,Ortorombik
1530401_23,8971,La32 Nb28 S88,La Nb S ,Ccce,68,2,23.031,23.216,5.806,90.0,90.0,90.0,True,ABX3,Ortorombik
1530401_24,8971,La32 Nb28 S88,La Nb S ,Ccce,68,2,23.031,23.216,5.806,90.0,90.0,90.0,True,ABX3,Ortorombik
1528660_1,8980,Ca4 Mo4 O12,Ca Mo O ,Pnma,62,2,5.451,5.5821,7.7803,90.0,90.0,90.0,True,ABX3,Ortorombik
1528660_2,8980,Ca4 Mo4 O12,Ca Mo O ,Pnma,62,2,5.451,5.5821,7.7803,90.0,90.0,90.0,True,ABX3,Ortorombik
1528660_3,8980,Ca4 Mo4 O12,Ca Mo O ,Pnma,62,2,5.451,5.5821,7.7803,90.0,90.0,90.0,True,ABX3,Ortorombik
1528660_4,8980,Ca4 Mo4 O12,Ca Mo O ,Pnma,62,2,5.451,5.5821,7.7803,90.0,90.0,90.0,True,ABX3,Ortorombik
1528660_5,8980,Ca4 Mo4 O12,Ca Mo O ,Pnma,62,2,5.451,5.5821,7.7803,90.0,90.0,90.0,True,ABX3,Ortorombik
1528660_6,8980,Ca4 Mo4 O12,Ca Mo O ,Pnma,62,2,5.451,5.5821,7.7803,90.0,90.0,90.0,True,ABX3,Ortorombik
1528660_7,8980,Ca4 Mo4 O12,Ca Mo O ,Pnma,62,2,5.451,5.5821,7.7803,90.0,90.0,90.0,True,ABX3,Ortorombik
1528660_8,8980,Ca4 Mo4 O12,Ca Mo O ,Pnma,62,2,5.451,5.5821,7.7803,90.0,90.0,90.0,True,ABX3,Ortorombik
1528660_9,8980,Ca4 Mo4 O12,Ca Mo O ,Pnma,62,2,5.451,5.5821,7.7803,90.0,90.0,90.0,True,ABX3,Ortorombik
1528660_10,8980,Ca4 Mo4 O12,Ca Mo O ,Pnma,62,2,5.451,5.5821,7.7803,90.0,90.0,90.0,True,ABX3,Ortorombik
1528660_11,8980,Ca4 Mo4 O12,Ca Mo O ,Pnma,62,2,5.451,5.5821,7.7803,90.0,90.0,90.0,True,ABX3,Ortorombik
1528660_12,8980,Ca4 Mo4 O12,Ca Mo O ,Pnma,62,2,5.451,5.5821,7.7803,90.0,90.0,90.0,True,ABX3,Ortorombik
1528660_13,8980,Ca4 Mo4 O12,Ca Mo O ,Pnma,62,2,5.451,5.5821,7.7803,90.0,90.0,90.0,True,ABX3,Ortorombik
1528660_14,8980,Ca4 Mo4 O12,Ca Mo O ,Pnma,62,2,5.451,5.5821,7.7803,90.0,90.0,90.0,True,ABX3,Ortorombik
1528660_15,8980,Ca4 Mo4 O12,Ca Mo O ,Pnma,62,2,5.451,5.5821,7.7803,90.0,90.0,90.0,True,ABX3,Ortorombik
1528660_16,8980,Ca4 Mo4 O12,Ca Mo O ,Pnma,62,2,5.451,5.5821,7.7803,90.0,90.0,90.0,True,ABX3,Ortorombik
1528660_17,8980,Ca4 Mo4 O12,Ca Mo O ,Pnma,62,2,5.451,5.5821,7.7803,90.0,90.0,90.0,True,ABX3,Ortorombik
1528660_18,8980,Ca4 Mo4 O12,Ca Mo O ,Pnma,62,2,5.451,5.5821,7.7803,90.0,90.0,90.0,True,ABX3,Ortorombik
1528660_19,8980,Ca4 Mo4 O12,Ca Mo O ,Pnma,62,2,5.451,5.5821,7.7803,90.0,90.0,90.0,True,ABX3,Ortorombik
1528660_20,8980,Ca4 Mo4 O12,Ca Mo O ,Pnma,62,2,5.451,5.5821,7.7803,90.0,90.0,90.0,True,ABX3,Ortorombik
1528660_21,8980,Ca4 Mo4 O12,Ca Mo O ,Pnma,62,2,5.451,5.5821,7.7803,90.0,90.0,90.0,True,ABX3,Ortorombik
1528660_22,8980,Ca4 Mo4 O12,Ca Mo O ,Pnma,62,2,5.451,5.5821,7.7803,90.0,90.0,90.0,True,ABX3,Ortorombik
1528660_23,8980,Ca4 Mo4 O12,Ca Mo O ,Pnma,62,2,5.451,5.5821,7.7803,90.0,90.0,90.0,True,ABX3,Ortorombik
1528660_24,8980,Ca4 Mo4 O12,Ca Mo O ,Pnma,62,2,5.451,5.5821,7.7803,90.0,90.0,90.0,True,ABX3,Ortorombik
2220939_1,9108,Eu3.8708 Sc4 O11.8064,Eu O Sc ,Pnma,62,2,5.7554,7.9487,5.5087,90.0,90.0,90.0,True,ABX3,Ortorombik
2220939_2,9108,Eu3.8708 Sc4 O11.8064,Eu O Sc ,Pnma,62,2,5.7554,7.9487,5.5087,90.0,90.0,90.0,True,ABX3,Ortorombik
2220939_3,9108,Eu3.8708 Sc4 O11.8064,Eu O Sc ,Pnma,62,2,5.7554,7.9487,5.5087,90.0,90.0,90.0,True,ABX3,Ortorombik
2220939_4,9108,Eu3.8708 Sc4 O11.8064,Eu O Sc ,Pnma,62,2,5.7554,7.9487,5.5087,90.0,90.0,90.0,True,ABX3,Ortorombik
2220939_5,9108,Eu3.8708 Sc4 O11.8064,Eu O Sc ,Pnma,62,2,5.7554,7.9487,5.5087,90.0,90.0,90.0,True,ABX3,Ortorombik
2220939_6,9108,Eu3.8708 Sc4 O11.8064,Eu O Sc ,Pnma,62,2,5.7554,7.9487,5.5087,90.0,90.0,90.0,True,ABX3,Ortorombik
2220939_7,9108,Eu3.8708 Sc4 O11.8064,Eu O Sc ,Pnma,62,2,5.7554,7.9487,5.5087,90.0,90.0,90.0,True,ABX3,Ortorombik
2220939_8,9108,Eu3.8708 Sc4 O11.8064,Eu O Sc ,Pnma,62,2,5.7554,7.9487,5.5087,90.0,90.0,90.0,True,ABX3,Ortorombik
2220939_9,9108,Eu3.8708 Sc4 O11.8064,Eu O Sc ,Pnma,62,2,5.7554,7.9487,5.5087,90.0,90.0,90.0,True,ABX3,Ortorombik
2220939_10,9108,Eu3.8708 Sc4 O11.8064,Eu O Sc ,Pnma,62,2,5.7554,7.9487,5.5087,90.0,90.0,90.0,True,ABX3,Ortorombik
2220939_11,9108,Eu3.8708 Sc4 O11.8064,Eu O Sc ,Pnma,62,2,5.7554,7.9487,5.5087,90.0,90.0,90.0,True,ABX3,Ortorombik
2220939_12,9108,Eu3.8708 Sc4 O11.8064,Eu O Sc ,Pnma,62,2,5.7554,7.9487,5.5087,90.0,90.0,90.0,True,ABX3,Ortorombik
2220939_13,9108,Eu3.8708 Sc4 O11.8064,Eu O Sc ,Pnma,62,2,5.7554,7.9487,5.5087,90.0,90.0,90.0,True,ABX3,Ortorombik
2220939_14,9108,Eu3.8708 Sc4 O11.8064,Eu O Sc ,Pnma,62,2,5.7554,7.9487,5.5087,90.0,90.0,90.0,True,ABX3,Ortorombik
2220939_15,9108,Eu3.8708 Sc4 O11.8064,Eu O Sc ,Pnma,62,2,5.7554,7.9487,5.5087,90.0,90.0,90.0,True,ABX3,Ortorombik
2220939_16,9108,Eu3.8708 Sc4 O11.8064,Eu O Sc ,Pnma,62,2,5.7554,7.9487,5.5087,90.0,90.0,90.0,True,ABX3,Ortorombik
2220939_17,9108,Eu3.8708 Sc4 O11.8064,Eu O Sc ,Pnma,62,2,5.7554,7.9487,5.5087,90.0,90.0,90.0,True,ABX3,Ortorombik
2220939_18,9108,Eu3.8708 Sc4 O11.8064,Eu O Sc ,Pnma,62,2,5.7554,7.9487,5.5087,90.0,90.0,90.0,True,ABX3,Ortorombik
2220939_19,9108,Eu3.8708 Sc4 O11.8064,Eu O Sc ,Pnma,62,2,5.7554,7.9487,5.5087,90.0,90.0,90.0,True,ABX3,Ortorombik
2220939_20,9108,Eu3.8708 Sc4 O11.8064,Eu O Sc ,Pnma,62,2,5.7554,7.9487,5.5087,90.0,90.0,90.0,True,ABX3,Ortorombik
2220939_21,9108,Eu3.8708 Sc4 O11.8064,Eu O Sc ,Pnma,62,2,5.7554,7.9487,5.5087,90.0,90.0,90.0,True,ABX3,Ortorombik
2220939_22,9108,Eu3.8708 Sc4 O11.8064,Eu O Sc ,Pnma,62,2,5.7554,7.9487,5.5087,90.0,90.0,90.0,True,ABX3,Ortorombik
2220939_23,9108,Eu3.8708 Sc4 O11.8064,Eu O Sc ,Pnma,62,2,5.7554,7.9487,5.5087,90.0,90.0,90.0,True,ABX3,Ortorombik
2220939_24,9108,Eu3.8708 Sc4 O11.8064,Eu O Sc ,Pnma,62,2,5.7554,7.9487,5.5087,90.0,90.0,90.0,True,ABX3,Ortorombik
1521171_1,9140,Sr8 Fe8 O22,Fe O Sr ,Cmmm,65,2,10.974,7.702,5.473,90.0,90.0,90.0,True,ABX3,Ortorombik
1521171_2,9140,Sr8 Fe8 O22,Fe O Sr ,Cmmm,65,2,10.974,7.702,5.473,90.0,90.0,90.0,True,ABX3,Ortorombik
1521171_3,9140,Sr8 Fe8 O22,Fe O Sr ,Cmmm,65,2,10.974,7.702,5.473,90.0,90.0,90.0,True,ABX3,Ortorombik
1521171_4,9140,Sr8 Fe8 O22,Fe O Sr ,Cmmm,65,2,10.974,7.702,5.473,90.0,90.0,90.0,True,ABX3,Ortorombik
1521171_5,9140,Sr8 Fe8 O22,Fe O Sr ,Cmmm,65,2,10.974,7.702,5.473,90.0,90.0,90.0,True,ABX3,Ortorombik
1521171_6,9140,Sr8 Fe8 O22,Fe O Sr ,Cmmm,65,2,10.974,7.702,5.473,90.0,90.0,90.0,True,ABX3,Ortorombik
1521171_7,9140,Sr8 Fe8 O22,Fe O Sr ,Cmmm,65,2,10.974,7.702,5.473,90.0,90.0,90.0,True,ABX3,Ortorombik
1521171_8,9140,Sr8 Fe8 O22,Fe O Sr ,Cmmm,65,2,10.974,7.702,5.473,90.0,90.0,90.0,True,ABX3,Ortorombik
1521171_9,9140,Sr8 Fe8 O22,Fe O Sr ,Cmmm,65,2,10.974,7.702,5.473,90.0,90.0,90.0,True,ABX3,Ortorombik
1521171_10,9140,Sr8 Fe8 O22,Fe O Sr ,Cmmm,65,2,10.974,7.702,5.473,90.0,90.0,90.0,True,ABX3,Ortorombik
1521171_11,9140,Sr8 Fe8 O22,Fe O Sr ,Cmmm,65,2,10.974,7.702,5.473,90.0,90.0,90.0,True,ABX3,Ortorombik
1521171_12,9140,Sr8 Fe8 O22,Fe O Sr ,Cmmm,65,2,10.974,7.702,5.473,90.0,90.0,90.0,True,ABX3,Ortorombik
1521171_13,9140,Sr8 Fe8 O22,Fe O Sr ,Cmmm,65,2,10.974,7.702,5.473,90.0,90.0,90.0,True,ABX3,Ortorombik
1521171_14,9140,Sr8 Fe8 O22,Fe O Sr ,Cmmm,65,2,10.974,7.702,5.473,90.0,90.0,90.0,True,ABX3,Ortorombik
1521171_15,9140,Sr8 Fe8 O22,Fe O Sr ,Cmmm,65,2,10.974,7.702,5.473,90.0,90.0,90.0,True,ABX3,Ortorombik
1521171_16,9140,Sr8 Fe8 O22,Fe O Sr ,Cmmm,65,2,10.974,7.702,5.473,90.0,90.0,90.0,True,ABX3,Ortorombik
1521171_17,9140,Sr8 Fe8 O22,Fe O Sr ,Cmmm,65,2,10.974,7.702,5.473,90.0,90.0,90.0,True,ABX3,Ortorombik
1521171_18,9140,Sr8 Fe8 O22,Fe O Sr ,Cmmm,65,2,10.974,7.702,5.473,90.0,90.0,90.0,True,ABX3,Ortorombik
1521171_19,9140,Sr8 Fe8 O22,Fe O Sr ,Cmmm,65,2,10.974,7.702,5.473,90.0,90.0,90.0,True,ABX3,Ortorombik
1521171_20,9140,Sr8 Fe8 O22,Fe O Sr ,Cmmm,65,2,10.974,7.702,5.473,90.0,90.0,90.0,True,ABX3,Ortorombik
1521171_21,9140,Sr8 Fe8 O22,Fe O Sr ,Cmmm,65,2,10.974,7.702,5.473,90.0,90.0,90.0,True,ABX3,Ortorombik
1521171_22,9140,Sr8 Fe8 O22,Fe O Sr ,Cmmm,65,2,10.974,7.702,5.473,90.0,90.0,90.0,True,ABX3,Ortorombik
1521171_23,9140,Sr8 Fe8 O22,Fe O Sr ,Cmmm,65,2,10.974,7.702,5.473,90.0,90.0,90.0,True,ABX3,Ortorombik
1521171_24,9140,Sr8 Fe8 O22,Fe O Sr ,Cmmm,65,2,10.974,7.702,5.473,90.0,90.0,90.0,True,ABX3,Ortorombik
1542189_1,9295,Ba1 Ti1 O3,Ba O Ti ,Pm-3m,221,0,4.082467,4.082467,4.082467,90.0,90.0,90.0,True,ABX3,Kubik
1542189_2,9295,Ba1 Ti1 O3,Ba O Ti ,Pm-3m,221,0,4.082467,4.082467,4.082467,90.0,90.0,90.0,True,ABX3,Kubik
1542189_3,9295,Ba1 Ti1 O3,Ba O Ti ,Pm-3m,221,0,4.082467,4.082467,4.082467,90.0,90.0,90.0,True,ABX3,Kubik
1542189_4,9295,Ba1 Ti1 O3,Ba O Ti ,Pm-3m,221,0,4.082467,4.082467,4.082467,90.0,90.0,90.0,True,ABX3,Kubik
1542189_5,9295,Ba1 Ti1 O3,Ba O Ti ,Pm-3m,221,0,4.082467,4.082467,4.082467,90.0,90.0,90.0,True,ABX3,Kubik
1542189_6,9295,Ba1 Ti1 O3,Ba O Ti ,Pm-3m,221,0,4.082467,4.082467,4.082467,90.0,90.0,90.0,True,ABX3,Kubik
1542189_7,9295,Ba1 Ti1 O3,Ba O Ti ,Pm-3m,221,0,4.082467,4.082467,4.082467,90.0,90.0,90.0,True,ABX3,Kubik
1542189_8,9295,Ba1 Ti1 O3,Ba O Ti ,Pm-3m,221,0,4.082467,4.082467,4.082467,90.0,90.0,90.0,True,ABX3,Kubik
1542189_9,9295,Ba1 Ti1 O3,Ba O Ti ,Pm-3m,221,0,4.082467,4.082467,4.082467,90.0,90.0,90.0,True,ABX3,Kubik
1542189_10,9295,Ba1 Ti1 O3,Ba O Ti ,Pm-3m,221,0,4.082467,4.082467,4.082467,90.0,90.0,90.0,True,ABX3,Kubik
1542189_11,9295,Ba1 Ti1 O3,Ba O Ti ,Pm-3m,221,0,4.082467,4.082467,4.082467,90.0,90.0,90.0,True,ABX3,Kubik
1542189_12,9295,Ba1 Ti1 O3,Ba O Ti ,Pm-3m,221,0,4.082467,4.082467,4.082467,90.0,90.0,90.0,True,ABX3,Kubik
1542189_13,9295,Ba1 Ti1 O3,Ba O Ti ,Pm-3m,221,0,4.082467,4.082467,4.082467,90.0,90.0,90.0,True,ABX3,Kubik
1542189_14,9295,Ba1 Ti1 O3,Ba O Ti ,Pm-3m,221,0,4.082467,4.082467,4.082467,90.0,90.0,90.0,True,ABX3,Kubik
1542189_15,9295,Ba1 Ti1 O3,Ba O Ti ,Pm-3m,221,0,4.082467,4.082467,4.082467,90.0,90.0,90.0,True,ABX3,Kubik
1542189_16,9295,Ba1 Ti1 O3,Ba O Ti ,Pm-3m,221,0,4.082467,4.082467,4.082467,90.0,90.0,90.0,True,ABX3,Kubik
1542189_17,9295,Ba1 Ti1 O3,Ba O Ti ,Pm-3m,221,0,4.082467,4.082467,4.082467,90.0,90.0,90.0,True,ABX3,Kubik
1542189_18,9295,Ba1 Ti1 O3,Ba O Ti ,Pm-3m,221,0,4.082467,4.082467,4.082467,90.0,90.0,90.0,True,ABX3,Kubik
1542189_19,9295,Ba1 Ti1 O3,Ba O Ti ,Pm-3m,221,0,4.082467,4.082467,4.082467,90.0,90.0,90.0,True,ABX3,Kubik
1542189_20,9295,Ba1 Ti1 O3,Ba O Ti ,Pm-3m,221,0,4.082467,4.082467,4.082467,90.0,90.0,90.0,True,ABX3,Kubik
1542189_21,9295,Ba1 Ti1 O3,Ba O Ti ,Pm-3m,221,0,4.082467,4.082467,4.082467,90.0,90.0,90.0,True,ABX3,Kubik
1542189_22,9295,Ba1 Ti1 O3,Ba O Ti ,Pm-3m,221,0,4.082467,4.082467,4.082467,90.0,90.0,90.0,True,ABX3,Kubik
1542189_23,9295,Ba1 Ti1 O3,Ba O Ti ,Pm-3m,221,0,4.082467,4.082467,4.082467,90.0,90.0,90.0,True,ABX3,Kubik
1542189_24,9295,Ba1 Ti1 O3,Ba O Ti ,Pm-3m,221,0,4.082467,4.082467,4.082467,90.0,90.0,90.0,True,ABX3,Kubik
1509779_1,9301,Cs4 Ag4 Cl12,Ag Cl Cs ,I4/mmm,139,1,7.2223,7.2223,10.824,90.0,90.0,90.0,True,ABX3,Tetragonal
1509779_2,9301,Cs4 Ag4 Cl12,Ag Cl Cs ,I4/mmm,139,1,7.2223,7.2223,10.824,90.0,90.0,90.0,True,ABX3,Tetragonal
1509779_3,9301,Cs4 Ag4 Cl12,Ag Cl Cs ,I4/mmm,139,1,7.2223,7.2223,10.824,90.0,90.0,90.0,True,ABX3,Tetragonal
1509779_4,9301,Cs4 Ag4 Cl12,Ag Cl Cs ,I4/mmm,139,1,7.2223,7.2223,10.824,90.0,90.0,90.0,True,ABX3,Tetragonal
1509779_5,9301,Cs4 Ag4 Cl12,Ag Cl Cs ,I4/mmm,139,1,7.2223,7.2223,10.824,90.0,90.0,90.0,True,ABX3,Tetragonal
1509779_6,9301,Cs4 Ag4 Cl12,Ag Cl Cs ,I4/mmm,139,1,7.2223,7.2223,10.824,90.0,90.0,90.0,True,ABX3,Tetragonal
1509779_7,9301,Cs4 Ag4 Cl12,Ag Cl Cs ,I4/mmm,139,1,7.2223,7.2223,10.824,90.0,90.0,90.0,True,ABX3,Tetragonal
1509779_8,9301,Cs4 Ag4 Cl12,Ag Cl Cs ,I4/mmm,139,1,7.2223,7.2223,10.824,90.0,90.0,90.0,True,ABX3,Tetragonal
1509779_9,9301,Cs4 Ag4 Cl12,Ag Cl Cs ,I4/mmm,139,1,7.2223,7.2223,10.824,90.0,90.0,90.0,True,ABX3,Tetragonal
1509779_10,9301,Cs4 Ag4 Cl12,Ag Cl Cs ,I4/mmm,139,1,7.2223,7.2223,10.824,90.0,90.0,90.0,True,ABX3,Tetragonal
1509779_11,9301,Cs4 Ag4 Cl12,Ag Cl Cs ,I4/mmm,139,1,7.2223,7.2223,10.824,90.0,90.0,90.0,True,ABX3,Tetragonal
1509779_12,9301,Cs4 Ag4 Cl12,Ag Cl Cs ,I4/mmm,139,1,7.2223,7.2223,10.824,90.0,90.0,90.0,True,ABX3,Tetragonal
1509779_13,9301,Cs4 Ag4 Cl12,Ag Cl Cs ,I4/mmm,139,1,7.2223,7.2223,10.824,90.0,90.0,90.0,True,ABX3,Tetragonal
1509779_14,9301,Cs4 Ag4 Cl12,Ag Cl Cs ,I4/mmm,139,1,7.2223,7.2223,10.824,90.0,90.0,90.0,True,ABX3,Tetragonal
1509779_15,9301,Cs4 Ag4 Cl12,Ag Cl Cs ,I4/mmm,139,1,7.2223,7.2223,10.824,90.0,90.0,90.0,True,ABX3,Tetragonal
1509779_16,9301,Cs4 Ag4 Cl12,Ag Cl Cs ,I4/mmm,139,1,7.2223,7.2223,10.824,90.0,90.0,90.0,True,ABX3,Tetragonal
1509779_17,9301,Cs4 Ag4 Cl12,Ag Cl Cs ,I4/mmm,139,1,7.2223,7.2223,10.824,90.0,90.0,90.0,True,ABX3,Tetragonal
1509779_18,9301,Cs4 Ag4 Cl12,Ag Cl Cs ,I4/mmm,139,1,7.2223,7.2223,10.824,90.0,90.0,90.0,True,ABX3,Tetragonal
1509779_19,9301,Cs4 Ag4 Cl12,Ag Cl Cs ,I4/mmm,139,1,7.2223,7.2223,10.824,90.0,90.0,90.0,True,ABX3,Tetragonal
1509779_20,9301,Cs4 Ag4 Cl12,Ag Cl Cs ,I4/mmm,139,1,7.2223,7.2223,10.824,90.0,90.0,90.0,True,ABX3,Tetragonal
1509779_21,9301,Cs4 Ag4 Cl12,Ag Cl Cs ,I4/mmm,139,1,7.2223,7.2223,10.824,90.0,90.0,90.0,True,ABX3,Tetragonal
1509779_22,9301,Cs4 Ag4 Cl12,Ag Cl Cs ,I4/mmm,139,1,7.2223,7.2223,10.824,90.0,90.0,90.0,True,ABX3,Tetragonal
1509779_23,9301,Cs4 Ag4 Cl12,Ag Cl Cs ,I4/mmm,139,1,7.2223,7.2223,10.824,90.0,90.0,90.0,True,ABX3,Tetragonal
1509779_24,9301,Cs4 Ag4 Cl12,Ag Cl Cs ,I4/mmm,139,1,7.2223,7.2223,10.824,90.0,90.0,90.0,True,ABX3,Tetragonal
1533867_1,9471,Tb4 Al4 O12,Al O Tb ,Pnma,62,2,5.22979,5.30629,7.41629,90.0,90.0,90.0,True,ABX3,Ortorombik
1533867_2,9471,Tb4 Al4 O12,Al O Tb ,Pnma,62,2,5.22979,5.30629,7.41629,90.0,90.0,90.0,True,ABX3,Ortorombik
1533867_3,9471,Tb4 Al4 O12,Al O Tb ,Pnma,62,2,5.22979,5.30629,7.41629,90.0,90.0,90.0,True,ABX3,Ortorombik
1533867_4,9471,Tb4 Al4 O12,Al O Tb ,Pnma,62,2,5.22979,5.30629,7.41629,90.0,90.0,90.0,True,ABX3,Ortorombik
1533867_5,9471,Tb4 Al4 O12,Al O Tb ,Pnma,62,2,5.22979,5.30629,7.41629,90.0,90.0,90.0,True,ABX3,Ortorombik
1533867_6,9471,Tb4 Al4 O12,Al O Tb ,Pnma,62,2,5.22979,5.30629,7.41629,90.0,90.0,90.0,True,ABX3,Ortorombik
1533867_7,9471,Tb4 Al4 O12,Al O Tb ,Pnma,62,2,5.22979,5.30629,7.41629,90.0,90.0,90.0,True,ABX3,Ortorombik
1533867_8,9471,Tb4 Al4 O12,Al O Tb ,Pnma,62,2,5.22979,5.30629,7.41629,90.0,90.0,90.0,True,ABX3,Ortorombik
1533867_9,9471,Tb4 Al4 O12,Al O Tb ,Pnma,62,2,5.22979,5.30629,7.41629,90.0,90.0,90.0,True,ABX3,Ortorombik
1533867_10,9471,Tb4 Al4 O12,Al O Tb ,Pnma,62,2,5.22979,5.30629,7.41629,90.0,90.0,90.0,True,ABX3,Ortorombik
1533867_11,9471,Tb4 Al4 O12,Al O Tb ,Pnma,62,2,5.22979,5.30629,7.41629,90.0,90.0,90.0,True,ABX3,Ortorombik
1533867_12,9471,Tb4 Al4 O12,Al O Tb ,Pnma,62,2,5.22979,5.30629,7.41629,90.0,90.0,90.0,True,ABX3,Ortorombik
1533867_13,9471,Tb4 Al4 O12,Al O Tb ,Pnma,62,2,5.22979,5.30629,7.41629,90.0,90.0,90.0,True,ABX3,Ortorombik
1533867_14,9471,Tb4 Al4 O12,Al O Tb ,Pnma,62,2,5.22979,5.30629,7.41629,90.0,90.0,90.0,True,ABX3,Ortorombik
1533867_15,9471,Tb4 Al4 O12,Al O Tb ,Pnma,62,2,5.22979,5.30629,7.41629,90.0,90.0,90.0,True,ABX3,Ortorombik
1533867_16,9471,Tb4 Al4 O12,Al O Tb ,Pnma,62,2,5.22979,5.30629,7.41629,90.0,90.0,90.0,True,ABX3,Ortorombik
1533867_17,9471,Tb4 Al4 O12,Al O Tb ,Pnma,62,2,5.22979,5.30629,7.41629,90.0,90.0,90.0,True,ABX3,Ortorombik
1533867_18,9471,Tb4 Al4 O12,Al O Tb ,Pnma,62,2,5.22979,5.30629,7.41629,90.0,90.0,90.0,True,ABX3,Ortorombik
1533867_19,9471,Tb4 Al4 O12,Al O Tb ,Pnma,62,2,5.22979,5.30629,7.41629,90.0,90.0,90.0,True,ABX3,Ortorombik
1533867_20,9471,Tb4 Al4 O12,Al O Tb ,Pnma,62,2,5.22979,5.30629,7.41629,90.0,90.0,90.0,True,ABX3,Ortorombik
1533867_21,9471,Tb4 Al4 O12,Al O Tb ,Pnma,62,2,5.22979,5.30629,7.41629,90.0,90.0,90.0,True,ABX3,Ortorombik
1533867_22,9471,Tb4 Al4 O12,Al O Tb ,Pnma,62,2,5.22979,5.30629,7.41629,90.0,90.0,90.0,True,ABX3,Ortorombik
1533867_23,9471,Tb4 Al4 O12,Al O Tb ,Pnma,62,2,5.22979,5.30629,7.41629,90.0,90.0,90.0,True,ABX3,Ortorombik
1533867_24,9471,Tb4 Al4 O12,Al O Tb ,Pnma,62,2,5.22979,5.30629,7.41629,90.0,90.0,90.0,True,ABX3,Ortorombik
1541281_1,9475,K4 Si4 H12,H K Si ,Pnma,62,2,8.8,5.416,6.823,90.0,90.0,90.0,True,ABX3,Ortorombik
1541281_2,9475,K4 Si4 H12,H K Si ,Pnma,62,2,8.8,5.416,6.823,90.0,90.0,90.0,True,ABX3,Ortorombik
1541281_3,9475,K4 Si4 H12,H K Si ,Pnma,62,2,8.8,5.416,6.823,90.0,90.0,90.0,True,ABX3,Ortorombik
1541281_4,9475,K4 Si4 H12,H K Si ,Pnma,62,2,8.8,5.416,6.823,90.0,90.0,90.0,True,ABX3,Ortorombik
1541281_5,9475,K4 Si4 H12,H K Si ,Pnma,62,2,8.8,5.416,6.823,90.0,90.0,90.0,True,ABX3,Ortorombik
1541281_6,9475,K4 Si4 H12,H K Si ,Pnma,62,2,8.8,5.416,6.823,90.0,90.0,90.0,True,ABX3,Ortorombik
1541281_7,9475,K4 Si4 H12,H K Si ,Pnma,62,2,8.8,5.416,6.823,90.0,90.0,90.0,True,ABX3,Ortorombik
1541281_8,9475,K4 Si4 H12,H K Si ,Pnma,62,2,8.8,5.416,6.823,90.0,90.0,90.0,True,ABX3,Ortorombik
1541281_9,9475,K4 Si4 H12,H K Si ,Pnma,62,2,8.8,5.416,6.823,90.0,90.0,90.0,True,ABX3,Ortorombik
1541281_10,9475,K4 Si4 H12,H K Si ,Pnma,62,2,8.8,5.416,6.823,90.0,90.0,90.0,True,ABX3,Ortorombik
1541281_11,9475,K4 Si4 H12,H K Si ,Pnma,62,2,8.8,5.416,6.823,90.0,90.0,90.0,True,ABX3,Ortorombik
1541281_12,9475,K4 Si4 H12,H K Si ,Pnma,62,2,8.8,5.416,6.823,90.0,90.0,90.0,True,ABX3,Ortorombik
1541281_13,9475,K4 Si4 H12,H K Si ,Pnma,62,2,8.8,5.416,6.823,90.0,90.0,90.0,True,ABX3,Ortorombik
1541281_14,9475,K4 Si4 H12,H K Si ,Pnma,62,2,8.8,5.416,6.823,90.0,90.0,90.0,True,ABX3,Ortorombik
1541281_15,9475,K4 Si4 H12,H K Si ,Pnma,62,2,8.8,5.416,6.823,90.0,90.0,90.0,True,ABX3,Ortorombik
1541281_16,9475,K4 Si4 H12,H K Si ,Pnma,62,2,8.8,5.416,6.823,90.0,90.0,90.0,True,ABX3,Ortorombik
1541281_17,9475,K4 Si4 H12,H K Si ,Pnma,62,2,8.8,5.416,6.823,90.0,90.0,90.0,True,ABX3,Ortorombik
1541281_18,9475,K4 Si4 H12,H K Si ,Pnma,62,2,8.8,5.416,6.823,90.0,90.0,90.0,True,ABX3,Ortorombik
1541281_19,9475,K4 Si4 H12,H K Si ,Pnma,62,2,8.8,5.416,6.823,90.0,90.0,90.0,True,ABX3,Ortorombik
1541281_20,9475,K4 Si4 H12,H K Si ,Pnma,62,2,8.8,5.416,6.823,90.0,90.0,90.0,True,ABX3,Ortorombik
1541281_21,9475,K4 Si4 H12,H K Si ,Pnma,62,2,8.8,5.416,6.823,90.0,90.0,90.0,True,ABX3,Ortorombik
1541281_22,9475,K4 Si4 H12,H K Si ,Pnma,62,2,8.8,5.416,6.823,90.0,90.0,90.0,True,ABX3,Ortorombik
1541281_23,9475,K4 Si4 H12,H K Si ,Pnma,62,2,8.8,5.416,6.823,90.0,90.0,90.0,True,ABX3,Ortorombik
1541281_24,9475,K4 Si4 H12,H K Si ,Pnma,62,2,8.8,5.416,6.823,90.0,90.0,90.0,True,ABX3,Ortorombik
1527491_1,9484,K4 V4 O12,K O V ,Pbcm,57,2,5.176,10.794,5.68,90.0,90.0,90.0,True,ABX3,Ortorombik
1527491_2,9484,K4 V4 O12,K O V ,Pbcm,57,2,5.176,10.794,5.68,90.0,90.0,90.0,True,ABX3,Ortorombik
1527491_3,9484,K4 V4 O12,K O V ,Pbcm,57,2,5.176,10.794,5.68,90.0,90.0,90.0,True,ABX3,Ortorombik
1527491_4,9484,K4 V4 O12,K O V ,Pbcm,57,2,5.176,10.794,5.68,90.0,90.0,90.0,True,ABX3,Ortorombik
1527491_5,9484,K4 V4 O12,K O V ,Pbcm,57,2,5.176,10.794,5.68,90.0,90.0,90.0,True,ABX3,Ortorombik
1527491_6,9484,K4 V4 O12,K O V ,Pbcm,57,2,5.176,10.794,5.68,90.0,90.0,90.0,True,ABX3,Ortorombik
1527491_7,9484,K4 V4 O12,K O V ,Pbcm,57,2,5.176,10.794,5.68,90.0,90.0,90.0,True,ABX3,Ortorombik
1527491_8,9484,K4 V4 O12,K O V ,Pbcm,57,2,5.176,10.794,5.68,90.0,90.0,90.0,True,ABX3,Ortorombik
1527491_9,9484,K4 V4 O12,K O V ,Pbcm,57,2,5.176,10.794,5.68,90.0,90.0,90.0,True,ABX3,Ortorombik
1527491_10,9484,K4 V4 O12,K O V ,Pbcm,57,2,5.176,10.794,5.68,90.0,90.0,90.0,True,ABX3,Ortorombik
1527491_11,9484,K4 V4 O12,K O V ,Pbcm,57,2,5.176,10.794,5.68,90.0,90.0,90.0,True,ABX3,Ortorombik
1527491_12,9484,K4 V4 O12,K O V ,Pbcm,57,2,5.176,10.794,5.68,90.0,90.0,90.0,True,ABX3,Ortorombik
1527491_13,9484,K4 V4 O12,K O V ,Pbcm,57,2,5.176,10.794,5.68,90.0,90.0,90.0,True,ABX3,Ortorombik
1527491_14,9484,K4 V4 O12,K O V ,Pbcm,57,2,5.176,10.794,5.68,90.0,90.0,90.0,True,ABX3,Ortorombik
1527491_15,9484,K4 V4 O12,K O V ,Pbcm,57,2,5.176,10.794,5.68,90.0,90.0,90.0,True,ABX3,Ortorombik
1527491_16,9484,K4 V4 O12,K O V ,Pbcm,57,2,5.176,10.794,5.68,90.0,90.0,90.0,True,ABX3,Ortorombik
1527491_17,9484,K4 V4 O12,K O V ,Pbcm,57,2,5.176,10.794,5.68,90.0,90.0,90.0,True,ABX3,Ortorombik
1527491_18,9484,K4 V4 O12,K O V ,Pbcm,57,2,5.176,10.794,5.68,90.0,90.0,90.0,True,ABX3,Ortorombik
1527491_19,9484,K4 V4 O12,K O V ,Pbcm,57,2,5.176,10.794,5.68,90.0,90.0,90.0,True,ABX3,Ortorombik
1527491_20,9484,K4 V4 O12,K O V ,Pbcm,57,2,5.176,10.794,5.68,90.0,90.0,90.0,True,ABX3,Ortorombik
1527491_21,9484,K4 V4 O12,K O V ,Pbcm,57,2,5.176,10.794,5.68,90.0,90.0,90.0,True,ABX3,Ortorombik
1527491_22,9484,K4 V4 O12,K O V ,Pbcm,57,2,5.176,10.794,5.68,90.0,90.0,90.0,True,ABX3,Ortorombik
1527491_23,9484,K4 V4 O12,K O V ,Pbcm,57,2,5.176,10.794,5.68,90.0,90.0,90.0,True,ABX3,Ortorombik
1527491_24,9484,K4 V4 O12,K O V ,Pbcm,57,2,5.176,10.794,5.68,90.0,90.0,90.0,True,ABX3,Ortorombik
4124852_1,9492,La1 Co1 O3,Co La O ,Pm-3m,221,0,3.82,3.82,3.82,90.0,90.0,90.0,True,ABX3,Kubik
4124852_2,9492,La1 Co1 O3,Co La O ,Pm-3m,221,0,3.82,3.82,3.82,90.0,90.0,90.0,True,ABX3,Kubik
4124852_3,9492,La1 Co1 O3,Co La O ,Pm-3m,221,0,3.82,3.82,3.82,90.0,90.0,90.0,True,ABX3,Kubik
4124852_4,9492,La1 Co1 O3,Co La O ,Pm-3m,221,0,3.82,3.82,3.82,90.0,90.0,90.0,True,ABX3,Kubik
4124852_5,9492,La1 Co1 O3,Co La O ,Pm-3m,221,0,3.82,3.82,3.82,90.0,90.0,90.0,True,ABX3,Kubik
4124852_6,9492,La1 Co1 O3,Co La O ,Pm-3m,221,0,3.82,3.82,3.82,90.0,90.0,90.0,True,ABX3,Kubik
4124852_7,9492,La1 Co1 O3,Co La O ,Pm-3m,221,0,3.82,3.82,3.82,90.0,90.0,90.0,True,ABX3,Kubik
4124852_8,9492,La1 Co1 O3,Co La O ,Pm-3m,221,0,3.82,3.82,3.82,90.0,90.0,90.0,True,ABX3,Kubik
4124852_9,9492,La1 Co1 O3,Co La O ,Pm-3m,221,0,3.82,3.82,3.82,90.0,90.0,90.0,True,ABX3,Kubik
4124852_10,9492,La1 Co1 O3,Co La O ,Pm-3m,221,0,3.82,3.82,3.82,90.0,90.0,90.0,True,ABX3,Kubik
4124852_11,9492,La1 Co1 O3,Co La O ,Pm-3m,221,0,3.82,3.82,3.82,90.0,90.0,90.0,True,ABX3,Kubik
4124852_12,9492,La1 Co1 O3,Co La O ,Pm-3m,221,0,3.82,3.82,3.82,90.0,90.0,90.0,True,ABX3,Kubik
4124852_13,9492,La1 Co1 O3,Co La O ,Pm-3m,221,0,3.82,3.82,3.82,90.0,90.0,90.0,True,ABX3,Kubik
4124852_14,9492,La1 Co1 O3,Co La O ,Pm-3m,221,0,3.82,3.82,3.82,90.0,90.0,90.0,True,ABX3,Kubik
4124852_15,9492,La1 Co1 O3,Co La O ,Pm-3m,221,0,3.82,3.82,3.82,90.0,90.0,90.0,True,ABX3,Kubik
4124852_16,9492,La1 Co1 O3,Co La O ,Pm-3m,221,0,3.82,3.82,3.82,90.0,90.0,90.0,True,ABX3,Kubik
4124852_17,9492,La1 Co1 O3,Co La O ,Pm-3m,221,0,3.82,3.82,3.82,90.0,90.0,90.0,True,ABX3,Kubik
4124852_18,9492,La1 Co1 O3,Co La O ,Pm-3m,221,0,3.82,3.82,3.82,90.0,90.0,90.0,True,ABX3,Kubik
4124852_19,9492,La1 Co1 O3,Co La O ,Pm-3m,221,0,3.82,3.82,3.82,90.0,90.0,90.0,True,ABX3,Kubik
4124852_20,9492,La1 Co1 O3,Co La O ,Pm-3m,221,0,3.82,3.82,3.82,90.0,90.0,90.0,True,ABX3,Kubik
4124852_21,9492,La1 Co1 O3,Co La O ,Pm-3m,221,0,3.82,3.82,3.82,90.0,90.0,90.0,True,ABX3,Kubik
4124852_22,9492,La1 Co1 O3,Co La O ,Pm-3m,221,0,3.82,3.82,3.82,90.0,90.0,90.0,True,ABX3,Kubik
4124852_23,9492,La1 Co1 O3,Co La O ,Pm-3m,221,0,3.82,3.82,3.82,90.0,90.0,90.0,True,ABX3,Kubik
4124852_24,9492,La1 Co1 O3,Co La O ,Pm-3m,221,0,3.82,3.82,3.82,90.0,90.0,90.0,True,ABX3,Kubik
1523981_1,9666,K4 Fe4 Cl12,Cl Fe K ,Pnma,62,2,8.712,3.845,14.15,90.0,90.0,90.0,True,ABX3,Ortorombik
1523981_2,9666,K4 Fe4 Cl12,Cl Fe K ,Pnma,62,2,8.712,3.845,14.15,90.0,90.0,90.0,True,ABX3,Ortorombik
1523981_3,9666,K4 Fe4 Cl12,Cl Fe K ,Pnma,62,2,8.712,3.845,14.15,90.0,90.0,90.0,True,ABX3,Ortorombik
1523981_4,9666,K4 Fe4 Cl12,Cl Fe K ,Pnma,62,2,8.712,3.845,14.15,90.0,90.0,90.0,True,ABX3,Ortorombik
1523981_5,9666,K4 Fe4 Cl12,Cl Fe K ,Pnma,62,2,8.712,3.845,14.15,90.0,90.0,90.0,True,ABX3,Ortorombik
1523981_6,9666,K4 Fe4 Cl12,Cl Fe K ,Pnma,62,2,8.712,3.845,14.15,90.0,90.0,90.0,True,ABX3,Ortorombik
1523981_7,9666,K4 Fe4 Cl12,Cl Fe K ,Pnma,62,2,8.712,3.845,14.15,90.0,90.0,90.0,True,ABX3,Ortorombik
1523981_8,9666,K4 Fe4 Cl12,Cl Fe K ,Pnma,62,2,8.712,3.845,14.15,90.0,90.0,90.0,True,ABX3,Ortorombik
1523981_9,9666,K4 Fe4 Cl12,Cl Fe K ,Pnma,62,2,8.712,3.845,14.15,90.0,90.0,90.0,True,ABX3,Ortorombik
1523981_10,9666,K4 Fe4 Cl12,Cl Fe K ,Pnma,62,2,8.712,3.845,14.15,90.0,90.0,90.0,True,ABX3,Ortorombik
1523981_11,9666,K4 Fe4 Cl12,Cl Fe K ,Pnma,62,2,8.712,3.845,14.15,90.0,90.0,90.0,True,ABX3,Ortorombik
1523981_12,9666,K4 Fe4 Cl12,Cl Fe K ,Pnma,62,2,8.712,3.845,14.15,90.0,90.0,90.0,True,ABX3,Ortorombik
1523981_13,9666,K4 Fe4 Cl12,Cl Fe K ,Pnma,62,2,8.712,3.845,14.15,90.0,90.0,90.0,True,ABX3,Ortorombik
1523981_14,9666,K4 Fe4 Cl12,Cl Fe K ,Pnma,62,2,8.712,3.845,14.15,90.0,90.0,90.0,True,ABX3,Ortorombik
1523981_15,9666,K4 Fe4 Cl12,Cl Fe K ,Pnma,62,2,8.712,3.845,14.15,90.0,90.0,90.0,True,ABX3,Ortorombik
1523981_16,9666,K4 Fe4 Cl12,Cl Fe K ,Pnma,62,2,8.712,3.845,14.15,90.0,90.0,90.0,True,ABX3,Ortorombik
1523981_17,9666,K4 Fe4 Cl12,Cl Fe K ,Pnma,62,2,8.712,3.845,14.15,90.0,90.0,90.0,True,ABX3,Ortorombik
1523981_18,9666,K4 Fe4 Cl12,Cl Fe K ,Pnma,62,2,8.712,3.845,14.15,90.0,90.0,90.0,True,ABX3,Ortorombik
1523981_19,9666,K4 Fe4 Cl12,Cl Fe K ,Pnma,62,2,8.712,3.845,14.15,90.0,90.0,90.0,True,ABX3,Ortorombik
1523981_20,9666,K4 Fe4 Cl12,Cl Fe K ,Pnma,62,2,8.712,3.845,14.15,90.0,90.0,90.0,True,ABX3,Ortorombik
1523981_21,9666,K4 Fe4 Cl12,Cl Fe K ,Pnma,62,2,8.712,3.845,14.15,90.0,90.0,90.0,True,ABX3,Ortorombik
1523981_22,9666,K4 Fe4 Cl12,Cl Fe K ,Pnma,62,2,8.712,3.845,14.15,90.0,90.0,90.0,True,ABX3,Ortorombik
1523981_23,9666,K4 Fe4 Cl12,Cl Fe K ,Pnma,62,2,8.712,3.845,14.15,90.0,90.0,90.0,True,ABX3,Ortorombik
1523981_24,9666,K4 Fe4 Cl12,Cl Fe K ,Pnma,62,2,8.712,3.845,14.15,90.0,90.0,90.0,True,ABX3,Ortorombik
1541963_1,9676,Cs1 Sn1 Cl3,Cl Cs Sn ,Pm-3m,221,0,5.504,5.504,5.504,90.0,90.0,90.0,True,ABX3,Kubik
1541963_2,9676,Cs1 Sn1 Cl3,Cl Cs Sn ,Pm-3m,221,0,5.504,5.504,5.504,90.0,90.0,90.0,True,ABX3,Kubik
1541963_3,9676,Cs1 Sn1 Cl3,Cl Cs Sn ,Pm-3m,221,0,5.504,5.504,5.504,90.0,90.0,90.0,True,ABX3,Kubik
1541963_4,9676,Cs1 Sn1 Cl3,Cl Cs Sn ,Pm-3m,221,0,5.504,5.504,5.504,90.0,90.0,90.0,True,ABX3,Kubik
1541963_5,9676,Cs1 Sn1 Cl3,Cl Cs Sn ,Pm-3m,221,0,5.504,5.504,5.504,90.0,90.0,90.0,True,ABX3,Kubik
1541963_6,9676,Cs1 Sn1 Cl3,Cl Cs Sn ,Pm-3m,221,0,5.504,5.504,5.504,90.0,90.0,90.0,True,ABX3,Kubik
1541963_7,9676,Cs1 Sn1 Cl3,Cl Cs Sn ,Pm-3m,221,0,5.504,5.504,5.504,90.0,90.0,90.0,True,ABX3,Kubik
1541963_8,9676,Cs1 Sn1 Cl3,Cl Cs Sn ,Pm-3m,221,0,5.504,5.504,5.504,90.0,90.0,90.0,True,ABX3,Kubik
1541963_9,9676,Cs1 Sn1 Cl3,Cl Cs Sn ,Pm-3m,221,0,5.504,5.504,5.504,90.0,90.0,90.0,True,ABX3,Kubik
1541963_10,9676,Cs1 Sn1 Cl3,Cl Cs Sn ,Pm-3m,221,0,5.504,5.504,5.504,90.0,90.0,90.0,True,ABX3,Kubik
1541963_11,9676,Cs1 Sn1 Cl3,Cl Cs Sn ,Pm-3m,221,0,5.504,5.504,5.504,90.0,90.0,90.0,True,ABX3,Kubik
1541963_12,9676,Cs1 Sn1 Cl3,Cl Cs Sn ,Pm-3m,221,0,5.504,5.504,5.504,90.0,90.0,90.0,True,ABX3,Kubik
1541963_13,9676,Cs1 Sn1 Cl3,Cl Cs Sn ,Pm-3m,221,0,5.504,5.504,5.504,90.0,90.0,90.0,True,ABX3,Kubik
1541963_14,9676,Cs1 Sn1 Cl3,Cl Cs Sn ,Pm-3m,221,0,5.504,5.504,5.504,90.0,90.0,90.0,True,ABX3,Kubik
1541963_15,9676,Cs1 Sn1 Cl3,Cl Cs Sn ,Pm-3m,221,0,5.504,5.504,5.504,90.0,90.0,90.0,True,ABX3,Kubik
1541963_16,9676,Cs1 Sn1 Cl3,Cl Cs Sn ,Pm-3m,221,0,5.504,5.504,5.504,90.0,90.0,90.0,True,ABX3,Kubik
1541963_17,9676,Cs1 Sn1 Cl3,Cl Cs Sn ,Pm-3m,221,0,5.504,5.504,5.504,90.0,90.0,90.0,True,ABX3,Kubik
1541963_18,9676,Cs1 Sn1 Cl3,Cl Cs Sn ,Pm-3m,221,0,5.504,5.504,5.504,90.0,90.0,90.0,True,ABX3,Kubik
1541963_19,9676,Cs1 Sn1 Cl3,Cl Cs Sn ,Pm-3m,221,0,5.504,5.504,5.504,90.0,90.0,90.0,True,ABX3,Kubik
1541963_20,9676,Cs1 Sn1 Cl3,Cl Cs Sn ,Pm-3m,221,0,5.504,5.504,5.504,90.0,90.0,90.0,True,ABX3,Kubik
1541963_21,9676,Cs1 Sn1 Cl3,Cl Cs Sn ,Pm-3m,221,0,5.504,5.504,5.504,90.0,90.0,90.0,True,ABX3,Kubik
1541963_22,9676,Cs1 Sn1 Cl3,Cl Cs Sn ,Pm-3m,221,0,5.504,5.504,5.504,90.0,90.0,90.0,True,ABX3,Kubik
1541963_23,9676,Cs1 Sn1 Cl3,Cl Cs Sn ,Pm-3m,221,0,5.504,5.504,5.504,90.0,90.0,90.0,True,ABX3,Kubik
1541963_24,9676,Cs1 Sn1 Cl3,Cl Cs Sn ,Pm-3m,221,0,5.504,5.504,5.504,90.0,90.0,90.0,True,ABX3,Kubik
1533069_1,9679,Y4 Al4 O12,Al O Y ,Pnma,62,2,5.16098,5.30102,7.34181,90.0,90.0,90.0,True,ABX3,Ortorombik
1533069_2,9679,Y4 Al4 O12,Al O Y ,Pnma,62,2,5.16098,5.30102,7.34181,90.0,90.0,90.0,True,ABX3,Ortorombik
1533069_3,9679,Y4 Al4 O12,Al O Y ,Pnma,62,2,5.16098,5.30102,7.34181,90.0,90.0,90.0,True,ABX3,Ortorombik
1533069_4,9679,Y4 Al4 O12,Al O Y ,Pnma,62,2,5.16098,5.30102,7.34181,90.0,90.0,90.0,True,ABX3,Ortorombik
1533069_5,9679,Y4 Al4 O12,Al O Y ,Pnma,62,2,5.16098,5.30102,7.34181,90.0,90.0,90.0,True,ABX3,Ortorombik
1533069_6,9679,Y4 Al4 O12,Al O Y ,Pnma,62,2,5.16098,5.30102,7.34181,90.0,90.0,90.0,True,ABX3,Ortorombik
1533069_7,9679,Y4 Al4 O12,Al O Y ,Pnma,62,2,5.16098,5.30102,7.34181,90.0,90.0,90.0,True,ABX3,Ortorombik
1533069_8,9679,Y4 Al4 O12,Al O Y ,Pnma,62,2,5.16098,5.30102,7.34181,90.0,90.0,90.0,True,ABX3,Ortorombik
1533069_9,9679,Y4 Al4 O12,Al O Y ,Pnma,62,2,5.16098,5.30102,7.34181,90.0,90.0,90.0,True,ABX3,Ortorombik
1533069_10,9679,Y4 Al4 O12,Al O Y ,Pnma,62,2,5.16098,5.30102,7.34181,90.0,90.0,90.0,True,ABX3,Ortorombik
1533069_11,9679,Y4 Al4 O12,Al O Y ,Pnma,62,2,5.16098,5.30102,7.34181,90.0,90.0,90.0,True,ABX3,Ortorombik
1533069_12,9679,Y4 Al4 O12,Al O Y ,Pnma,62,2,5.16098,5.30102,7.34181,90.0,90.0,90.0,True,ABX3,Ortorombik
1533069_13,9679,Y4 Al4 O12,Al O Y ,Pnma,62,2,5.16098,5.30102,7.34181,90.0,90.0,90.0,True,ABX3,Ortorombik
1533069_14,9679,Y4 Al4 O12,Al O Y ,Pnma,62,2,5.16098,5.30102,7.34181,90.0,90.0,90.0,True,ABX3,Ortorombik
1533069_15,9679,Y4 Al4 O12,Al O Y ,Pnma,62,2,5.16098,5.30102,7.34181,90.0,90.0,90.0,True,ABX3,Ortorombik
1533069_16,9679,Y4 Al4 O12,Al O Y ,Pnma,62,2,5.16098,5.30102,7.34181,90.0,90.0,90.0,True,ABX3,Ortorombik
1533069_17,9679,Y4 Al4 O12,Al O Y ,Pnma,62,2,5.16098,5.30102,7.34181,90.0,90.0,90.0,True,ABX3,Ortorombik
1533069_18,9679,Y4 Al4 O12,Al O Y ,Pnma,62,2,5.16098,5.30102,7.34181,90.0,90.0,90.0,True,ABX3,Ortorombik
1533069_19,9679,Y4 Al4 O12,Al O Y ,Pnma,62,2,5.16098,5.30102,7.34181,90.0,90.0,90.0,True,ABX3,Ortorombik
1533069_20,9679,Y4 Al4 O12,Al O Y ,Pnma,62,2,5.16098,5.30102,7.34181,90.0,90.0,90.0,True,ABX3,Ortorombik
1533069_21,9679,Y4 Al4 O12,Al O Y ,Pnma,62,2,5.16098,5.30102,7.34181,90.0,90.0,90.0,True,ABX3,Ortorombik
1533069_22,9679,Y4 Al4 O12,Al O Y ,Pnma,62,2,5.16098,5.30102,7.34181,90.0,90.0,90.0,True,ABX3,Ortorombik
1533069_23,9679,Y4 Al4 O12,Al O Y ,Pnma,62,2,5.16098,5.30102,7.34181,90.0,90.0,90.0,True,ABX3,Ortorombik
1533069_24,9679,Y4 Al4 O12,Al O Y ,Pnma,62,2,5.16098,5.30102,7.34181,90.0,90.0,90.0,True,ABX3,Ortorombik
9014061_1,9713,Ca2 B2 O6,B Ca O ,P2_1/m,11,5,6.722,5.437,3.555,90.0,93.0,90.0,True,ABX3,Monoklinik
9014061_2,9713,Ca2 B2 O6,B Ca O ,P2_1/m,11,5,6.722,5.437,3.555,90.0,93.0,90.0,True,ABX3,Monoklinik
9014061_3,9713,Ca2 B2 O6,B Ca O ,P2_1/m,11,5,6.722,5.437,3.555,90.0,93.0,90.0,True,ABX3,Monoklinik
9014061_4,9713,Ca2 B2 O6,B Ca O ,P2_1/m,11,5,6.722,5.437,3.555,90.0,93.0,90.0,True,ABX3,Monoklinik
9014061_5,9713,Ca2 B2 O6,B Ca O ,P2_1/m,11,5,6.722,5.437,3.555,90.0,93.0,90.0,True,ABX3,Monoklinik
9014061_6,9713,Ca2 B2 O6,B Ca O ,P2_1/m,11,5,6.722,5.437,3.555,90.0,93.0,90.0,True,ABX3,Monoklinik
9014061_7,9713,Ca2 B2 O6,B Ca O ,P2_1/m,11,5,6.722,5.437,3.555,90.0,93.0,90.0,True,ABX3,Monoklinik
9014061_8,9713,Ca2 B2 O6,B Ca O ,P2_1/m,11,5,6.722,5.437,3.555,90.0,93.0,90.0,True,ABX3,Monoklinik
9014061_9,9713,Ca2 B2 O6,B Ca O ,P2_1/m,11,5,6.722,5.437,3.555,90.0,93.0,90.0,True,ABX3,Monoklinik
9014061_10,9713,Ca2 B2 O6,B Ca O ,P2_1/m,11,5,6.722,5.437,3.555,90.0,93.0,90.0,True,ABX3,Monoklinik
9014061_11,9713,Ca2 B2 O6,B Ca O ,P2_1/m,11,5,6.722,5.437,3.555,90.0,93.0,90.0,True,ABX3,Monoklinik
9014061_12,9713,Ca2 B2 O6,B Ca O ,P2_1/m,11,5,6.722,5.437,3.555,90.0,93.0,90.0,True,ABX3,Monoklinik
9014061_13,9713,Ca2 B2 O6,B Ca O ,P2_1/m,11,5,6.722,5.437,3.555,90.0,93.0,90.0,True,ABX3,Monoklinik
9014061_14,9713,Ca2 B2 O6,B Ca O ,P2_1/m,11,5,6.722,5.437,3.555,90.0,93.0,90.0,True,ABX3,Monoklinik
9014061_15,9713,Ca2 B2 O6,B Ca O ,P2_1/m,11,5,6.722,5.437,3.555,90.0,93.0,90.0,True,ABX3,Monoklinik
9014061_16,9713,Ca2 B2 O6,B Ca O ,P2_1/m,11,5,6.722,5.437,3.555,90.0,93.0,90.0,True,ABX3,Monoklinik
9014061_17,9713,Ca2 B2 O6,B Ca O ,P2_1/m,11,5,6.722,5.437,3.555,90.0,93.0,90.0,True,ABX3,Monoklinik
9014061_18,9713,Ca2 B2 O6,B Ca O ,P2_1/m,11,5,6.722,5.437,3.555,90.0,93.0,90.0,True,ABX3,Monoklinik
9014061_19,9713,Ca2 B2 O6,B Ca O ,P2_1/m,11,5,6.722,5.437,3.555,90.0,93.0,90.0,True,ABX3,Monoklinik
9014061_20,9713,Ca2 B2 O6,B Ca O ,P2_1/m,11,5,6.722,5.437,3.555,90.0,93.0,90.0,True,ABX3,Monoklinik
9014061_21,9713,Ca2 B2 O6,B Ca O ,P2_1/m,11,5,6.722,5.437,3.555,90.0,93.0,90.0,True,ABX3,Monoklinik
9014061_22,9713,Ca2 B2 O6,B Ca O ,P2_1/m,11,5,6.722,5.437,3.555,90.0,93.0,90.0,True,ABX3,Monoklinik
9014061_23,9713,Ca2 B2 O6,B Ca O ,P2_1/m,11,5,6.722,5.437,3.555,90.0,93.0,90.0,True,ABX3,Monoklinik
9014061_24,9713,Ca2 B2 O6,B Ca O ,P2_1/m,11,5,6.722,5.437,3.555,90.0,93.0,90.0,True,ABX3,Monoklinik
4344527_1,9741,K1 V1 F3,F K V ,Pm-3m,221,0,4.131,4.131,4.131,90.0,90.0,90.0,True,ABX3,Kubik
4344527_2,9741,K1 V1 F3,F K V ,Pm-3m,221,0,4.131,4.131,4.131,90.0,90.0,90.0,True,ABX3,Kubik
4344527_3,9741,K1 V1 F3,F K V ,Pm-3m,221,0,4.131,4.131,4.131,90.0,90.0,90.0,True,ABX3,Kubik
4344527_4,9741,K1 V1 F3,F K V ,Pm-3m,221,0,4.131,4.131,4.131,90.0,90.0,90.0,True,ABX3,Kubik
4344527_5,9741,K1 V1 F3,F K V ,Pm-3m,221,0,4.131,4.131,4.131,90.0,90.0,90.0,True,ABX3,Kubik
4344527_6,9741,K1 V1 F3,F K V ,Pm-3m,221,0,4.131,4.131,4.131,90.0,90.0,90.0,True,ABX3,Kubik
4344527_7,9741,K1 V1 F3,F K V ,Pm-3m,221,0,4.131,4.131,4.131,90.0,90.0,90.0,True,ABX3,Kubik
4344527_8,9741,K1 V1 F3,F K V ,Pm-3m,221,0,4.131,4.131,4.131,90.0,90.0,90.0,True,ABX3,Kubik
4344527_9,9741,K1 V1 F3,F K V ,Pm-3m,221,0,4.131,4.131,4.131,90.0,90.0,90.0,True,ABX3,Kubik
4344527_10,9741,K1 V1 F3,F K V ,Pm-3m,221,0,4.131,4.131,4.131,90.0,90.0,90.0,True,ABX3,Kubik
4344527_11,9741,K1 V1 F3,F K V ,Pm-3m,221,0,4.131,4.131,4.131,90.0,90.0,90.0,True,ABX3,Kubik
4344527_12,9741,K1 V1 F3,F K V ,Pm-3m,221,0,4.131,4.131,4.131,90.0,90.0,90.0,True,ABX3,Kubik
4344527_13,9741,K1 V1 F3,F K V ,Pm-3m,221,0,4.131,4.131,4.131,90.0,90.0,90.0,True,ABX3,Kubik
4344527_14,9741,K1 V1 F3,F K V ,Pm-3m,221,0,4.131,4.131,4.131,90.0,90.0,90.0,True,ABX3,Kubik
4344527_15,9741,K1 V1 F3,F K V ,Pm-3m,221,0,4.131,4.131,4.131,90.0,90.0,90.0,True,ABX3,Kubik
4344527_16,9741,K1 V1 F3,F K V ,Pm-3m,221,0,4.131,4.131,4.131,90.0,90.0,90.0,True,ABX3,Kubik
4344527_17,9741,K1 V1 F3,F K V ,Pm-3m,221,0,4.131,4.131,4.131,90.0,90.0,90.0,True,ABX3,Kubik
4344527_18,9741,K1 V1 F3,F K V ,Pm-3m,221,0,4.131,4.131,4.131,90.0,90.0,90.0,True,ABX3,Kubik
4344527_19,9741,K1 V1 F3,F K V ,Pm-3m,221,0,4.131,4.131,4.131,90.0,90.0,90.0,True,ABX3,Kubik
4344527_20,9741,K1 V1 F3,F K V ,Pm-3m,221,0,4.131,4.131,4.131,90.0,90.0,90.0,True,ABX3,Kubik
4344527_21,9741,K1 V1 F3,F K V ,Pm-3m,221,0,4.131,4.131,4.131,90.0,90.0,90.0,True,ABX3,Kubik
4344527_22,9741,K1 V1 F3,F K V ,Pm-3m,221,0,4.131,4.131,4.131,90.0,90.0,90.0,True,ABX3,Kubik
4344527_23,9741,K1 V1 F3,F K V ,Pm-3m,221,0,4.131,4.131,4.131,90.0,90.0,90.0,True,ABX3,Kubik
4344527_24,9741,K1 V1 F3,F K V ,Pm-3m,221,0,4.131,4.131,4.131,90.0,90.0,90.0,True,ABX3,Kubik
7036958_1,9749,Ba8 Ge8 S24,Ba Ge S ,P2_1/c,14,5,15.372000000000002,5.7611,13.42,90.0,115.72,90.0,True,ABX3,Monoklinik
7036958_2,9749,Ba8 Ge8 S24,Ba Ge S ,P2_1/c,14,5,15.372000000000002,5.7611,13.42,90.0,115.72,90.0,True,ABX3,Monoklinik
7036958_3,9749,Ba8 Ge8 S24,Ba Ge S ,P2_1/c,14,5,15.372000000000002,5.7611,13.42,90.0,115.72,90.0,True,ABX3,Monoklinik
7036958_4,9749,Ba8 Ge8 S24,Ba Ge S ,P2_1/c,14,5,15.372000000000002,5.7611,13.42,90.0,115.72,90.0,True,ABX3,Monoklinik
7036958_5,9749,Ba8 Ge8 S24,Ba Ge S ,P2_1/c,14,5,15.372000000000002,5.7611,13.42,90.0,115.72,90.0,True,ABX3,Monoklinik
7036958_6,9749,Ba8 Ge8 S24,Ba Ge S ,P2_1/c,14,5,15.372000000000002,5.7611,13.42,90.0,115.72,90.0,True,ABX3,Monoklinik
7036958_7,9749,Ba8 Ge8 S24,Ba Ge S ,P2_1/c,14,5,15.372000000000002,5.7611,13.42,90.0,115.72,90.0,True,ABX3,Monoklinik
7036958_8,9749,Ba8 Ge8 S24,Ba Ge S ,P2_1/c,14,5,15.372000000000002,5.7611,13.42,90.0,115.72,90.0,True,ABX3,Monoklinik
7036958_9,9749,Ba8 Ge8 S24,Ba Ge S ,P2_1/c,14,5,15.372000000000002,5.7611,13.42,90.0,115.72,90.0,True,ABX3,Monoklinik
7036958_10,9749,Ba8 Ge8 S24,Ba Ge S ,P2_1/c,14,5,15.372000000000002,5.7611,13.42,90.0,115.72,90.0,True,ABX3,Monoklinik
7036958_11,9749,Ba8 Ge8 S24,Ba Ge S ,P2_1/c,14,5,15.372000000000002,5.7611,13.42,90.0,115.72,90.0,True,ABX3,Monoklinik
7036958_12,9749,Ba8 Ge8 S24,Ba Ge S ,P2_1/c,14,5,15.372000000000002,5.7611,13.42,90.0,115.72,90.0,True,ABX3,Monoklinik
7036958_13,9749,Ba8 Ge8 S24,Ba Ge S ,P2_1/c,14,5,15.372000000000002,5.7611,13.42,90.0,115.72,90.0,True,ABX3,Monoklinik
7036958_14,9749,Ba8 Ge8 S24,Ba Ge S ,P2_1/c,14,5,15.372000000000002,5.7611,13.42,90.0,115.72,90.0,True,ABX3,Monoklinik
7036958_15,9749,Ba8 Ge8 S24,Ba Ge S ,P2_1/c,14,5,15.372000000000002,5.7611,13.42,90.0,115.72,90.0,True,ABX3,Monoklinik
7036958_16,9749,Ba8 Ge8 S24,Ba Ge S ,P2_1/c,14,5,15.372000000000002,5.7611,13.42,90.0,115.72,90.0,True,ABX3,Monoklinik
7036958_17,9749,Ba8 Ge8 S24,Ba Ge S ,P2_1/c,14,5,15.372000000000002,5.7611,13.42,90.0,115.72,90.0,True,ABX3,Monoklinik
7036958_18,9749,Ba8 Ge8 S24,Ba Ge S ,P2_1/c,14,5,15.372000000000002,5.7611,13.42,90.0,115.72,90.0,True,ABX3,Monoklinik
7036958_19,9749,Ba8 Ge8 S24,Ba Ge S ,P2_1/c,14,5,15.372000000000002,5.7611,13.42,90.0,115.72,90.0,True,ABX3,Monoklinik
7036958_20,9749,Ba8 Ge8 S24,Ba Ge S ,P2_1/c,14,5,15.372000000000002,5.7611,13.42,90.0,115.72,90.0,True,ABX3,Monoklinik
7036958_21,9749,Ba8 Ge8 S24,Ba Ge S ,P2_1/c,14,5,15.372000000000002,5.7611,13.42,90.0,115.72,90.0,True,ABX3,Monoklinik
7036958_22,9749,Ba8 Ge8 S24,Ba Ge S ,P2_1/c,14,5,15.372000000000002,5.7611,13.42,90.0,115.72,90.0,True,ABX3,Monoklinik
7036958_23,9749,Ba8 Ge8 S24,Ba Ge S ,P2_1/c,14,5,15.372000000000002,5.7611,13.42,90.0,115.72,90.0,True,ABX3,Monoklinik
7036958_24,9749,Ba8 Ge8 S24,Ba Ge S ,P2_1/c,14,5,15.372000000000002,5.7611,13.42,90.0,115.72,90.0,True,ABX3,Monoklinik
2310428_1,10040,K1 Co1 F3,Co F K ,Pm-3m,221,0,4.071,4.071,4.071,90.0,90.0,90.0,True,ABX3,Kubik
2310428_2,10040,K1 Co1 F3,Co F K ,Pm-3m,221,0,4.071,4.071,4.071,90.0,90.0,90.0,True,ABX3,Kubik
2310428_3,10040,K1 Co1 F3,Co F K ,Pm-3m,221,0,4.071,4.071,4.071,90.0,90.0,90.0,True,ABX3,Kubik
2310428_4,10040,K1 Co1 F3,Co F K ,Pm-3m,221,0,4.071,4.071,4.071,90.0,90.0,90.0,True,ABX3,Kubik
2310428_5,10040,K1 Co1 F3,Co F K ,Pm-3m,221,0,4.071,4.071,4.071,90.0,90.0,90.0,True,ABX3,Kubik
2310428_6,10040,K1 Co1 F3,Co F K ,Pm-3m,221,0,4.071,4.071,4.071,90.0,90.0,90.0,True,ABX3,Kubik
2310428_7,10040,K1 Co1 F3,Co F K ,Pm-3m,221,0,4.071,4.071,4.071,90.0,90.0,90.0,True,ABX3,Kubik
2310428_8,10040,K1 Co1 F3,Co F K ,Pm-3m,221,0,4.071,4.071,4.071,90.0,90.0,90.0,True,ABX3,Kubik
2310428_9,10040,K1 Co1 F3,Co F K ,Pm-3m,221,0,4.071,4.071,4.071,90.0,90.0,90.0,True,ABX3,Kubik
2310428_10,10040,K1 Co1 F3,Co F K ,Pm-3m,221,0,4.071,4.071,4.071,90.0,90.0,90.0,True,ABX3,Kubik
2310428_11,10040,K1 Co1 F3,Co F K ,Pm-3m,221,0,4.071,4.071,4.071,90.0,90.0,90.0,True,ABX3,Kubik
2310428_12,10040,K1 Co1 F3,Co F K ,Pm-3m,221,0,4.071,4.071,4.071,90.0,90.0,90.0,True,ABX3,Kubik
2310428_13,10040,K1 Co1 F3,Co F K ,Pm-3m,221,0,4.071,4.071,4.071,90.0,90.0,90.0,True,ABX3,Kubik
2310428_14,10040,K1 Co1 F3,Co F K ,Pm-3m,221,0,4.071,4.071,4.071,90.0,90.0,90.0,True,ABX3,Kubik
2310428_15,10040,K1 Co1 F3,Co F K ,Pm-3m,221,0,4.071,4.071,4.071,90.0,90.0,90.0,True,ABX3,Kubik
2310428_16,10040,K1 Co1 F3,Co F K ,Pm-3m,221,0,4.071,4.071,4.071,90.0,90.0,90.0,True,ABX3,Kubik
2310428_17,10040,K1 Co1 F3,Co F K ,Pm-3m,221,0,4.071,4.071,4.071,90.0,90.0,90.0,True,ABX3,Kubik
2310428_18,10040,K1 Co1 F3,Co F K ,Pm-3m,221,0,4.071,4.071,4.071,90.0,90.0,90.0,True,ABX3,Kubik
2310428_19,10040,K1 Co1 F3,Co F K ,Pm-3m,221,0,4.071,4.071,4.071,90.0,90.0,90.0,True,ABX3,Kubik
2310428_20,10040,K1 Co1 F3,Co F K ,Pm-3m,221,0,4.071,4.071,4.071,90.0,90.0,90.0,True,ABX3,Kubik
2310428_21,10040,K1 Co1 F3,Co F K ,Pm-3m,221,0,4.071,4.071,4.071,90.0,90.0,90.0,True,ABX3,Kubik
2310428_22,10040,K1 Co1 F3,Co F K ,Pm-3m,221,0,4.071,4.071,4.071,90.0,90.0,90.0,True,ABX3,Kubik
2310428_23,10040,K1 Co1 F3,Co F K ,Pm-3m,221,0,4.071,4.071,4.071,90.0,90.0,90.0,True,ABX3,Kubik
2310428_24,10040,K1 Co1 F3,Co F K ,Pm-3m,221,0,4.071,4.071,4.071,90.0,90.0,90.0,True,ABX3,Kubik
7221400_1,10080,Tb4 Co4 O12,Co O Tb ,Pnma,62,2,5.20213,5.39826,7.42412,90.0,90.0,90.0,True,ABX3,Ortorombik
7221400_2,10080,Tb4 Co4 O12,Co O Tb ,Pnma,62,2,5.20213,5.39826,7.42412,90.0,90.0,90.0,True,ABX3,Ortorombik
7221400_3,10080,Tb4 Co4 O12,Co O Tb ,Pnma,62,2,5.20213,5.39826,7.42412,90.0,90.0,90.0,True,ABX3,Ortorombik
7221400_4,10080,Tb4 Co4 O12,Co O Tb ,Pnma,62,2,5.20213,5.39826,7.42412,90.0,90.0,90.0,True,ABX3,Ortorombik
7221400_5,10080,Tb4 Co4 O12,Co O Tb ,Pnma,62,2,5.20213,5.39826,7.42412,90.0,90.0,90.0,True,ABX3,Ortorombik
7221400_6,10080,Tb4 Co4 O12,Co O Tb ,Pnma,62,2,5.20213,5.39826,7.42412,90.0,90.0,90.0,True,ABX3,Ortorombik
7221400_7,10080,Tb4 Co4 O12,Co O Tb ,Pnma,62,2,5.20213,5.39826,7.42412,90.0,90.0,90.0,True,ABX3,Ortorombik
7221400_8,10080,Tb4 Co4 O12,Co O Tb ,Pnma,62,2,5.20213,5.39826,7.42412,90.0,90.0,90.0,True,ABX3,Ortorombik
7221400_9,10080,Tb4 Co4 O12,Co O Tb ,Pnma,62,2,5.20213,5.39826,7.42412,90.0,90.0,90.0,True,ABX3,Ortorombik
7221400_10,10080,Tb4 Co4 O12,Co O Tb ,Pnma,62,2,5.20213,5.39826,7.42412,90.0,90.0,90.0,True,ABX3,Ortorombik
7221400_11,10080,Tb4 Co4 O12,Co O Tb ,Pnma,62,2,5.20213,5.39826,7.42412,90.0,90.0,90.0,True,ABX3,Ortorombik
7221400_12,10080,Tb4 Co4 O12,Co O Tb ,Pnma,62,2,5.20213,5.39826,7.42412,90.0,90.0,90.0,True,ABX3,Ortorombik
7221400_13,10080,Tb4 Co4 O12,Co O Tb ,Pnma,62,2,5.20213,5.39826,7.42412,90.0,90.0,90.0,True,ABX3,Ortorombik
7221400_14,10080,Tb4 Co4 O12,Co O Tb ,Pnma,62,2,5.20213,5.39826,7.42412,90.0,90.0,90.0,True,ABX3,Ortorombik
7221400_15,10080,Tb4 Co4 O12,Co O Tb ,Pnma,62,2,5.20213,5.39826,7.42412,90.0,90.0,90.0,True,ABX3,Ortorombik
7221400_16,10080,Tb4 Co4 O12,Co O Tb ,Pnma,62,2,5.20213,5.39826,7.42412,90.0,90.0,90.0,True,ABX3,Ortorombik
7221400_17,10080,Tb4 Co4 O12,Co O Tb ,Pnma,62,2,5.20213,5.39826,7.42412,90.0,90.0,90.0,True,ABX3,Ortorombik
7221400_18,10080,Tb4 Co4 O12,Co O Tb ,Pnma,62,2,5.20213,5.39826,7.42412,90.0,90.0,90.0,True,ABX3,Ortorombik
7221400_19,10080,Tb4 Co4 O12,Co O Tb ,Pnma,62,2,5.20213,5.39826,7.42412,90.0,90.0,90.0,True,ABX3,Ortorombik
7221400_20,10080,Tb4 Co4 O12,Co O Tb ,Pnma,62,2,5.20213,5.39826,7.42412,90.0,90.0,90.0,True,ABX3,Ortorombik
7221400_21,10080,Tb4 Co4 O12,Co O Tb ,Pnma,62,2,5.20213,5.39826,7.42412,90.0,90.0,90.0,True,ABX3,Ortorombik
7221400_22,10080,Tb4 Co4 O12,Co O Tb ,Pnma,62,2,5.20213,5.39826,7.42412,90.0,90.0,90.0,True,ABX3,Ortorombik
7221400_23,10080,Tb4 Co4 O12,Co O Tb ,Pnma,62,2,5.20213,5.39826,7.42412,90.0,90.0,90.0,True,ABX3,Ortorombik
7221400_24,10080,Tb4 Co4 O12,Co O Tb ,Pnma,62,2,5.20213,5.39826,7.42412,90.0,90.0,90.0,True,ABX3,Ortorombik
1541040_1,10245,Rb4 Ge4 Br12,Br Ge Rb ,Pna2_1,33,2,8.129,11.249,7.611,90.0,90.0,90.0,True,ABX3,Ortorombik
1541040_2,10245,Rb4 Ge4 Br12,Br Ge Rb ,Pna2_1,33,2,8.129,11.249,7.611,90.0,90.0,90.0,True,ABX3,Ortorombik
1541040_3,10245,Rb4 Ge4 Br12,Br Ge Rb ,Pna2_1,33,2,8.129,11.249,7.611,90.0,90.0,90.0,True,ABX3,Ortorombik
1541040_4,10245,Rb4 Ge4 Br12,Br Ge Rb ,Pna2_1,33,2,8.129,11.249,7.611,90.0,90.0,90.0,True,ABX3,Ortorombik
1541040_5,10245,Rb4 Ge4 Br12,Br Ge Rb ,Pna2_1,33,2,8.129,11.249,7.611,90.0,90.0,90.0,True,ABX3,Ortorombik
1541040_6,10245,Rb4 Ge4 Br12,Br Ge Rb ,Pna2_1,33,2,8.129,11.249,7.611,90.0,90.0,90.0,True,ABX3,Ortorombik
1541040_7,10245,Rb4 Ge4 Br12,Br Ge Rb ,Pna2_1,33,2,8.129,11.249,7.611,90.0,90.0,90.0,True,ABX3,Ortorombik
1541040_8,10245,Rb4 Ge4 Br12,Br Ge Rb ,Pna2_1,33,2,8.129,11.249,7.611,90.0,90.0,90.0,True,ABX3,Ortorombik
1541040_9,10245,Rb4 Ge4 Br12,Br Ge Rb ,Pna2_1,33,2,8.129,11.249,7.611,90.0,90.0,90.0,True,ABX3,Ortorombik
1541040_10,10245,Rb4 Ge4 Br12,Br Ge Rb ,Pna2_1,33,2,8.129,11.249,7.611,90.0,90.0,90.0,True,ABX3,Ortorombik
1541040_11,10245,Rb4 Ge4 Br12,Br Ge Rb ,Pna2_1,33,2,8.129,11.249,7.611,90.0,90.0,90.0,True,ABX3,Ortorombik
1541040_12,10245,Rb4 Ge4 Br12,Br Ge Rb ,Pna2_1,33,2,8.129,11.249,7.611,90.0,90.0,90.0,True,ABX3,Ortorombik
1541040_13,10245,Rb4 Ge4 Br12,Br Ge Rb ,Pna2_1,33,2,8.129,11.249,7.611,90.0,90.0,90.0,True,ABX3,Ortorombik
1541040_14,10245,Rb4 Ge4 Br12,Br Ge Rb ,Pna2_1,33,2,8.129,11.249,7.611,90.0,90.0,90.0,True,ABX3,Ortorombik
1541040_15,10245,Rb4 Ge4 Br12,Br Ge Rb ,Pna2_1,33,2,8.129,11.249,7.611,90.0,90.0,90.0,True,ABX3,Ortorombik
1541040_16,10245,Rb4 Ge4 Br12,Br Ge Rb ,Pna2_1,33,2,8.129,11.249,7.611,90.0,90.0,90.0,True,ABX3,Ortorombik
1541040_17,10245,Rb4 Ge4 Br12,Br Ge Rb ,Pna2_1,33,2,8.129,11.249,7.611,90.0,90.0,90.0,True,ABX3,Ortorombik
1541040_18,10245,Rb4 Ge4 Br12,Br Ge Rb ,Pna2_1,33,2,8.129,11.249,7.611,90.0,90.0,90.0,True,ABX3,Ortorombik
1541040_19,10245,Rb4 Ge4 Br12,Br Ge Rb ,Pna2_1,33,2,8.129,11.249,7.611,90.0,90.0,90.0,True,ABX3,Ortorombik
1541040_20,10245,Rb4 Ge4 Br12,Br Ge Rb ,Pna2_1,33,2,8.129,11.249,7.611,90.0,90.0,90.0,True,ABX3,Ortorombik
1541040_21,10245,Rb4 Ge4 Br12,Br Ge Rb ,Pna2_1,33,2,8.129,11.249,7.611,90.0,90.0,90.0,True,ABX3,Ortorombik
1541040_22,10245,Rb4 Ge4 Br12,Br Ge Rb ,Pna2_1,33,2,8.129,11.249,7.611,90.0,90.0,90.0,True,ABX3,Ortorombik
1541040_23,10245,Rb4 Ge4 Br12,Br Ge Rb ,Pna2_1,33,2,8.129,11.249,7.611,90.0,90.0,90.0,True,ABX3,Ortorombik
1541040_24,10245,Rb4 Ge4 Br12,Br Ge Rb ,Pna2_1,33,2,8.129,11.249,7.611,90.0,90.0,90.0,True,ABX3,Ortorombik
1544472_1,10420,Sm4 Mn4 O12,Mn O Sm ,Pnma,62,2,5.365,5.8541,7.468,90.0,90.0,90.0,True,ABX3,Ortorombik
1544472_2,10420,Sm4 Mn4 O12,Mn O Sm ,Pnma,62,2,5.365,5.8541,7.468,90.0,90.0,90.0,True,ABX3,Ortorombik
1544472_3,10420,Sm4 Mn4 O12,Mn O Sm ,Pnma,62,2,5.365,5.8541,7.468,90.0,90.0,90.0,True,ABX3,Ortorombik
1544472_4,10420,Sm4 Mn4 O12,Mn O Sm ,Pnma,62,2,5.365,5.8541,7.468,90.0,90.0,90.0,True,ABX3,Ortorombik
1544472_5,10420,Sm4 Mn4 O12,Mn O Sm ,Pnma,62,2,5.365,5.8541,7.468,90.0,90.0,90.0,True,ABX3,Ortorombik
1544472_6,10420,Sm4 Mn4 O12,Mn O Sm ,Pnma,62,2,5.365,5.8541,7.468,90.0,90.0,90.0,True,ABX3,Ortorombik
1544472_7,10420,Sm4 Mn4 O12,Mn O Sm ,Pnma,62,2,5.365,5.8541,7.468,90.0,90.0,90.0,True,ABX3,Ortorombik
1544472_8,10420,Sm4 Mn4 O12,Mn O Sm ,Pnma,62,2,5.365,5.8541,7.468,90.0,90.0,90.0,True,ABX3,Ortorombik
1544472_9,10420,Sm4 Mn4 O12,Mn O Sm ,Pnma,62,2,5.365,5.8541,7.468,90.0,90.0,90.0,True,ABX3,Ortorombik
1544472_10,10420,Sm4 Mn4 O12,Mn O Sm ,Pnma,62,2,5.365,5.8541,7.468,90.0,90.0,90.0,True,ABX3,Ortorombik
1544472_11,10420,Sm4 Mn4 O12,Mn O Sm ,Pnma,62,2,5.365,5.8541,7.468,90.0,90.0,90.0,True,ABX3,Ortorombik
1544472_12,10420,Sm4 Mn4 O12,Mn O Sm ,Pnma,62,2,5.365,5.8541,7.468,90.0,90.0,90.0,True,ABX3,Ortorombik
1544472_13,10420,Sm4 Mn4 O12,Mn O Sm ,Pnma,62,2,5.365,5.8541,7.468,90.0,90.0,90.0,True,ABX3,Ortorombik
1544472_14,10420,Sm4 Mn4 O12,Mn O Sm ,Pnma,62,2,5.365,5.8541,7.468,90.0,90.0,90.0,True,ABX3,Ortorombik
1544472_15,10420,Sm4 Mn4 O12,Mn O Sm ,Pnma,62,2,5.365,5.8541,7.468,90.0,90.0,90.0,True,ABX3,Ortorombik
1544472_16,10420,Sm4 Mn4 O12,Mn O Sm ,Pnma,62,2,5.365,5.8541,7.468,90.0,90.0,90.0,True,ABX3,Ortorombik
1544472_17,10420,Sm4 Mn4 O12,Mn O Sm ,Pnma,62,2,5.365,5.8541,7.468,90.0,90.0,90.0,True,ABX3,Ortorombik
1544472_18,10420,Sm4 Mn4 O12,Mn O Sm ,Pnma,62,2,5.365,5.8541,7.468,90.0,90.0,90.0,True,ABX3,Ortorombik
1544472_19,10420,Sm4 Mn4 O12,Mn O Sm ,Pnma,62,2,5.365,5.8541,7.468,90.0,90.0,90.0,True,ABX3,Ortorombik
1544472_20,10420,Sm4 Mn4 O12,Mn O Sm ,Pnma,62,2,5.365,5.8541,7.468,90.0,90.0,90.0,True,ABX3,Ortorombik
1544472_21,10420,Sm4 Mn4 O12,Mn O Sm ,Pnma,62,2,5.365,5.8541,7.468,90.0,90.0,90.0,True,ABX3,Ortorombik
1544472_22,10420,Sm4 Mn4 O12,Mn O Sm ,Pnma,62,2,5.365,5.8541,7.468,90.0,90.0,90.0,True,ABX3,Ortorombik
1544472_23,10420,Sm4 Mn4 O12,Mn O Sm ,Pnma,62,2,5.365,5.8541,7.468,90.0,90.0,90.0,True,ABX3,Ortorombik
1544472_24,10420,Sm4 Mn4 O12,Mn O Sm ,Pnma,62,2,5.365,5.8541,7.468,90.0,90.0,90.0,True,ABX3,Ortorombik
1532577_1,10520,Th4 Mn4 Se12,Mn Se Th ,Cmcm,63,2,4.0304,12.795,9.2883,90.0,90.0,90.0,True,ABX3,Ortorombik
1532577_2,10520,Th4 Mn4 Se12,Mn Se Th ,Cmcm,63,2,4.0304,12.795,9.2883,90.0,90.0,90.0,True,ABX3,Ortorombik
1532577_3,10520,Th4 Mn4 Se12,Mn Se Th ,Cmcm,63,2,4.0304,12.795,9.2883,90.0,90.0,90.0,True,ABX3,Ortorombik
1532577_4,10520,Th4 Mn4 Se12,Mn Se Th ,Cmcm,63,2,4.0304,12.795,9.2883,90.0,90.0,90.0,True,ABX3,Ortorombik
1532577_5,10520,Th4 Mn4 Se12,Mn Se Th ,Cmcm,63,2,4.0304,12.795,9.2883,90.0,90.0,90.0,True,ABX3,Ortorombik
1532577_6,10520,Th4 Mn4 Se12,Mn Se Th ,Cmcm,63,2,4.0304,12.795,9.2883,90.0,90.0,90.0,True,ABX3,Ortorombik
1532577_7,10520,Th4 Mn4 Se12,Mn Se Th ,Cmcm,63,2,4.0304,12.795,9.2883,90.0,90.0,90.0,True,ABX3,Ortorombik
1532577_8,10520,Th4 Mn4 Se12,Mn Se Th ,Cmcm,63,2,4.0304,12.795,9.2883,90.0,90.0,90.0,True,ABX3,Ortorombik
1532577_9,10520,Th4 Mn4 Se12,Mn Se Th ,Cmcm,63,2,4.0304,12.795,9.2883,90.0,90.0,90.0,True,ABX3,Ortorombik
1532577_10,10520,Th4 Mn4 Se12,Mn Se Th ,Cmcm,63,2,4.0304,12.795,9.2883,90.0,90.0,90.0,True,ABX3,Ortorombik
1532577_11,10520,Th4 Mn4 Se12,Mn Se Th ,Cmcm,63,2,4.0304,12.795,9.2883,90.0,90.0,90.0,True,ABX3,Ortorombik
1532577_12,10520,Th4 Mn4 Se12,Mn Se Th ,Cmcm,63,2,4.0304,12.795,9.2883,90.0,90.0,90.0,True,ABX3,Ortorombik
1532577_13,10520,Th4 Mn4 Se12,Mn Se Th ,Cmcm,63,2,4.0304,12.795,9.2883,90.0,90.0,90.0,True,ABX3,Ortorombik
1532577_14,10520,Th4 Mn4 Se12,Mn Se Th ,Cmcm,63,2,4.0304,12.795,9.2883,90.0,90.0,90.0,True,ABX3,Ortorombik
1532577_15,10520,Th4 Mn4 Se12,Mn Se Th ,Cmcm,63,2,4.0304,12.795,9.2883,90.0,90.0,90.0,True,ABX3,Ortorombik
1532577_16,10520,Th4 Mn4 Se12,Mn Se Th ,Cmcm,63,2,4.0304,12.795,9.2883,90.0,90.0,90.0,True,ABX3,Ortorombik
1532577_17,10520,Th4 Mn4 Se12,Mn Se Th ,Cmcm,63,2,4.0304,12.795,9.2883,90.0,90.0,90.0,True,ABX3,Ortorombik
1532577_18,10520,Th4 Mn4 Se12,Mn Se Th ,Cmcm,63,2,4.0304,12.795,9.2883,90.0,90.0,90.0,True,ABX3,Ortorombik
1532577_19,10520,Th4 Mn4 Se12,Mn Se Th ,Cmcm,63,2,4.0304,12.795,9.2883,90.0,90.0,90.0,True,ABX3,Ortorombik
1532577_20,10520,Th4 Mn4 Se12,Mn Se Th ,Cmcm,63,2,4.0304,12.795,9.2883,90.0,90.0,90.0,True,ABX3,Ortorombik
1532577_21,10520,Th4 Mn4 Se12,Mn Se Th ,Cmcm,63,2,4.0304,12.795,9.2883,90.0,90.0,90.0,True,ABX3,Ortorombik
1532577_22,10520,Th4 Mn4 Se12,Mn Se Th ,Cmcm,63,2,4.0304,12.795,9.2883,90.0,90.0,90.0,True,ABX3,Ortorombik
1532577_23,10520,Th4 Mn4 Se12,Mn Se Th ,Cmcm,63,2,4.0304,12.795,9.2883,90.0,90.0,90.0,True,ABX3,Ortorombik
1532577_24,10520,Th4 Mn4 Se12,Mn Se Th ,Cmcm,63,2,4.0304,12.795,9.2883,90.0,90.0,90.0,True,ABX3,Ortorombik
7221358_1,10601,Rb2 Ge2 Cl6,Cl Ge Rb ,P2_1/m,11,5,7.988,6.941,5.8,90.0,106.34000000000002,90.0,True,ABX3,Monoklinik
7221358_2,10601,Rb2 Ge2 Cl6,Cl Ge Rb ,P2_1/m,11,5,7.988,6.941,5.8,90.0,106.34000000000002,90.0,True,ABX3,Monoklinik
7221358_3,10601,Rb2 Ge2 Cl6,Cl Ge Rb ,P2_1/m,11,5,7.988,6.941,5.8,90.0,106.34000000000002,90.0,True,ABX3,Monoklinik
7221358_4,10601,Rb2 Ge2 Cl6,Cl Ge Rb ,P2_1/m,11,5,7.988,6.941,5.8,90.0,106.34000000000002,90.0,True,ABX3,Monoklinik
7221358_5,10601,Rb2 Ge2 Cl6,Cl Ge Rb ,P2_1/m,11,5,7.988,6.941,5.8,90.0,106.34000000000002,90.0,True,ABX3,Monoklinik
7221358_6,10601,Rb2 Ge2 Cl6,Cl Ge Rb ,P2_1/m,11,5,7.988,6.941,5.8,90.0,106.34000000000002,90.0,True,ABX3,Monoklinik
7221358_7,10601,Rb2 Ge2 Cl6,Cl Ge Rb ,P2_1/m,11,5,7.988,6.941,5.8,90.0,106.34000000000002,90.0,True,ABX3,Monoklinik
7221358_8,10601,Rb2 Ge2 Cl6,Cl Ge Rb ,P2_1/m,11,5,7.988,6.941,5.8,90.0,106.34000000000002,90.0,True,ABX3,Monoklinik
7221358_9,10601,Rb2 Ge2 Cl6,Cl Ge Rb ,P2_1/m,11,5,7.988,6.941,5.8,90.0,106.34000000000002,90.0,True,ABX3,Monoklinik
7221358_10,10601,Rb2 Ge2 Cl6,Cl Ge Rb ,P2_1/m,11,5,7.988,6.941,5.8,90.0,106.34000000000002,90.0,True,ABX3,Monoklinik
7221358_11,10601,Rb2 Ge2 Cl6,Cl Ge Rb ,P2_1/m,11,5,7.988,6.941,5.8,90.0,106.34000000000002,90.0,True,ABX3,Monoklinik
7221358_12,10601,Rb2 Ge2 Cl6,Cl Ge Rb ,P2_1/m,11,5,7.988,6.941,5.8,90.0,106.34000000000002,90.0,True,ABX3,Monoklinik
7221358_13,10601,Rb2 Ge2 Cl6,Cl Ge Rb ,P2_1/m,11,5,7.988,6.941,5.8,90.0,106.34000000000002,90.0,True,ABX3,Monoklinik
7221358_14,10601,Rb2 Ge2 Cl6,Cl Ge Rb ,P2_1/m,11,5,7.988,6.941,5.8,90.0,106.34000000000002,90.0,True,ABX3,Monoklinik
7221358_15,10601,Rb2 Ge2 Cl6,Cl Ge Rb ,P2_1/m,11,5,7.988,6.941,5.8,90.0,106.34000000000002,90.0,True,ABX3,Monoklinik
7221358_16,10601,Rb2 Ge2 Cl6,Cl Ge Rb ,P2_1/m,11,5,7.988,6.941,5.8,90.0,106.34000000000002,90.0,True,ABX3,Monoklinik
7221358_17,10601,Rb2 Ge2 Cl6,Cl Ge Rb ,P2_1/m,11,5,7.988,6.941,5.8,90.0,106.34000000000002,90.0,True,ABX3,Monoklinik
7221358_18,10601,Rb2 Ge2 Cl6,Cl Ge Rb ,P2_1/m,11,5,7.988,6.941,5.8,90.0,106.34000000000002,90.0,True,ABX3,Monoklinik
7221358_19,10601,Rb2 Ge2 Cl6,Cl Ge Rb ,P2_1/m,11,5,7.988,6.941,5.8,90.0,106.34000000000002,90.0,True,ABX3,Monoklinik
7221358_20,10601,Rb2 Ge2 Cl6,Cl Ge Rb ,P2_1/m,11,5,7.988,6.941,5.8,90.0,106.34000000000002,90.0,True,ABX3,Monoklinik
7221358_21,10601,Rb2 Ge2 Cl6,Cl Ge Rb ,P2_1/m,11,5,7.988,6.941,5.8,90.0,106.34000000000002,90.0,True,ABX3,Monoklinik
7221358_22,10601,Rb2 Ge2 Cl6,Cl Ge Rb ,P2_1/m,11,5,7.988,6.941,5.8,90.0,106.34000000000002,90.0,True,ABX3,Monoklinik
7221358_23,10601,Rb2 Ge2 Cl6,Cl Ge Rb ,P2_1/m,11,5,7.988,6.941,5.8,90.0,106.34000000000002,90.0,True,ABX3,Monoklinik
7221358_24,10601,Rb2 Ge2 Cl6,Cl Ge Rb ,P2_1/m,11,5,7.988,6.941,5.8,90.0,106.34000000000002,90.0,True,ABX3,Monoklinik
1527809_1,10619,Cs8 Nb8 O24,Cs Nb O ,P2_1/c,14,5,5.148,15.89,9.143,90.0,93.3,90.0,True,ABX3,Monoklinik
1527809_2,10619,Cs8 Nb8 O24,Cs Nb O ,P2_1/c,14,5,5.148,15.89,9.143,90.0,93.3,90.0,True,ABX3,Monoklinik
1527809_3,10619,Cs8 Nb8 O24,Cs Nb O ,P2_1/c,14,5,5.148,15.89,9.143,90.0,93.3,90.0,True,ABX3,Monoklinik
1527809_4,10619,Cs8 Nb8 O24,Cs Nb O ,P2_1/c,14,5,5.148,15.89,9.143,90.0,93.3,90.0,True,ABX3,Monoklinik
1527809_5,10619,Cs8 Nb8 O24,Cs Nb O ,P2_1/c,14,5,5.148,15.89,9.143,90.0,93.3,90.0,True,ABX3,Monoklinik
1527809_6,10619,Cs8 Nb8 O24,Cs Nb O ,P2_1/c,14,5,5.148,15.89,9.143,90.0,93.3,90.0,True,ABX3,Monoklinik
1527809_7,10619,Cs8 Nb8 O24,Cs Nb O ,P2_1/c,14,5,5.148,15.89,9.143,90.0,93.3,90.0,True,ABX3,Monoklinik
1527809_8,10619,Cs8 Nb8 O24,Cs Nb O ,P2_1/c,14,5,5.148,15.89,9.143,90.0,93.3,90.0,True,ABX3,Monoklinik
1527809_9,10619,Cs8 Nb8 O24,Cs Nb O ,P2_1/c,14,5,5.148,15.89,9.143,90.0,93.3,90.0,True,ABX3,Monoklinik
1527809_10,10619,Cs8 Nb8 O24,Cs Nb O ,P2_1/c,14,5,5.148,15.89,9.143,90.0,93.3,90.0,True,ABX3,Monoklinik
1527809_11,10619,Cs8 Nb8 O24,Cs Nb O ,P2_1/c,14,5,5.148,15.89,9.143,90.0,93.3,90.0,True,ABX3,Monoklinik
1527809_12,10619,Cs8 Nb8 O24,Cs Nb O ,P2_1/c,14,5,5.148,15.89,9.143,90.0,93.3,90.0,True,ABX3,Monoklinik
1527809_13,10619,Cs8 Nb8 O24,Cs Nb O ,P2_1/c,14,5,5.148,15.89,9.143,90.0,93.3,90.0,True,ABX3,Monoklinik
1527809_14,10619,Cs8 Nb8 O24,Cs Nb O ,P2_1/c,14,5,5.148,15.89,9.143,90.0,93.3,90.0,True,ABX3,Monoklinik
1527809_15,10619,Cs8 Nb8 O24,Cs Nb O ,P2_1/c,14,5,5.148,15.89,9.143,90.0,93.3,90.0,True,ABX3,Monoklinik
1527809_16,10619,Cs8 Nb8 O24,Cs Nb O ,P2_1/c,14,5,5.148,15.89,9.143,90.0,93.3,90.0,True,ABX3,Monoklinik
1527809_17,10619,Cs8 Nb8 O24,Cs Nb O ,P2_1/c,14,5,5.148,15.89,9.143,90.0,93.3,90.0,True,ABX3,Monoklinik
1527809_18,10619,Cs8 Nb8 O24,Cs Nb O ,P2_1/c,14,5,5.148,15.89,9.143,90.0,93.3,90.0,True,ABX3,Monoklinik
1527809_19,10619,Cs8 Nb8 O24,Cs Nb O ,P2_1/c,14,5,5.148,15.89,9.143,90.0,93.3,90.0,True,ABX3,Monoklinik
1527809_20,10619,Cs8 Nb8 O24,Cs Nb O ,P2_1/c,14,5,5.148,15.89,9.143,90.0,93.3,90.0,True,ABX3,Monoklinik
1527809_21,10619,Cs8 Nb8 O24,Cs Nb O ,P2_1/c,14,5,5.148,15.89,9.143,90.0,93.3,90.0,True,ABX3,Monoklinik
1527809_22,10619,Cs8 Nb8 O24,Cs Nb O ,P2_1/c,14,5,5.148,15.89,9.143,90.0,93.3,90.0,True,ABX3,Monoklinik
1527809_23,10619,Cs8 Nb8 O24,Cs Nb O ,P2_1/c,14,5,5.148,15.89,9.143,90.0,93.3,90.0,True,ABX3,Monoklinik
1527809_24,10619,Cs8 Nb8 O24,Cs Nb O ,P2_1/c,14,5,5.148,15.89,9.143,90.0,93.3,90.0,True,ABX3,Monoklinik
1000384_1,10672,Nb16 Tl16 O51.92,Nb O Tl ,Fd-3m,227,0,10.6397,10.6397,10.6397,90.0,90.0,90.0,True,ABX3,Kubik
1000384_2,10672,Nb16 Tl16 O51.92,Nb O Tl ,Fd-3m,227,0,10.6397,10.6397,10.6397,90.0,90.0,90.0,True,ABX3,Kubik
1000384_3,10672,Nb16 Tl16 O51.92,Nb O Tl ,Fd-3m,227,0,10.6397,10.6397,10.6397,90.0,90.0,90.0,True,ABX3,Kubik
1000384_4,10672,Nb16 Tl16 O51.92,Nb O Tl ,Fd-3m,227,0,10.6397,10.6397,10.6397,90.0,90.0,90.0,True,ABX3,Kubik
1000384_5,10672,Nb16 Tl16 O51.92,Nb O Tl ,Fd-3m,227,0,10.6397,10.6397,10.6397,90.0,90.0,90.0,True,ABX3,Kubik
1000384_6,10672,Nb16 Tl16 O51.92,Nb O Tl ,Fd-3m,227,0,10.6397,10.6397,10.6397,90.0,90.0,90.0,True,ABX3,Kubik
1000384_7,10672,Nb16 Tl16 O51.92,Nb O Tl ,Fd-3m,227,0,10.6397,10.6397,10.6397,90.0,90.0,90.0,True,ABX3,Kubik
1000384_8,10672,Nb16 Tl16 O51.92,Nb O Tl ,Fd-3m,227,0,10.6397,10.6397,10.6397,90.0,90.0,90.0,True,ABX3,Kubik
1000384_9,10672,Nb16 Tl16 O51.92,Nb O Tl ,Fd-3m,227,0,10.6397,10.6397,10.6397,90.0,90.0,90.0,True,ABX3,Kubik
1000384_10,10672,Nb16 Tl16 O51.92,Nb O Tl ,Fd-3m,227,0,10.6397,10.6397,10.6397,90.0,90.0,90.0,True,ABX3,Kubik
1000384_11,10672,Nb16 Tl16 O51.92,Nb O Tl ,Fd-3m,227,0,10.6397,10.6397,10.6397,90.0,90.0,90.0,True,ABX3,Kubik
1000384_12,10672,Nb16 Tl16 O51.92,Nb O Tl ,Fd-3m,227,0,10.6397,10.6397,10.6397,90.0,90.0,90.0,True,ABX3,Kubik
1000384_13,10672,Nb16 Tl16 O51.92,Nb O Tl ,Fd-3m,227,0,10.6397,10.6397,10.6397,90.0,90.0,90.0,True,ABX3,Kubik
1000384_14,10672,Nb16 Tl16 O51.92,Nb O Tl ,Fd-3m,227,0,10.6397,10.6397,10.6397,90.0,90.0,90.0,True,ABX3,Kubik
1000384_15,10672,Nb16 Tl16 O51.92,Nb O Tl ,Fd-3m,227,0,10.6397,10.6397,10.6397,90.0,90.0,90.0,True,ABX3,Kubik
1000384_16,10672,Nb16 Tl16 O51.92,Nb O Tl ,Fd-3m,227,0,10.6397,10.6397,10.6397,90.0,90.0,90.0,True,ABX3,Kubik
1000384_17,10672,Nb16 Tl16 O51.92,Nb O Tl ,Fd-3m,227,0,10.6397,10.6397,10.6397,90.0,90.0,90.0,True,ABX3,Kubik
1000384_18,10672,Nb16 Tl16 O51.92,Nb O Tl ,Fd-3m,227,0,10.6397,10.6397,10.6397,90.0,90.0,90.0,True,ABX3,Kubik
1000384_19,10672,Nb16 Tl16 O51.92,Nb O Tl ,Fd-3m,227,0,10.6397,10.6397,10.6397,90.0,90.0,90.0,True,ABX3,Kubik
1000384_20,10672,Nb16 Tl16 O51.92,Nb O Tl ,Fd-3m,227,0,10.6397,10.6397,10.6397,90.0,90.0,90.0,True,ABX3,Kubik
1000384_21,10672,Nb16 Tl16 O51.92,Nb O Tl ,Fd-3m,227,0,10.6397,10.6397,10.6397,90.0,90.0,90.0,True,ABX3,Kubik
1000384_22,10672,Nb16 Tl16 O51.92,Nb O Tl ,Fd-3m,227,0,10.6397,10.6397,10.6397,90.0,90.0,90.0,True,ABX3,Kubik
1000384_23,10672,Nb16 Tl16 O51.92,Nb O Tl ,Fd-3m,227,0,10.6397,10.6397,10.6397,90.0,90.0,90.0,True,ABX3,Kubik
1000384_24,10672,Nb16 Tl16 O51.92,Nb O Tl ,Fd-3m,227,0,10.6397,10.6397,10.6397,90.0,90.0,90.0,True,ABX3,Kubik
1525994_1,10686,Ca4 Mn4 O11.7996,Ca Mn O ,Pnma,62,2,5.281,7.463,5.271,90.0,90.0,90.0,True,ABX3,Ortorombik
1525994_2,10686,Ca4 Mn4 O11.7996,Ca Mn O ,Pnma,62,2,5.281,7.463,5.271,90.0,90.0,90.0,True,ABX3,Ortorombik
1525994_3,10686,Ca4 Mn4 O11.7996,Ca Mn O ,Pnma,62,2,5.281,7.463,5.271,90.0,90.0,90.0,True,ABX3,Ortorombik
1525994_4,10686,Ca4 Mn4 O11.7996,Ca Mn O ,Pnma,62,2,5.281,7.463,5.271,90.0,90.0,90.0,True,ABX3,Ortorombik
1525994_5,10686,Ca4 Mn4 O11.7996,Ca Mn O ,Pnma,62,2,5.281,7.463,5.271,90.0,90.0,90.0,True,ABX3,Ortorombik
1525994_6,10686,Ca4 Mn4 O11.7996,Ca Mn O ,Pnma,62,2,5.281,7.463,5.271,90.0,90.0,90.0,True,ABX3,Ortorombik
1525994_7,10686,Ca4 Mn4 O11.7996,Ca Mn O ,Pnma,62,2,5.281,7.463,5.271,90.0,90.0,90.0,True,ABX3,Ortorombik
1525994_8,10686,Ca4 Mn4 O11.7996,Ca Mn O ,Pnma,62,2,5.281,7.463,5.271,90.0,90.0,90.0,True,ABX3,Ortorombik
1525994_9,10686,Ca4 Mn4 O11.7996,Ca Mn O ,Pnma,62,2,5.281,7.463,5.271,90.0,90.0,90.0,True,ABX3,Ortorombik
1525994_10,10686,Ca4 Mn4 O11.7996,Ca Mn O ,Pnma,62,2,5.281,7.463,5.271,90.0,90.0,90.0,True,ABX3,Ortorombik
1525994_11,10686,Ca4 Mn4 O11.7996,Ca Mn O ,Pnma,62,2,5.281,7.463,5.271,90.0,90.0,90.0,True,ABX3,Ortorombik
1525994_12,10686,Ca4 Mn4 O11.7996,Ca Mn O ,Pnma,62,2,5.281,7.463,5.271,90.0,90.0,90.0,True,ABX3,Ortorombik
1525994_13,10686,Ca4 Mn4 O11.7996,Ca Mn O ,Pnma,62,2,5.281,7.463,5.271,90.0,90.0,90.0,True,ABX3,Ortorombik
1525994_14,10686,Ca4 Mn4 O11.7996,Ca Mn O ,Pnma,62,2,5.281,7.463,5.271,90.0,90.0,90.0,True,ABX3,Ortorombik
1525994_15,10686,Ca4 Mn4 O11.7996,Ca Mn O ,Pnma,62,2,5.281,7.463,5.271,90.0,90.0,90.0,True,ABX3,Ortorombik
1525994_16,10686,Ca4 Mn4 O11.7996,Ca Mn O ,Pnma,62,2,5.281,7.463,5.271,90.0,90.0,90.0,True,ABX3,Ortorombik
1525994_17,10686,Ca4 Mn4 O11.7996,Ca Mn O ,Pnma,62,2,5.281,7.463,5.271,90.0,90.0,90.0,True,ABX3,Ortorombik
1525994_18,10686,Ca4 Mn4 O11.7996,Ca Mn O ,Pnma,62,2,5.281,7.463,5.271,90.0,90.0,90.0,True,ABX3,Ortorombik
1525994_19,10686,Ca4 Mn4 O11.7996,Ca Mn O ,Pnma,62,2,5.281,7.463,5.271,90.0,90.0,90.0,True,ABX3,Ortorombik
1525994_20,10686,Ca4 Mn4 O11.7996,Ca Mn O ,Pnma,62,2,5.281,7.463,5.271,90.0,90.0,90.0,True,ABX3,Ortorombik
1525994_21,10686,Ca4 Mn4 O11.7996,Ca Mn O ,Pnma,62,2,5.281,7.463,5.271,90.0,90.0,90.0,True,ABX3,Ortorombik
1525994_22,10686,Ca4 Mn4 O11.7996,Ca Mn O ,Pnma,62,2,5.281,7.463,5.271,90.0,90.0,90.0,True,ABX3,Ortorombik
1525994_23,10686,Ca4 Mn4 O11.7996,Ca Mn O ,Pnma,62,2,5.281,7.463,5.271,90.0,90.0,90.0,True,ABX3,Ortorombik
1525994_24,10686,Ca4 Mn4 O11.7996,Ca Mn O ,Pnma,62,2,5.281,7.463,5.271,90.0,90.0,90.0,True,ABX3,Ortorombik
1521114_1,10695,Sr4 Nb4 O12,Nb O Sr ,Pnma,62,2,5.6894,8.0684,5.6944,90.0,90.0,90.0,True,ABX3,Ortorombik
1521114_2,10695,Sr4 Nb4 O12,Nb O Sr ,Pnma,62,2,5.6894,8.0684,5.6944,90.0,90.0,90.0,True,ABX3,Ortorombik
1521114_3,10695,Sr4 Nb4 O12,Nb O Sr ,Pnma,62,2,5.6894,8.0684,5.6944,90.0,90.0,90.0,True,ABX3,Ortorombik
1521114_4,10695,Sr4 Nb4 O12,Nb O Sr ,Pnma,62,2,5.6894,8.0684,5.6944,90.0,90.0,90.0,True,ABX3,Ortorombik
1521114_5,10695,Sr4 Nb4 O12,Nb O Sr ,Pnma,62,2,5.6894,8.0684,5.6944,90.0,90.0,90.0,True,ABX3,Ortorombik
1521114_6,10695,Sr4 Nb4 O12,Nb O Sr ,Pnma,62,2,5.6894,8.0684,5.6944,90.0,90.0,90.0,True,ABX3,Ortorombik
1521114_7,10695,Sr4 Nb4 O12,Nb O Sr ,Pnma,62,2,5.6894,8.0684,5.6944,90.0,90.0,90.0,True,ABX3,Ortorombik
1521114_8,10695,Sr4 Nb4 O12,Nb O Sr ,Pnma,62,2,5.6894,8.0684,5.6944,90.0,90.0,90.0,True,ABX3,Ortorombik
1521114_9,10695,Sr4 Nb4 O12,Nb O Sr ,Pnma,62,2,5.6894,8.0684,5.6944,90.0,90.0,90.0,True,ABX3,Ortorombik
1521114_10,10695,Sr4 Nb4 O12,Nb O Sr ,Pnma,62,2,5.6894,8.0684,5.6944,90.0,90.0,90.0,True,ABX3,Ortorombik
1521114_11,10695,Sr4 Nb4 O12,Nb O Sr ,Pnma,62,2,5.6894,8.0684,5.6944,90.0,90.0,90.0,True,ABX3,Ortorombik
1521114_12,10695,Sr4 Nb4 O12,Nb O Sr ,Pnma,62,2,5.6894,8.0684,5.6944,90.0,90.0,90.0,True,ABX3,Ortorombik
1521114_13,10695,Sr4 Nb4 O12,Nb O Sr ,Pnma,62,2,5.6894,8.0684,5.6944,90.0,90.0,90.0,True,ABX3,Ortorombik
1521114_14,10695,Sr4 Nb4 O12,Nb O Sr ,Pnma,62,2,5.6894,8.0684,5.6944,90.0,90.0,90.0,True,ABX3,Ortorombik
1521114_15,10695,Sr4 Nb4 O12,Nb O Sr ,Pnma,62,2,5.6894,8.0684,5.6944,90.0,90.0,90.0,True,ABX3,Ortorombik
1521114_16,10695,Sr4 Nb4 O12,Nb O Sr ,Pnma,62,2,5.6894,8.0684,5.6944,90.0,90.0,90.0,True,ABX3,Ortorombik
1521114_17,10695,Sr4 Nb4 O12,Nb O Sr ,Pnma,62,2,5.6894,8.0684,5.6944,90.0,90.0,90.0,True,ABX3,Ortorombik
1521114_18,10695,Sr4 Nb4 O12,Nb O Sr ,Pnma,62,2,5.6894,8.0684,5.6944,90.0,90.0,90.0,True,ABX3,Ortorombik
1521114_19,10695,Sr4 Nb4 O12,Nb O Sr ,Pnma,62,2,5.6894,8.0684,5.6944,90.0,90.0,90.0,True,ABX3,Ortorombik
1521114_20,10695,Sr4 Nb4 O12,Nb O Sr ,Pnma,62,2,5.6894,8.0684,5.6944,90.0,90.0,90.0,True,ABX3,Ortorombik
1521114_21,10695,Sr4 Nb4 O12,Nb O Sr ,Pnma,62,2,5.6894,8.0684,5.6944,90.0,90.0,90.0,True,ABX3,Ortorombik
1521114_22,10695,Sr4 Nb4 O12,Nb O Sr ,Pnma,62,2,5.6894,8.0684,5.6944,90.0,90.0,90.0,True,ABX3,Ortorombik
1521114_23,10695,Sr4 Nb4 O12,Nb O Sr ,Pnma,62,2,5.6894,8.0684,5.6944,90.0,90.0,90.0,True,ABX3,Ortorombik
1521114_24,10695,Sr4 Nb4 O12,Nb O Sr ,Pnma,62,2,5.6894,8.0684,5.6944,90.0,90.0,90.0,True,ABX3,Ortorombik
2013696_1,10736,La4 In4 O12,In La O ,Pnma,62,2,5.9404,8.2158,5.7229,90.0,90.0,90.0,True,ABX3,Ortorombik
2013696_2,10736,La4 In4 O12,In La O ,Pnma,62,2,5.9404,8.2158,5.7229,90.0,90.0,90.0,True,ABX3,Ortorombik
2013696_3,10736,La4 In4 O12,In La O ,Pnma,62,2,5.9404,8.2158,5.7229,90.0,90.0,90.0,True,ABX3,Ortorombik
2013696_4,10736,La4 In4 O12,In La O ,Pnma,62,2,5.9404,8.2158,5.7229,90.0,90.0,90.0,True,ABX3,Ortorombik
2013696_5,10736,La4 In4 O12,In La O ,Pnma,62,2,5.9404,8.2158,5.7229,90.0,90.0,90.0,True,ABX3,Ortorombik
2013696_6,10736,La4 In4 O12,In La O ,Pnma,62,2,5.9404,8.2158,5.7229,90.0,90.0,90.0,True,ABX3,Ortorombik
2013696_7,10736,La4 In4 O12,In La O ,Pnma,62,2,5.9404,8.2158,5.7229,90.0,90.0,90.0,True,ABX3,Ortorombik
2013696_8,10736,La4 In4 O12,In La O ,Pnma,62,2,5.9404,8.2158,5.7229,90.0,90.0,90.0,True,ABX3,Ortorombik
2013696_9,10736,La4 In4 O12,In La O ,Pnma,62,2,5.9404,8.2158,5.7229,90.0,90.0,90.0,True,ABX3,Ortorombik
2013696_10,10736,La4 In4 O12,In La O ,Pnma,62,2,5.9404,8.2158,5.7229,90.0,90.0,90.0,True,ABX3,Ortorombik
2013696_11,10736,La4 In4 O12,In La O ,Pnma,62,2,5.9404,8.2158,5.7229,90.0,90.0,90.0,True,ABX3,Ortorombik
2013696_12,10736,La4 In4 O12,In La O ,Pnma,62,2,5.9404,8.2158,5.7229,90.0,90.0,90.0,True,ABX3,Ortorombik
2013696_13,10736,La4 In4 O12,In La O ,Pnma,62,2,5.9404,8.2158,5.7229,90.0,90.0,90.0,True,ABX3,Ortorombik
2013696_14,10736,La4 In4 O12,In La O ,Pnma,62,2,5.9404,8.2158,5.7229,90.0,90.0,90.0,True,ABX3,Ortorombik
2013696_15,10736,La4 In4 O12,In La O ,Pnma,62,2,5.9404,8.2158,5.7229,90.0,90.0,90.0,True,ABX3,Ortorombik
2013696_16,10736,La4 In4 O12,In La O ,Pnma,62,2,5.9404,8.2158,5.7229,90.0,90.0,90.0,True,ABX3,Ortorombik
2013696_17,10736,La4 In4 O12,In La O ,Pnma,62,2,5.9404,8.2158,5.7229,90.0,90.0,90.0,True,ABX3,Ortorombik
2013696_18,10736,La4 In4 O12,In La O ,Pnma,62,2,5.9404,8.2158,5.7229,90.0,90.0,90.0,True,ABX3,Ortorombik
2013696_19,10736,La4 In4 O12,In La O ,Pnma,62,2,5.9404,8.2158,5.7229,90.0,90.0,90.0,True,ABX3,Ortorombik
2013696_20,10736,La4 In4 O12,In La O ,Pnma,62,2,5.9404,8.2158,5.7229,90.0,90.0,90.0,True,ABX3,Ortorombik
2013696_21,10736,La4 In4 O12,In La O ,Pnma,62,2,5.9404,8.2158,5.7229,90.0,90.0,90.0,True,ABX3,Ortorombik
2013696_22,10736,La4 In4 O12,In La O ,Pnma,62,2,5.9404,8.2158,5.7229,90.0,90.0,90.0,True,ABX3,Ortorombik
2013696_23,10736,La4 In4 O12,In La O ,Pnma,62,2,5.9404,8.2158,5.7229,90.0,90.0,90.0,True,ABX3,Ortorombik
2013696_24,10736,La4 In4 O12,In La O ,Pnma,62,2,5.9404,8.2158,5.7229,90.0,90.0,90.0,True,ABX3,Ortorombik
4124860_1,10791,Sm1 V1 O3,O Sm V ,Pm-3m,221,0,3.89,3.89,3.89,90.0,90.0,90.0,True,ABX3,Kubik
4124860_2,10791,Sm1 V1 O3,O Sm V ,Pm-3m,221,0,3.89,3.89,3.89,90.0,90.0,90.0,True,ABX3,Kubik
4124860_3,10791,Sm1 V1 O3,O Sm V ,Pm-3m,221,0,3.89,3.89,3.89,90.0,90.0,90.0,True,ABX3,Kubik
4124860_4,10791,Sm1 V1 O3,O Sm V ,Pm-3m,221,0,3.89,3.89,3.89,90.0,90.0,90.0,True,ABX3,Kubik
4124860_5,10791,Sm1 V1 O3,O Sm V ,Pm-3m,221,0,3.89,3.89,3.89,90.0,90.0,90.0,True,ABX3,Kubik
4124860_6,10791,Sm1 V1 O3,O Sm V ,Pm-3m,221,0,3.89,3.89,3.89,90.0,90.0,90.0,True,ABX3,Kubik
4124860_7,10791,Sm1 V1 O3,O Sm V ,Pm-3m,221,0,3.89,3.89,3.89,90.0,90.0,90.0,True,ABX3,Kubik
4124860_8,10791,Sm1 V1 O3,O Sm V ,Pm-3m,221,0,3.89,3.89,3.89,90.0,90.0,90.0,True,ABX3,Kubik
4124860_9,10791,Sm1 V1 O3,O Sm V ,Pm-3m,221,0,3.89,3.89,3.89,90.0,90.0,90.0,True,ABX3,Kubik
4124860_10,10791,Sm1 V1 O3,O Sm V ,Pm-3m,221,0,3.89,3.89,3.89,90.0,90.0,90.0,True,ABX3,Kubik
4124860_11,10791,Sm1 V1 O3,O Sm V ,Pm-3m,221,0,3.89,3.89,3.89,90.0,90.0,90.0,True,ABX3,Kubik
4124860_12,10791,Sm1 V1 O3,O Sm V ,Pm-3m,221,0,3.89,3.89,3.89,90.0,90.0,90.0,True,ABX3,Kubik
4124860_13,10791,Sm1 V1 O3,O Sm V ,Pm-3m,221,0,3.89,3.89,3.89,90.0,90.0,90.0,True,ABX3,Kubik
4124860_14,10791,Sm1 V1 O3,O Sm V ,Pm-3m,221,0,3.89,3.89,3.89,90.0,90.0,90.0,True,ABX3,Kubik
4124860_15,10791,Sm1 V1 O3,O Sm V ,Pm-3m,221,0,3.89,3.89,3.89,90.0,90.0,90.0,True,ABX3,Kubik
4124860_16,10791,Sm1 V1 O3,O Sm V ,Pm-3m,221,0,3.89,3.89,3.89,90.0,90.0,90.0,True,ABX3,Kubik
4124860_17,10791,Sm1 V1 O3,O Sm V ,Pm-3m,221,0,3.89,3.89,3.89,90.0,90.0,90.0,True,ABX3,Kubik
4124860_18,10791,Sm1 V1 O3,O Sm V ,Pm-3m,221,0,3.89,3.89,3.89,90.0,90.0,90.0,True,ABX3,Kubik
4124860_19,10791,Sm1 V1 O3,O Sm V ,Pm-3m,221,0,3.89,3.89,3.89,90.0,90.0,90.0,True,ABX3,Kubik
4124860_20,10791,Sm1 V1 O3,O Sm V ,Pm-3m,221,0,3.89,3.89,3.89,90.0,90.0,90.0,True,ABX3,Kubik
4124860_21,10791,Sm1 V1 O3,O Sm V ,Pm-3m,221,0,3.89,3.89,3.89,90.0,90.0,90.0,True,ABX3,Kubik
4124860_22,10791,Sm1 V1 O3,O Sm V ,Pm-3m,221,0,3.89,3.89,3.89,90.0,90.0,90.0,True,ABX3,Kubik
4124860_23,10791,Sm1 V1 O3,O Sm V ,Pm-3m,221,0,3.89,3.89,3.89,90.0,90.0,90.0,True,ABX3,Kubik
4124860_24,10791,Sm1 V1 O3,O Sm V ,Pm-3m,221,0,3.89,3.89,3.89,90.0,90.0,90.0,True,ABX3,Kubik
1527493_1,10873,Cs4 V4 O12,Cs O V ,Pbcm,57,2,5.393,12.249,5.786,90.0,90.0,90.0,True,ABX3,Ortorombik
1527493_2,10873,Cs4 V4 O12,Cs O V ,Pbcm,57,2,5.393,12.249,5.786,90.0,90.0,90.0,True,ABX3,Ortorombik
1527493_3,10873,Cs4 V4 O12,Cs O V ,Pbcm,57,2,5.393,12.249,5.786,90.0,90.0,90.0,True,ABX3,Ortorombik
1527493_4,10873,Cs4 V4 O12,Cs O V ,Pbcm,57,2,5.393,12.249,5.786,90.0,90.0,90.0,True,ABX3,Ortorombik
1527493_5,10873,Cs4 V4 O12,Cs O V ,Pbcm,57,2,5.393,12.249,5.786,90.0,90.0,90.0,True,ABX3,Ortorombik
1527493_6,10873,Cs4 V4 O12,Cs O V ,Pbcm,57,2,5.393,12.249,5.786,90.0,90.0,90.0,True,ABX3,Ortorombik
1527493_7,10873,Cs4 V4 O12,Cs O V ,Pbcm,57,2,5.393,12.249,5.786,90.0,90.0,90.0,True,ABX3,Ortorombik
1527493_8,10873,Cs4 V4 O12,Cs O V ,Pbcm,57,2,5.393,12.249,5.786,90.0,90.0,90.0,True,ABX3,Ortorombik
1527493_9,10873,Cs4 V4 O12,Cs O V ,Pbcm,57,2,5.393,12.249,5.786,90.0,90.0,90.0,True,ABX3,Ortorombik
1527493_10,10873,Cs4 V4 O12,Cs O V ,Pbcm,57,2,5.393,12.249,5.786,90.0,90.0,90.0,True,ABX3,Ortorombik
1527493_11,10873,Cs4 V4 O12,Cs O V ,Pbcm,57,2,5.393,12.249,5.786,90.0,90.0,90.0,True,ABX3,Ortorombik
1527493_12,10873,Cs4 V4 O12,Cs O V ,Pbcm,57,2,5.393,12.249,5.786,90.0,90.0,90.0,True,ABX3,Ortorombik
1527493_13,10873,Cs4 V4 O12,Cs O V ,Pbcm,57,2,5.393,12.249,5.786,90.0,90.0,90.0,True,ABX3,Ortorombik
1527493_14,10873,Cs4 V4 O12,Cs O V ,Pbcm,57,2,5.393,12.249,5.786,90.0,90.0,90.0,True,ABX3,Ortorombik
1527493_15,10873,Cs4 V4 O12,Cs O V ,Pbcm,57,2,5.393,12.249,5.786,90.0,90.0,90.0,True,ABX3,Ortorombik
1527493_16,10873,Cs4 V4 O12,Cs O V ,Pbcm,57,2,5.393,12.249,5.786,90.0,90.0,90.0,True,ABX3,Ortorombik
1527493_17,10873,Cs4 V4 O12,Cs O V ,Pbcm,57,2,5.393,12.249,5.786,90.0,90.0,90.0,True,ABX3,Ortorombik
1527493_18,10873,Cs4 V4 O12,Cs O V ,Pbcm,57,2,5.393,12.249,5.786,90.0,90.0,90.0,True,ABX3,Ortorombik
1527493_19,10873,Cs4 V4 O12,Cs O V ,Pbcm,57,2,5.393,12.249,5.786,90.0,90.0,90.0,True,ABX3,Ortorombik
1527493_20,10873,Cs4 V4 O12,Cs O V ,Pbcm,57,2,5.393,12.249,5.786,90.0,90.0,90.0,True,ABX3,Ortorombik
1527493_21,10873,Cs4 V4 O12,Cs O V ,Pbcm,57,2,5.393,12.249,5.786,90.0,90.0,90.0,True,ABX3,Ortorombik
1527493_22,10873,Cs4 V4 O12,Cs O V ,Pbcm,57,2,5.393,12.249,5.786,90.0,90.0,90.0,True,ABX3,Ortorombik
1527493_23,10873,Cs4 V4 O12,Cs O V ,Pbcm,57,2,5.393,12.249,5.786,90.0,90.0,90.0,True,ABX3,Ortorombik
1527493_24,10873,Cs4 V4 O12,Cs O V ,Pbcm,57,2,5.393,12.249,5.786,90.0,90.0,90.0,True,ABX3,Ortorombik
1008159_1,11223,Er4 Cr4 O12,Cr Er O ,Pnma,62,2,5.223,5.516,7.519,90.0,90.0,90.0,True,ABX3,Ortorombik
1008159_2,11223,Er4 Cr4 O12,Cr Er O ,Pnma,62,2,5.223,5.516,7.519,90.0,90.0,90.0,True,ABX3,Ortorombik
1008159_3,11223,Er4 Cr4 O12,Cr Er O ,Pnma,62,2,5.223,5.516,7.519,90.0,90.0,90.0,True,ABX3,Ortorombik
1008159_4,11223,Er4 Cr4 O12,Cr Er O ,Pnma,62,2,5.223,5.516,7.519,90.0,90.0,90.0,True,ABX3,Ortorombik
1008159_5,11223,Er4 Cr4 O12,Cr Er O ,Pnma,62,2,5.223,5.516,7.519,90.0,90.0,90.0,True,ABX3,Ortorombik
1008159_6,11223,Er4 Cr4 O12,Cr Er O ,Pnma,62,2,5.223,5.516,7.519,90.0,90.0,90.0,True,ABX3,Ortorombik
1008159_7,11223,Er4 Cr4 O12,Cr Er O ,Pnma,62,2,5.223,5.516,7.519,90.0,90.0,90.0,True,ABX3,Ortorombik
1008159_8,11223,Er4 Cr4 O12,Cr Er O ,Pnma,62,2,5.223,5.516,7.519,90.0,90.0,90.0,True,ABX3,Ortorombik
1008159_9,11223,Er4 Cr4 O12,Cr Er O ,Pnma,62,2,5.223,5.516,7.519,90.0,90.0,90.0,True,ABX3,Ortorombik
1008159_10,11223,Er4 Cr4 O12,Cr Er O ,Pnma,62,2,5.223,5.516,7.519,90.0,90.0,90.0,True,ABX3,Ortorombik
1008159_11,11223,Er4 Cr4 O12,Cr Er O ,Pnma,62,2,5.223,5.516,7.519,90.0,90.0,90.0,True,ABX3,Ortorombik
1008159_12,11223,Er4 Cr4 O12,Cr Er O ,Pnma,62,2,5.223,5.516,7.519,90.0,90.0,90.0,True,ABX3,Ortorombik
1008159_13,11223,Er4 Cr4 O12,Cr Er O ,Pnma,62,2,5.223,5.516,7.519,90.0,90.0,90.0,True,ABX3,Ortorombik
1008159_14,11223,Er4 Cr4 O12,Cr Er O ,Pnma,62,2,5.223,5.516,7.519,90.0,90.0,90.0,True,ABX3,Ortorombik
1008159_15,11223,Er4 Cr4 O12,Cr Er O ,Pnma,62,2,5.223,5.516,7.519,90.0,90.0,90.0,True,ABX3,Ortorombik
1008159_16,11223,Er4 Cr4 O12,Cr Er O ,Pnma,62,2,5.223,5.516,7.519,90.0,90.0,90.0,True,ABX3,Ortorombik
1008159_17,11223,Er4 Cr4 O12,Cr Er O ,Pnma,62,2,5.223,5.516,7.519,90.0,90.0,90.0,True,ABX3,Ortorombik
1008159_18,11223,Er4 Cr4 O12,Cr Er O ,Pnma,62,2,5.223,5.516,7.519,90.0,90.0,90.0,True,ABX3,Ortorombik
1008159_19,11223,Er4 Cr4 O12,Cr Er O ,Pnma,62,2,5.223,5.516,7.519,90.0,90.0,90.0,True,ABX3,Ortorombik
1008159_20,11223,Er4 Cr4 O12,Cr Er O ,Pnma,62,2,5.223,5.516,7.519,90.0,90.0,90.0,True,ABX3,Ortorombik
1008159_21,11223,Er4 Cr4 O12,Cr Er O ,Pnma,62,2,5.223,5.516,7.519,90.0,90.0,90.0,True,ABX3,Ortorombik
1008159_22,11223,Er4 Cr4 O12,Cr Er O ,Pnma,62,2,5.223,5.516,7.519,90.0,90.0,90.0,True,ABX3,Ortorombik
1008159_23,11223,Er4 Cr4 O12,Cr Er O ,Pnma,62,2,5.223,5.516,7.519,90.0,90.0,90.0,True,ABX3,Ortorombik
1008159_24,11223,Er4 Cr4 O12,Cr Er O ,Pnma,62,2,5.223,5.516,7.519,90.0,90.0,90.0,True,ABX3,Ortorombik
9002250_1,11259,Ca12 Si12 O36,Ca O Si ,C2/c,15,5,11.8322,6.8624,10.5297,90.0,111.245,90.0,True,ABX3,Monoklinik
9002250_2,11259,Ca12 Si12 O36,Ca O Si ,C2/c,15,5,11.8322,6.8624,10.5297,90.0,111.245,90.0,True,ABX3,Monoklinik
9002250_3,11259,Ca12 Si12 O36,Ca O Si ,C2/c,15,5,11.8322,6.8624,10.5297,90.0,111.245,90.0,True,ABX3,Monoklinik
9002250_4,11259,Ca12 Si12 O36,Ca O Si ,C2/c,15,5,11.8322,6.8624,10.5297,90.0,111.245,90.0,True,ABX3,Monoklinik
9002250_5,11259,Ca12 Si12 O36,Ca O Si ,C2/c,15,5,11.8322,6.8624,10.5297,90.0,111.245,90.0,True,ABX3,Monoklinik
9002250_6,11259,Ca12 Si12 O36,Ca O Si ,C2/c,15,5,11.8322,6.8624,10.5297,90.0,111.245,90.0,True,ABX3,Monoklinik
9002250_7,11259,Ca12 Si12 O36,Ca O Si ,C2/c,15,5,11.8322,6.8624,10.5297,90.0,111.245,90.0,True,ABX3,Monoklinik
9002250_8,11259,Ca12 Si12 O36,Ca O Si ,C2/c,15,5,11.8322,6.8624,10.5297,90.0,111.245,90.0,True,ABX3,Monoklinik
9002250_9,11259,Ca12 Si12 O36,Ca O Si ,C2/c,15,5,11.8322,6.8624,10.5297,90.0,111.245,90.0,True,ABX3,Monoklinik
9002250_10,11259,Ca12 Si12 O36,Ca O Si ,C2/c,15,5,11.8322,6.8624,10.5297,90.0,111.245,90.0,True,ABX3,Monoklinik
9002250_11,11259,Ca12 Si12 O36,Ca O Si ,C2/c,15,5,11.8322,6.8624,10.5297,90.0,111.245,90.0,True,ABX3,Monoklinik
9002250_12,11259,Ca12 Si12 O36,Ca O Si ,C2/c,15,5,11.8322,6.8624,10.5297,90.0,111.245,90.0,True,ABX3,Monoklinik
9002250_13,11259,Ca12 Si12 O36,Ca O Si ,C2/c,15,5,11.8322,6.8624,10.5297,90.0,111.245,90.0,True,ABX3,Monoklinik
9002250_14,11259,Ca12 Si12 O36,Ca O Si ,C2/c,15,5,11.8322,6.8624,10.5297,90.0,111.245,90.0,True,ABX3,Monoklinik
9002250_15,11259,Ca12 Si12 O36,Ca O Si ,C2/c,15,5,11.8322,6.8624,10.5297,90.0,111.245,90.0,True,ABX3,Monoklinik
9002250_16,11259,Ca12 Si12 O36,Ca O Si ,C2/c,15,5,11.8322,6.8624,10.5297,90.0,111.245,90.0,True,ABX3,Monoklinik
9002250_17,11259,Ca12 Si12 O36,Ca O Si ,C2/c,15,5,11.8322,6.8624,10.5297,90.0,111.245,90.0,True,ABX3,Monoklinik
9002250_18,11259,Ca12 Si12 O36,Ca O Si ,C2/c,15,5,11.8322,6.8624,10.5297,90.0,111.245,90.0,True,ABX3,Monoklinik
9002250_19,11259,Ca12 Si12 O36,Ca O Si ,C2/c,15,5,11.8322,6.8624,10.5297,90.0,111.245,90.0,True,ABX3,Monoklinik
9002250_20,11259,Ca12 Si12 O36,Ca O Si ,C2/c,15,5,11.8322,6.8624,10.5297,90.0,111.245,90.0,True,ABX3,Monoklinik
9002250_21,11259,Ca12 Si12 O36,Ca O Si ,C2/c,15,5,11.8322,6.8624,10.5297,90.0,111.245,90.0,True,ABX3,Monoklinik
9002250_22,11259,Ca12 Si12 O36,Ca O Si ,C2/c,15,5,11.8322,6.8624,10.5297,90.0,111.245,90.0,True,ABX3,Monoklinik
9002250_23,11259,Ca12 Si12 O36,Ca O Si ,C2/c,15,5,11.8322,6.8624,10.5297,90.0,111.245,90.0,True,ABX3,Monoklinik
9002250_24,11259,Ca12 Si12 O36,Ca O Si ,C2/c,15,5,11.8322,6.8624,10.5297,90.0,111.245,90.0,True,ABX3,Monoklinik
1521170_1,11267,Sr16 Fe16 O46,Fe O Sr ,I4/mmm,139,1,10.929,10.929,7.698,90.0,90.0,90.0,True,ABX3,Tetragonal
1521170_2,11267,Sr16 Fe16 O46,Fe O Sr ,I4/mmm,139,1,10.929,10.929,7.698,90.0,90.0,90.0,True,ABX3,Tetragonal
1521170_3,11267,Sr16 Fe16 O46,Fe O Sr ,I4/mmm,139,1,10.929,10.929,7.698,90.0,90.0,90.0,True,ABX3,Tetragonal
1521170_4,11267,Sr16 Fe16 O46,Fe O Sr ,I4/mmm,139,1,10.929,10.929,7.698,90.0,90.0,90.0,True,ABX3,Tetragonal
1521170_5,11267,Sr16 Fe16 O46,Fe O Sr ,I4/mmm,139,1,10.929,10.929,7.698,90.0,90.0,90.0,True,ABX3,Tetragonal
1521170_6,11267,Sr16 Fe16 O46,Fe O Sr ,I4/mmm,139,1,10.929,10.929,7.698,90.0,90.0,90.0,True,ABX3,Tetragonal
1521170_7,11267,Sr16 Fe16 O46,Fe O Sr ,I4/mmm,139,1,10.929,10.929,7.698,90.0,90.0,90.0,True,ABX3,Tetragonal
1521170_8,11267,Sr16 Fe16 O46,Fe O Sr ,I4/mmm,139,1,10.929,10.929,7.698,90.0,90.0,90.0,True,ABX3,Tetragonal
1521170_9,11267,Sr16 Fe16 O46,Fe O Sr ,I4/mmm,139,1,10.929,10.929,7.698,90.0,90.0,90.0,True,ABX3,Tetragonal
1521170_10,11267,Sr16 Fe16 O46,Fe O Sr ,I4/mmm,139,1,10.929,10.929,7.698,90.0,90.0,90.0,True,ABX3,Tetragonal
1521170_11,11267,Sr16 Fe16 O46,Fe O Sr ,I4/mmm,139,1,10.929,10.929,7.698,90.0,90.0,90.0,True,ABX3,Tetragonal
1521170_12,11267,Sr16 Fe16 O46,Fe O Sr ,I4/mmm,139,1,10.929,10.929,7.698,90.0,90.0,90.0,True,ABX3,Tetragonal
1521170_13,11267,Sr16 Fe16 O46,Fe O Sr ,I4/mmm,139,1,10.929,10.929,7.698,90.0,90.0,90.0,True,ABX3,Tetragonal
1521170_14,11267,Sr16 Fe16 O46,Fe O Sr ,I4/mmm,139,1,10.929,10.929,7.698,90.0,90.0,90.0,True,ABX3,Tetragonal
1521170_15,11267,Sr16 Fe16 O46,Fe O Sr ,I4/mmm,139,1,10.929,10.929,7.698,90.0,90.0,90.0,True,ABX3,Tetragonal
1521170_16,11267,Sr16 Fe16 O46,Fe O Sr ,I4/mmm,139,1,10.929,10.929,7.698,90.0,90.0,90.0,True,ABX3,Tetragonal
1521170_17,11267,Sr16 Fe16 O46,Fe O Sr ,I4/mmm,139,1,10.929,10.929,7.698,90.0,90.0,90.0,True,ABX3,Tetragonal
1521170_18,11267,Sr16 Fe16 O46,Fe O Sr ,I4/mmm,139,1,10.929,10.929,7.698,90.0,90.0,90.0,True,ABX3,Tetragonal
1521170_19,11267,Sr16 Fe16 O46,Fe O Sr ,I4/mmm,139,1,10.929,10.929,7.698,90.0,90.0,90.0,True,ABX3,Tetragonal
1521170_20,11267,Sr16 Fe16 O46,Fe O Sr ,I4/mmm,139,1,10.929,10.929,7.698,90.0,90.0,90.0,True,ABX3,Tetragonal
1521170_21,11267,Sr16 Fe16 O46,Fe O Sr ,I4/mmm,139,1,10.929,10.929,7.698,90.0,90.0,90.0,True,ABX3,Tetragonal
1521170_22,11267,Sr16 Fe16 O46,Fe O Sr ,I4/mmm,139,1,10.929,10.929,7.698,90.0,90.0,90.0,True,ABX3,Tetragonal
1521170_23,11267,Sr16 Fe16 O46,Fe O Sr ,I4/mmm,139,1,10.929,10.929,7.698,90.0,90.0,90.0,True,ABX3,Tetragonal
1521170_24,11267,Sr16 Fe16 O46,Fe O Sr ,I4/mmm,139,1,10.929,10.929,7.698,90.0,90.0,90.0,True,ABX3,Tetragonal
4002472_1,11514,Ba64 Co56 O168,Ba Co O ,Fdd2,43,2,11.48,19.89,17.46,90.0,90.0,90.0,True,ABX3,Ortorombik
4002472_2,11514,Ba64 Co56 O168,Ba Co O ,Fdd2,43,2,11.48,19.89,17.46,90.0,90.0,90.0,True,ABX3,Ortorombik
4002472_3,11514,Ba64 Co56 O168,Ba Co O ,Fdd2,43,2,11.48,19.89,17.46,90.0,90.0,90.0,True,ABX3,Ortorombik
4002472_4,11514,Ba64 Co56 O168,Ba Co O ,Fdd2,43,2,11.48,19.89,17.46,90.0,90.0,90.0,True,ABX3,Ortorombik
4002472_5,11514,Ba64 Co56 O168,Ba Co O ,Fdd2,43,2,11.48,19.89,17.46,90.0,90.0,90.0,True,ABX3,Ortorombik
4002472_6,11514,Ba64 Co56 O168,Ba Co O ,Fdd2,43,2,11.48,19.89,17.46,90.0,90.0,90.0,True,ABX3,Ortorombik
4002472_7,11514,Ba64 Co56 O168,Ba Co O ,Fdd2,43,2,11.48,19.89,17.46,90.0,90.0,90.0,True,ABX3,Ortorombik
4002472_8,11514,Ba64 Co56 O168,Ba Co O ,Fdd2,43,2,11.48,19.89,17.46,90.0,90.0,90.0,True,ABX3,Ortorombik
4002472_9,11514,Ba64 Co56 O168,Ba Co O ,Fdd2,43,2,11.48,19.89,17.46,90.0,90.0,90.0,True,ABX3,Ortorombik
4002472_10,11514,Ba64 Co56 O168,Ba Co O ,Fdd2,43,2,11.48,19.89,17.46,90.0,90.0,90.0,True,ABX3,Ortorombik
4002472_11,11514,Ba64 Co56 O168,Ba Co O ,Fdd2,43,2,11.48,19.89,17.46,90.0,90.0,90.0,True,ABX3,Ortorombik
4002472_12,11514,Ba64 Co56 O168,Ba Co O ,Fdd2,43,2,11.48,19.89,17.46,90.0,90.0,90.0,True,ABX3,Ortorombik
4002472_13,11514,Ba64 Co56 O168,Ba Co O ,Fdd2,43,2,11.48,19.89,17.46,90.0,90.0,90.0,True,ABX3,Ortorombik
4002472_14,11514,Ba64 Co56 O168,Ba Co O ,Fdd2,43,2,11.48,19.89,17.46,90.0,90.0,90.0,True,ABX3,Ortorombik
4002472_15,11514,Ba64 Co56 O168,Ba Co O ,Fdd2,43,2,11.48,19.89,17.46,90.0,90.0,90.0,True,ABX3,Ortorombik
4002472_16,11514,Ba64 Co56 O168,Ba Co O ,Fdd2,43,2,11.48,19.89,17.46,90.0,90.0,90.0,True,ABX3,Ortorombik
4002472_17,11514,Ba64 Co56 O168,Ba Co O ,Fdd2,43,2,11.48,19.89,17.46,90.0,90.0,90.0,True,ABX3,Ortorombik
4002472_18,11514,Ba64 Co56 O168,Ba Co O ,Fdd2,43,2,11.48,19.89,17.46,90.0,90.0,90.0,True,ABX3,Ortorombik
4002472_19,11514,Ba64 Co56 O168,Ba Co O ,Fdd2,43,2,11.48,19.89,17.46,90.0,90.0,90.0,True,ABX3,Ortorombik
4002472_20,11514,Ba64 Co56 O168,Ba Co O ,Fdd2,43,2,11.48,19.89,17.46,90.0,90.0,90.0,True,ABX3,Ortorombik
4002472_21,11514,Ba64 Co56 O168,Ba Co O ,Fdd2,43,2,11.48,19.89,17.46,90.0,90.0,90.0,True,ABX3,Ortorombik
4002472_22,11514,Ba64 Co56 O168,Ba Co O ,Fdd2,43,2,11.48,19.89,17.46,90.0,90.0,90.0,True,ABX3,Ortorombik
4002472_23,11514,Ba64 Co56 O168,Ba Co O ,Fdd2,43,2,11.48,19.89,17.46,90.0,90.0,90.0,True,ABX3,Ortorombik
4002472_24,11514,Ba64 Co56 O168,Ba Co O ,Fdd2,43,2,11.48,19.89,17.46,90.0,90.0,90.0,True,ABX3,Ortorombik
1010122_1,11661,Cs1 Cd1 Br3,Br Cd Cs ,Pm-3m,221,0,5.33,5.33,5.33,90.0,90.0,90.0,True,ABX3,Kubik
1010122_2,11661,Cs1 Cd1 Br3,Br Cd Cs ,Pm-3m,221,0,5.33,5.33,5.33,90.0,90.0,90.0,True,ABX3,Kubik
1010122_3,11661,Cs1 Cd1 Br3,Br Cd Cs ,Pm-3m,221,0,5.33,5.33,5.33,90.0,90.0,90.0,True,ABX3,Kubik
1010122_4,11661,Cs1 Cd1 Br3,Br Cd Cs ,Pm-3m,221,0,5.33,5.33,5.33,90.0,90.0,90.0,True,ABX3,Kubik
1010122_5,11661,Cs1 Cd1 Br3,Br Cd Cs ,Pm-3m,221,0,5.33,5.33,5.33,90.0,90.0,90.0,True,ABX3,Kubik
1010122_6,11661,Cs1 Cd1 Br3,Br Cd Cs ,Pm-3m,221,0,5.33,5.33,5.33,90.0,90.0,90.0,True,ABX3,Kubik
1010122_7,11661,Cs1 Cd1 Br3,Br Cd Cs ,Pm-3m,221,0,5.33,5.33,5.33,90.0,90.0,90.0,True,ABX3,Kubik
1010122_8,11661,Cs1 Cd1 Br3,Br Cd Cs ,Pm-3m,221,0,5.33,5.33,5.33,90.0,90.0,90.0,True,ABX3,Kubik
1010122_9,11661,Cs1 Cd1 Br3,Br Cd Cs ,Pm-3m,221,0,5.33,5.33,5.33,90.0,90.0,90.0,True,ABX3,Kubik
1010122_10,11661,Cs1 Cd1 Br3,Br Cd Cs ,Pm-3m,221,0,5.33,5.33,5.33,90.0,90.0,90.0,True,ABX3,Kubik
1010122_11,11661,Cs1 Cd1 Br3,Br Cd Cs ,Pm-3m,221,0,5.33,5.33,5.33,90.0,90.0,90.0,True,ABX3,Kubik
1010122_12,11661,Cs1 Cd1 Br3,Br Cd Cs ,Pm-3m,221,0,5.33,5.33,5.33,90.0,90.0,90.0,True,ABX3,Kubik
1010122_13,11661,Cs1 Cd1 Br3,Br Cd Cs ,Pm-3m,221,0,5.33,5.33,5.33,90.0,90.0,90.0,True,ABX3,Kubik
1010122_14,11661,Cs1 Cd1 Br3,Br Cd Cs ,Pm-3m,221,0,5.33,5.33,5.33,90.0,90.0,90.0,True,ABX3,Kubik
1010122_15,11661,Cs1 Cd1 Br3,Br Cd Cs ,Pm-3m,221,0,5.33,5.33,5.33,90.0,90.0,90.0,True,ABX3,Kubik
1010122_16,11661,Cs1 Cd1 Br3,Br Cd Cs ,Pm-3m,221,0,5.33,5.33,5.33,90.0,90.0,90.0,True,ABX3,Kubik
1010122_17,11661,Cs1 Cd1 Br3,Br Cd Cs ,Pm-3m,221,0,5.33,5.33,5.33,90.0,90.0,90.0,True,ABX3,Kubik
1010122_18,11661,Cs1 Cd1 Br3,Br Cd Cs ,Pm-3m,221,0,5.33,5.33,5.33,90.0,90.0,90.0,True,ABX3,Kubik
1010122_19,11661,Cs1 Cd1 Br3,Br Cd Cs ,Pm-3m,221,0,5.33,5.33,5.33,90.0,90.0,90.0,True,ABX3,Kubik
1010122_20,11661,Cs1 Cd1 Br3,Br Cd Cs ,Pm-3m,221,0,5.33,5.33,5.33,90.0,90.0,90.0,True,ABX3,Kubik
1010122_21,11661,Cs1 Cd1 Br3,Br Cd Cs ,Pm-3m,221,0,5.33,5.33,5.33,90.0,90.0,90.0,True,ABX3,Kubik
1010122_22,11661,Cs1 Cd1 Br3,Br Cd Cs ,Pm-3m,221,0,5.33,5.33,5.33,90.0,90.0,90.0,True,ABX3,Kubik
1010122_23,11661,Cs1 Cd1 Br3,Br Cd Cs ,Pm-3m,221,0,5.33,5.33,5.33,90.0,90.0,90.0,True,ABX3,Kubik
1010122_24,11661,Cs1 Cd1 Br3,Br Cd Cs ,Pm-3m,221,0,5.33,5.33,5.33,90.0,90.0,90.0,True,ABX3,Kubik
1510212_1,11812,La4 Au4 O12,Au La O ,Pbcm,57,2,4.0335,13.073,5.6952,90.0,90.0,90.0,True,ABX3,Ortorombik
1510212_2,11812,La4 Au4 O12,Au La O ,Pbcm,57,2,4.0335,13.073,5.6952,90.0,90.0,90.0,True,ABX3,Ortorombik
1510212_3,11812,La4 Au4 O12,Au La O ,Pbcm,57,2,4.0335,13.073,5.6952,90.0,90.0,90.0,True,ABX3,Ortorombik
1510212_4,11812,La4 Au4 O12,Au La O ,Pbcm,57,2,4.0335,13.073,5.6952,90.0,90.0,90.0,True,ABX3,Ortorombik
1510212_5,11812,La4 Au4 O12,Au La O ,Pbcm,57,2,4.0335,13.073,5.6952,90.0,90.0,90.0,True,ABX3,Ortorombik
1510212_6,11812,La4 Au4 O12,Au La O ,Pbcm,57,2,4.0335,13.073,5.6952,90.0,90.0,90.0,True,ABX3,Ortorombik
1510212_7,11812,La4 Au4 O12,Au La O ,Pbcm,57,2,4.0335,13.073,5.6952,90.0,90.0,90.0,True,ABX3,Ortorombik
1510212_8,11812,La4 Au4 O12,Au La O ,Pbcm,57,2,4.0335,13.073,5.6952,90.0,90.0,90.0,True,ABX3,Ortorombik
1510212_9,11812,La4 Au4 O12,Au La O ,Pbcm,57,2,4.0335,13.073,5.6952,90.0,90.0,90.0,True,ABX3,Ortorombik
1510212_10,11812,La4 Au4 O12,Au La O ,Pbcm,57,2,4.0335,13.073,5.6952,90.0,90.0,90.0,True,ABX3,Ortorombik
1510212_11,11812,La4 Au4 O12,Au La O ,Pbcm,57,2,4.0335,13.073,5.6952,90.0,90.0,90.0,True,ABX3,Ortorombik
1510212_12,11812,La4 Au4 O12,Au La O ,Pbcm,57,2,4.0335,13.073,5.6952,90.0,90.0,90.0,True,ABX3,Ortorombik
1510212_13,11812,La4 Au4 O12,Au La O ,Pbcm,57,2,4.0335,13.073,5.6952,90.0,90.0,90.0,True,ABX3,Ortorombik
1510212_14,11812,La4 Au4 O12,Au La O ,Pbcm,57,2,4.0335,13.073,5.6952,90.0,90.0,90.0,True,ABX3,Ortorombik
1510212_15,11812,La4 Au4 O12,Au La O ,Pbcm,57,2,4.0335,13.073,5.6952,90.0,90.0,90.0,True,ABX3,Ortorombik
1510212_16,11812,La4 Au4 O12,Au La O ,Pbcm,57,2,4.0335,13.073,5.6952,90.0,90.0,90.0,True,ABX3,Ortorombik
1510212_17,11812,La4 Au4 O12,Au La O ,Pbcm,57,2,4.0335,13.073,5.6952,90.0,90.0,90.0,True,ABX3,Ortorombik
1510212_18,11812,La4 Au4 O12,Au La O ,Pbcm,57,2,4.0335,13.073,5.6952,90.0,90.0,90.0,True,ABX3,Ortorombik
1510212_19,11812,La4 Au4 O12,Au La O ,Pbcm,57,2,4.0335,13.073,5.6952,90.0,90.0,90.0,True,ABX3,Ortorombik
1510212_20,11812,La4 Au4 O12,Au La O ,Pbcm,57,2,4.0335,13.073,5.6952,90.0,90.0,90.0,True,ABX3,Ortorombik
1510212_21,11812,La4 Au4 O12,Au La O ,Pbcm,57,2,4.0335,13.073,5.6952,90.0,90.0,90.0,True,ABX3,Ortorombik
1510212_22,11812,La4 Au4 O12,Au La O ,Pbcm,57,2,4.0335,13.073,5.6952,90.0,90.0,90.0,True,ABX3,Ortorombik
1510212_23,11812,La4 Au4 O12,Au La O ,Pbcm,57,2,4.0335,13.073,5.6952,90.0,90.0,90.0,True,ABX3,Ortorombik
1510212_24,11812,La4 Au4 O12,Au La O ,Pbcm,57,2,4.0335,13.073,5.6952,90.0,90.0,90.0,True,ABX3,Ortorombik
4124863_1,11963,Pr1 Cr1 O3,Cr O Pr ,Pm-3m,221,0,3.89,3.89,3.89,90.0,90.0,90.0,True,ABX3,Kubik
4124863_2,11963,Pr1 Cr1 O3,Cr O Pr ,Pm-3m,221,0,3.89,3.89,3.89,90.0,90.0,90.0,True,ABX3,Kubik
4124863_3,11963,Pr1 Cr1 O3,Cr O Pr ,Pm-3m,221,0,3.89,3.89,3.89,90.0,90.0,90.0,True,ABX3,Kubik
4124863_4,11963,Pr1 Cr1 O3,Cr O Pr ,Pm-3m,221,0,3.89,3.89,3.89,90.0,90.0,90.0,True,ABX3,Kubik
4124863_5,11963,Pr1 Cr1 O3,Cr O Pr ,Pm-3m,221,0,3.89,3.89,3.89,90.0,90.0,90.0,True,ABX3,Kubik
4124863_6,11963,Pr1 Cr1 O3,Cr O Pr ,Pm-3m,221,0,3.89,3.89,3.89,90.0,90.0,90.0,True,ABX3,Kubik
4124863_7,11963,Pr1 Cr1 O3,Cr O Pr ,Pm-3m,221,0,3.89,3.89,3.89,90.0,90.0,90.0,True,ABX3,Kubik
4124863_8,11963,Pr1 Cr1 O3,Cr O Pr ,Pm-3m,221,0,3.89,3.89,3.89,90.0,90.0,90.0,True,ABX3,Kubik
4124863_9,11963,Pr1 Cr1 O3,Cr O Pr ,Pm-3m,221,0,3.89,3.89,3.89,90.0,90.0,90.0,True,ABX3,Kubik
4124863_10,11963,Pr1 Cr1 O3,Cr O Pr ,Pm-3m,221,0,3.89,3.89,3.89,90.0,90.0,90.0,True,ABX3,Kubik
4124863_11,11963,Pr1 Cr1 O3,Cr O Pr ,Pm-3m,221,0,3.89,3.89,3.89,90.0,90.0,90.0,True,ABX3,Kubik
4124863_12,11963,Pr1 Cr1 O3,Cr O Pr ,Pm-3m,221,0,3.89,3.89,3.89,90.0,90.0,90.0,True,ABX3,Kubik
4124863_13,11963,Pr1 Cr1 O3,Cr O Pr ,Pm-3m,221,0,3.89,3.89,3.89,90.0,90.0,90.0,True,ABX3,Kubik
4124863_14,11963,Pr1 Cr1 O3,Cr O Pr ,Pm-3m,221,0,3.89,3.89,3.89,90.0,90.0,90.0,True,ABX3,Kubik
4124863_15,11963,Pr1 Cr1 O3,Cr O Pr ,Pm-3m,221,0,3.89,3.89,3.89,90.0,90.0,90.0,True,ABX3,Kubik
4124863_16,11963,Pr1 Cr1 O3,Cr O Pr ,Pm-3m,221,0,3.89,3.89,3.89,90.0,90.0,90.0,True,ABX3,Kubik
4124863_17,11963,Pr1 Cr1 O3,Cr O Pr ,Pm-3m,221,0,3.89,3.89,3.89,90.0,90.0,90.0,True,ABX3,Kubik
4124863_18,11963,Pr1 Cr1 O3,Cr O Pr ,Pm-3m,221,0,3.89,3.89,3.89,90.0,90.0,90.0,True,ABX3,Kubik
4124863_19,11963,Pr1 Cr1 O3,Cr O Pr ,Pm-3m,221,0,3.89,3.89,3.89,90.0,90.0,90.0,True,ABX3,Kubik
4124863_20,11963,Pr1 Cr1 O3,Cr O Pr ,Pm-3m,221,0,3.89,3.89,3.89,90.0,90.0,90.0,True,ABX3,Kubik
4124863_21,11963,Pr1 Cr1 O3,Cr O Pr ,Pm-3m,221,0,3.89,3.89,3.89,90.0,90.0,90.0,True,ABX3,Kubik
4124863_22,11963,Pr1 Cr1 O3,Cr O Pr ,Pm-3m,221,0,3.89,3.89,3.89,90.0,90.0,90.0,True,ABX3,Kubik
4124863_23,11963,Pr1 Cr1 O3,Cr O Pr ,Pm-3m,221,0,3.89,3.89,3.89,90.0,90.0,90.0,True,ABX3,Kubik
4124863_24,11963,Pr1 Cr1 O3,Cr O Pr ,Pm-3m,221,0,3.89,3.89,3.89,90.0,90.0,90.0,True,ABX3,Kubik
4331673_1,11982,Ba24 Sn28 S80,Ba S Sn ,C2/c,15,5,24.519,6.355,23.109,90.0,90.101,90.0,True,ABX3,Monoklinik
4331673_2,11982,Ba24 Sn28 S80,Ba S Sn ,C2/c,15,5,24.519,6.355,23.109,90.0,90.101,90.0,True,ABX3,Monoklinik
4331673_3,11982,Ba24 Sn28 S80,Ba S Sn ,C2/c,15,5,24.519,6.355,23.109,90.0,90.101,90.0,True,ABX3,Monoklinik
4331673_4,11982,Ba24 Sn28 S80,Ba S Sn ,C2/c,15,5,24.519,6.355,23.109,90.0,90.101,90.0,True,ABX3,Monoklinik
4331673_5,11982,Ba24 Sn28 S80,Ba S Sn ,C2/c,15,5,24.519,6.355,23.109,90.0,90.101,90.0,True,ABX3,Monoklinik
4331673_6,11982,Ba24 Sn28 S80,Ba S Sn ,C2/c,15,5,24.519,6.355,23.109,90.0,90.101,90.0,True,ABX3,Monoklinik
4331673_7,11982,Ba24 Sn28 S80,Ba S Sn ,C2/c,15,5,24.519,6.355,23.109,90.0,90.101,90.0,True,ABX3,Monoklinik
4331673_8,11982,Ba24 Sn28 S80,Ba S Sn ,C2/c,15,5,24.519,6.355,23.109,90.0,90.101,90.0,True,ABX3,Monoklinik
4331673_9,11982,Ba24 Sn28 S80,Ba S Sn ,C2/c,15,5,24.519,6.355,23.109,90.0,90.101,90.0,True,ABX3,Monoklinik
4331673_10,11982,Ba24 Sn28 S80,Ba S Sn ,C2/c,15,5,24.519,6.355,23.109,90.0,90.101,90.0,True,ABX3,Monoklinik
4331673_11,11982,Ba24 Sn28 S80,Ba S Sn ,C2/c,15,5,24.519,6.355,23.109,90.0,90.101,90.0,True,ABX3,Monoklinik
4331673_12,11982,Ba24 Sn28 S80,Ba S Sn ,C2/c,15,5,24.519,6.355,23.109,90.0,90.101,90.0,True,ABX3,Monoklinik
4331673_13,11982,Ba24 Sn28 S80,Ba S Sn ,C2/c,15,5,24.519,6.355,23.109,90.0,90.101,90.0,True,ABX3,Monoklinik
4331673_14,11982,Ba24 Sn28 S80,Ba S Sn ,C2/c,15,5,24.519,6.355,23.109,90.0,90.101,90.0,True,ABX3,Monoklinik
4331673_15,11982,Ba24 Sn28 S80,Ba S Sn ,C2/c,15,5,24.519,6.355,23.109,90.0,90.101,90.0,True,ABX3,Monoklinik
4331673_16,11982,Ba24 Sn28 S80,Ba S Sn ,C2/c,15,5,24.519,6.355,23.109,90.0,90.101,90.0,True,ABX3,Monoklinik
4331673_17,11982,Ba24 Sn28 S80,Ba S Sn ,C2/c,15,5,24.519,6.355,23.109,90.0,90.101,90.0,True,ABX3,Monoklinik
4331673_18,11982,Ba24 Sn28 S80,Ba S Sn ,C2/c,15,5,24.519,6.355,23.109,90.0,90.101,90.0,True,ABX3,Monoklinik
4331673_19,11982,Ba24 Sn28 S80,Ba S Sn ,C2/c,15,5,24.519,6.355,23.109,90.0,90.101,90.0,True,ABX3,Monoklinik
4331673_20,11982,Ba24 Sn28 S80,Ba S Sn ,C2/c,15,5,24.519,6.355,23.109,90.0,90.101,90.0,True,ABX3,Monoklinik
4331673_21,11982,Ba24 Sn28 S80,Ba S Sn ,C2/c,15,5,24.519,6.355,23.109,90.0,90.101,90.0,True,ABX3,Monoklinik
4331673_22,11982,Ba24 Sn28 S80,Ba S Sn ,C2/c,15,5,24.519,6.355,23.109,90.0,90.101,90.0,True,ABX3,Monoklinik
4331673_23,11982,Ba24 Sn28 S80,Ba S Sn ,C2/c,15,5,24.519,6.355,23.109,90.0,90.101,90.0,True,ABX3,Monoklinik
4331673_24,11982,Ba24 Sn28 S80,Ba S Sn ,C2/c,15,5,24.519,6.355,23.109,90.0,90.101,90.0,True,ABX3,Monoklinik
7221381_1,12136,Tl4 Pb4 I12,I Pb Tl ,Cmcm,63,2,4.625,14.885,11.857,90.0,90.0,90.0,True,ABX3,Ortorombik
7221381_2,12136,Tl4 Pb4 I12,I Pb Tl ,Cmcm,63,2,4.625,14.885,11.857,90.0,90.0,90.0,True,ABX3,Ortorombik
7221381_3,12136,Tl4 Pb4 I12,I Pb Tl ,Cmcm,63,2,4.625,14.885,11.857,90.0,90.0,90.0,True,ABX3,Ortorombik
7221381_4,12136,Tl4 Pb4 I12,I Pb Tl ,Cmcm,63,2,4.625,14.885,11.857,90.0,90.0,90.0,True,ABX3,Ortorombik
7221381_5,12136,Tl4 Pb4 I12,I Pb Tl ,Cmcm,63,2,4.625,14.885,11.857,90.0,90.0,90.0,True,ABX3,Ortorombik
7221381_6,12136,Tl4 Pb4 I12,I Pb Tl ,Cmcm,63,2,4.625,14.885,11.857,90.0,90.0,90.0,True,ABX3,Ortorombik
7221381_7,12136,Tl4 Pb4 I12,I Pb Tl ,Cmcm,63,2,4.625,14.885,11.857,90.0,90.0,90.0,True,ABX3,Ortorombik
7221381_8,12136,Tl4 Pb4 I12,I Pb Tl ,Cmcm,63,2,4.625,14.885,11.857,90.0,90.0,90.0,True,ABX3,Ortorombik
7221381_9,12136,Tl4 Pb4 I12,I Pb Tl ,Cmcm,63,2,4.625,14.885,11.857,90.0,90.0,90.0,True,ABX3,Ortorombik
7221381_10,12136,Tl4 Pb4 I12,I Pb Tl ,Cmcm,63,2,4.625,14.885,11.857,90.0,90.0,90.0,True,ABX3,Ortorombik
7221381_11,12136,Tl4 Pb4 I12,I Pb Tl ,Cmcm,63,2,4.625,14.885,11.857,90.0,90.0,90.0,True,ABX3,Ortorombik
7221381_12,12136,Tl4 Pb4 I12,I Pb Tl ,Cmcm,63,2,4.625,14.885,11.857,90.0,90.0,90.0,True,ABX3,Ortorombik
7221381_13,12136,Tl4 Pb4 I12,I Pb Tl ,Cmcm,63,2,4.625,14.885,11.857,90.0,90.0,90.0,True,ABX3,Ortorombik
7221381_14,12136,Tl4 Pb4 I12,I Pb Tl ,Cmcm,63,2,4.625,14.885,11.857,90.0,90.0,90.0,True,ABX3,Ortorombik
7221381_15,12136,Tl4 Pb4 I12,I Pb Tl ,Cmcm,63,2,4.625,14.885,11.857,90.0,90.0,90.0,True,ABX3,Ortorombik
7221381_16,12136,Tl4 Pb4 I12,I Pb Tl ,Cmcm,63,2,4.625,14.885,11.857,90.0,90.0,90.0,True,ABX3,Ortorombik
7221381_17,12136,Tl4 Pb4 I12,I Pb Tl ,Cmcm,63,2,4.625,14.885,11.857,90.0,90.0,90.0,True,ABX3,Ortorombik
7221381_18,12136,Tl4 Pb4 I12,I Pb Tl ,Cmcm,63,2,4.625,14.885,11.857,90.0,90.0,90.0,True,ABX3,Ortorombik
7221381_19,12136,Tl4 Pb4 I12,I Pb Tl ,Cmcm,63,2,4.625,14.885,11.857,90.0,90.0,90.0,True,ABX3,Ortorombik
7221381_20,12136,Tl4 Pb4 I12,I Pb Tl ,Cmcm,63,2,4.625,14.885,11.857,90.0,90.0,90.0,True,ABX3,Ortorombik
7221381_21,12136,Tl4 Pb4 I12,I Pb Tl ,Cmcm,63,2,4.625,14.885,11.857,90.0,90.0,90.0,True,ABX3,Ortorombik
7221381_22,12136,Tl4 Pb4 I12,I Pb Tl ,Cmcm,63,2,4.625,14.885,11.857,90.0,90.0,90.0,True,ABX3,Ortorombik
7221381_23,12136,Tl4 Pb4 I12,I Pb Tl ,Cmcm,63,2,4.625,14.885,11.857,90.0,90.0,90.0,True,ABX3,Ortorombik
7221381_24,12136,Tl4 Pb4 I12,I Pb Tl ,Cmcm,63,2,4.625,14.885,11.857,90.0,90.0,90.0,True,ABX3,Ortorombik
1561954_1,12166,Nd4 Mn4 O11.6004,Mn Nd O ,Pnma,62,2,5.6392,7.8384,5.5155,90.0,90.0,90.0,True,ABX3,Ortorombik
1561954_2,12166,Nd4 Mn4 O11.6004,Mn Nd O ,Pnma,62,2,5.6392,7.8384,5.5155,90.0,90.0,90.0,True,ABX3,Ortorombik
1561954_3,12166,Nd4 Mn4 O11.6004,Mn Nd O ,Pnma,62,2,5.6392,7.8384,5.5155,90.0,90.0,90.0,True,ABX3,Ortorombik
1561954_4,12166,Nd4 Mn4 O11.6004,Mn Nd O ,Pnma,62,2,5.6392,7.8384,5.5155,90.0,90.0,90.0,True,ABX3,Ortorombik
1561954_5,12166,Nd4 Mn4 O11.6004,Mn Nd O ,Pnma,62,2,5.6392,7.8384,5.5155,90.0,90.0,90.0,True,ABX3,Ortorombik
1561954_6,12166,Nd4 Mn4 O11.6004,Mn Nd O ,Pnma,62,2,5.6392,7.8384,5.5155,90.0,90.0,90.0,True,ABX3,Ortorombik
1561954_7,12166,Nd4 Mn4 O11.6004,Mn Nd O ,Pnma,62,2,5.6392,7.8384,5.5155,90.0,90.0,90.0,True,ABX3,Ortorombik
1561954_8,12166,Nd4 Mn4 O11.6004,Mn Nd O ,Pnma,62,2,5.6392,7.8384,5.5155,90.0,90.0,90.0,True,ABX3,Ortorombik
1561954_9,12166,Nd4 Mn4 O11.6004,Mn Nd O ,Pnma,62,2,5.6392,7.8384,5.5155,90.0,90.0,90.0,True,ABX3,Ortorombik
1561954_10,12166,Nd4 Mn4 O11.6004,Mn Nd O ,Pnma,62,2,5.6392,7.8384,5.5155,90.0,90.0,90.0,True,ABX3,Ortorombik
1561954_11,12166,Nd4 Mn4 O11.6004,Mn Nd O ,Pnma,62,2,5.6392,7.8384,5.5155,90.0,90.0,90.0,True,ABX3,Ortorombik
1561954_12,12166,Nd4 Mn4 O11.6004,Mn Nd O ,Pnma,62,2,5.6392,7.8384,5.5155,90.0,90.0,90.0,True,ABX3,Ortorombik
1561954_13,12166,Nd4 Mn4 O11.6004,Mn Nd O ,Pnma,62,2,5.6392,7.8384,5.5155,90.0,90.0,90.0,True,ABX3,Ortorombik
1561954_14,12166,Nd4 Mn4 O11.6004,Mn Nd O ,Pnma,62,2,5.6392,7.8384,5.5155,90.0,90.0,90.0,True,ABX3,Ortorombik
1561954_15,12166,Nd4 Mn4 O11.6004,Mn Nd O ,Pnma,62,2,5.6392,7.8384,5.5155,90.0,90.0,90.0,True,ABX3,Ortorombik
1561954_16,12166,Nd4 Mn4 O11.6004,Mn Nd O ,Pnma,62,2,5.6392,7.8384,5.5155,90.0,90.0,90.0,True,ABX3,Ortorombik
1561954_17,12166,Nd4 Mn4 O11.6004,Mn Nd O ,Pnma,62,2,5.6392,7.8384,5.5155,90.0,90.0,90.0,True,ABX3,Ortorombik
1561954_18,12166,Nd4 Mn4 O11.6004,Mn Nd O ,Pnma,62,2,5.6392,7.8384,5.5155,90.0,90.0,90.0,True,ABX3,Ortorombik
1561954_19,12166,Nd4 Mn4 O11.6004,Mn Nd O ,Pnma,62,2,5.6392,7.8384,5.5155,90.0,90.0,90.0,True,ABX3,Ortorombik
1561954_20,12166,Nd4 Mn4 O11.6004,Mn Nd O ,Pnma,62,2,5.6392,7.8384,5.5155,90.0,90.0,90.0,True,ABX3,Ortorombik
1561954_21,12166,Nd4 Mn4 O11.6004,Mn Nd O ,Pnma,62,2,5.6392,7.8384,5.5155,90.0,90.0,90.0,True,ABX3,Ortorombik
1561954_22,12166,Nd4 Mn4 O11.6004,Mn Nd O ,Pnma,62,2,5.6392,7.8384,5.5155,90.0,90.0,90.0,True,ABX3,Ortorombik
1561954_23,12166,Nd4 Mn4 O11.6004,Mn Nd O ,Pnma,62,2,5.6392,7.8384,5.5155,90.0,90.0,90.0,True,ABX3,Ortorombik
1561954_24,12166,Nd4 Mn4 O11.6004,Mn Nd O ,Pnma,62,2,5.6392,7.8384,5.5155,90.0,90.0,90.0,True,ABX3,Ortorombik
4302108_1,12234,Ba12 Ir12 O36,Ba Ir O ,C2/c,15,5,5.745900000000001,9.9289,14.3433,90.0,91.34,90.0,True,ABX3,Monoklinik
4302108_2,12234,Ba12 Ir12 O36,Ba Ir O ,C2/c,15,5,5.745900000000001,9.9289,14.3433,90.0,91.34,90.0,True,ABX3,Monoklinik
4302108_3,12234,Ba12 Ir12 O36,Ba Ir O ,C2/c,15,5,5.745900000000001,9.9289,14.3433,90.0,91.34,90.0,True,ABX3,Monoklinik
4302108_4,12234,Ba12 Ir12 O36,Ba Ir O ,C2/c,15,5,5.745900000000001,9.9289,14.3433,90.0,91.34,90.0,True,ABX3,Monoklinik
4302108_5,12234,Ba12 Ir12 O36,Ba Ir O ,C2/c,15,5,5.745900000000001,9.9289,14.3433,90.0,91.34,90.0,True,ABX3,Monoklinik
4302108_6,12234,Ba12 Ir12 O36,Ba Ir O ,C2/c,15,5,5.745900000000001,9.9289,14.3433,90.0,91.34,90.0,True,ABX3,Monoklinik
4302108_7,12234,Ba12 Ir12 O36,Ba Ir O ,C2/c,15,5,5.745900000000001,9.9289,14.3433,90.0,91.34,90.0,True,ABX3,Monoklinik
4302108_8,12234,Ba12 Ir12 O36,Ba Ir O ,C2/c,15,5,5.745900000000001,9.9289,14.3433,90.0,91.34,90.0,True,ABX3,Monoklinik
4302108_9,12234,Ba12 Ir12 O36,Ba Ir O ,C2/c,15,5,5.745900000000001,9.9289,14.3433,90.0,91.34,90.0,True,ABX3,Monoklinik
4302108_10,12234,Ba12 Ir12 O36,Ba Ir O ,C2/c,15,5,5.745900000000001,9.9289,14.3433,90.0,91.34,90.0,True,ABX3,Monoklinik
4302108_11,12234,Ba12 Ir12 O36,Ba Ir O ,C2/c,15,5,5.745900000000001,9.9289,14.3433,90.0,91.34,90.0,True,ABX3,Monoklinik
4302108_12,12234,Ba12 Ir12 O36,Ba Ir O ,C2/c,15,5,5.745900000000001,9.9289,14.3433,90.0,91.34,90.0,True,ABX3,Monoklinik
4302108_13,12234,Ba12 Ir12 O36,Ba Ir O ,C2/c,15,5,5.745900000000001,9.9289,14.3433,90.0,91.34,90.0,True,ABX3,Monoklinik
4302108_14,12234,Ba12 Ir12 O36,Ba Ir O ,C2/c,15,5,5.745900000000001,9.9289,14.3433,90.0,91.34,90.0,True,ABX3,Monoklinik
4302108_15,12234,Ba12 Ir12 O36,Ba Ir O ,C2/c,15,5,5.745900000000001,9.9289,14.3433,90.0,91.34,90.0,True,ABX3,Monoklinik
4302108_16,12234,Ba12 Ir12 O36,Ba Ir O ,C2/c,15,5,5.745900000000001,9.9289,14.3433,90.0,91.34,90.0,True,ABX3,Monoklinik
4302108_17,12234,Ba12 Ir12 O36,Ba Ir O ,C2/c,15,5,5.745900000000001,9.9289,14.3433,90.0,91.34,90.0,True,ABX3,Monoklinik
4302108_18,12234,Ba12 Ir12 O36,Ba Ir O ,C2/c,15,5,5.745900000000001,9.9289,14.3433,90.0,91.34,90.0,True,ABX3,Monoklinik
4302108_19,12234,Ba12 Ir12 O36,Ba Ir O ,C2/c,15,5,5.745900000000001,9.9289,14.3433,90.0,91.34,90.0,True,ABX3,Monoklinik
4302108_20,12234,Ba12 Ir12 O36,Ba Ir O ,C2/c,15,5,5.745900000000001,9.9289,14.3433,90.0,91.34,90.0,True,ABX3,Monoklinik
4302108_21,12234,Ba12 Ir12 O36,Ba Ir O ,C2/c,15,5,5.745900000000001,9.9289,14.3433,90.0,91.34,90.0,True,ABX3,Monoklinik
4302108_22,12234,Ba12 Ir12 O36,Ba Ir O ,C2/c,15,5,5.745900000000001,9.9289,14.3433,90.0,91.34,90.0,True,ABX3,Monoklinik
4302108_23,12234,Ba12 Ir12 O36,Ba Ir O ,C2/c,15,5,5.745900000000001,9.9289,14.3433,90.0,91.34,90.0,True,ABX3,Monoklinik
4302108_24,12234,Ba12 Ir12 O36,Ba Ir O ,C2/c,15,5,5.745900000000001,9.9289,14.3433,90.0,91.34,90.0,True,ABX3,Monoklinik
4002868_1,12288,Cs16 Ge16 Se48,Cs Ge Se ,Pna2_1,33,2,15.193,13.944,12.845,90.0,90.0,90.0,True,ABX3,Ortorombik
4002868_2,12288,Cs16 Ge16 Se48,Cs Ge Se ,Pna2_1,33,2,15.193,13.944,12.845,90.0,90.0,90.0,True,ABX3,Ortorombik
4002868_3,12288,Cs16 Ge16 Se48,Cs Ge Se ,Pna2_1,33,2,15.193,13.944,12.845,90.0,90.0,90.0,True,ABX3,Ortorombik
4002868_4,12288,Cs16 Ge16 Se48,Cs Ge Se ,Pna2_1,33,2,15.193,13.944,12.845,90.0,90.0,90.0,True,ABX3,Ortorombik
4002868_5,12288,Cs16 Ge16 Se48,Cs Ge Se ,Pna2_1,33,2,15.193,13.944,12.845,90.0,90.0,90.0,True,ABX3,Ortorombik
4002868_6,12288,Cs16 Ge16 Se48,Cs Ge Se ,Pna2_1,33,2,15.193,13.944,12.845,90.0,90.0,90.0,True,ABX3,Ortorombik
4002868_7,12288,Cs16 Ge16 Se48,Cs Ge Se ,Pna2_1,33,2,15.193,13.944,12.845,90.0,90.0,90.0,True,ABX3,Ortorombik
4002868_8,12288,Cs16 Ge16 Se48,Cs Ge Se ,Pna2_1,33,2,15.193,13.944,12.845,90.0,90.0,90.0,True,ABX3,Ortorombik
4002868_9,12288,Cs16 Ge16 Se48,Cs Ge Se ,Pna2_1,33,2,15.193,13.944,12.845,90.0,90.0,90.0,True,ABX3,Ortorombik
4002868_10,12288,Cs16 Ge16 Se48,Cs Ge Se ,Pna2_1,33,2,15.193,13.944,12.845,90.0,90.0,90.0,True,ABX3,Ortorombik
4002868_11,12288,Cs16 Ge16 Se48,Cs Ge Se ,Pna2_1,33,2,15.193,13.944,12.845,90.0,90.0,90.0,True,ABX3,Ortorombik
4002868_12,12288,Cs16 Ge16 Se48,Cs Ge Se ,Pna2_1,33,2,15.193,13.944,12.845,90.0,90.0,90.0,True,ABX3,Ortorombik
4002868_13,12288,Cs16 Ge16 Se48,Cs Ge Se ,Pna2_1,33,2,15.193,13.944,12.845,90.0,90.0,90.0,True,ABX3,Ortorombik
4002868_14,12288,Cs16 Ge16 Se48,Cs Ge Se ,Pna2_1,33,2,15.193,13.944,12.845,90.0,90.0,90.0,True,ABX3,Ortorombik
4002868_15,12288,Cs16 Ge16 Se48,Cs Ge Se ,Pna2_1,33,2,15.193,13.944,12.845,90.0,90.0,90.0,True,ABX3,Ortorombik
4002868_16,12288,Cs16 Ge16 Se48,Cs Ge Se ,Pna2_1,33,2,15.193,13.944,12.845,90.0,90.0,90.0,True,ABX3,Ortorombik
4002868_17,12288,Cs16 Ge16 Se48,Cs Ge Se ,Pna2_1,33,2,15.193,13.944,12.845,90.0,90.0,90.0,True,ABX3,Ortorombik
4002868_18,12288,Cs16 Ge16 Se48,Cs Ge Se ,Pna2_1,33,2,15.193,13.944,12.845,90.0,90.0,90.0,True,ABX3,Ortorombik
4002868_19,12288,Cs16 Ge16 Se48,Cs Ge Se ,Pna2_1,33,2,15.193,13.944,12.845,90.0,90.0,90.0,True,ABX3,Ortorombik
4002868_20,12288,Cs16 Ge16 Se48,Cs Ge Se ,Pna2_1,33,2,15.193,13.944,12.845,90.0,90.0,90.0,True,ABX3,Ortorombik
4002868_21,12288,Cs16 Ge16 Se48,Cs Ge Se ,Pna2_1,33,2,15.193,13.944,12.845,90.0,90.0,90.0,True,ABX3,Ortorombik
4002868_22,12288,Cs16 Ge16 Se48,Cs Ge Se ,Pna2_1,33,2,15.193,13.944,12.845,90.0,90.0,90.0,True,ABX3,Ortorombik
4002868_23,12288,Cs16 Ge16 Se48,Cs Ge Se ,Pna2_1,33,2,15.193,13.944,12.845,90.0,90.0,90.0,True,ABX3,Ortorombik
4002868_24,12288,Cs16 Ge16 Se48,Cs Ge Se ,Pna2_1,33,2,15.193,13.944,12.845,90.0,90.0,90.0,True,ABX3,Ortorombik
4344528_1,12298,Rb1 V1 F3,F Rb V ,Pm-3m,221,0,4.182,4.182,4.182,90.0,90.0,90.0,True,ABX3,Kubik
4344528_2,12298,Rb1 V1 F3,F Rb V ,Pm-3m,221,0,4.182,4.182,4.182,90.0,90.0,90.0,True,ABX3,Kubik
4344528_3,12298,Rb1 V1 F3,F Rb V ,Pm-3m,221,0,4.182,4.182,4.182,90.0,90.0,90.0,True,ABX3,Kubik
4344528_4,12298,Rb1 V1 F3,F Rb V ,Pm-3m,221,0,4.182,4.182,4.182,90.0,90.0,90.0,True,ABX3,Kubik
4344528_5,12298,Rb1 V1 F3,F Rb V ,Pm-3m,221,0,4.182,4.182,4.182,90.0,90.0,90.0,True,ABX3,Kubik
4344528_6,12298,Rb1 V1 F3,F Rb V ,Pm-3m,221,0,4.182,4.182,4.182,90.0,90.0,90.0,True,ABX3,Kubik
4344528_7,12298,Rb1 V1 F3,F Rb V ,Pm-3m,221,0,4.182,4.182,4.182,90.0,90.0,90.0,True,ABX3,Kubik
4344528_8,12298,Rb1 V1 F3,F Rb V ,Pm-3m,221,0,4.182,4.182,4.182,90.0,90.0,90.0,True,ABX3,Kubik
4344528_9,12298,Rb1 V1 F3,F Rb V ,Pm-3m,221,0,4.182,4.182,4.182,90.0,90.0,90.0,True,ABX3,Kubik
4344528_10,12298,Rb1 V1 F3,F Rb V ,Pm-3m,221,0,4.182,4.182,4.182,90.0,90.0,90.0,True,ABX3,Kubik
4344528_11,12298,Rb1 V1 F3,F Rb V ,Pm-3m,221,0,4.182,4.182,4.182,90.0,90.0,90.0,True,ABX3,Kubik
4344528_12,12298,Rb1 V1 F3,F Rb V ,Pm-3m,221,0,4.182,4.182,4.182,90.0,90.0,90.0,True,ABX3,Kubik
4344528_13,12298,Rb1 V1 F3,F Rb V ,Pm-3m,221,0,4.182,4.182,4.182,90.0,90.0,90.0,True,ABX3,Kubik
4344528_14,12298,Rb1 V1 F3,F Rb V ,Pm-3m,221,0,4.182,4.182,4.182,90.0,90.0,90.0,True,ABX3,Kubik
4344528_15,12298,Rb1 V1 F3,F Rb V ,Pm-3m,221,0,4.182,4.182,4.182,90.0,90.0,90.0,True,ABX3,Kubik
4344528_16,12298,Rb1 V1 F3,F Rb V ,Pm-3m,221,0,4.182,4.182,4.182,90.0,90.0,90.0,True,ABX3,Kubik
4344528_17,12298,Rb1 V1 F3,F Rb V ,Pm-3m,221,0,4.182,4.182,4.182,90.0,90.0,90.0,True,ABX3,Kubik
4344528_18,12298,Rb1 V1 F3,F Rb V ,Pm-3m,221,0,4.182,4.182,4.182,90.0,90.0,90.0,True,ABX3,Kubik
4344528_19,12298,Rb1 V1 F3,F Rb V ,Pm-3m,221,0,4.182,4.182,4.182,90.0,90.0,90.0,True,ABX3,Kubik
4344528_20,12298,Rb1 V1 F3,F Rb V ,Pm-3m,221,0,4.182,4.182,4.182,90.0,90.0,90.0,True,ABX3,Kubik
4344528_21,12298,Rb1 V1 F3,F Rb V ,Pm-3m,221,0,4.182,4.182,4.182,90.0,90.0,90.0,True,ABX3,Kubik
4344528_22,12298,Rb1 V1 F3,F Rb V ,Pm-3m,221,0,4.182,4.182,4.182,90.0,90.0,90.0,True,ABX3,Kubik
4344528_23,12298,Rb1 V1 F3,F Rb V ,Pm-3m,221,0,4.182,4.182,4.182,90.0,90.0,90.0,True,ABX3,Kubik
4344528_24,12298,Rb1 V1 F3,F Rb V ,Pm-3m,221,0,4.182,4.182,4.182,90.0,90.0,90.0,True,ABX3,Kubik
1010567_1,12314,Rb4 Cd4 Cl12,Cd Cl Rb ,Pnma,62,2,9.01,14.93,4.01,90.0,90.0,90.0,True,ABX3,Ortorombik
1010567_2,12314,Rb4 Cd4 Cl12,Cd Cl Rb ,Pnma,62,2,9.01,14.93,4.01,90.0,90.0,90.0,True,ABX3,Ortorombik
1010567_3,12314,Rb4 Cd4 Cl12,Cd Cl Rb ,Pnma,62,2,9.01,14.93,4.01,90.0,90.0,90.0,True,ABX3,Ortorombik
1010567_4,12314,Rb4 Cd4 Cl12,Cd Cl Rb ,Pnma,62,2,9.01,14.93,4.01,90.0,90.0,90.0,True,ABX3,Ortorombik
1010567_5,12314,Rb4 Cd4 Cl12,Cd Cl Rb ,Pnma,62,2,9.01,14.93,4.01,90.0,90.0,90.0,True,ABX3,Ortorombik
1010567_6,12314,Rb4 Cd4 Cl12,Cd Cl Rb ,Pnma,62,2,9.01,14.93,4.01,90.0,90.0,90.0,True,ABX3,Ortorombik
1010567_7,12314,Rb4 Cd4 Cl12,Cd Cl Rb ,Pnma,62,2,9.01,14.93,4.01,90.0,90.0,90.0,True,ABX3,Ortorombik
1010567_8,12314,Rb4 Cd4 Cl12,Cd Cl Rb ,Pnma,62,2,9.01,14.93,4.01,90.0,90.0,90.0,True,ABX3,Ortorombik
1010567_9,12314,Rb4 Cd4 Cl12,Cd Cl Rb ,Pnma,62,2,9.01,14.93,4.01,90.0,90.0,90.0,True,ABX3,Ortorombik
1010567_10,12314,Rb4 Cd4 Cl12,Cd Cl Rb ,Pnma,62,2,9.01,14.93,4.01,90.0,90.0,90.0,True,ABX3,Ortorombik
1010567_11,12314,Rb4 Cd4 Cl12,Cd Cl Rb ,Pnma,62,2,9.01,14.93,4.01,90.0,90.0,90.0,True,ABX3,Ortorombik
1010567_12,12314,Rb4 Cd4 Cl12,Cd Cl Rb ,Pnma,62,2,9.01,14.93,4.01,90.0,90.0,90.0,True,ABX3,Ortorombik
1010567_13,12314,Rb4 Cd4 Cl12,Cd Cl Rb ,Pnma,62,2,9.01,14.93,4.01,90.0,90.0,90.0,True,ABX3,Ortorombik
1010567_14,12314,Rb4 Cd4 Cl12,Cd Cl Rb ,Pnma,62,2,9.01,14.93,4.01,90.0,90.0,90.0,True,ABX3,Ortorombik
1010567_15,12314,Rb4 Cd4 Cl12,Cd Cl Rb ,Pnma,62,2,9.01,14.93,4.01,90.0,90.0,90.0,True,ABX3,Ortorombik
1010567_16,12314,Rb4 Cd4 Cl12,Cd Cl Rb ,Pnma,62,2,9.01,14.93,4.01,90.0,90.0,90.0,True,ABX3,Ortorombik
1010567_17,12314,Rb4 Cd4 Cl12,Cd Cl Rb ,Pnma,62,2,9.01,14.93,4.01,90.0,90.0,90.0,True,ABX3,Ortorombik
1010567_18,12314,Rb4 Cd4 Cl12,Cd Cl Rb ,Pnma,62,2,9.01,14.93,4.01,90.0,90.0,90.0,True,ABX3,Ortorombik
1010567_19,12314,Rb4 Cd4 Cl12,Cd Cl Rb ,Pnma,62,2,9.01,14.93,4.01,90.0,90.0,90.0,True,ABX3,Ortorombik
1010567_20,12314,Rb4 Cd4 Cl12,Cd Cl Rb ,Pnma,62,2,9.01,14.93,4.01,90.0,90.0,90.0,True,ABX3,Ortorombik
1010567_21,12314,Rb4 Cd4 Cl12,Cd Cl Rb ,Pnma,62,2,9.01,14.93,4.01,90.0,90.0,90.0,True,ABX3,Ortorombik
1010567_22,12314,Rb4 Cd4 Cl12,Cd Cl Rb ,Pnma,62,2,9.01,14.93,4.01,90.0,90.0,90.0,True,ABX3,Ortorombik
1010567_23,12314,Rb4 Cd4 Cl12,Cd Cl Rb ,Pnma,62,2,9.01,14.93,4.01,90.0,90.0,90.0,True,ABX3,Ortorombik
1010567_24,12314,Rb4 Cd4 Cl12,Cd Cl Rb ,Pnma,62,2,9.01,14.93,4.01,90.0,90.0,90.0,True,ABX3,Ortorombik
4318006_1,12384,Er16 Mo16 O44,Er Mo O ,Pbam,55,2,10.627,15.7629,5.6396,90.0,90.0,90.0,True,ABX3,Ortorombik
4318006_2,12384,Er16 Mo16 O44,Er Mo O ,Pbam,55,2,10.627,15.7629,5.6396,90.0,90.0,90.0,True,ABX3,Ortorombik
4318006_3,12384,Er16 Mo16 O44,Er Mo O ,Pbam,55,2,10.627,15.7629,5.6396,90.0,90.0,90.0,True,ABX3,Ortorombik
4318006_4,12384,Er16 Mo16 O44,Er Mo O ,Pbam,55,2,10.627,15.7629,5.6396,90.0,90.0,90.0,True,ABX3,Ortorombik
4318006_5,12384,Er16 Mo16 O44,Er Mo O ,Pbam,55,2,10.627,15.7629,5.6396,90.0,90.0,90.0,True,ABX3,Ortorombik
4318006_6,12384,Er16 Mo16 O44,Er Mo O ,Pbam,55,2,10.627,15.7629,5.6396,90.0,90.0,90.0,True,ABX3,Ortorombik
4318006_7,12384,Er16 Mo16 O44,Er Mo O ,Pbam,55,2,10.627,15.7629,5.6396,90.0,90.0,90.0,True,ABX3,Ortorombik
4318006_8,12384,Er16 Mo16 O44,Er Mo O ,Pbam,55,2,10.627,15.7629,5.6396,90.0,90.0,90.0,True,ABX3,Ortorombik
4318006_9,12384,Er16 Mo16 O44,Er Mo O ,Pbam,55,2,10.627,15.7629,5.6396,90.0,90.0,90.0,True,ABX3,Ortorombik
4318006_10,12384,Er16 Mo16 O44,Er Mo O ,Pbam,55,2,10.627,15.7629,5.6396,90.0,90.0,90.0,True,ABX3,Ortorombik
4318006_11,12384,Er16 Mo16 O44,Er Mo O ,Pbam,55,2,10.627,15.7629,5.6396,90.0,90.0,90.0,True,ABX3,Ortorombik
4318006_12,12384,Er16 Mo16 O44,Er Mo O ,Pbam,55,2,10.627,15.7629,5.6396,90.0,90.0,90.0,True,ABX3,Ortorombik
4318006_13,12384,Er16 Mo16 O44,Er Mo O ,Pbam,55,2,10.627,15.7629,5.6396,90.0,90.0,90.0,True,ABX3,Ortorombik
4318006_14,12384,Er16 Mo16 O44,Er Mo O ,Pbam,55,2,10.627,15.7629,5.6396,90.0,90.0,90.0,True,ABX3,Ortorombik
4318006_15,12384,Er16 Mo16 O44,Er Mo O ,Pbam,55,2,10.627,15.7629,5.6396,90.0,90.0,90.0,True,ABX3,Ortorombik
4318006_16,12384,Er16 Mo16 O44,Er Mo O ,Pbam,55,2,10.627,15.7629,5.6396,90.0,90.0,90.0,True,ABX3,Ortorombik
4318006_17,12384,Er16 Mo16 O44,Er Mo O ,Pbam,55,2,10.627,15.7629,5.6396,90.0,90.0,90.0,True,ABX3,Ortorombik
4318006_18,12384,Er16 Mo16 O44,Er Mo O ,Pbam,55,2,10.627,15.7629,5.6396,90.0,90.0,90.0,True,ABX3,Ortorombik
4318006_19,12384,Er16 Mo16 O44,Er Mo O ,Pbam,55,2,10.627,15.7629,5.6396,90.0,90.0,90.0,True,ABX3,Ortorombik
4318006_20,12384,Er16 Mo16 O44,Er Mo O ,Pbam,55,2,10.627,15.7629,5.6396,90.0,90.0,90.0,True,ABX3,Ortorombik
4318006_21,12384,Er16 Mo16 O44,Er Mo O ,Pbam,55,2,10.627,15.7629,5.6396,90.0,90.0,90.0,True,ABX3,Ortorombik
4318006_22,12384,Er16 Mo16 O44,Er Mo O ,Pbam,55,2,10.627,15.7629,5.6396,90.0,90.0,90.0,True,ABX3,Ortorombik
4318006_23,12384,Er16 Mo16 O44,Er Mo O ,Pbam,55,2,10.627,15.7629,5.6396,90.0,90.0,90.0,True,ABX3,Ortorombik
4318006_24,12384,Er16 Mo16 O44,Er Mo O ,Pbam,55,2,10.627,15.7629,5.6396,90.0,90.0,90.0,True,ABX3,Ortorombik
2107089_1,12401,Yb4 Fe4 O12,Fe O Yb ,Pnma,62,2,5.233,5.557,7.57,90.0,90.0,90.0,True,ABX3,Ortorombik
2107089_2,12401,Yb4 Fe4 O12,Fe O Yb ,Pnma,62,2,5.233,5.557,7.57,90.0,90.0,90.0,True,ABX3,Ortorombik
2107089_3,12401,Yb4 Fe4 O12,Fe O Yb ,Pnma,62,2,5.233,5.557,7.57,90.0,90.0,90.0,True,ABX3,Ortorombik
2107089_4,12401,Yb4 Fe4 O12,Fe O Yb ,Pnma,62,2,5.233,5.557,7.57,90.0,90.0,90.0,True,ABX3,Ortorombik
2107089_5,12401,Yb4 Fe4 O12,Fe O Yb ,Pnma,62,2,5.233,5.557,7.57,90.0,90.0,90.0,True,ABX3,Ortorombik
2107089_6,12401,Yb4 Fe4 O12,Fe O Yb ,Pnma,62,2,5.233,5.557,7.57,90.0,90.0,90.0,True,ABX3,Ortorombik
2107089_7,12401,Yb4 Fe4 O12,Fe O Yb ,Pnma,62,2,5.233,5.557,7.57,90.0,90.0,90.0,True,ABX3,Ortorombik
2107089_8,12401,Yb4 Fe4 O12,Fe O Yb ,Pnma,62,2,5.233,5.557,7.57,90.0,90.0,90.0,True,ABX3,Ortorombik
2107089_9,12401,Yb4 Fe4 O12,Fe O Yb ,Pnma,62,2,5.233,5.557,7.57,90.0,90.0,90.0,True,ABX3,Ortorombik
2107089_10,12401,Yb4 Fe4 O12,Fe O Yb ,Pnma,62,2,5.233,5.557,7.57,90.0,90.0,90.0,True,ABX3,Ortorombik
2107089_11,12401,Yb4 Fe4 O12,Fe O Yb ,Pnma,62,2,5.233,5.557,7.57,90.0,90.0,90.0,True,ABX3,Ortorombik
2107089_12,12401,Yb4 Fe4 O12,Fe O Yb ,Pnma,62,2,5.233,5.557,7.57,90.0,90.0,90.0,True,ABX3,Ortorombik
2107089_13,12401,Yb4 Fe4 O12,Fe O Yb ,Pnma,62,2,5.233,5.557,7.57,90.0,90.0,90.0,True,ABX3,Ortorombik
2107089_14,12401,Yb4 Fe4 O12,Fe O Yb ,Pnma,62,2,5.233,5.557,7.57,90.0,90.0,90.0,True,ABX3,Ortorombik
2107089_15,12401,Yb4 Fe4 O12,Fe O Yb ,Pnma,62,2,5.233,5.557,7.57,90.0,90.0,90.0,True,ABX3,Ortorombik
2107089_16,12401,Yb4 Fe4 O12,Fe O Yb ,Pnma,62,2,5.233,5.557,7.57,90.0,90.0,90.0,True,ABX3,Ortorombik
2107089_17,12401,Yb4 Fe4 O12,Fe O Yb ,Pnma,62,2,5.233,5.557,7.57,90.0,90.0,90.0,True,ABX3,Ortorombik
2107089_18,12401,Yb4 Fe4 O12,Fe O Yb ,Pnma,62,2,5.233,5.557,7.57,90.0,90.0,90.0,True,ABX3,Ortorombik
2107089_19,12401,Yb4 Fe4 O12,Fe O Yb ,Pnma,62,2,5.233,5.557,7.57,90.0,90.0,90.0,True,ABX3,Ortorombik
2107089_20,12401,Yb4 Fe4 O12,Fe O Yb ,Pnma,62,2,5.233,5.557,7.57,90.0,90.0,90.0,True,ABX3,Ortorombik
2107089_21,12401,Yb4 Fe4 O12,Fe O Yb ,Pnma,62,2,5.233,5.557,7.57,90.0,90.0,90.0,True,ABX3,Ortorombik
2107089_22,12401,Yb4 Fe4 O12,Fe O Yb ,Pnma,62,2,5.233,5.557,7.57,90.0,90.0,90.0,True,ABX3,Ortorombik
2107089_23,12401,Yb4 Fe4 O12,Fe O Yb ,Pnma,62,2,5.233,5.557,7.57,90.0,90.0,90.0,True,ABX3,Ortorombik
2107089_24,12401,Yb4 Fe4 O12,Fe O Yb ,Pnma,62,2,5.233,5.557,7.57,90.0,90.0,90.0,True,ABX3,Ortorombik
4124865_1,12446,Sm1 Cr1 O3,Cr O Sm ,Pm-3m,221,0,3.86,3.86,3.86,90.0,90.0,90.0,True,ABX3,Kubik
4124865_2,12446,Sm1 Cr1 O3,Cr O Sm ,Pm-3m,221,0,3.86,3.86,3.86,90.0,90.0,90.0,True,ABX3,Kubik
4124865_3,12446,Sm1 Cr1 O3,Cr O Sm ,Pm-3m,221,0,3.86,3.86,3.86,90.0,90.0,90.0,True,ABX3,Kubik
4124865_4,12446,Sm1 Cr1 O3,Cr O Sm ,Pm-3m,221,0,3.86,3.86,3.86,90.0,90.0,90.0,True,ABX3,Kubik
4124865_5,12446,Sm1 Cr1 O3,Cr O Sm ,Pm-3m,221,0,3.86,3.86,3.86,90.0,90.0,90.0,True,ABX3,Kubik
4124865_6,12446,Sm1 Cr1 O3,Cr O Sm ,Pm-3m,221,0,3.86,3.86,3.86,90.0,90.0,90.0,True,ABX3,Kubik
4124865_7,12446,Sm1 Cr1 O3,Cr O Sm ,Pm-3m,221,0,3.86,3.86,3.86,90.0,90.0,90.0,True,ABX3,Kubik
4124865_8,12446,Sm1 Cr1 O3,Cr O Sm ,Pm-3m,221,0,3.86,3.86,3.86,90.0,90.0,90.0,True,ABX3,Kubik
4124865_9,12446,Sm1 Cr1 O3,Cr O Sm ,Pm-3m,221,0,3.86,3.86,3.86,90.0,90.0,90.0,True,ABX3,Kubik
4124865_10,12446,Sm1 Cr1 O3,Cr O Sm ,Pm-3m,221,0,3.86,3.86,3.86,90.0,90.0,90.0,True,ABX3,Kubik
4124865_11,12446,Sm1 Cr1 O3,Cr O Sm ,Pm-3m,221,0,3.86,3.86,3.86,90.0,90.0,90.0,True,ABX3,Kubik
4124865_12,12446,Sm1 Cr1 O3,Cr O Sm ,Pm-3m,221,0,3.86,3.86,3.86,90.0,90.0,90.0,True,ABX3,Kubik
4124865_13,12446,Sm1 Cr1 O3,Cr O Sm ,Pm-3m,221,0,3.86,3.86,3.86,90.0,90.0,90.0,True,ABX3,Kubik
4124865_14,12446,Sm1 Cr1 O3,Cr O Sm ,Pm-3m,221,0,3.86,3.86,3.86,90.0,90.0,90.0,True,ABX3,Kubik
4124865_15,12446,Sm1 Cr1 O3,Cr O Sm ,Pm-3m,221,0,3.86,3.86,3.86,90.0,90.0,90.0,True,ABX3,Kubik
4124865_16,12446,Sm1 Cr1 O3,Cr O Sm ,Pm-3m,221,0,3.86,3.86,3.86,90.0,90.0,90.0,True,ABX3,Kubik
4124865_17,12446,Sm1 Cr1 O3,Cr O Sm ,Pm-3m,221,0,3.86,3.86,3.86,90.0,90.0,90.0,True,ABX3,Kubik
4124865_18,12446,Sm1 Cr1 O3,Cr O Sm ,Pm-3m,221,0,3.86,3.86,3.86,90.0,90.0,90.0,True,ABX3,Kubik
4124865_19,12446,Sm1 Cr1 O3,Cr O Sm ,Pm-3m,221,0,3.86,3.86,3.86,90.0,90.0,90.0,True,ABX3,Kubik
4124865_20,12446,Sm1 Cr1 O3,Cr O Sm ,Pm-3m,221,0,3.86,3.86,3.86,90.0,90.0,90.0,True,ABX3,Kubik
4124865_21,12446,Sm1 Cr1 O3,Cr O Sm ,Pm-3m,221,0,3.86,3.86,3.86,90.0,90.0,90.0,True,ABX3,Kubik
4124865_22,12446,Sm1 Cr1 O3,Cr O Sm ,Pm-3m,221,0,3.86,3.86,3.86,90.0,90.0,90.0,True,ABX3,Kubik
4124865_23,12446,Sm1 Cr1 O3,Cr O Sm ,Pm-3m,221,0,3.86,3.86,3.86,90.0,90.0,90.0,True,ABX3,Kubik
4124865_24,12446,Sm1 Cr1 O3,Cr O Sm ,Pm-3m,221,0,3.86,3.86,3.86,90.0,90.0,90.0,True,ABX3,Kubik
1533536_1,12501,K4 Cu4 F12,Cu F K ,I4/mcm,140,1,5.8633,5.8633,7.847,90.0,90.0,90.0,True,ABX3,Tetragonal
1533536_2,12501,K4 Cu4 F12,Cu F K ,I4/mcm,140,1,5.8633,5.8633,7.847,90.0,90.0,90.0,True,ABX3,Tetragonal
1533536_3,12501,K4 Cu4 F12,Cu F K ,I4/mcm,140,1,5.8633,5.8633,7.847,90.0,90.0,90.0,True,ABX3,Tetragonal
1533536_4,12501,K4 Cu4 F12,Cu F K ,I4/mcm,140,1,5.8633,5.8633,7.847,90.0,90.0,90.0,True,ABX3,Tetragonal
1533536_5,12501,K4 Cu4 F12,Cu F K ,I4/mcm,140,1,5.8633,5.8633,7.847,90.0,90.0,90.0,True,ABX3,Tetragonal
1533536_6,12501,K4 Cu4 F12,Cu F K ,I4/mcm,140,1,5.8633,5.8633,7.847,90.0,90.0,90.0,True,ABX3,Tetragonal
1533536_7,12501,K4 Cu4 F12,Cu F K ,I4/mcm,140,1,5.8633,5.8633,7.847,90.0,90.0,90.0,True,ABX3,Tetragonal
1533536_8,12501,K4 Cu4 F12,Cu F K ,I4/mcm,140,1,5.8633,5.8633,7.847,90.0,90.0,90.0,True,ABX3,Tetragonal
1533536_9,12501,K4 Cu4 F12,Cu F K ,I4/mcm,140,1,5.8633,5.8633,7.847,90.0,90.0,90.0,True,ABX3,Tetragonal
1533536_10,12501,K4 Cu4 F12,Cu F K ,I4/mcm,140,1,5.8633,5.8633,7.847,90.0,90.0,90.0,True,ABX3,Tetragonal
1533536_11,12501,K4 Cu4 F12,Cu F K ,I4/mcm,140,1,5.8633,5.8633,7.847,90.0,90.0,90.0,True,ABX3,Tetragonal
1533536_12,12501,K4 Cu4 F12,Cu F K ,I4/mcm,140,1,5.8633,5.8633,7.847,90.0,90.0,90.0,True,ABX3,Tetragonal
1533536_13,12501,K4 Cu4 F12,Cu F K ,I4/mcm,140,1,5.8633,5.8633,7.847,90.0,90.0,90.0,True,ABX3,Tetragonal
1533536_14,12501,K4 Cu4 F12,Cu F K ,I4/mcm,140,1,5.8633,5.8633,7.847,90.0,90.0,90.0,True,ABX3,Tetragonal
1533536_15,12501,K4 Cu4 F12,Cu F K ,I4/mcm,140,1,5.8633,5.8633,7.847,90.0,90.0,90.0,True,ABX3,Tetragonal
1533536_16,12501,K4 Cu4 F12,Cu F K ,I4/mcm,140,1,5.8633,5.8633,7.847,90.0,90.0,90.0,True,ABX3,Tetragonal
1533536_17,12501,K4 Cu4 F12,Cu F K ,I4/mcm,140,1,5.8633,5.8633,7.847,90.0,90.0,90.0,True,ABX3,Tetragonal
1533536_18,12501,K4 Cu4 F12,Cu F K ,I4/mcm,140,1,5.8633,5.8633,7.847,90.0,90.0,90.0,True,ABX3,Tetragonal
1533536_19,12501,K4 Cu4 F12,Cu F K ,I4/mcm,140,1,5.8633,5.8633,7.847,90.0,90.0,90.0,True,ABX3,Tetragonal
1533536_20,12501,K4 Cu4 F12,Cu F K ,I4/mcm,140,1,5.8633,5.8633,7.847,90.0,90.0,90.0,True,ABX3,Tetragonal
1533536_21,12501,K4 Cu4 F12,Cu F K ,I4/mcm,140,1,5.8633,5.8633,7.847,90.0,90.0,90.0,True,ABX3,Tetragonal
1533536_22,12501,K4 Cu4 F12,Cu F K ,I4/mcm,140,1,5.8633,5.8633,7.847,90.0,90.0,90.0,True,ABX3,Tetragonal
1533536_23,12501,K4 Cu4 F12,Cu F K ,I4/mcm,140,1,5.8633,5.8633,7.847,90.0,90.0,90.0,True,ABX3,Tetragonal
1533536_24,12501,K4 Cu4 F12,Cu F K ,I4/mcm,140,1,5.8633,5.8633,7.847,90.0,90.0,90.0,True,ABX3,Tetragonal
1000141_1,12643,Li4 Sb4 O12,Li O Sb ,Pnna,52,2,4.9005,8.4892,5.1816,90.0,90.0,90.0,True,ABX3,Ortorombik
1000141_2,12643,Li4 Sb4 O12,Li O Sb ,Pnna,52,2,4.9005,8.4892,5.1816,90.0,90.0,90.0,True,ABX3,Ortorombik
1000141_3,12643,Li4 Sb4 O12,Li O Sb ,Pnna,52,2,4.9005,8.4892,5.1816,90.0,90.0,90.0,True,ABX3,Ortorombik
1000141_4,12643,Li4 Sb4 O12,Li O Sb ,Pnna,52,2,4.9005,8.4892,5.1816,90.0,90.0,90.0,True,ABX3,Ortorombik
1000141_5,12643,Li4 Sb4 O12,Li O Sb ,Pnna,52,2,4.9005,8.4892,5.1816,90.0,90.0,90.0,True,ABX3,Ortorombik
1000141_6,12643,Li4 Sb4 O12,Li O Sb ,Pnna,52,2,4.9005,8.4892,5.1816,90.0,90.0,90.0,True,ABX3,Ortorombik
1000141_7,12643,Li4 Sb4 O12,Li O Sb ,Pnna,52,2,4.9005,8.4892,5.1816,90.0,90.0,90.0,True,ABX3,Ortorombik
1000141_8,12643,Li4 Sb4 O12,Li O Sb ,Pnna,52,2,4.9005,8.4892,5.1816,90.0,90.0,90.0,True,ABX3,Ortorombik
1000141_9,12643,Li4 Sb4 O12,Li O Sb ,Pnna,52,2,4.9005,8.4892,5.1816,90.0,90.0,90.0,True,ABX3,Ortorombik
1000141_10,12643,Li4 Sb4 O12,Li O Sb ,Pnna,52,2,4.9005,8.4892,5.1816,90.0,90.0,90.0,True,ABX3,Ortorombik
1000141_11,12643,Li4 Sb4 O12,Li O Sb ,Pnna,52,2,4.9005,8.4892,5.1816,90.0,90.0,90.0,True,ABX3,Ortorombik
1000141_12,12643,Li4 Sb4 O12,Li O Sb ,Pnna,52,2,4.9005,8.4892,5.1816,90.0,90.0,90.0,True,ABX3,Ortorombik
1000141_13,12643,Li4 Sb4 O12,Li O Sb ,Pnna,52,2,4.9005,8.4892,5.1816,90.0,90.0,90.0,True,ABX3,Ortorombik
1000141_14,12643,Li4 Sb4 O12,Li O Sb ,Pnna,52,2,4.9005,8.4892,5.1816,90.0,90.0,90.0,True,ABX3,Ortorombik
1000141_15,12643,Li4 Sb4 O12,Li O Sb ,Pnna,52,2,4.9005,8.4892,5.1816,90.0,90.0,90.0,True,ABX3,Ortorombik
1000141_16,12643,Li4 Sb4 O12,Li O Sb ,Pnna,52,2,4.9005,8.4892,5.1816,90.0,90.0,90.0,True,ABX3,Ortorombik
1000141_17,12643,Li4 Sb4 O12,Li O Sb ,Pnna,52,2,4.9005,8.4892,5.1816,90.0,90.0,90.0,True,ABX3,Ortorombik
1000141_18,12643,Li4 Sb4 O12,Li O Sb ,Pnna,52,2,4.9005,8.4892,5.1816,90.0,90.0,90.0,True,ABX3,Ortorombik
1000141_19,12643,Li4 Sb4 O12,Li O Sb ,Pnna,52,2,4.9005,8.4892,5.1816,90.0,90.0,90.0,True,ABX3,Ortorombik
1000141_20,12643,Li4 Sb4 O12,Li O Sb ,Pnna,52,2,4.9005,8.4892,5.1816,90.0,90.0,90.0,True,ABX3,Ortorombik
1000141_21,12643,Li4 Sb4 O12,Li O Sb ,Pnna,52,2,4.9005,8.4892,5.1816,90.0,90.0,90.0,True,ABX3,Ortorombik
1000141_22,12643,Li4 Sb4 O12,Li O Sb ,Pnna,52,2,4.9005,8.4892,5.1816,90.0,90.0,90.0,True,ABX3,Ortorombik
1000141_23,12643,Li4 Sb4 O12,Li O Sb ,Pnna,52,2,4.9005,8.4892,5.1816,90.0,90.0,90.0,True,ABX3,Ortorombik
1000141_24,12643,Li4 Sb4 O12,Li O Sb ,Pnna,52,2,4.9005,8.4892,5.1816,90.0,90.0,90.0,True,ABX3,Ortorombik
1526238_1,12649,La3.712 Mn4 O12,La Mn O ,Pnma,62,2,5.5311,5.4943,7.7814,90.0,90.0,90.0,True,ABX3,Ortorombik
1526238_2,12649,La3.712 Mn4 O12,La Mn O ,Pnma,62,2,5.5311,5.4943,7.7814,90.0,90.0,90.0,True,ABX3,Ortorombik
1526238_3,12649,La3.712 Mn4 O12,La Mn O ,Pnma,62,2,5.5311,5.4943,7.7814,90.0,90.0,90.0,True,ABX3,Ortorombik
1526238_4,12649,La3.712 Mn4 O12,La Mn O ,Pnma,62,2,5.5311,5.4943,7.7814,90.0,90.0,90.0,True,ABX3,Ortorombik
1526238_5,12649,La3.712 Mn4 O12,La Mn O ,Pnma,62,2,5.5311,5.4943,7.7814,90.0,90.0,90.0,True,ABX3,Ortorombik
1526238_6,12649,La3.712 Mn4 O12,La Mn O ,Pnma,62,2,5.5311,5.4943,7.7814,90.0,90.0,90.0,True,ABX3,Ortorombik
1526238_7,12649,La3.712 Mn4 O12,La Mn O ,Pnma,62,2,5.5311,5.4943,7.7814,90.0,90.0,90.0,True,ABX3,Ortorombik
1526238_8,12649,La3.712 Mn4 O12,La Mn O ,Pnma,62,2,5.5311,5.4943,7.7814,90.0,90.0,90.0,True,ABX3,Ortorombik
1526238_9,12649,La3.712 Mn4 O12,La Mn O ,Pnma,62,2,5.5311,5.4943,7.7814,90.0,90.0,90.0,True,ABX3,Ortorombik
1526238_10,12649,La3.712 Mn4 O12,La Mn O ,Pnma,62,2,5.5311,5.4943,7.7814,90.0,90.0,90.0,True,ABX3,Ortorombik
1526238_11,12649,La3.712 Mn4 O12,La Mn O ,Pnma,62,2,5.5311,5.4943,7.7814,90.0,90.0,90.0,True,ABX3,Ortorombik
1526238_12,12649,La3.712 Mn4 O12,La Mn O ,Pnma,62,2,5.5311,5.4943,7.7814,90.0,90.0,90.0,True,ABX3,Ortorombik
1526238_13,12649,La3.712 Mn4 O12,La Mn O ,Pnma,62,2,5.5311,5.4943,7.7814,90.0,90.0,90.0,True,ABX3,Ortorombik
1526238_14,12649,La3.712 Mn4 O12,La Mn O ,Pnma,62,2,5.5311,5.4943,7.7814,90.0,90.0,90.0,True,ABX3,Ortorombik
1526238_15,12649,La3.712 Mn4 O12,La Mn O ,Pnma,62,2,5.5311,5.4943,7.7814,90.0,90.0,90.0,True,ABX3,Ortorombik
1526238_16,12649,La3.712 Mn4 O12,La Mn O ,Pnma,62,2,5.5311,5.4943,7.7814,90.0,90.0,90.0,True,ABX3,Ortorombik
1526238_17,12649,La3.712 Mn4 O12,La Mn O ,Pnma,62,2,5.5311,5.4943,7.7814,90.0,90.0,90.0,True,ABX3,Ortorombik
1526238_18,12649,La3.712 Mn4 O12,La Mn O ,Pnma,62,2,5.5311,5.4943,7.7814,90.0,90.0,90.0,True,ABX3,Ortorombik
1526238_19,12649,La3.712 Mn4 O12,La Mn O ,Pnma,62,2,5.5311,5.4943,7.7814,90.0,90.0,90.0,True,ABX3,Ortorombik
1526238_20,12649,La3.712 Mn4 O12,La Mn O ,Pnma,62,2,5.5311,5.4943,7.7814,90.0,90.0,90.0,True,ABX3,Ortorombik
1526238_21,12649,La3.712 Mn4 O12,La Mn O ,Pnma,62,2,5.5311,5.4943,7.7814,90.0,90.0,90.0,True,ABX3,Ortorombik
1526238_22,12649,La3.712 Mn4 O12,La Mn O ,Pnma,62,2,5.5311,5.4943,7.7814,90.0,90.0,90.0,True,ABX3,Ortorombik
1526238_23,12649,La3.712 Mn4 O12,La Mn O ,Pnma,62,2,5.5311,5.4943,7.7814,90.0,90.0,90.0,True,ABX3,Ortorombik
1526238_24,12649,La3.712 Mn4 O12,La Mn O ,Pnma,62,2,5.5311,5.4943,7.7814,90.0,90.0,90.0,True,ABX3,Ortorombik
7221399_1,12672,Pr4 Co4 O12,Co O Pr ,Pnma,62,2,5.377,5.3437,7.578,90.0,90.0,90.0,True,ABX3,Ortorombik
7221399_2,12672,Pr4 Co4 O12,Co O Pr ,Pnma,62,2,5.377,5.3437,7.578,90.0,90.0,90.0,True,ABX3,Ortorombik
7221399_3,12672,Pr4 Co4 O12,Co O Pr ,Pnma,62,2,5.377,5.3437,7.578,90.0,90.0,90.0,True,ABX3,Ortorombik
7221399_4,12672,Pr4 Co4 O12,Co O Pr ,Pnma,62,2,5.377,5.3437,7.578,90.0,90.0,90.0,True,ABX3,Ortorombik
7221399_5,12672,Pr4 Co4 O12,Co O Pr ,Pnma,62,2,5.377,5.3437,7.578,90.0,90.0,90.0,True,ABX3,Ortorombik
7221399_6,12672,Pr4 Co4 O12,Co O Pr ,Pnma,62,2,5.377,5.3437,7.578,90.0,90.0,90.0,True,ABX3,Ortorombik
7221399_7,12672,Pr4 Co4 O12,Co O Pr ,Pnma,62,2,5.377,5.3437,7.578,90.0,90.0,90.0,True,ABX3,Ortorombik
7221399_8,12672,Pr4 Co4 O12,Co O Pr ,Pnma,62,2,5.377,5.3437,7.578,90.0,90.0,90.0,True,ABX3,Ortorombik
7221399_9,12672,Pr4 Co4 O12,Co O Pr ,Pnma,62,2,5.377,5.3437,7.578,90.0,90.0,90.0,True,ABX3,Ortorombik
7221399_10,12672,Pr4 Co4 O12,Co O Pr ,Pnma,62,2,5.377,5.3437,7.578,90.0,90.0,90.0,True,ABX3,Ortorombik
7221399_11,12672,Pr4 Co4 O12,Co O Pr ,Pnma,62,2,5.377,5.3437,7.578,90.0,90.0,90.0,True,ABX3,Ortorombik
7221399_12,12672,Pr4 Co4 O12,Co O Pr ,Pnma,62,2,5.377,5.3437,7.578,90.0,90.0,90.0,True,ABX3,Ortorombik
7221399_13,12672,Pr4 Co4 O12,Co O Pr ,Pnma,62,2,5.377,5.3437,7.578,90.0,90.0,90.0,True,ABX3,Ortorombik
7221399_14,12672,Pr4 Co4 O12,Co O Pr ,Pnma,62,2,5.377,5.3437,7.578,90.0,90.0,90.0,True,ABX3,Ortorombik
7221399_15,12672,Pr4 Co4 O12,Co O Pr ,Pnma,62,2,5.377,5.3437,7.578,90.0,90.0,90.0,True,ABX3,Ortorombik
7221399_16,12672,Pr4 Co4 O12,Co O Pr ,Pnma,62,2,5.377,5.3437,7.578,90.0,90.0,90.0,True,ABX3,Ortorombik
7221399_17,12672,Pr4 Co4 O12,Co O Pr ,Pnma,62,2,5.377,5.3437,7.578,90.0,90.0,90.0,True,ABX3,Ortorombik
7221399_18,12672,Pr4 Co4 O12,Co O Pr ,Pnma,62,2,5.377,5.3437,7.578,90.0,90.0,90.0,True,ABX3,Ortorombik
7221399_19,12672,Pr4 Co4 O12,Co O Pr ,Pnma,62,2,5.377,5.3437,7.578,90.0,90.0,90.0,True,ABX3,Ortorombik
7221399_20,12672,Pr4 Co4 O12,Co O Pr ,Pnma,62,2,5.377,5.3437,7.578,90.0,90.0,90.0,True,ABX3,Ortorombik
7221399_21,12672,Pr4 Co4 O12,Co O Pr ,Pnma,62,2,5.377,5.3437,7.578,90.0,90.0,90.0,True,ABX3,Ortorombik
7221399_22,12672,Pr4 Co4 O12,Co O Pr ,Pnma,62,2,5.377,5.3437,7.578,90.0,90.0,90.0,True,ABX3,Ortorombik
7221399_23,12672,Pr4 Co4 O12,Co O Pr ,Pnma,62,2,5.377,5.3437,7.578,90.0,90.0,90.0,True,ABX3,Ortorombik
7221399_24,12672,Pr4 Co4 O12,Co O Pr ,Pnma,62,2,5.377,5.3437,7.578,90.0,90.0,90.0,True,ABX3,Ortorombik
1521744_1,12704,Sm4 Co4 O12,Co O Sm ,Pnma,62,2,5.2831,5.3502,7.4962,90.0,90.0,90.0,True,ABX3,Ortorombik
1521744_2,12704,Sm4 Co4 O12,Co O Sm ,Pnma,62,2,5.2831,5.3502,7.4962,90.0,90.0,90.0,True,ABX3,Ortorombik
1521744_3,12704,Sm4 Co4 O12,Co O Sm ,Pnma,62,2,5.2831,5.3502,7.4962,90.0,90.0,90.0,True,ABX3,Ortorombik
1521744_4,12704,Sm4 Co4 O12,Co O Sm ,Pnma,62,2,5.2831,5.3502,7.4962,90.0,90.0,90.0,True,ABX3,Ortorombik
1521744_5,12704,Sm4 Co4 O12,Co O Sm ,Pnma,62,2,5.2831,5.3502,7.4962,90.0,90.0,90.0,True,ABX3,Ortorombik
1521744_6,12704,Sm4 Co4 O12,Co O Sm ,Pnma,62,2,5.2831,5.3502,7.4962,90.0,90.0,90.0,True,ABX3,Ortorombik
1521744_7,12704,Sm4 Co4 O12,Co O Sm ,Pnma,62,2,5.2831,5.3502,7.4962,90.0,90.0,90.0,True,ABX3,Ortorombik
1521744_8,12704,Sm4 Co4 O12,Co O Sm ,Pnma,62,2,5.2831,5.3502,7.4962,90.0,90.0,90.0,True,ABX3,Ortorombik
1521744_9,12704,Sm4 Co4 O12,Co O Sm ,Pnma,62,2,5.2831,5.3502,7.4962,90.0,90.0,90.0,True,ABX3,Ortorombik
1521744_10,12704,Sm4 Co4 O12,Co O Sm ,Pnma,62,2,5.2831,5.3502,7.4962,90.0,90.0,90.0,True,ABX3,Ortorombik
1521744_11,12704,Sm4 Co4 O12,Co O Sm ,Pnma,62,2,5.2831,5.3502,7.4962,90.0,90.0,90.0,True,ABX3,Ortorombik
1521744_12,12704,Sm4 Co4 O12,Co O Sm ,Pnma,62,2,5.2831,5.3502,7.4962,90.0,90.0,90.0,True,ABX3,Ortorombik
1521744_13,12704,Sm4 Co4 O12,Co O Sm ,Pnma,62,2,5.2831,5.3502,7.4962,90.0,90.0,90.0,True,ABX3,Ortorombik
1521744_14,12704,Sm4 Co4 O12,Co O Sm ,Pnma,62,2,5.2831,5.3502,7.4962,90.0,90.0,90.0,True,ABX3,Ortorombik
1521744_15,12704,Sm4 Co4 O12,Co O Sm ,Pnma,62,2,5.2831,5.3502,7.4962,90.0,90.0,90.0,True,ABX3,Ortorombik
1521744_16,12704,Sm4 Co4 O12,Co O Sm ,Pnma,62,2,5.2831,5.3502,7.4962,90.0,90.0,90.0,True,ABX3,Ortorombik
1521744_17,12704,Sm4 Co4 O12,Co O Sm ,Pnma,62,2,5.2831,5.3502,7.4962,90.0,90.0,90.0,True,ABX3,Ortorombik
1521744_18,12704,Sm4 Co4 O12,Co O Sm ,Pnma,62,2,5.2831,5.3502,7.4962,90.0,90.0,90.0,True,ABX3,Ortorombik
1521744_19,12704,Sm4 Co4 O12,Co O Sm ,Pnma,62,2,5.2831,5.3502,7.4962,90.0,90.0,90.0,True,ABX3,Ortorombik
1521744_20,12704,Sm4 Co4 O12,Co O Sm ,Pnma,62,2,5.2831,5.3502,7.4962,90.0,90.0,90.0,True,ABX3,Ortorombik
1521744_21,12704,Sm4 Co4 O12,Co O Sm ,Pnma,62,2,5.2831,5.3502,7.4962,90.0,90.0,90.0,True,ABX3,Ortorombik
1521744_22,12704,Sm4 Co4 O12,Co O Sm ,Pnma,62,2,5.2831,5.3502,7.4962,90.0,90.0,90.0,True,ABX3,Ortorombik
1521744_23,12704,Sm4 Co4 O12,Co O Sm ,Pnma,62,2,5.2831,5.3502,7.4962,90.0,90.0,90.0,True,ABX3,Ortorombik
1521744_24,12704,Sm4 Co4 O12,Co O Sm ,Pnma,62,2,5.2831,5.3502,7.4962,90.0,90.0,90.0,True,ABX3,Ortorombik
1530097_1,12746,Li4 Ga4 I12,Ga I Li ,P2_1/m,11,5,8.467,11.372,7.132,90.0,91.77,90.0,True,ABX3,Monoklinik
1530097_2,12746,Li4 Ga4 I12,Ga I Li ,P2_1/m,11,5,8.467,11.372,7.132,90.0,91.77,90.0,True,ABX3,Monoklinik
1530097_3,12746,Li4 Ga4 I12,Ga I Li ,P2_1/m,11,5,8.467,11.372,7.132,90.0,91.77,90.0,True,ABX3,Monoklinik
1530097_4,12746,Li4 Ga4 I12,Ga I Li ,P2_1/m,11,5,8.467,11.372,7.132,90.0,91.77,90.0,True,ABX3,Monoklinik
1530097_5,12746,Li4 Ga4 I12,Ga I Li ,P2_1/m,11,5,8.467,11.372,7.132,90.0,91.77,90.0,True,ABX3,Monoklinik
1530097_6,12746,Li4 Ga4 I12,Ga I Li ,P2_1/m,11,5,8.467,11.372,7.132,90.0,91.77,90.0,True,ABX3,Monoklinik
1530097_7,12746,Li4 Ga4 I12,Ga I Li ,P2_1/m,11,5,8.467,11.372,7.132,90.0,91.77,90.0,True,ABX3,Monoklinik
1530097_8,12746,Li4 Ga4 I12,Ga I Li ,P2_1/m,11,5,8.467,11.372,7.132,90.0,91.77,90.0,True,ABX3,Monoklinik
1530097_9,12746,Li4 Ga4 I12,Ga I Li ,P2_1/m,11,5,8.467,11.372,7.132,90.0,91.77,90.0,True,ABX3,Monoklinik
1530097_10,12746,Li4 Ga4 I12,Ga I Li ,P2_1/m,11,5,8.467,11.372,7.132,90.0,91.77,90.0,True,ABX3,Monoklinik
1530097_11,12746,Li4 Ga4 I12,Ga I Li ,P2_1/m,11,5,8.467,11.372,7.132,90.0,91.77,90.0,True,ABX3,Monoklinik
1530097_12,12746,Li4 Ga4 I12,Ga I Li ,P2_1/m,11,5,8.467,11.372,7.132,90.0,91.77,90.0,True,ABX3,Monoklinik
1530097_13,12746,Li4 Ga4 I12,Ga I Li ,P2_1/m,11,5,8.467,11.372,7.132,90.0,91.77,90.0,True,ABX3,Monoklinik
1530097_14,12746,Li4 Ga4 I12,Ga I Li ,P2_1/m,11,5,8.467,11.372,7.132,90.0,91.77,90.0,True,ABX3,Monoklinik
1530097_15,12746,Li4 Ga4 I12,Ga I Li ,P2_1/m,11,5,8.467,11.372,7.132,90.0,91.77,90.0,True,ABX3,Monoklinik
1530097_16,12746,Li4 Ga4 I12,Ga I Li ,P2_1/m,11,5,8.467,11.372,7.132,90.0,91.77,90.0,True,ABX3,Monoklinik
1530097_17,12746,Li4 Ga4 I12,Ga I Li ,P2_1/m,11,5,8.467,11.372,7.132,90.0,91.77,90.0,True,ABX3,Monoklinik
1530097_18,12746,Li4 Ga4 I12,Ga I Li ,P2_1/m,11,5,8.467,11.372,7.132,90.0,91.77,90.0,True,ABX3,Monoklinik
1530097_19,12746,Li4 Ga4 I12,Ga I Li ,P2_1/m,11,5,8.467,11.372,7.132,90.0,91.77,90.0,True,ABX3,Monoklinik
1530097_20,12746,Li4 Ga4 I12,Ga I Li ,P2_1/m,11,5,8.467,11.372,7.132,90.0,91.77,90.0,True,ABX3,Monoklinik
1530097_21,12746,Li4 Ga4 I12,Ga I Li ,P2_1/m,11,5,8.467,11.372,7.132,90.0,91.77,90.0,True,ABX3,Monoklinik
1530097_22,12746,Li4 Ga4 I12,Ga I Li ,P2_1/m,11,5,8.467,11.372,7.132,90.0,91.77,90.0,True,ABX3,Monoklinik
1530097_23,12746,Li4 Ga4 I12,Ga I Li ,P2_1/m,11,5,8.467,11.372,7.132,90.0,91.77,90.0,True,ABX3,Monoklinik
1530097_24,12746,Li4 Ga4 I12,Ga I Li ,P2_1/m,11,5,8.467,11.372,7.132,90.0,91.77,90.0,True,ABX3,Monoklinik
4511447_1,12762,Pr4 Rh4 O12,O Pr Rh ,Pnma,62,2,5.7405,7.8032,5.4167,90.0,90.0,90.0,True,ABX3,Ortorombik
4511447_2,12762,Pr4 Rh4 O12,O Pr Rh ,Pnma,62,2,5.7405,7.8032,5.4167,90.0,90.0,90.0,True,ABX3,Ortorombik
4511447_3,12762,Pr4 Rh4 O12,O Pr Rh ,Pnma,62,2,5.7405,7.8032,5.4167,90.0,90.0,90.0,True,ABX3,Ortorombik
4511447_4,12762,Pr4 Rh4 O12,O Pr Rh ,Pnma,62,2,5.7405,7.8032,5.4167,90.0,90.0,90.0,True,ABX3,Ortorombik
4511447_5,12762,Pr4 Rh4 O12,O Pr Rh ,Pnma,62,2,5.7405,7.8032,5.4167,90.0,90.0,90.0,True,ABX3,Ortorombik
4511447_6,12762,Pr4 Rh4 O12,O Pr Rh ,Pnma,62,2,5.7405,7.8032,5.4167,90.0,90.0,90.0,True,ABX3,Ortorombik
4511447_7,12762,Pr4 Rh4 O12,O Pr Rh ,Pnma,62,2,5.7405,7.8032,5.4167,90.0,90.0,90.0,True,ABX3,Ortorombik
4511447_8,12762,Pr4 Rh4 O12,O Pr Rh ,Pnma,62,2,5.7405,7.8032,5.4167,90.0,90.0,90.0,True,ABX3,Ortorombik
4511447_9,12762,Pr4 Rh4 O12,O Pr Rh ,Pnma,62,2,5.7405,7.8032,5.4167,90.0,90.0,90.0,True,ABX3,Ortorombik
4511447_10,12762,Pr4 Rh4 O12,O Pr Rh ,Pnma,62,2,5.7405,7.8032,5.4167,90.0,90.0,90.0,True,ABX3,Ortorombik
4511447_11,12762,Pr4 Rh4 O12,O Pr Rh ,Pnma,62,2,5.7405,7.8032,5.4167,90.0,90.0,90.0,True,ABX3,Ortorombik
4511447_12,12762,Pr4 Rh4 O12,O Pr Rh ,Pnma,62,2,5.7405,7.8032,5.4167,90.0,90.0,90.0,True,ABX3,Ortorombik
4511447_13,12762,Pr4 Rh4 O12,O Pr Rh ,Pnma,62,2,5.7405,7.8032,5.4167,90.0,90.0,90.0,True,ABX3,Ortorombik
4511447_14,12762,Pr4 Rh4 O12,O Pr Rh ,Pnma,62,2,5.7405,7.8032,5.4167,90.0,90.0,90.0,True,ABX3,Ortorombik
4511447_15,12762,Pr4 Rh4 O12,O Pr Rh ,Pnma,62,2,5.7405,7.8032,5.4167,90.0,90.0,90.0,True,ABX3,Ortorombik
4511447_16,12762,Pr4 Rh4 O12,O Pr Rh ,Pnma,62,2,5.7405,7.8032,5.4167,90.0,90.0,90.0,True,ABX3,Ortorombik
4511447_17,12762,Pr4 Rh4 O12,O Pr Rh ,Pnma,62,2,5.7405,7.8032,5.4167,90.0,90.0,90.0,True,ABX3,Ortorombik
4511447_18,12762,Pr4 Rh4 O12,O Pr Rh ,Pnma,62,2,5.7405,7.8032,5.4167,90.0,90.0,90.0,True,ABX3,Ortorombik
4511447_19,12762,Pr4 Rh4 O12,O Pr Rh ,Pnma,62,2,5.7405,7.8032,5.4167,90.0,90.0,90.0,True,ABX3,Ortorombik
4511447_20,12762,Pr4 Rh4 O12,O Pr Rh ,Pnma,62,2,5.7405,7.8032,5.4167,90.0,90.0,90.0,True,ABX3,Ortorombik
4511447_21,12762,Pr4 Rh4 O12,O Pr Rh ,Pnma,62,2,5.7405,7.8032,5.4167,90.0,90.0,90.0,True,ABX3,Ortorombik
4511447_22,12762,Pr4 Rh4 O12,O Pr Rh ,Pnma,62,2,5.7405,7.8032,5.4167,90.0,90.0,90.0,True,ABX3,Ortorombik
4511447_23,12762,Pr4 Rh4 O12,O Pr Rh ,Pnma,62,2,5.7405,7.8032,5.4167,90.0,90.0,90.0,True,ABX3,Ortorombik
4511447_24,12762,Pr4 Rh4 O12,O Pr Rh ,Pnma,62,2,5.7405,7.8032,5.4167,90.0,90.0,90.0,True,ABX3,Ortorombik
2002352_1,12818,Sr10 Nb10 O32,Nb O Sr ,Pmn2_1,31,2,3.992,32.476,5.677,90.0,90.0,90.0,True,ABX3,Ortorombik
2002352_2,12818,Sr10 Nb10 O32,Nb O Sr ,Pmn2_1,31,2,3.992,32.476,5.677,90.0,90.0,90.0,True,ABX3,Ortorombik
2002352_3,12818,Sr10 Nb10 O32,Nb O Sr ,Pmn2_1,31,2,3.992,32.476,5.677,90.0,90.0,90.0,True,ABX3,Ortorombik
2002352_4,12818,Sr10 Nb10 O32,Nb O Sr ,Pmn2_1,31,2,3.992,32.476,5.677,90.0,90.0,90.0,True,ABX3,Ortorombik
2002352_5,12818,Sr10 Nb10 O32,Nb O Sr ,Pmn2_1,31,2,3.992,32.476,5.677,90.0,90.0,90.0,True,ABX3,Ortorombik
2002352_6,12818,Sr10 Nb10 O32,Nb O Sr ,Pmn2_1,31,2,3.992,32.476,5.677,90.0,90.0,90.0,True,ABX3,Ortorombik
2002352_7,12818,Sr10 Nb10 O32,Nb O Sr ,Pmn2_1,31,2,3.992,32.476,5.677,90.0,90.0,90.0,True,ABX3,Ortorombik
2002352_8,12818,Sr10 Nb10 O32,Nb O Sr ,Pmn2_1,31,2,3.992,32.476,5.677,90.0,90.0,90.0,True,ABX3,Ortorombik
2002352_9,12818,Sr10 Nb10 O32,Nb O Sr ,Pmn2_1,31,2,3.992,32.476,5.677,90.0,90.0,90.0,True,ABX3,Ortorombik
2002352_10,12818,Sr10 Nb10 O32,Nb O Sr ,Pmn2_1,31,2,3.992,32.476,5.677,90.0,90.0,90.0,True,ABX3,Ortorombik
2002352_11,12818,Sr10 Nb10 O32,Nb O Sr ,Pmn2_1,31,2,3.992,32.476,5.677,90.0,90.0,90.0,True,ABX3,Ortorombik
2002352_12,12818,Sr10 Nb10 O32,Nb O Sr ,Pmn2_1,31,2,3.992,32.476,5.677,90.0,90.0,90.0,True,ABX3,Ortorombik
2002352_13,12818,Sr10 Nb10 O32,Nb O Sr ,Pmn2_1,31,2,3.992,32.476,5.677,90.0,90.0,90.0,True,ABX3,Ortorombik
2002352_14,12818,Sr10 Nb10 O32,Nb O Sr ,Pmn2_1,31,2,3.992,32.476,5.677,90.0,90.0,90.0,True,ABX3,Ortorombik
2002352_15,12818,Sr10 Nb10 O32,Nb O Sr ,Pmn2_1,31,2,3.992,32.476,5.677,90.0,90.0,90.0,True,ABX3,Ortorombik
2002352_16,12818,Sr10 Nb10 O32,Nb O Sr ,Pmn2_1,31,2,3.992,32.476,5.677,90.0,90.0,90.0,True,ABX3,Ortorombik
2002352_17,12818,Sr10 Nb10 O32,Nb O Sr ,Pmn2_1,31,2,3.992,32.476,5.677,90.0,90.0,90.0,True,ABX3,Ortorombik
2002352_18,12818,Sr10 Nb10 O32,Nb O Sr ,Pmn2_1,31,2,3.992,32.476,5.677,90.0,90.0,90.0,True,ABX3,Ortorombik
2002352_19,12818,Sr10 Nb10 O32,Nb O Sr ,Pmn2_1,31,2,3.992,32.476,5.677,90.0,90.0,90.0,True,ABX3,Ortorombik
2002352_20,12818,Sr10 Nb10 O32,Nb O Sr ,Pmn2_1,31,2,3.992,32.476,5.677,90.0,90.0,90.0,True,ABX3,Ortorombik
2002352_21,12818,Sr10 Nb10 O32,Nb O Sr ,Pmn2_1,31,2,3.992,32.476,5.677,90.0,90.0,90.0,True,ABX3,Ortorombik
2002352_22,12818,Sr10 Nb10 O32,Nb O Sr ,Pmn2_1,31,2,3.992,32.476,5.677,90.0,90.0,90.0,True,ABX3,Ortorombik
2002352_23,12818,Sr10 Nb10 O32,Nb O Sr ,Pmn2_1,31,2,3.992,32.476,5.677,90.0,90.0,90.0,True,ABX3,Ortorombik
2002352_24,12818,Sr10 Nb10 O32,Nb O Sr ,Pmn2_1,31,2,3.992,32.476,5.677,90.0,90.0,90.0,True,ABX3,Ortorombik
2006043_1,12822,Sr12 Ge12 O36,Ge O Sr ,C2/c,15,5,12.533,7.262,11.259,90.0,111.3,90.0,True,ABX3,Monoklinik
2006043_2,12822,Sr12 Ge12 O36,Ge O Sr ,C2/c,15,5,12.533,7.262,11.259,90.0,111.3,90.0,True,ABX3,Monoklinik
2006043_3,12822,Sr12 Ge12 O36,Ge O Sr ,C2/c,15,5,12.533,7.262,11.259,90.0,111.3,90.0,True,ABX3,Monoklinik
2006043_4,12822,Sr12 Ge12 O36,Ge O Sr ,C2/c,15,5,12.533,7.262,11.259,90.0,111.3,90.0,True,ABX3,Monoklinik
2006043_5,12822,Sr12 Ge12 O36,Ge O Sr ,C2/c,15,5,12.533,7.262,11.259,90.0,111.3,90.0,True,ABX3,Monoklinik
2006043_6,12822,Sr12 Ge12 O36,Ge O Sr ,C2/c,15,5,12.533,7.262,11.259,90.0,111.3,90.0,True,ABX3,Monoklinik
2006043_7,12822,Sr12 Ge12 O36,Ge O Sr ,C2/c,15,5,12.533,7.262,11.259,90.0,111.3,90.0,True,ABX3,Monoklinik
2006043_8,12822,Sr12 Ge12 O36,Ge O Sr ,C2/c,15,5,12.533,7.262,11.259,90.0,111.3,90.0,True,ABX3,Monoklinik
2006043_9,12822,Sr12 Ge12 O36,Ge O Sr ,C2/c,15,5,12.533,7.262,11.259,90.0,111.3,90.0,True,ABX3,Monoklinik
2006043_10,12822,Sr12 Ge12 O36,Ge O Sr ,C2/c,15,5,12.533,7.262,11.259,90.0,111.3,90.0,True,ABX3,Monoklinik
2006043_11,12822,Sr12 Ge12 O36,Ge O Sr ,C2/c,15,5,12.533,7.262,11.259,90.0,111.3,90.0,True,ABX3,Monoklinik
2006043_12,12822,Sr12 Ge12 O36,Ge O Sr ,C2/c,15,5,12.533,7.262,11.259,90.0,111.3,90.0,True,ABX3,Monoklinik
2006043_13,12822,Sr12 Ge12 O36,Ge O Sr ,C2/c,15,5,12.533,7.262,11.259,90.0,111.3,90.0,True,ABX3,Monoklinik
2006043_14,12822,Sr12 Ge12 O36,Ge O Sr ,C2/c,15,5,12.533,7.262,11.259,90.0,111.3,90.0,True,ABX3,Monoklinik
2006043_15,12822,Sr12 Ge12 O36,Ge O Sr ,C2/c,15,5,12.533,7.262,11.259,90.0,111.3,90.0,True,ABX3,Monoklinik
2006043_16,12822,Sr12 Ge12 O36,Ge O Sr ,C2/c,15,5,12.533,7.262,11.259,90.0,111.3,90.0,True,ABX3,Monoklinik
2006043_17,12822,Sr12 Ge12 O36,Ge O Sr ,C2/c,15,5,12.533,7.262,11.259,90.0,111.3,90.0,True,ABX3,Monoklinik
2006043_18,12822,Sr12 Ge12 O36,Ge O Sr ,C2/c,15,5,12.533,7.262,11.259,90.0,111.3,90.0,True,ABX3,Monoklinik
2006043_19,12822,Sr12 Ge12 O36,Ge O Sr ,C2/c,15,5,12.533,7.262,11.259,90.0,111.3,90.0,True,ABX3,Monoklinik
2006043_20,12822,Sr12 Ge12 O36,Ge O Sr ,C2/c,15,5,12.533,7.262,11.259,90.0,111.3,90.0,True,ABX3,Monoklinik
2006043_21,12822,Sr12 Ge12 O36,Ge O Sr ,C2/c,15,5,12.533,7.262,11.259,90.0,111.3,90.0,True,ABX3,Monoklinik
2006043_22,12822,Sr12 Ge12 O36,Ge O Sr ,C2/c,15,5,12.533,7.262,11.259,90.0,111.3,90.0,True,ABX3,Monoklinik
2006043_23,12822,Sr12 Ge12 O36,Ge O Sr ,C2/c,15,5,12.533,7.262,11.259,90.0,111.3,90.0,True,ABX3,Monoklinik
2006043_24,12822,Sr12 Ge12 O36,Ge O Sr ,C2/c,15,5,12.533,7.262,11.259,90.0,111.3,90.0,True,ABX3,Monoklinik
4511446_1,13039,La4 Rh4 O12,La O Rh ,Pnma,62,2,5.7005,7.8968,5.5242,90.0,90.0,90.0,True,ABX3,Ortorombik
4511446_2,13039,La4 Rh4 O12,La O Rh ,Pnma,62,2,5.7005,7.8968,5.5242,90.0,90.0,90.0,True,ABX3,Ortorombik
4511446_3,13039,La4 Rh4 O12,La O Rh ,Pnma,62,2,5.7005,7.8968,5.5242,90.0,90.0,90.0,True,ABX3,Ortorombik
4511446_4,13039,La4 Rh4 O12,La O Rh ,Pnma,62,2,5.7005,7.8968,5.5242,90.0,90.0,90.0,True,ABX3,Ortorombik
4511446_5,13039,La4 Rh4 O12,La O Rh ,Pnma,62,2,5.7005,7.8968,5.5242,90.0,90.0,90.0,True,ABX3,Ortorombik
4511446_6,13039,La4 Rh4 O12,La O Rh ,Pnma,62,2,5.7005,7.8968,5.5242,90.0,90.0,90.0,True,ABX3,Ortorombik
4511446_7,13039,La4 Rh4 O12,La O Rh ,Pnma,62,2,5.7005,7.8968,5.5242,90.0,90.0,90.0,True,ABX3,Ortorombik
4511446_8,13039,La4 Rh4 O12,La O Rh ,Pnma,62,2,5.7005,7.8968,5.5242,90.0,90.0,90.0,True,ABX3,Ortorombik
4511446_9,13039,La4 Rh4 O12,La O Rh ,Pnma,62,2,5.7005,7.8968,5.5242,90.0,90.0,90.0,True,ABX3,Ortorombik
4511446_10,13039,La4 Rh4 O12,La O Rh ,Pnma,62,2,5.7005,7.8968,5.5242,90.0,90.0,90.0,True,ABX3,Ortorombik
4511446_11,13039,La4 Rh4 O12,La O Rh ,Pnma,62,2,5.7005,7.8968,5.5242,90.0,90.0,90.0,True,ABX3,Ortorombik
4511446_12,13039,La4 Rh4 O12,La O Rh ,Pnma,62,2,5.7005,7.8968,5.5242,90.0,90.0,90.0,True,ABX3,Ortorombik
4511446_13,13039,La4 Rh4 O12,La O Rh ,Pnma,62,2,5.7005,7.8968,5.5242,90.0,90.0,90.0,True,ABX3,Ortorombik
4511446_14,13039,La4 Rh4 O12,La O Rh ,Pnma,62,2,5.7005,7.8968,5.5242,90.0,90.0,90.0,True,ABX3,Ortorombik
4511446_15,13039,La4 Rh4 O12,La O Rh ,Pnma,62,2,5.7005,7.8968,5.5242,90.0,90.0,90.0,True,ABX3,Ortorombik
4511446_16,13039,La4 Rh4 O12,La O Rh ,Pnma,62,2,5.7005,7.8968,5.5242,90.0,90.0,90.0,True,ABX3,Ortorombik
4511446_17,13039,La4 Rh4 O12,La O Rh ,Pnma,62,2,5.7005,7.8968,5.5242,90.0,90.0,90.0,True,ABX3,Ortorombik
4511446_18,13039,La4 Rh4 O12,La O Rh ,Pnma,62,2,5.7005,7.8968,5.5242,90.0,90.0,90.0,True,ABX3,Ortorombik
4511446_19,13039,La4 Rh4 O12,La O Rh ,Pnma,62,2,5.7005,7.8968,5.5242,90.0,90.0,90.0,True,ABX3,Ortorombik
4511446_20,13039,La4 Rh4 O12,La O Rh ,Pnma,62,2,5.7005,7.8968,5.5242,90.0,90.0,90.0,True,ABX3,Ortorombik
4511446_21,13039,La4 Rh4 O12,La O Rh ,Pnma,62,2,5.7005,7.8968,5.5242,90.0,90.0,90.0,True,ABX3,Ortorombik
4511446_22,13039,La4 Rh4 O12,La O Rh ,Pnma,62,2,5.7005,7.8968,5.5242,90.0,90.0,90.0,True,ABX3,Ortorombik
4511446_23,13039,La4 Rh4 O12,La O Rh ,Pnma,62,2,5.7005,7.8968,5.5242,90.0,90.0,90.0,True,ABX3,Ortorombik
4511446_24,13039,La4 Rh4 O12,La O Rh ,Pnma,62,2,5.7005,7.8968,5.5242,90.0,90.0,90.0,True,ABX3,Ortorombik
4002867_1,13078,Rb16 Ge16 Se48,Ge Rb Se ,Pna2_1,33,2,14.87,13.8,12.445,90.0,90.0,90.0,True,ABX3,Ortorombik
4002867_2,13078,Rb16 Ge16 Se48,Ge Rb Se ,Pna2_1,33,2,14.87,13.8,12.445,90.0,90.0,90.0,True,ABX3,Ortorombik
4002867_3,13078,Rb16 Ge16 Se48,Ge Rb Se ,Pna2_1,33,2,14.87,13.8,12.445,90.0,90.0,90.0,True,ABX3,Ortorombik
4002867_4,13078,Rb16 Ge16 Se48,Ge Rb Se ,Pna2_1,33,2,14.87,13.8,12.445,90.0,90.0,90.0,True,ABX3,Ortorombik
4002867_5,13078,Rb16 Ge16 Se48,Ge Rb Se ,Pna2_1,33,2,14.87,13.8,12.445,90.0,90.0,90.0,True,ABX3,Ortorombik
4002867_6,13078,Rb16 Ge16 Se48,Ge Rb Se ,Pna2_1,33,2,14.87,13.8,12.445,90.0,90.0,90.0,True,ABX3,Ortorombik
4002867_7,13078,Rb16 Ge16 Se48,Ge Rb Se ,Pna2_1,33,2,14.87,13.8,12.445,90.0,90.0,90.0,True,ABX3,Ortorombik
4002867_8,13078,Rb16 Ge16 Se48,Ge Rb Se ,Pna2_1,33,2,14.87,13.8,12.445,90.0,90.0,90.0,True,ABX3,Ortorombik
4002867_9,13078,Rb16 Ge16 Se48,Ge Rb Se ,Pna2_1,33,2,14.87,13.8,12.445,90.0,90.0,90.0,True,ABX3,Ortorombik
4002867_10,13078,Rb16 Ge16 Se48,Ge Rb Se ,Pna2_1,33,2,14.87,13.8,12.445,90.0,90.0,90.0,True,ABX3,Ortorombik
4002867_11,13078,Rb16 Ge16 Se48,Ge Rb Se ,Pna2_1,33,2,14.87,13.8,12.445,90.0,90.0,90.0,True,ABX3,Ortorombik
4002867_12,13078,Rb16 Ge16 Se48,Ge Rb Se ,Pna2_1,33,2,14.87,13.8,12.445,90.0,90.0,90.0,True,ABX3,Ortorombik
4002867_13,13078,Rb16 Ge16 Se48,Ge Rb Se ,Pna2_1,33,2,14.87,13.8,12.445,90.0,90.0,90.0,True,ABX3,Ortorombik
4002867_14,13078,Rb16 Ge16 Se48,Ge Rb Se ,Pna2_1,33,2,14.87,13.8,12.445,90.0,90.0,90.0,True,ABX3,Ortorombik
4002867_15,13078,Rb16 Ge16 Se48,Ge Rb Se ,Pna2_1,33,2,14.87,13.8,12.445,90.0,90.0,90.0,True,ABX3,Ortorombik
4002867_16,13078,Rb16 Ge16 Se48,Ge Rb Se ,Pna2_1,33,2,14.87,13.8,12.445,90.0,90.0,90.0,True,ABX3,Ortorombik
4002867_17,13078,Rb16 Ge16 Se48,Ge Rb Se ,Pna2_1,33,2,14.87,13.8,12.445,90.0,90.0,90.0,True,ABX3,Ortorombik
4002867_18,13078,Rb16 Ge16 Se48,Ge Rb Se ,Pna2_1,33,2,14.87,13.8,12.445,90.0,90.0,90.0,True,ABX3,Ortorombik
4002867_19,13078,Rb16 Ge16 Se48,Ge Rb Se ,Pna2_1,33,2,14.87,13.8,12.445,90.0,90.0,90.0,True,ABX3,Ortorombik
4002867_20,13078,Rb16 Ge16 Se48,Ge Rb Se ,Pna2_1,33,2,14.87,13.8,12.445,90.0,90.0,90.0,True,ABX3,Ortorombik
4002867_21,13078,Rb16 Ge16 Se48,Ge Rb Se ,Pna2_1,33,2,14.87,13.8,12.445,90.0,90.0,90.0,True,ABX3,Ortorombik
4002867_22,13078,Rb16 Ge16 Se48,Ge Rb Se ,Pna2_1,33,2,14.87,13.8,12.445,90.0,90.0,90.0,True,ABX3,Ortorombik
4002867_23,13078,Rb16 Ge16 Se48,Ge Rb Se ,Pna2_1,33,2,14.87,13.8,12.445,90.0,90.0,90.0,True,ABX3,Ortorombik
4002867_24,13078,Rb16 Ge16 Se48,Ge Rb Se ,Pna2_1,33,2,14.87,13.8,12.445,90.0,90.0,90.0,True,ABX3,Ortorombik
5910077_1,13303,K1 Zn1 F3,F K Zn ,Pm-3m,221,0,4.05,4.05,4.05,90.0,90.0,90.0,True,ABX3,Kubik
5910077_2,13303,K1 Zn1 F3,F K Zn ,Pm-3m,221,0,4.05,4.05,4.05,90.0,90.0,90.0,True,ABX3,Kubik
5910077_3,13303,K1 Zn1 F3,F K Zn ,Pm-3m,221,0,4.05,4.05,4.05,90.0,90.0,90.0,True,ABX3,Kubik
5910077_4,13303,K1 Zn1 F3,F K Zn ,Pm-3m,221,0,4.05,4.05,4.05,90.0,90.0,90.0,True,ABX3,Kubik
5910077_5,13303,K1 Zn1 F3,F K Zn ,Pm-3m,221,0,4.05,4.05,4.05,90.0,90.0,90.0,True,ABX3,Kubik
5910077_6,13303,K1 Zn1 F3,F K Zn ,Pm-3m,221,0,4.05,4.05,4.05,90.0,90.0,90.0,True,ABX3,Kubik
5910077_7,13303,K1 Zn1 F3,F K Zn ,Pm-3m,221,0,4.05,4.05,4.05,90.0,90.0,90.0,True,ABX3,Kubik
5910077_8,13303,K1 Zn1 F3,F K Zn ,Pm-3m,221,0,4.05,4.05,4.05,90.0,90.0,90.0,True,ABX3,Kubik
5910077_9,13303,K1 Zn1 F3,F K Zn ,Pm-3m,221,0,4.05,4.05,4.05,90.0,90.0,90.0,True,ABX3,Kubik
5910077_10,13303,K1 Zn1 F3,F K Zn ,Pm-3m,221,0,4.05,4.05,4.05,90.0,90.0,90.0,True,ABX3,Kubik
5910077_11,13303,K1 Zn1 F3,F K Zn ,Pm-3m,221,0,4.05,4.05,4.05,90.0,90.0,90.0,True,ABX3,Kubik
5910077_12,13303,K1 Zn1 F3,F K Zn ,Pm-3m,221,0,4.05,4.05,4.05,90.0,90.0,90.0,True,ABX3,Kubik
5910077_13,13303,K1 Zn1 F3,F K Zn ,Pm-3m,221,0,4.05,4.05,4.05,90.0,90.0,90.0,True,ABX3,Kubik
5910077_14,13303,K1 Zn1 F3,F K Zn ,Pm-3m,221,0,4.05,4.05,4.05,90.0,90.0,90.0,True,ABX3,Kubik
5910077_15,13303,K1 Zn1 F3,F K Zn ,Pm-3m,221,0,4.05,4.05,4.05,90.0,90.0,90.0,True,ABX3,Kubik
5910077_16,13303,K1 Zn1 F3,F K Zn ,Pm-3m,221,0,4.05,4.05,4.05,90.0,90.0,90.0,True,ABX3,Kubik
5910077_17,13303,K1 Zn1 F3,F K Zn ,Pm-3m,221,0,4.05,4.05,4.05,90.0,90.0,90.0,True,ABX3,Kubik
5910077_18,13303,K1 Zn1 F3,F K Zn ,Pm-3m,221,0,4.05,4.05,4.05,90.0,90.0,90.0,True,ABX3,Kubik
5910077_19,13303,K1 Zn1 F3,F K Zn ,Pm-3m,221,0,4.05,4.05,4.05,90.0,90.0,90.0,True,ABX3,Kubik
5910077_20,13303,K1 Zn1 F3,F K Zn ,Pm-3m,221,0,4.05,4.05,4.05,90.0,90.0,90.0,True,ABX3,Kubik
5910077_21,13303,K1 Zn1 F3,F K Zn ,Pm-3m,221,0,4.05,4.05,4.05,90.0,90.0,90.0,True,ABX3,Kubik
5910077_22,13303,K1 Zn1 F3,F K Zn ,Pm-3m,221,0,4.05,4.05,4.05,90.0,90.0,90.0,True,ABX3,Kubik
5910077_23,13303,K1 Zn1 F3,F K Zn ,Pm-3m,221,0,4.05,4.05,4.05,90.0,90.0,90.0,True,ABX3,Kubik
5910077_24,13303,K1 Zn1 F3,F K Zn ,Pm-3m,221,0,4.05,4.05,4.05,90.0,90.0,90.0,True,ABX3,Kubik
1537756_1,13380,U4 Pd4 Se12,Pd Se U ,Pnma,62,2,8.13,8.717,6.271,90.0,90.0,90.0,True,ABX3,Ortorombik
1537756_2,13380,U4 Pd4 Se12,Pd Se U ,Pnma,62,2,8.13,8.717,6.271,90.0,90.0,90.0,True,ABX3,Ortorombik
1537756_3,13380,U4 Pd4 Se12,Pd Se U ,Pnma,62,2,8.13,8.717,6.271,90.0,90.0,90.0,True,ABX3,Ortorombik
1537756_4,13380,U4 Pd4 Se12,Pd Se U ,Pnma,62,2,8.13,8.717,6.271,90.0,90.0,90.0,True,ABX3,Ortorombik
1537756_5,13380,U4 Pd4 Se12,Pd Se U ,Pnma,62,2,8.13,8.717,6.271,90.0,90.0,90.0,True,ABX3,Ortorombik
1537756_6,13380,U4 Pd4 Se12,Pd Se U ,Pnma,62,2,8.13,8.717,6.271,90.0,90.0,90.0,True,ABX3,Ortorombik
1537756_7,13380,U4 Pd4 Se12,Pd Se U ,Pnma,62,2,8.13,8.717,6.271,90.0,90.0,90.0,True,ABX3,Ortorombik
1537756_8,13380,U4 Pd4 Se12,Pd Se U ,Pnma,62,2,8.13,8.717,6.271,90.0,90.0,90.0,True,ABX3,Ortorombik
1537756_9,13380,U4 Pd4 Se12,Pd Se U ,Pnma,62,2,8.13,8.717,6.271,90.0,90.0,90.0,True,ABX3,Ortorombik
1537756_10,13380,U4 Pd4 Se12,Pd Se U ,Pnma,62,2,8.13,8.717,6.271,90.0,90.0,90.0,True,ABX3,Ortorombik
1537756_11,13380,U4 Pd4 Se12,Pd Se U ,Pnma,62,2,8.13,8.717,6.271,90.0,90.0,90.0,True,ABX3,Ortorombik
1537756_12,13380,U4 Pd4 Se12,Pd Se U ,Pnma,62,2,8.13,8.717,6.271,90.0,90.0,90.0,True,ABX3,Ortorombik
1537756_13,13380,U4 Pd4 Se12,Pd Se U ,Pnma,62,2,8.13,8.717,6.271,90.0,90.0,90.0,True,ABX3,Ortorombik
1537756_14,13380,U4 Pd4 Se12,Pd Se U ,Pnma,62,2,8.13,8.717,6.271,90.0,90.0,90.0,True,ABX3,Ortorombik
1537756_15,13380,U4 Pd4 Se12,Pd Se U ,Pnma,62,2,8.13,8.717,6.271,90.0,90.0,90.0,True,ABX3,Ortorombik
1537756_16,13380,U4 Pd4 Se12,Pd Se U ,Pnma,62,2,8.13,8.717,6.271,90.0,90.0,90.0,True,ABX3,Ortorombik
1537756_17,13380,U4 Pd4 Se12,Pd Se U ,Pnma,62,2,8.13,8.717,6.271,90.0,90.0,90.0,True,ABX3,Ortorombik
1537756_18,13380,U4 Pd4 Se12,Pd Se U ,Pnma,62,2,8.13,8.717,6.271,90.0,90.0,90.0,True,ABX3,Ortorombik
1537756_19,13380,U4 Pd4 Se12,Pd Se U ,Pnma,62,2,8.13,8.717,6.271,90.0,90.0,90.0,True,ABX3,Ortorombik
1537756_20,13380,U4 Pd4 Se12,Pd Se U ,Pnma,62,2,8.13,8.717,6.271,90.0,90.0,90.0,True,ABX3,Ortorombik
1537756_21,13380,U4 Pd4 Se12,Pd Se U ,Pnma,62,2,8.13,8.717,6.271,90.0,90.0,90.0,True,ABX3,Ortorombik
1537756_22,13380,U4 Pd4 Se12,Pd Se U ,Pnma,62,2,8.13,8.717,6.271,90.0,90.0,90.0,True,ABX3,Ortorombik
1537756_23,13380,U4 Pd4 Se12,Pd Se U ,Pnma,62,2,8.13,8.717,6.271,90.0,90.0,90.0,True,ABX3,Ortorombik
1537756_24,13380,U4 Pd4 Se12,Pd Se U ,Pnma,62,2,8.13,8.717,6.271,90.0,90.0,90.0,True,ABX3,Ortorombik
1010901_1,13397,Sr1 Zr1 O3,O Sr Zr ,Pm-3m,221,0,4.094,4.094,4.094,90.0,90.0,90.0,True,ABX3,Kubik
1010901_2,13397,Sr1 Zr1 O3,O Sr Zr ,Pm-3m,221,0,4.094,4.094,4.094,90.0,90.0,90.0,True,ABX3,Kubik
1010901_3,13397,Sr1 Zr1 O3,O Sr Zr ,Pm-3m,221,0,4.094,4.094,4.094,90.0,90.0,90.0,True,ABX3,Kubik
1010901_4,13397,Sr1 Zr1 O3,O Sr Zr ,Pm-3m,221,0,4.094,4.094,4.094,90.0,90.0,90.0,True,ABX3,Kubik
1010901_5,13397,Sr1 Zr1 O3,O Sr Zr ,Pm-3m,221,0,4.094,4.094,4.094,90.0,90.0,90.0,True,ABX3,Kubik
1010901_6,13397,Sr1 Zr1 O3,O Sr Zr ,Pm-3m,221,0,4.094,4.094,4.094,90.0,90.0,90.0,True,ABX3,Kubik
1010901_7,13397,Sr1 Zr1 O3,O Sr Zr ,Pm-3m,221,0,4.094,4.094,4.094,90.0,90.0,90.0,True,ABX3,Kubik
1010901_8,13397,Sr1 Zr1 O3,O Sr Zr ,Pm-3m,221,0,4.094,4.094,4.094,90.0,90.0,90.0,True,ABX3,Kubik
1010901_9,13397,Sr1 Zr1 O3,O Sr Zr ,Pm-3m,221,0,4.094,4.094,4.094,90.0,90.0,90.0,True,ABX3,Kubik
1010901_10,13397,Sr1 Zr1 O3,O Sr Zr ,Pm-3m,221,0,4.094,4.094,4.094,90.0,90.0,90.0,True,ABX3,Kubik
1010901_11,13397,Sr1 Zr1 O3,O Sr Zr ,Pm-3m,221,0,4.094,4.094,4.094,90.0,90.0,90.0,True,ABX3,Kubik
1010901_12,13397,Sr1 Zr1 O3,O Sr Zr ,Pm-3m,221,0,4.094,4.094,4.094,90.0,90.0,90.0,True,ABX3,Kubik
1010901_13,13397,Sr1 Zr1 O3,O Sr Zr ,Pm-3m,221,0,4.094,4.094,4.094,90.0,90.0,90.0,True,ABX3,Kubik
1010901_14,13397,Sr1 Zr1 O3,O Sr Zr ,Pm-3m,221,0,4.094,4.094,4.094,90.0,90.0,90.0,True,ABX3,Kubik
1010901_15,13397,Sr1 Zr1 O3,O Sr Zr ,Pm-3m,221,0,4.094,4.094,4.094,90.0,90.0,90.0,True,ABX3,Kubik
1010901_16,13397,Sr1 Zr1 O3,O Sr Zr ,Pm-3m,221,0,4.094,4.094,4.094,90.0,90.0,90.0,True,ABX3,Kubik
1010901_17,13397,Sr1 Zr1 O3,O Sr Zr ,Pm-3m,221,0,4.094,4.094,4.094,90.0,90.0,90.0,True,ABX3,Kubik
1010901_18,13397,Sr1 Zr1 O3,O Sr Zr ,Pm-3m,221,0,4.094,4.094,4.094,90.0,90.0,90.0,True,ABX3,Kubik
1010901_19,13397,Sr1 Zr1 O3,O Sr Zr ,Pm-3m,221,0,4.094,4.094,4.094,90.0,90.0,90.0,True,ABX3,Kubik
1010901_20,13397,Sr1 Zr1 O3,O Sr Zr ,Pm-3m,221,0,4.094,4.094,4.094,90.0,90.0,90.0,True,ABX3,Kubik
1010901_21,13397,Sr1 Zr1 O3,O Sr Zr ,Pm-3m,221,0,4.094,4.094,4.094,90.0,90.0,90.0,True,ABX3,Kubik
1010901_22,13397,Sr1 Zr1 O3,O Sr Zr ,Pm-3m,221,0,4.094,4.094,4.094,90.0,90.0,90.0,True,ABX3,Kubik
1010901_23,13397,Sr1 Zr1 O3,O Sr Zr ,Pm-3m,221,0,4.094,4.094,4.094,90.0,90.0,90.0,True,ABX3,Kubik
1010901_24,13397,Sr1 Zr1 O3,O Sr Zr ,Pm-3m,221,0,4.094,4.094,4.094,90.0,90.0,90.0,True,ABX3,Kubik
4124002_1,13419,Ba10 Ir10 O29.384,Ba Ir O ,C2/m,12,5,9.9554,5.7434,13.8049,90.0,119.231,90.0,True,ABX3,Monoklinik
4124002_2,13419,Ba10 Ir10 O29.384,Ba Ir O ,C2/m,12,5,9.9554,5.7434,13.8049,90.0,119.231,90.0,True,ABX3,Monoklinik
4124002_3,13419,Ba10 Ir10 O29.384,Ba Ir O ,C2/m,12,5,9.9554,5.7434,13.8049,90.0,119.231,90.0,True,ABX3,Monoklinik
4124002_4,13419,Ba10 Ir10 O29.384,Ba Ir O ,C2/m,12,5,9.9554,5.7434,13.8049,90.0,119.231,90.0,True,ABX3,Monoklinik
4124002_5,13419,Ba10 Ir10 O29.384,Ba Ir O ,C2/m,12,5,9.9554,5.7434,13.8049,90.0,119.231,90.0,True,ABX3,Monoklinik
4124002_6,13419,Ba10 Ir10 O29.384,Ba Ir O ,C2/m,12,5,9.9554,5.7434,13.8049,90.0,119.231,90.0,True,ABX3,Monoklinik
4124002_7,13419,Ba10 Ir10 O29.384,Ba Ir O ,C2/m,12,5,9.9554,5.7434,13.8049,90.0,119.231,90.0,True,ABX3,Monoklinik
4124002_8,13419,Ba10 Ir10 O29.384,Ba Ir O ,C2/m,12,5,9.9554,5.7434,13.8049,90.0,119.231,90.0,True,ABX3,Monoklinik
4124002_9,13419,Ba10 Ir10 O29.384,Ba Ir O ,C2/m,12,5,9.9554,5.7434,13.8049,90.0,119.231,90.0,True,ABX3,Monoklinik
4124002_10,13419,Ba10 Ir10 O29.384,Ba Ir O ,C2/m,12,5,9.9554,5.7434,13.8049,90.0,119.231,90.0,True,ABX3,Monoklinik
4124002_11,13419,Ba10 Ir10 O29.384,Ba Ir O ,C2/m,12,5,9.9554,5.7434,13.8049,90.0,119.231,90.0,True,ABX3,Monoklinik
4124002_12,13419,Ba10 Ir10 O29.384,Ba Ir O ,C2/m,12,5,9.9554,5.7434,13.8049,90.0,119.231,90.0,True,ABX3,Monoklinik
4124002_13,13419,Ba10 Ir10 O29.384,Ba Ir O ,C2/m,12,5,9.9554,5.7434,13.8049,90.0,119.231,90.0,True,ABX3,Monoklinik
4124002_14,13419,Ba10 Ir10 O29.384,Ba Ir O ,C2/m,12,5,9.9554,5.7434,13.8049,90.0,119.231,90.0,True,ABX3,Monoklinik
4124002_15,13419,Ba10 Ir10 O29.384,Ba Ir O ,C2/m,12,5,9.9554,5.7434,13.8049,90.0,119.231,90.0,True,ABX3,Monoklinik
4124002_16,13419,Ba10 Ir10 O29.384,Ba Ir O ,C2/m,12,5,9.9554,5.7434,13.8049,90.0,119.231,90.0,True,ABX3,Monoklinik
4124002_17,13419,Ba10 Ir10 O29.384,Ba Ir O ,C2/m,12,5,9.9554,5.7434,13.8049,90.0,119.231,90.0,True,ABX3,Monoklinik
4124002_18,13419,Ba10 Ir10 O29.384,Ba Ir O ,C2/m,12,5,9.9554,5.7434,13.8049,90.0,119.231,90.0,True,ABX3,Monoklinik
4124002_19,13419,Ba10 Ir10 O29.384,Ba Ir O ,C2/m,12,5,9.9554,5.7434,13.8049,90.0,119.231,90.0,True,ABX3,Monoklinik
4124002_20,13419,Ba10 Ir10 O29.384,Ba Ir O ,C2/m,12,5,9.9554,5.7434,13.8049,90.0,119.231,90.0,True,ABX3,Monoklinik
4124002_21,13419,Ba10 Ir10 O29.384,Ba Ir O ,C2/m,12,5,9.9554,5.7434,13.8049,90.0,119.231,90.0,True,ABX3,Monoklinik
4124002_22,13419,Ba10 Ir10 O29.384,Ba Ir O ,C2/m,12,5,9.9554,5.7434,13.8049,90.0,119.231,90.0,True,ABX3,Monoklinik
4124002_23,13419,Ba10 Ir10 O29.384,Ba Ir O ,C2/m,12,5,9.9554,5.7434,13.8049,90.0,119.231,90.0,True,ABX3,Monoklinik
4124002_24,13419,Ba10 Ir10 O29.384,Ba Ir O ,C2/m,12,5,9.9554,5.7434,13.8049,90.0,119.231,90.0,True,ABX3,Monoklinik
1511326_1,13457,Tl4 B4 Se12,B Se Tl ,Cc,9,5,6.166200000000001,12.109,7.0311,90.0,113.87999999999998,90.0,True,ABX3,Monoklinik
1511326_2,13457,Tl4 B4 Se12,B Se Tl ,Cc,9,5,6.166200000000001,12.109,7.0311,90.0,113.87999999999998,90.0,True,ABX3,Monoklinik
1511326_3,13457,Tl4 B4 Se12,B Se Tl ,Cc,9,5,6.166200000000001,12.109,7.0311,90.0,113.87999999999998,90.0,True,ABX3,Monoklinik
1511326_4,13457,Tl4 B4 Se12,B Se Tl ,Cc,9,5,6.166200000000001,12.109,7.0311,90.0,113.87999999999998,90.0,True,ABX3,Monoklinik
1511326_5,13457,Tl4 B4 Se12,B Se Tl ,Cc,9,5,6.166200000000001,12.109,7.0311,90.0,113.87999999999998,90.0,True,ABX3,Monoklinik
1511326_6,13457,Tl4 B4 Se12,B Se Tl ,Cc,9,5,6.166200000000001,12.109,7.0311,90.0,113.87999999999998,90.0,True,ABX3,Monoklinik
1511326_7,13457,Tl4 B4 Se12,B Se Tl ,Cc,9,5,6.166200000000001,12.109,7.0311,90.0,113.87999999999998,90.0,True,ABX3,Monoklinik
1511326_8,13457,Tl4 B4 Se12,B Se Tl ,Cc,9,5,6.166200000000001,12.109,7.0311,90.0,113.87999999999998,90.0,True,ABX3,Monoklinik
1511326_9,13457,Tl4 B4 Se12,B Se Tl ,Cc,9,5,6.166200000000001,12.109,7.0311,90.0,113.87999999999998,90.0,True,ABX3,Monoklinik
1511326_10,13457,Tl4 B4 Se12,B Se Tl ,Cc,9,5,6.166200000000001,12.109,7.0311,90.0,113.87999999999998,90.0,True,ABX3,Monoklinik
1511326_11,13457,Tl4 B4 Se12,B Se Tl ,Cc,9,5,6.166200000000001,12.109,7.0311,90.0,113.87999999999998,90.0,True,ABX3,Monoklinik
1511326_12,13457,Tl4 B4 Se12,B Se Tl ,Cc,9,5,6.166200000000001,12.109,7.0311,90.0,113.87999999999998,90.0,True,ABX3,Monoklinik
1511326_13,13457,Tl4 B4 Se12,B Se Tl ,Cc,9,5,6.166200000000001,12.109,7.0311,90.0,113.87999999999998,90.0,True,ABX3,Monoklinik
1511326_14,13457,Tl4 B4 Se12,B Se Tl ,Cc,9,5,6.166200000000001,12.109,7.0311,90.0,113.87999999999998,90.0,True,ABX3,Monoklinik
1511326_15,13457,Tl4 B4 Se12,B Se Tl ,Cc,9,5,6.166200000000001,12.109,7.0311,90.0,113.87999999999998,90.0,True,ABX3,Monoklinik
1511326_16,13457,Tl4 B4 Se12,B Se Tl ,Cc,9,5,6.166200000000001,12.109,7.0311,90.0,113.87999999999998,90.0,True,ABX3,Monoklinik
1511326_17,13457,Tl4 B4 Se12,B Se Tl ,Cc,9,5,6.166200000000001,12.109,7.0311,90.0,113.87999999999998,90.0,True,ABX3,Monoklinik
1511326_18,13457,Tl4 B4 Se12,B Se Tl ,Cc,9,5,6.166200000000001,12.109,7.0311,90.0,113.87999999999998,90.0,True,ABX3,Monoklinik
1511326_19,13457,Tl4 B4 Se12,B Se Tl ,Cc,9,5,6.166200000000001,12.109,7.0311,90.0,113.87999999999998,90.0,True,ABX3,Monoklinik
1511326_20,13457,Tl4 B4 Se12,B Se Tl ,Cc,9,5,6.166200000000001,12.109,7.0311,90.0,113.87999999999998,90.0,True,ABX3,Monoklinik
1511326_21,13457,Tl4 B4 Se12,B Se Tl ,Cc,9,5,6.166200000000001,12.109,7.0311,90.0,113.87999999999998,90.0,True,ABX3,Monoklinik
1511326_22,13457,Tl4 B4 Se12,B Se Tl ,Cc,9,5,6.166200000000001,12.109,7.0311,90.0,113.87999999999998,90.0,True,ABX3,Monoklinik
1511326_23,13457,Tl4 B4 Se12,B Se Tl ,Cc,9,5,6.166200000000001,12.109,7.0311,90.0,113.87999999999998,90.0,True,ABX3,Monoklinik
1511326_24,13457,Tl4 B4 Se12,B Se Tl ,Cc,9,5,6.166200000000001,12.109,7.0311,90.0,113.87999999999998,90.0,True,ABX3,Monoklinik
2014561_1,13481,Gd4 Al4 O12,Al Gd O ,Pnma,62,2,5.3049,7.4485,5.2537,90.0,90.0,90.0,True,ABX3,Ortorombik
2014561_2,13481,Gd4 Al4 O12,Al Gd O ,Pnma,62,2,5.3049,7.4485,5.2537,90.0,90.0,90.0,True,ABX3,Ortorombik
2014561_3,13481,Gd4 Al4 O12,Al Gd O ,Pnma,62,2,5.3049,7.4485,5.2537,90.0,90.0,90.0,True,ABX3,Ortorombik
2014561_4,13481,Gd4 Al4 O12,Al Gd O ,Pnma,62,2,5.3049,7.4485,5.2537,90.0,90.0,90.0,True,ABX3,Ortorombik
2014561_5,13481,Gd4 Al4 O12,Al Gd O ,Pnma,62,2,5.3049,7.4485,5.2537,90.0,90.0,90.0,True,ABX3,Ortorombik
2014561_6,13481,Gd4 Al4 O12,Al Gd O ,Pnma,62,2,5.3049,7.4485,5.2537,90.0,90.0,90.0,True,ABX3,Ortorombik
2014561_7,13481,Gd4 Al4 O12,Al Gd O ,Pnma,62,2,5.3049,7.4485,5.2537,90.0,90.0,90.0,True,ABX3,Ortorombik
2014561_8,13481,Gd4 Al4 O12,Al Gd O ,Pnma,62,2,5.3049,7.4485,5.2537,90.0,90.0,90.0,True,ABX3,Ortorombik
2014561_9,13481,Gd4 Al4 O12,Al Gd O ,Pnma,62,2,5.3049,7.4485,5.2537,90.0,90.0,90.0,True,ABX3,Ortorombik
2014561_10,13481,Gd4 Al4 O12,Al Gd O ,Pnma,62,2,5.3049,7.4485,5.2537,90.0,90.0,90.0,True,ABX3,Ortorombik
2014561_11,13481,Gd4 Al4 O12,Al Gd O ,Pnma,62,2,5.3049,7.4485,5.2537,90.0,90.0,90.0,True,ABX3,Ortorombik
2014561_12,13481,Gd4 Al4 O12,Al Gd O ,Pnma,62,2,5.3049,7.4485,5.2537,90.0,90.0,90.0,True,ABX3,Ortorombik
2014561_13,13481,Gd4 Al4 O12,Al Gd O ,Pnma,62,2,5.3049,7.4485,5.2537,90.0,90.0,90.0,True,ABX3,Ortorombik
2014561_14,13481,Gd4 Al4 O12,Al Gd O ,Pnma,62,2,5.3049,7.4485,5.2537,90.0,90.0,90.0,True,ABX3,Ortorombik
2014561_15,13481,Gd4 Al4 O12,Al Gd O ,Pnma,62,2,5.3049,7.4485,5.2537,90.0,90.0,90.0,True,ABX3,Ortorombik
2014561_16,13481,Gd4 Al4 O12,Al Gd O ,Pnma,62,2,5.3049,7.4485,5.2537,90.0,90.0,90.0,True,ABX3,Ortorombik
2014561_17,13481,Gd4 Al4 O12,Al Gd O ,Pnma,62,2,5.3049,7.4485,5.2537,90.0,90.0,90.0,True,ABX3,Ortorombik
2014561_18,13481,Gd4 Al4 O12,Al Gd O ,Pnma,62,2,5.3049,7.4485,5.2537,90.0,90.0,90.0,True,ABX3,Ortorombik
2014561_19,13481,Gd4 Al4 O12,Al Gd O ,Pnma,62,2,5.3049,7.4485,5.2537,90.0,90.0,90.0,True,ABX3,Ortorombik
2014561_20,13481,Gd4 Al4 O12,Al Gd O ,Pnma,62,2,5.3049,7.4485,5.2537,90.0,90.0,90.0,True,ABX3,Ortorombik
2014561_21,13481,Gd4 Al4 O12,Al Gd O ,Pnma,62,2,5.3049,7.4485,5.2537,90.0,90.0,90.0,True,ABX3,Ortorombik
2014561_22,13481,Gd4 Al4 O12,Al Gd O ,Pnma,62,2,5.3049,7.4485,5.2537,90.0,90.0,90.0,True,ABX3,Ortorombik
2014561_23,13481,Gd4 Al4 O12,Al Gd O ,Pnma,62,2,5.3049,7.4485,5.2537,90.0,90.0,90.0,True,ABX3,Ortorombik
2014561_24,13481,Gd4 Al4 O12,Al Gd O ,Pnma,62,2,5.3049,7.4485,5.2537,90.0,90.0,90.0,True,ABX3,Ortorombik
2021106_1,13561,Rb8 Cu8 Cl24,Cl Cu Rb ,C222_1,20,2,7.053,11.864,11.785,90.0,90.0,90.0,True,ABX3,Ortorombik
2021106_2,13561,Rb8 Cu8 Cl24,Cl Cu Rb ,C222_1,20,2,7.053,11.864,11.785,90.0,90.0,90.0,True,ABX3,Ortorombik
2021106_3,13561,Rb8 Cu8 Cl24,Cl Cu Rb ,C222_1,20,2,7.053,11.864,11.785,90.0,90.0,90.0,True,ABX3,Ortorombik
2021106_4,13561,Rb8 Cu8 Cl24,Cl Cu Rb ,C222_1,20,2,7.053,11.864,11.785,90.0,90.0,90.0,True,ABX3,Ortorombik
2021106_5,13561,Rb8 Cu8 Cl24,Cl Cu Rb ,C222_1,20,2,7.053,11.864,11.785,90.0,90.0,90.0,True,ABX3,Ortorombik
2021106_6,13561,Rb8 Cu8 Cl24,Cl Cu Rb ,C222_1,20,2,7.053,11.864,11.785,90.0,90.0,90.0,True,ABX3,Ortorombik
2021106_7,13561,Rb8 Cu8 Cl24,Cl Cu Rb ,C222_1,20,2,7.053,11.864,11.785,90.0,90.0,90.0,True,ABX3,Ortorombik
2021106_8,13561,Rb8 Cu8 Cl24,Cl Cu Rb ,C222_1,20,2,7.053,11.864,11.785,90.0,90.0,90.0,True,ABX3,Ortorombik
2021106_9,13561,Rb8 Cu8 Cl24,Cl Cu Rb ,C222_1,20,2,7.053,11.864,11.785,90.0,90.0,90.0,True,ABX3,Ortorombik
2021106_10,13561,Rb8 Cu8 Cl24,Cl Cu Rb ,C222_1,20,2,7.053,11.864,11.785,90.0,90.0,90.0,True,ABX3,Ortorombik
2021106_11,13561,Rb8 Cu8 Cl24,Cl Cu Rb ,C222_1,20,2,7.053,11.864,11.785,90.0,90.0,90.0,True,ABX3,Ortorombik
2021106_12,13561,Rb8 Cu8 Cl24,Cl Cu Rb ,C222_1,20,2,7.053,11.864,11.785,90.0,90.0,90.0,True,ABX3,Ortorombik
2021106_13,13561,Rb8 Cu8 Cl24,Cl Cu Rb ,C222_1,20,2,7.053,11.864,11.785,90.0,90.0,90.0,True,ABX3,Ortorombik
2021106_14,13561,Rb8 Cu8 Cl24,Cl Cu Rb ,C222_1,20,2,7.053,11.864,11.785,90.0,90.0,90.0,True,ABX3,Ortorombik
2021106_15,13561,Rb8 Cu8 Cl24,Cl Cu Rb ,C222_1,20,2,7.053,11.864,11.785,90.0,90.0,90.0,True,ABX3,Ortorombik
2021106_16,13561,Rb8 Cu8 Cl24,Cl Cu Rb ,C222_1,20,2,7.053,11.864,11.785,90.0,90.0,90.0,True,ABX3,Ortorombik
2021106_17,13561,Rb8 Cu8 Cl24,Cl Cu Rb ,C222_1,20,2,7.053,11.864,11.785,90.0,90.0,90.0,True,ABX3,Ortorombik
2021106_18,13561,Rb8 Cu8 Cl24,Cl Cu Rb ,C222_1,20,2,7.053,11.864,11.785,90.0,90.0,90.0,True,ABX3,Ortorombik
2021106_19,13561,Rb8 Cu8 Cl24,Cl Cu Rb ,C222_1,20,2,7.053,11.864,11.785,90.0,90.0,90.0,True,ABX3,Ortorombik
2021106_20,13561,Rb8 Cu8 Cl24,Cl Cu Rb ,C222_1,20,2,7.053,11.864,11.785,90.0,90.0,90.0,True,ABX3,Ortorombik
2021106_21,13561,Rb8 Cu8 Cl24,Cl Cu Rb ,C222_1,20,2,7.053,11.864,11.785,90.0,90.0,90.0,True,ABX3,Ortorombik
2021106_22,13561,Rb8 Cu8 Cl24,Cl Cu Rb ,C222_1,20,2,7.053,11.864,11.785,90.0,90.0,90.0,True,ABX3,Ortorombik
2021106_23,13561,Rb8 Cu8 Cl24,Cl Cu Rb ,C222_1,20,2,7.053,11.864,11.785,90.0,90.0,90.0,True,ABX3,Ortorombik
2021106_24,13561,Rb8 Cu8 Cl24,Cl Cu Rb ,C222_1,20,2,7.053,11.864,11.785,90.0,90.0,90.0,True,ABX3,Ortorombik
2100723_1,13597,Ba12 Ge12 O36,Ba Ge O ,C2/c,15,5,13.18949,7.62045,11.71698,90.0,112.27830000000002,90.0,True,ABX3,Monoklinik
2100723_2,13597,Ba12 Ge12 O36,Ba Ge O ,C2/c,15,5,13.18949,7.62045,11.71698,90.0,112.27830000000002,90.0,True,ABX3,Monoklinik
2100723_3,13597,Ba12 Ge12 O36,Ba Ge O ,C2/c,15,5,13.18949,7.62045,11.71698,90.0,112.27830000000002,90.0,True,ABX3,Monoklinik
2100723_4,13597,Ba12 Ge12 O36,Ba Ge O ,C2/c,15,5,13.18949,7.62045,11.71698,90.0,112.27830000000002,90.0,True,ABX3,Monoklinik
2100723_5,13597,Ba12 Ge12 O36,Ba Ge O ,C2/c,15,5,13.18949,7.62045,11.71698,90.0,112.27830000000002,90.0,True,ABX3,Monoklinik
2100723_6,13597,Ba12 Ge12 O36,Ba Ge O ,C2/c,15,5,13.18949,7.62045,11.71698,90.0,112.27830000000002,90.0,True,ABX3,Monoklinik
2100723_7,13597,Ba12 Ge12 O36,Ba Ge O ,C2/c,15,5,13.18949,7.62045,11.71698,90.0,112.27830000000002,90.0,True,ABX3,Monoklinik
2100723_8,13597,Ba12 Ge12 O36,Ba Ge O ,C2/c,15,5,13.18949,7.62045,11.71698,90.0,112.27830000000002,90.0,True,ABX3,Monoklinik
2100723_9,13597,Ba12 Ge12 O36,Ba Ge O ,C2/c,15,5,13.18949,7.62045,11.71698,90.0,112.27830000000002,90.0,True,ABX3,Monoklinik
2100723_10,13597,Ba12 Ge12 O36,Ba Ge O ,C2/c,15,5,13.18949,7.62045,11.71698,90.0,112.27830000000002,90.0,True,ABX3,Monoklinik
2100723_11,13597,Ba12 Ge12 O36,Ba Ge O ,C2/c,15,5,13.18949,7.62045,11.71698,90.0,112.27830000000002,90.0,True,ABX3,Monoklinik
2100723_12,13597,Ba12 Ge12 O36,Ba Ge O ,C2/c,15,5,13.18949,7.62045,11.71698,90.0,112.27830000000002,90.0,True,ABX3,Monoklinik
2100723_13,13597,Ba12 Ge12 O36,Ba Ge O ,C2/c,15,5,13.18949,7.62045,11.71698,90.0,112.27830000000002,90.0,True,ABX3,Monoklinik
2100723_14,13597,Ba12 Ge12 O36,Ba Ge O ,C2/c,15,5,13.18949,7.62045,11.71698,90.0,112.27830000000002,90.0,True,ABX3,Monoklinik
2100723_15,13597,Ba12 Ge12 O36,Ba Ge O ,C2/c,15,5,13.18949,7.62045,11.71698,90.0,112.27830000000002,90.0,True,ABX3,Monoklinik
2100723_16,13597,Ba12 Ge12 O36,Ba Ge O ,C2/c,15,5,13.18949,7.62045,11.71698,90.0,112.27830000000002,90.0,True,ABX3,Monoklinik
2100723_17,13597,Ba12 Ge12 O36,Ba Ge O ,C2/c,15,5,13.18949,7.62045,11.71698,90.0,112.27830000000002,90.0,True,ABX3,Monoklinik
2100723_18,13597,Ba12 Ge12 O36,Ba Ge O ,C2/c,15,5,13.18949,7.62045,11.71698,90.0,112.27830000000002,90.0,True,ABX3,Monoklinik
2100723_19,13597,Ba12 Ge12 O36,Ba Ge O ,C2/c,15,5,13.18949,7.62045,11.71698,90.0,112.27830000000002,90.0,True,ABX3,Monoklinik
2100723_20,13597,Ba12 Ge12 O36,Ba Ge O ,C2/c,15,5,13.18949,7.62045,11.71698,90.0,112.27830000000002,90.0,True,ABX3,Monoklinik
2100723_21,13597,Ba12 Ge12 O36,Ba Ge O ,C2/c,15,5,13.18949,7.62045,11.71698,90.0,112.27830000000002,90.0,True,ABX3,Monoklinik
2100723_22,13597,Ba12 Ge12 O36,Ba Ge O ,C2/c,15,5,13.18949,7.62045,11.71698,90.0,112.27830000000002,90.0,True,ABX3,Monoklinik
2100723_23,13597,Ba12 Ge12 O36,Ba Ge O ,C2/c,15,5,13.18949,7.62045,11.71698,90.0,112.27830000000002,90.0,True,ABX3,Monoklinik
2100723_24,13597,Ba12 Ge12 O36,Ba Ge O ,C2/c,15,5,13.18949,7.62045,11.71698,90.0,112.27830000000002,90.0,True,ABX3,Monoklinik
1511307_1,13655,Rb4 B4 Se12,B Rb Se ,P2_1/c,14,5,7.2789,12.385,6.169,90.0,105.67,90.0,True,ABX3,Monoklinik
1511307_2,13655,Rb4 B4 Se12,B Rb Se ,P2_1/c,14,5,7.2789,12.385,6.169,90.0,105.67,90.0,True,ABX3,Monoklinik
1511307_3,13655,Rb4 B4 Se12,B Rb Se ,P2_1/c,14,5,7.2789,12.385,6.169,90.0,105.67,90.0,True,ABX3,Monoklinik
1511307_4,13655,Rb4 B4 Se12,B Rb Se ,P2_1/c,14,5,7.2789,12.385,6.169,90.0,105.67,90.0,True,ABX3,Monoklinik
1511307_5,13655,Rb4 B4 Se12,B Rb Se ,P2_1/c,14,5,7.2789,12.385,6.169,90.0,105.67,90.0,True,ABX3,Monoklinik
1511307_6,13655,Rb4 B4 Se12,B Rb Se ,P2_1/c,14,5,7.2789,12.385,6.169,90.0,105.67,90.0,True,ABX3,Monoklinik
1511307_7,13655,Rb4 B4 Se12,B Rb Se ,P2_1/c,14,5,7.2789,12.385,6.169,90.0,105.67,90.0,True,ABX3,Monoklinik
1511307_8,13655,Rb4 B4 Se12,B Rb Se ,P2_1/c,14,5,7.2789,12.385,6.169,90.0,105.67,90.0,True,ABX3,Monoklinik
1511307_9,13655,Rb4 B4 Se12,B Rb Se ,P2_1/c,14,5,7.2789,12.385,6.169,90.0,105.67,90.0,True,ABX3,Monoklinik
1511307_10,13655,Rb4 B4 Se12,B Rb Se ,P2_1/c,14,5,7.2789,12.385,6.169,90.0,105.67,90.0,True,ABX3,Monoklinik
1511307_11,13655,Rb4 B4 Se12,B Rb Se ,P2_1/c,14,5,7.2789,12.385,6.169,90.0,105.67,90.0,True,ABX3,Monoklinik
1511307_12,13655,Rb4 B4 Se12,B Rb Se ,P2_1/c,14,5,7.2789,12.385,6.169,90.0,105.67,90.0,True,ABX3,Monoklinik
1511307_13,13655,Rb4 B4 Se12,B Rb Se ,P2_1/c,14,5,7.2789,12.385,6.169,90.0,105.67,90.0,True,ABX3,Monoklinik
1511307_14,13655,Rb4 B4 Se12,B Rb Se ,P2_1/c,14,5,7.2789,12.385,6.169,90.0,105.67,90.0,True,ABX3,Monoklinik
1511307_15,13655,Rb4 B4 Se12,B Rb Se ,P2_1/c,14,5,7.2789,12.385,6.169,90.0,105.67,90.0,True,ABX3,Monoklinik
1511307_16,13655,Rb4 B4 Se12,B Rb Se ,P2_1/c,14,5,7.2789,12.385,6.169,90.0,105.67,90.0,True,ABX3,Monoklinik
1511307_17,13655,Rb4 B4 Se12,B Rb Se ,P2_1/c,14,5,7.2789,12.385,6.169,90.0,105.67,90.0,True,ABX3,Monoklinik
1511307_18,13655,Rb4 B4 Se12,B Rb Se ,P2_1/c,14,5,7.2789,12.385,6.169,90.0,105.67,90.0,True,ABX3,Monoklinik
1511307_19,13655,Rb4 B4 Se12,B Rb Se ,P2_1/c,14,5,7.2789,12.385,6.169,90.0,105.67,90.0,True,ABX3,Monoklinik
1511307_20,13655,Rb4 B4 Se12,B Rb Se ,P2_1/c,14,5,7.2789,12.385,6.169,90.0,105.67,90.0,True,ABX3,Monoklinik
1511307_21,13655,Rb4 B4 Se12,B Rb Se ,P2_1/c,14,5,7.2789,12.385,6.169,90.0,105.67,90.0,True,ABX3,Monoklinik
1511307_22,13655,Rb4 B4 Se12,B Rb Se ,P2_1/c,14,5,7.2789,12.385,6.169,90.0,105.67,90.0,True,ABX3,Monoklinik
1511307_23,13655,Rb4 B4 Se12,B Rb Se ,P2_1/c,14,5,7.2789,12.385,6.169,90.0,105.67,90.0,True,ABX3,Monoklinik
1511307_24,13655,Rb4 B4 Se12,B Rb Se ,P2_1/c,14,5,7.2789,12.385,6.169,90.0,105.67,90.0,True,ABX3,Monoklinik
1528364_1,13681,Sr1 Fe1 O2.9601,Fe O Sr ,Pm-3m,221,0,3.8531,3.8531,3.8531,90.0,90.0,90.0,True,ABX3,Kubik
1528364_2,13681,Sr1 Fe1 O2.9601,Fe O Sr ,Pm-3m,221,0,3.8531,3.8531,3.8531,90.0,90.0,90.0,True,ABX3,Kubik
1528364_3,13681,Sr1 Fe1 O2.9601,Fe O Sr ,Pm-3m,221,0,3.8531,3.8531,3.8531,90.0,90.0,90.0,True,ABX3,Kubik
1528364_4,13681,Sr1 Fe1 O2.9601,Fe O Sr ,Pm-3m,221,0,3.8531,3.8531,3.8531,90.0,90.0,90.0,True,ABX3,Kubik
1528364_5,13681,Sr1 Fe1 O2.9601,Fe O Sr ,Pm-3m,221,0,3.8531,3.8531,3.8531,90.0,90.0,90.0,True,ABX3,Kubik
1528364_6,13681,Sr1 Fe1 O2.9601,Fe O Sr ,Pm-3m,221,0,3.8531,3.8531,3.8531,90.0,90.0,90.0,True,ABX3,Kubik
1528364_7,13681,Sr1 Fe1 O2.9601,Fe O Sr ,Pm-3m,221,0,3.8531,3.8531,3.8531,90.0,90.0,90.0,True,ABX3,Kubik
1528364_8,13681,Sr1 Fe1 O2.9601,Fe O Sr ,Pm-3m,221,0,3.8531,3.8531,3.8531,90.0,90.0,90.0,True,ABX3,Kubik
1528364_9,13681,Sr1 Fe1 O2.9601,Fe O Sr ,Pm-3m,221,0,3.8531,3.8531,3.8531,90.0,90.0,90.0,True,ABX3,Kubik
1528364_10,13681,Sr1 Fe1 O2.9601,Fe O Sr ,Pm-3m,221,0,3.8531,3.8531,3.8531,90.0,90.0,90.0,True,ABX3,Kubik
1528364_11,13681,Sr1 Fe1 O2.9601,Fe O Sr ,Pm-3m,221,0,3.8531,3.8531,3.8531,90.0,90.0,90.0,True,ABX3,Kubik
1528364_12,13681,Sr1 Fe1 O2.9601,Fe O Sr ,Pm-3m,221,0,3.8531,3.8531,3.8531,90.0,90.0,90.0,True,ABX3,Kubik
1528364_13,13681,Sr1 Fe1 O2.9601,Fe O Sr ,Pm-3m,221,0,3.8531,3.8531,3.8531,90.0,90.0,90.0,True,ABX3,Kubik
1528364_14,13681,Sr1 Fe1 O2.9601,Fe O Sr ,Pm-3m,221,0,3.8531,3.8531,3.8531,90.0,90.0,90.0,True,ABX3,Kubik
1528364_15,13681,Sr1 Fe1 O2.9601,Fe O Sr ,Pm-3m,221,0,3.8531,3.8531,3.8531,90.0,90.0,90.0,True,ABX3,Kubik
1528364_16,13681,Sr1 Fe1 O2.9601,Fe O Sr ,Pm-3m,221,0,3.8531,3.8531,3.8531,90.0,90.0,90.0,True,ABX3,Kubik
1528364_17,13681,Sr1 Fe1 O2.9601,Fe O Sr ,Pm-3m,221,0,3.8531,3.8531,3.8531,90.0,90.0,90.0,True,ABX3,Kubik
1528364_18,13681,Sr1 Fe1 O2.9601,Fe O Sr ,Pm-3m,221,0,3.8531,3.8531,3.8531,90.0,90.0,90.0,True,ABX3,Kubik
1528364_19,13681,Sr1 Fe1 O2.9601,Fe O Sr ,Pm-3m,221,0,3.8531,3.8531,3.8531,90.0,90.0,90.0,True,ABX3,Kubik
1528364_20,13681,Sr1 Fe1 O2.9601,Fe O Sr ,Pm-3m,221,0,3.8531,3.8531,3.8531,90.0,90.0,90.0,True,ABX3,Kubik
1528364_21,13681,Sr1 Fe1 O2.9601,Fe O Sr ,Pm-3m,221,0,3.8531,3.8531,3.8531,90.0,90.0,90.0,True,ABX3,Kubik
1528364_22,13681,Sr1 Fe1 O2.9601,Fe O Sr ,Pm-3m,221,0,3.8531,3.8531,3.8531,90.0,90.0,90.0,True,ABX3,Kubik
1528364_23,13681,Sr1 Fe1 O2.9601,Fe O Sr ,Pm-3m,221,0,3.8531,3.8531,3.8531,90.0,90.0,90.0,True,ABX3,Kubik
1528364_24,13681,Sr1 Fe1 O2.9601,Fe O Sr ,Pm-3m,221,0,3.8531,3.8531,3.8531,90.0,90.0,90.0,True,ABX3,Kubik
4002580_1,13704,Sm4 Ni4 O12,Ni O Sm ,Pnma,62,2,5.32854,5.41493,7.5628,90.0,90.0,90.0,True,ABX3,Ortorombik
4002580_2,13704,Sm4 Ni4 O12,Ni O Sm ,Pnma,62,2,5.32854,5.41493,7.5628,90.0,90.0,90.0,True,ABX3,Ortorombik
4002580_3,13704,Sm4 Ni4 O12,Ni O Sm ,Pnma,62,2,5.32854,5.41493,7.5628,90.0,90.0,90.0,True,ABX3,Ortorombik
4002580_4,13704,Sm4 Ni4 O12,Ni O Sm ,Pnma,62,2,5.32854,5.41493,7.5628,90.0,90.0,90.0,True,ABX3,Ortorombik
4002580_5,13704,Sm4 Ni4 O12,Ni O Sm ,Pnma,62,2,5.32854,5.41493,7.5628,90.0,90.0,90.0,True,ABX3,Ortorombik
4002580_6,13704,Sm4 Ni4 O12,Ni O Sm ,Pnma,62,2,5.32854,5.41493,7.5628,90.0,90.0,90.0,True,ABX3,Ortorombik
4002580_7,13704,Sm4 Ni4 O12,Ni O Sm ,Pnma,62,2,5.32854,5.41493,7.5628,90.0,90.0,90.0,True,ABX3,Ortorombik
4002580_8,13704,Sm4 Ni4 O12,Ni O Sm ,Pnma,62,2,5.32854,5.41493,7.5628,90.0,90.0,90.0,True,ABX3,Ortorombik
4002580_9,13704,Sm4 Ni4 O12,Ni O Sm ,Pnma,62,2,5.32854,5.41493,7.5628,90.0,90.0,90.0,True,ABX3,Ortorombik
4002580_10,13704,Sm4 Ni4 O12,Ni O Sm ,Pnma,62,2,5.32854,5.41493,7.5628,90.0,90.0,90.0,True,ABX3,Ortorombik
4002580_11,13704,Sm4 Ni4 O12,Ni O Sm ,Pnma,62,2,5.32854,5.41493,7.5628,90.0,90.0,90.0,True,ABX3,Ortorombik
4002580_12,13704,Sm4 Ni4 O12,Ni O Sm ,Pnma,62,2,5.32854,5.41493,7.5628,90.0,90.0,90.0,True,ABX3,Ortorombik
4002580_13,13704,Sm4 Ni4 O12,Ni O Sm ,Pnma,62,2,5.32854,5.41493,7.5628,90.0,90.0,90.0,True,ABX3,Ortorombik
4002580_14,13704,Sm4 Ni4 O12,Ni O Sm ,Pnma,62,2,5.32854,5.41493,7.5628,90.0,90.0,90.0,True,ABX3,Ortorombik
4002580_15,13704,Sm4 Ni4 O12,Ni O Sm ,Pnma,62,2,5.32854,5.41493,7.5628,90.0,90.0,90.0,True,ABX3,Ortorombik
4002580_16,13704,Sm4 Ni4 O12,Ni O Sm ,Pnma,62,2,5.32854,5.41493,7.5628,90.0,90.0,90.0,True,ABX3,Ortorombik
4002580_17,13704,Sm4 Ni4 O12,Ni O Sm ,Pnma,62,2,5.32854,5.41493,7.5628,90.0,90.0,90.0,True,ABX3,Ortorombik
4002580_18,13704,Sm4 Ni4 O12,Ni O Sm ,Pnma,62,2,5.32854,5.41493,7.5628,90.0,90.0,90.0,True,ABX3,Ortorombik
4002580_19,13704,Sm4 Ni4 O12,Ni O Sm ,Pnma,62,2,5.32854,5.41493,7.5628,90.0,90.0,90.0,True,ABX3,Ortorombik
4002580_20,13704,Sm4 Ni4 O12,Ni O Sm ,Pnma,62,2,5.32854,5.41493,7.5628,90.0,90.0,90.0,True,ABX3,Ortorombik
4002580_21,13704,Sm4 Ni4 O12,Ni O Sm ,Pnma,62,2,5.32854,5.41493,7.5628,90.0,90.0,90.0,True,ABX3,Ortorombik
4002580_22,13704,Sm4 Ni4 O12,Ni O Sm ,Pnma,62,2,5.32854,5.41493,7.5628,90.0,90.0,90.0,True,ABX3,Ortorombik
4002580_23,13704,Sm4 Ni4 O12,Ni O Sm ,Pnma,62,2,5.32854,5.41493,7.5628,90.0,90.0,90.0,True,ABX3,Ortorombik
4002580_24,13704,Sm4 Ni4 O12,Ni O Sm ,Pnma,62,2,5.32854,5.41493,7.5628,90.0,90.0,90.0,True,ABX3,Ortorombik
9008437_1,13730,Ca24 Si24 O76,Ca O Si ,C2/c,15,5,17.032,7.363,14.023,90.0,90.36,90.0,True,ABX3,Monoklinik
9008437_2,13730,Ca24 Si24 O76,Ca O Si ,C2/c,15,5,17.032,7.363,14.023,90.0,90.36,90.0,True,ABX3,Monoklinik
9008437_3,13730,Ca24 Si24 O76,Ca O Si ,C2/c,15,5,17.032,7.363,14.023,90.0,90.36,90.0,True,ABX3,Monoklinik
9008437_4,13730,Ca24 Si24 O76,Ca O Si ,C2/c,15,5,17.032,7.363,14.023,90.0,90.36,90.0,True,ABX3,Monoklinik
9008437_5,13730,Ca24 Si24 O76,Ca O Si ,C2/c,15,5,17.032,7.363,14.023,90.0,90.36,90.0,True,ABX3,Monoklinik
9008437_6,13730,Ca24 Si24 O76,Ca O Si ,C2/c,15,5,17.032,7.363,14.023,90.0,90.36,90.0,True,ABX3,Monoklinik
9008437_7,13730,Ca24 Si24 O76,Ca O Si ,C2/c,15,5,17.032,7.363,14.023,90.0,90.36,90.0,True,ABX3,Monoklinik
9008437_8,13730,Ca24 Si24 O76,Ca O Si ,C2/c,15,5,17.032,7.363,14.023,90.0,90.36,90.0,True,ABX3,Monoklinik
9008437_9,13730,Ca24 Si24 O76,Ca O Si ,C2/c,15,5,17.032,7.363,14.023,90.0,90.36,90.0,True,ABX3,Monoklinik
9008437_10,13730,Ca24 Si24 O76,Ca O Si ,C2/c,15,5,17.032,7.363,14.023,90.0,90.36,90.0,True,ABX3,Monoklinik
9008437_11,13730,Ca24 Si24 O76,Ca O Si ,C2/c,15,5,17.032,7.363,14.023,90.0,90.36,90.0,True,ABX3,Monoklinik
9008437_12,13730,Ca24 Si24 O76,Ca O Si ,C2/c,15,5,17.032,7.363,14.023,90.0,90.36,90.0,True,ABX3,Monoklinik
9008437_13,13730,Ca24 Si24 O76,Ca O Si ,C2/c,15,5,17.032,7.363,14.023,90.0,90.36,90.0,True,ABX3,Monoklinik
9008437_14,13730,Ca24 Si24 O76,Ca O Si ,C2/c,15,5,17.032,7.363,14.023,90.0,90.36,90.0,True,ABX3,Monoklinik
9008437_15,13730,Ca24 Si24 O76,Ca O Si ,C2/c,15,5,17.032,7.363,14.023,90.0,90.36,90.0,True,ABX3,Monoklinik
9008437_16,13730,Ca24 Si24 O76,Ca O Si ,C2/c,15,5,17.032,7.363,14.023,90.0,90.36,90.0,True,ABX3,Monoklinik
9008437_17,13730,Ca24 Si24 O76,Ca O Si ,C2/c,15,5,17.032,7.363,14.023,90.0,90.36,90.0,True,ABX3,Monoklinik
9008437_18,13730,Ca24 Si24 O76,Ca O Si ,C2/c,15,5,17.032,7.363,14.023,90.0,90.36,90.0,True,ABX3,Monoklinik
9008437_19,13730,Ca24 Si24 O76,Ca O Si ,C2/c,15,5,17.032,7.363,14.023,90.0,90.36,90.0,True,ABX3,Monoklinik
9008437_20,13730,Ca24 Si24 O76,Ca O Si ,C2/c,15,5,17.032,7.363,14.023,90.0,90.36,90.0,True,ABX3,Monoklinik
9008437_21,13730,Ca24 Si24 O76,Ca O Si ,C2/c,15,5,17.032,7.363,14.023,90.0,90.36,90.0,True,ABX3,Monoklinik
9008437_22,13730,Ca24 Si24 O76,Ca O Si ,C2/c,15,5,17.032,7.363,14.023,90.0,90.36,90.0,True,ABX3,Monoklinik
9008437_23,13730,Ca24 Si24 O76,Ca O Si ,C2/c,15,5,17.032,7.363,14.023,90.0,90.36,90.0,True,ABX3,Monoklinik
9008437_24,13730,Ca24 Si24 O76,Ca O Si ,C2/c,15,5,17.032,7.363,14.023,90.0,90.36,90.0,True,ABX3,Monoklinik
1561463_1,13872,Eu1 Nb1 O3,Eu Nb O ,Pm-3m,221,0,4.02753,4.02753,4.02753,90.0,90.0,90.0,True,ABX3,Kubik
1561463_2,13872,Eu1 Nb1 O3,Eu Nb O ,Pm-3m,221,0,4.02753,4.02753,4.02753,90.0,90.0,90.0,True,ABX3,Kubik
1561463_3,13872,Eu1 Nb1 O3,Eu Nb O ,Pm-3m,221,0,4.02753,4.02753,4.02753,90.0,90.0,90.0,True,ABX3,Kubik
1561463_4,13872,Eu1 Nb1 O3,Eu Nb O ,Pm-3m,221,0,4.02753,4.02753,4.02753,90.0,90.0,90.0,True,ABX3,Kubik
1561463_5,13872,Eu1 Nb1 O3,Eu Nb O ,Pm-3m,221,0,4.02753,4.02753,4.02753,90.0,90.0,90.0,True,ABX3,Kubik
1561463_6,13872,Eu1 Nb1 O3,Eu Nb O ,Pm-3m,221,0,4.02753,4.02753,4.02753,90.0,90.0,90.0,True,ABX3,Kubik
1561463_7,13872,Eu1 Nb1 O3,Eu Nb O ,Pm-3m,221,0,4.02753,4.02753,4.02753,90.0,90.0,90.0,True,ABX3,Kubik
1561463_8,13872,Eu1 Nb1 O3,Eu Nb O ,Pm-3m,221,0,4.02753,4.02753,4.02753,90.0,90.0,90.0,True,ABX3,Kubik
1561463_9,13872,Eu1 Nb1 O3,Eu Nb O ,Pm-3m,221,0,4.02753,4.02753,4.02753,90.0,90.0,90.0,True,ABX3,Kubik
1561463_10,13872,Eu1 Nb1 O3,Eu Nb O ,Pm-3m,221,0,4.02753,4.02753,4.02753,90.0,90.0,90.0,True,ABX3,Kubik
1561463_11,13872,Eu1 Nb1 O3,Eu Nb O ,Pm-3m,221,0,4.02753,4.02753,4.02753,90.0,90.0,90.0,True,ABX3,Kubik
1561463_12,13872,Eu1 Nb1 O3,Eu Nb O ,Pm-3m,221,0,4.02753,4.02753,4.02753,90.0,90.0,90.0,True,ABX3,Kubik
1561463_13,13872,Eu1 Nb1 O3,Eu Nb O ,Pm-3m,221,0,4.02753,4.02753,4.02753,90.0,90.0,90.0,True,ABX3,Kubik
1561463_14,13872,Eu1 Nb1 O3,Eu Nb O ,Pm-3m,221,0,4.02753,4.02753,4.02753,90.0,90.0,90.0,True,ABX3,Kubik
1561463_15,13872,Eu1 Nb1 O3,Eu Nb O ,Pm-3m,221,0,4.02753,4.02753,4.02753,90.0,90.0,90.0,True,ABX3,Kubik
1561463_16,13872,Eu1 Nb1 O3,Eu Nb O ,Pm-3m,221,0,4.02753,4.02753,4.02753,90.0,90.0,90.0,True,ABX3,Kubik
1561463_17,13872,Eu1 Nb1 O3,Eu Nb O ,Pm-3m,221,0,4.02753,4.02753,4.02753,90.0,90.0,90.0,True,ABX3,Kubik
1561463_18,13872,Eu1 Nb1 O3,Eu Nb O ,Pm-3m,221,0,4.02753,4.02753,4.02753,90.0,90.0,90.0,True,ABX3,Kubik
1561463_19,13872,Eu1 Nb1 O3,Eu Nb O ,Pm-3m,221,0,4.02753,4.02753,4.02753,90.0,90.0,90.0,True,ABX3,Kubik
1561463_20,13872,Eu1 Nb1 O3,Eu Nb O ,Pm-3m,221,0,4.02753,4.02753,4.02753,90.0,90.0,90.0,True,ABX3,Kubik
1561463_21,13872,Eu1 Nb1 O3,Eu Nb O ,Pm-3m,221,0,4.02753,4.02753,4.02753,90.0,90.0,90.0,True,ABX3,Kubik
1561463_22,13872,Eu1 Nb1 O3,Eu Nb O ,Pm-3m,221,0,4.02753,4.02753,4.02753,90.0,90.0,90.0,True,ABX3,Kubik
1561463_23,13872,Eu1 Nb1 O3,Eu Nb O ,Pm-3m,221,0,4.02753,4.02753,4.02753,90.0,90.0,90.0,True,ABX3,Kubik
1561463_24,13872,Eu1 Nb1 O3,Eu Nb O ,Pm-3m,221,0,4.02753,4.02753,4.02753,90.0,90.0,90.0,True,ABX3,Kubik
4124854_1,13904,Nd1 Co1 O3,Co Nd O ,Pm-3m,221,0,3.77,3.77,3.77,90.0,90.0,90.0,True,ABX3,Kubik
4124854_2,13904,Nd1 Co1 O3,Co Nd O ,Pm-3m,221,0,3.77,3.77,3.77,90.0,90.0,90.0,True,ABX3,Kubik
4124854_3,13904,Nd1 Co1 O3,Co Nd O ,Pm-3m,221,0,3.77,3.77,3.77,90.0,90.0,90.0,True,ABX3,Kubik
4124854_4,13904,Nd1 Co1 O3,Co Nd O ,Pm-3m,221,0,3.77,3.77,3.77,90.0,90.0,90.0,True,ABX3,Kubik
4124854_5,13904,Nd1 Co1 O3,Co Nd O ,Pm-3m,221,0,3.77,3.77,3.77,90.0,90.0,90.0,True,ABX3,Kubik
4124854_6,13904,Nd1 Co1 O3,Co Nd O ,Pm-3m,221,0,3.77,3.77,3.77,90.0,90.0,90.0,True,ABX3,Kubik
4124854_7,13904,Nd1 Co1 O3,Co Nd O ,Pm-3m,221,0,3.77,3.77,3.77,90.0,90.0,90.0,True,ABX3,Kubik
4124854_8,13904,Nd1 Co1 O3,Co Nd O ,Pm-3m,221,0,3.77,3.77,3.77,90.0,90.0,90.0,True,ABX3,Kubik
4124854_9,13904,Nd1 Co1 O3,Co Nd O ,Pm-3m,221,0,3.77,3.77,3.77,90.0,90.0,90.0,True,ABX3,Kubik
4124854_10,13904,Nd1 Co1 O3,Co Nd O ,Pm-3m,221,0,3.77,3.77,3.77,90.0,90.0,90.0,True,ABX3,Kubik
4124854_11,13904,Nd1 Co1 O3,Co Nd O ,Pm-3m,221,0,3.77,3.77,3.77,90.0,90.0,90.0,True,ABX3,Kubik
4124854_12,13904,Nd1 Co1 O3,Co Nd O ,Pm-3m,221,0,3.77,3.77,3.77,90.0,90.0,90.0,True,ABX3,Kubik
4124854_13,13904,Nd1 Co1 O3,Co Nd O ,Pm-3m,221,0,3.77,3.77,3.77,90.0,90.0,90.0,True,ABX3,Kubik
4124854_14,13904,Nd1 Co1 O3,Co Nd O ,Pm-3m,221,0,3.77,3.77,3.77,90.0,90.0,90.0,True,ABX3,Kubik
4124854_15,13904,Nd1 Co1 O3,Co Nd O ,Pm-3m,221,0,3.77,3.77,3.77,90.0,90.0,90.0,True,ABX3,Kubik
4124854_16,13904,Nd1 Co1 O3,Co Nd O ,Pm-3m,221,0,3.77,3.77,3.77,90.0,90.0,90.0,True,ABX3,Kubik
4124854_17,13904,Nd1 Co1 O3,Co Nd O ,Pm-3m,221,0,3.77,3.77,3.77,90.0,90.0,90.0,True,ABX3,Kubik
4124854_18,13904,Nd1 Co1 O3,Co Nd O ,Pm-3m,221,0,3.77,3.77,3.77,90.0,90.0,90.0,True,ABX3,Kubik
4124854_19,13904,Nd1 Co1 O3,Co Nd O ,Pm-3m,221,0,3.77,3.77,3.77,90.0,90.0,90.0,True,ABX3,Kubik
4124854_20,13904,Nd1 Co1 O3,Co Nd O ,Pm-3m,221,0,3.77,3.77,3.77,90.0,90.0,90.0,True,ABX3,Kubik
4124854_21,13904,Nd1 Co1 O3,Co Nd O ,Pm-3m,221,0,3.77,3.77,3.77,90.0,90.0,90.0,True,ABX3,Kubik
4124854_22,13904,Nd1 Co1 O3,Co Nd O ,Pm-3m,221,0,3.77,3.77,3.77,90.0,90.0,90.0,True,ABX3,Kubik
4124854_23,13904,Nd1 Co1 O3,Co Nd O ,Pm-3m,221,0,3.77,3.77,3.77,90.0,90.0,90.0,True,ABX3,Kubik
4124854_24,13904,Nd1 Co1 O3,Co Nd O ,Pm-3m,221,0,3.77,3.77,3.77,90.0,90.0,90.0,True,ABX3,Kubik
1562486_1,14147,Cs4 Sn4 F12,Cs F Sn ,P2_1/c,14,5,4.8635,6.5374,14.295,90.0,90.969,90.0,True,ABX3,Monoklinik
1562486_2,14147,Cs4 Sn4 F12,Cs F Sn ,P2_1/c,14,5,4.8635,6.5374,14.295,90.0,90.969,90.0,True,ABX3,Monoklinik
1562486_3,14147,Cs4 Sn4 F12,Cs F Sn ,P2_1/c,14,5,4.8635,6.5374,14.295,90.0,90.969,90.0,True,ABX3,Monoklinik
1562486_4,14147,Cs4 Sn4 F12,Cs F Sn ,P2_1/c,14,5,4.8635,6.5374,14.295,90.0,90.969,90.0,True,ABX3,Monoklinik
1562486_5,14147,Cs4 Sn4 F12,Cs F Sn ,P2_1/c,14,5,4.8635,6.5374,14.295,90.0,90.969,90.0,True,ABX3,Monoklinik
1562486_6,14147,Cs4 Sn4 F12,Cs F Sn ,P2_1/c,14,5,4.8635,6.5374,14.295,90.0,90.969,90.0,True,ABX3,Monoklinik
1562486_7,14147,Cs4 Sn4 F12,Cs F Sn ,P2_1/c,14,5,4.8635,6.5374,14.295,90.0,90.969,90.0,True,ABX3,Monoklinik
1562486_8,14147,Cs4 Sn4 F12,Cs F Sn ,P2_1/c,14,5,4.8635,6.5374,14.295,90.0,90.969,90.0,True,ABX3,Monoklinik
1562486_9,14147,Cs4 Sn4 F12,Cs F Sn ,P2_1/c,14,5,4.8635,6.5374,14.295,90.0,90.969,90.0,True,ABX3,Monoklinik
1562486_10,14147,Cs4 Sn4 F12,Cs F Sn ,P2_1/c,14,5,4.8635,6.5374,14.295,90.0,90.969,90.0,True,ABX3,Monoklinik
1562486_11,14147,Cs4 Sn4 F12,Cs F Sn ,P2_1/c,14,5,4.8635,6.5374,14.295,90.0,90.969,90.0,True,ABX3,Monoklinik
1562486_12,14147,Cs4 Sn4 F12,Cs F Sn ,P2_1/c,14,5,4.8635,6.5374,14.295,90.0,90.969,90.0,True,ABX3,Monoklinik
1562486_13,14147,Cs4 Sn4 F12,Cs F Sn ,P2_1/c,14,5,4.8635,6.5374,14.295,90.0,90.969,90.0,True,ABX3,Monoklinik
1562486_14,14147,Cs4 Sn4 F12,Cs F Sn ,P2_1/c,14,5,4.8635,6.5374,14.295,90.0,90.969,90.0,True,ABX3,Monoklinik
1562486_15,14147,Cs4 Sn4 F12,Cs F Sn ,P2_1/c,14,5,4.8635,6.5374,14.295,90.0,90.969,90.0,True,ABX3,Monoklinik
1562486_16,14147,Cs4 Sn4 F12,Cs F Sn ,P2_1/c,14,5,4.8635,6.5374,14.295,90.0,90.969,90.0,True,ABX3,Monoklinik
1562486_17,14147,Cs4 Sn4 F12,Cs F Sn ,P2_1/c,14,5,4.8635,6.5374,14.295,90.0,90.969,90.0,True,ABX3,Monoklinik
1562486_18,14147,Cs4 Sn4 F12,Cs F Sn ,P2_1/c,14,5,4.8635,6.5374,14.295,90.0,90.969,90.0,True,ABX3,Monoklinik
1562486_19,14147,Cs4 Sn4 F12,Cs F Sn ,P2_1/c,14,5,4.8635,6.5374,14.295,90.0,90.969,90.0,True,ABX3,Monoklinik
1562486_20,14147,Cs4 Sn4 F12,Cs F Sn ,P2_1/c,14,5,4.8635,6.5374,14.295,90.0,90.969,90.0,True,ABX3,Monoklinik
1562486_21,14147,Cs4 Sn4 F12,Cs F Sn ,P2_1/c,14,5,4.8635,6.5374,14.295,90.0,90.969,90.0,True,ABX3,Monoklinik
1562486_22,14147,Cs4 Sn4 F12,Cs F Sn ,P2_1/c,14,5,4.8635,6.5374,14.295,90.0,90.969,90.0,True,ABX3,Monoklinik
1562486_23,14147,Cs4 Sn4 F12,Cs F Sn ,P2_1/c,14,5,4.8635,6.5374,14.295,90.0,90.969,90.0,True,ABX3,Monoklinik
1562486_24,14147,Cs4 Sn4 F12,Cs F Sn ,P2_1/c,14,5,4.8635,6.5374,14.295,90.0,90.969,90.0,True,ABX3,Monoklinik
1533276_1,14154,Gd4 Cr4 O12,Cr Gd O ,Pnma,62,2,5.312,5.515,7.6,90.0,90.0,90.0,True,ABX3,Ortorombik
1533276_2,14154,Gd4 Cr4 O12,Cr Gd O ,Pnma,62,2,5.312,5.515,7.6,90.0,90.0,90.0,True,ABX3,Ortorombik
1533276_3,14154,Gd4 Cr4 O12,Cr Gd O ,Pnma,62,2,5.312,5.515,7.6,90.0,90.0,90.0,True,ABX3,Ortorombik
1533276_4,14154,Gd4 Cr4 O12,Cr Gd O ,Pnma,62,2,5.312,5.515,7.6,90.0,90.0,90.0,True,ABX3,Ortorombik
1533276_5,14154,Gd4 Cr4 O12,Cr Gd O ,Pnma,62,2,5.312,5.515,7.6,90.0,90.0,90.0,True,ABX3,Ortorombik
1533276_6,14154,Gd4 Cr4 O12,Cr Gd O ,Pnma,62,2,5.312,5.515,7.6,90.0,90.0,90.0,True,ABX3,Ortorombik
1533276_7,14154,Gd4 Cr4 O12,Cr Gd O ,Pnma,62,2,5.312,5.515,7.6,90.0,90.0,90.0,True,ABX3,Ortorombik
1533276_8,14154,Gd4 Cr4 O12,Cr Gd O ,Pnma,62,2,5.312,5.515,7.6,90.0,90.0,90.0,True,ABX3,Ortorombik
1533276_9,14154,Gd4 Cr4 O12,Cr Gd O ,Pnma,62,2,5.312,5.515,7.6,90.0,90.0,90.0,True,ABX3,Ortorombik
1533276_10,14154,Gd4 Cr4 O12,Cr Gd O ,Pnma,62,2,5.312,5.515,7.6,90.0,90.0,90.0,True,ABX3,Ortorombik
1533276_11,14154,Gd4 Cr4 O12,Cr Gd O ,Pnma,62,2,5.312,5.515,7.6,90.0,90.0,90.0,True,ABX3,Ortorombik
1533276_12,14154,Gd4 Cr4 O12,Cr Gd O ,Pnma,62,2,5.312,5.515,7.6,90.0,90.0,90.0,True,ABX3,Ortorombik
1533276_13,14154,Gd4 Cr4 O12,Cr Gd O ,Pnma,62,2,5.312,5.515,7.6,90.0,90.0,90.0,True,ABX3,Ortorombik
1533276_14,14154,Gd4 Cr4 O12,Cr Gd O ,Pnma,62,2,5.312,5.515,7.6,90.0,90.0,90.0,True,ABX3,Ortorombik
1533276_15,14154,Gd4 Cr4 O12,Cr Gd O ,Pnma,62,2,5.312,5.515,7.6,90.0,90.0,90.0,True,ABX3,Ortorombik
1533276_16,14154,Gd4 Cr4 O12,Cr Gd O ,Pnma,62,2,5.312,5.515,7.6,90.0,90.0,90.0,True,ABX3,Ortorombik
1533276_17,14154,Gd4 Cr4 O12,Cr Gd O ,Pnma,62,2,5.312,5.515,7.6,90.0,90.0,90.0,True,ABX3,Ortorombik
1533276_18,14154,Gd4 Cr4 O12,Cr Gd O ,Pnma,62,2,5.312,5.515,7.6,90.0,90.0,90.0,True,ABX3,Ortorombik
1533276_19,14154,Gd4 Cr4 O12,Cr Gd O ,Pnma,62,2,5.312,5.515,7.6,90.0,90.0,90.0,True,ABX3,Ortorombik
1533276_20,14154,Gd4 Cr4 O12,Cr Gd O ,Pnma,62,2,5.312,5.515,7.6,90.0,90.0,90.0,True,ABX3,Ortorombik
1533276_21,14154,Gd4 Cr4 O12,Cr Gd O ,Pnma,62,2,5.312,5.515,7.6,90.0,90.0,90.0,True,ABX3,Ortorombik
1533276_22,14154,Gd4 Cr4 O12,Cr Gd O ,Pnma,62,2,5.312,5.515,7.6,90.0,90.0,90.0,True,ABX3,Ortorombik
1533276_23,14154,Gd4 Cr4 O12,Cr Gd O ,Pnma,62,2,5.312,5.515,7.6,90.0,90.0,90.0,True,ABX3,Ortorombik
1533276_24,14154,Gd4 Cr4 O12,Cr Gd O ,Pnma,62,2,5.312,5.515,7.6,90.0,90.0,90.0,True,ABX3,Ortorombik
1538361_1,14189,Ce4 Cr4 Se12,Ce Cr Se ,Pnma,62,2,8.08,13.738,3.952,90.0,90.0,90.0,True,ABX3,Ortorombik
1538361_2,14189,Ce4 Cr4 Se12,Ce Cr Se ,Pnma,62,2,8.08,13.738,3.952,90.0,90.0,90.0,True,ABX3,Ortorombik
1538361_3,14189,Ce4 Cr4 Se12,Ce Cr Se ,Pnma,62,2,8.08,13.738,3.952,90.0,90.0,90.0,True,ABX3,Ortorombik
1538361_4,14189,Ce4 Cr4 Se12,Ce Cr Se ,Pnma,62,2,8.08,13.738,3.952,90.0,90.0,90.0,True,ABX3,Ortorombik
1538361_5,14189,Ce4 Cr4 Se12,Ce Cr Se ,Pnma,62,2,8.08,13.738,3.952,90.0,90.0,90.0,True,ABX3,Ortorombik
1538361_6,14189,Ce4 Cr4 Se12,Ce Cr Se ,Pnma,62,2,8.08,13.738,3.952,90.0,90.0,90.0,True,ABX3,Ortorombik
1538361_7,14189,Ce4 Cr4 Se12,Ce Cr Se ,Pnma,62,2,8.08,13.738,3.952,90.0,90.0,90.0,True,ABX3,Ortorombik
1538361_8,14189,Ce4 Cr4 Se12,Ce Cr Se ,Pnma,62,2,8.08,13.738,3.952,90.0,90.0,90.0,True,ABX3,Ortorombik
1538361_9,14189,Ce4 Cr4 Se12,Ce Cr Se ,Pnma,62,2,8.08,13.738,3.952,90.0,90.0,90.0,True,ABX3,Ortorombik
1538361_10,14189,Ce4 Cr4 Se12,Ce Cr Se ,Pnma,62,2,8.08,13.738,3.952,90.0,90.0,90.0,True,ABX3,Ortorombik
1538361_11,14189,Ce4 Cr4 Se12,Ce Cr Se ,Pnma,62,2,8.08,13.738,3.952,90.0,90.0,90.0,True,ABX3,Ortorombik
1538361_12,14189,Ce4 Cr4 Se12,Ce Cr Se ,Pnma,62,2,8.08,13.738,3.952,90.0,90.0,90.0,True,ABX3,Ortorombik
1538361_13,14189,Ce4 Cr4 Se12,Ce Cr Se ,Pnma,62,2,8.08,13.738,3.952,90.0,90.0,90.0,True,ABX3,Ortorombik
1538361_14,14189,Ce4 Cr4 Se12,Ce Cr Se ,Pnma,62,2,8.08,13.738,3.952,90.0,90.0,90.0,True,ABX3,Ortorombik
1538361_15,14189,Ce4 Cr4 Se12,Ce Cr Se ,Pnma,62,2,8.08,13.738,3.952,90.0,90.0,90.0,True,ABX3,Ortorombik
1538361_16,14189,Ce4 Cr4 Se12,Ce Cr Se ,Pnma,62,2,8.08,13.738,3.952,90.0,90.0,90.0,True,ABX3,Ortorombik
1538361_17,14189,Ce4 Cr4 Se12,Ce Cr Se ,Pnma,62,2,8.08,13.738,3.952,90.0,90.0,90.0,True,ABX3,Ortorombik
1538361_18,14189,Ce4 Cr4 Se12,Ce Cr Se ,Pnma,62,2,8.08,13.738,3.952,90.0,90.0,90.0,True,ABX3,Ortorombik
1538361_19,14189,Ce4 Cr4 Se12,Ce Cr Se ,Pnma,62,2,8.08,13.738,3.952,90.0,90.0,90.0,True,ABX3,Ortorombik
1538361_20,14189,Ce4 Cr4 Se12,Ce Cr Se ,Pnma,62,2,8.08,13.738,3.952,90.0,90.0,90.0,True,ABX3,Ortorombik
1538361_21,14189,Ce4 Cr4 Se12,Ce Cr Se ,Pnma,62,2,8.08,13.738,3.952,90.0,90.0,90.0,True,ABX3,Ortorombik
1538361_22,14189,Ce4 Cr4 Se12,Ce Cr Se ,Pnma,62,2,8.08,13.738,3.952,90.0,90.0,90.0,True,ABX3,Ortorombik
1538361_23,14189,Ce4 Cr4 Se12,Ce Cr Se ,Pnma,62,2,8.08,13.738,3.952,90.0,90.0,90.0,True,ABX3,Ortorombik
1538361_24,14189,Ce4 Cr4 Se12,Ce Cr Se ,Pnma,62,2,8.08,13.738,3.952,90.0,90.0,90.0,True,ABX3,Ortorombik
1521396_1,14283,Ce4 Cr4 S12,Ce Cr S ,Pnma,62,2,7.76,3.79,13.16,90.0,90.0,90.0,True,ABX3,Ortorombik
1521396_2,14283,Ce4 Cr4 S12,Ce Cr S ,Pnma,62,2,7.76,3.79,13.16,90.0,90.0,90.0,True,ABX3,Ortorombik
1521396_3,14283,Ce4 Cr4 S12,Ce Cr S ,Pnma,62,2,7.76,3.79,13.16,90.0,90.0,90.0,True,ABX3,Ortorombik
1521396_4,14283,Ce4 Cr4 S12,Ce Cr S ,Pnma,62,2,7.76,3.79,13.16,90.0,90.0,90.0,True,ABX3,Ortorombik
1521396_5,14283,Ce4 Cr4 S12,Ce Cr S ,Pnma,62,2,7.76,3.79,13.16,90.0,90.0,90.0,True,ABX3,Ortorombik
1521396_6,14283,Ce4 Cr4 S12,Ce Cr S ,Pnma,62,2,7.76,3.79,13.16,90.0,90.0,90.0,True,ABX3,Ortorombik
1521396_7,14283,Ce4 Cr4 S12,Ce Cr S ,Pnma,62,2,7.76,3.79,13.16,90.0,90.0,90.0,True,ABX3,Ortorombik
1521396_8,14283,Ce4 Cr4 S12,Ce Cr S ,Pnma,62,2,7.76,3.79,13.16,90.0,90.0,90.0,True,ABX3,Ortorombik
1521396_9,14283,Ce4 Cr4 S12,Ce Cr S ,Pnma,62,2,7.76,3.79,13.16,90.0,90.0,90.0,True,ABX3,Ortorombik
1521396_10,14283,Ce4 Cr4 S12,Ce Cr S ,Pnma,62,2,7.76,3.79,13.16,90.0,90.0,90.0,True,ABX3,Ortorombik
1521396_11,14283,Ce4 Cr4 S12,Ce Cr S ,Pnma,62,2,7.76,3.79,13.16,90.0,90.0,90.0,True,ABX3,Ortorombik
1521396_12,14283,Ce4 Cr4 S12,Ce Cr S ,Pnma,62,2,7.76,3.79,13.16,90.0,90.0,90.0,True,ABX3,Ortorombik
1521396_13,14283,Ce4 Cr4 S12,Ce Cr S ,Pnma,62,2,7.76,3.79,13.16,90.0,90.0,90.0,True,ABX3,Ortorombik
1521396_14,14283,Ce4 Cr4 S12,Ce Cr S ,Pnma,62,2,7.76,3.79,13.16,90.0,90.0,90.0,True,ABX3,Ortorombik
1521396_15,14283,Ce4 Cr4 S12,Ce Cr S ,Pnma,62,2,7.76,3.79,13.16,90.0,90.0,90.0,True,ABX3,Ortorombik
1521396_16,14283,Ce4 Cr4 S12,Ce Cr S ,Pnma,62,2,7.76,3.79,13.16,90.0,90.0,90.0,True,ABX3,Ortorombik
1521396_17,14283,Ce4 Cr4 S12,Ce Cr S ,Pnma,62,2,7.76,3.79,13.16,90.0,90.0,90.0,True,ABX3,Ortorombik
1521396_18,14283,Ce4 Cr4 S12,Ce Cr S ,Pnma,62,2,7.76,3.79,13.16,90.0,90.0,90.0,True,ABX3,Ortorombik
1521396_19,14283,Ce4 Cr4 S12,Ce Cr S ,Pnma,62,2,7.76,3.79,13.16,90.0,90.0,90.0,True,ABX3,Ortorombik
1521396_20,14283,Ce4 Cr4 S12,Ce Cr S ,Pnma,62,2,7.76,3.79,13.16,90.0,90.0,90.0,True,ABX3,Ortorombik
1521396_21,14283,Ce4 Cr4 S12,Ce Cr S ,Pnma,62,2,7.76,3.79,13.16,90.0,90.0,90.0,True,ABX3,Ortorombik
1521396_22,14283,Ce4 Cr4 S12,Ce Cr S ,Pnma,62,2,7.76,3.79,13.16,90.0,90.0,90.0,True,ABX3,Ortorombik
1521396_23,14283,Ce4 Cr4 S12,Ce Cr S ,Pnma,62,2,7.76,3.79,13.16,90.0,90.0,90.0,True,ABX3,Ortorombik
1521396_24,14283,Ce4 Cr4 S12,Ce Cr S ,Pnma,62,2,7.76,3.79,13.16,90.0,90.0,90.0,True,ABX3,Ortorombik
9015446_1,14298,La3.65 Mn4 O12,La Mn O ,C2/c,15,5,7.789999999999999,5.526,5.479,90.0,90.78,90.0,True,ABX3,Monoklinik
9015446_2,14298,La3.65 Mn4 O12,La Mn O ,C2/c,15,5,7.789999999999999,5.526,5.479,90.0,90.78,90.0,True,ABX3,Monoklinik
9015446_3,14298,La3.65 Mn4 O12,La Mn O ,C2/c,15,5,7.789999999999999,5.526,5.479,90.0,90.78,90.0,True,ABX3,Monoklinik
9015446_4,14298,La3.65 Mn4 O12,La Mn O ,C2/c,15,5,7.789999999999999,5.526,5.479,90.0,90.78,90.0,True,ABX3,Monoklinik
9015446_5,14298,La3.65 Mn4 O12,La Mn O ,C2/c,15,5,7.789999999999999,5.526,5.479,90.0,90.78,90.0,True,ABX3,Monoklinik
9015446_6,14298,La3.65 Mn4 O12,La Mn O ,C2/c,15,5,7.789999999999999,5.526,5.479,90.0,90.78,90.0,True,ABX3,Monoklinik
9015446_7,14298,La3.65 Mn4 O12,La Mn O ,C2/c,15,5,7.789999999999999,5.526,5.479,90.0,90.78,90.0,True,ABX3,Monoklinik
9015446_8,14298,La3.65 Mn4 O12,La Mn O ,C2/c,15,5,7.789999999999999,5.526,5.479,90.0,90.78,90.0,True,ABX3,Monoklinik
9015446_9,14298,La3.65 Mn4 O12,La Mn O ,C2/c,15,5,7.789999999999999,5.526,5.479,90.0,90.78,90.0,True,ABX3,Monoklinik
9015446_10,14298,La3.65 Mn4 O12,La Mn O ,C2/c,15,5,7.789999999999999,5.526,5.479,90.0,90.78,90.0,True,ABX3,Monoklinik
9015446_11,14298,La3.65 Mn4 O12,La Mn O ,C2/c,15,5,7.789999999999999,5.526,5.479,90.0,90.78,90.0,True,ABX3,Monoklinik
9015446_12,14298,La3.65 Mn4 O12,La Mn O ,C2/c,15,5,7.789999999999999,5.526,5.479,90.0,90.78,90.0,True,ABX3,Monoklinik
9015446_13,14298,La3.65 Mn4 O12,La Mn O ,C2/c,15,5,7.789999999999999,5.526,5.479,90.0,90.78,90.0,True,ABX3,Monoklinik
9015446_14,14298,La3.65 Mn4 O12,La Mn O ,C2/c,15,5,7.789999999999999,5.526,5.479,90.0,90.78,90.0,True,ABX3,Monoklinik
9015446_15,14298,La3.65 Mn4 O12,La Mn O ,C2/c,15,5,7.789999999999999,5.526,5.479,90.0,90.78,90.0,True,ABX3,Monoklinik
9015446_16,14298,La3.65 Mn4 O12,La Mn O ,C2/c,15,5,7.789999999999999,5.526,5.479,90.0,90.78,90.0,True,ABX3,Monoklinik
9015446_17,14298,La3.65 Mn4 O12,La Mn O ,C2/c,15,5,7.789999999999999,5.526,5.479,90.0,90.78,90.0,True,ABX3,Monoklinik
9015446_18,14298,La3.65 Mn4 O12,La Mn O ,C2/c,15,5,7.789999999999999,5.526,5.479,90.0,90.78,90.0,True,ABX3,Monoklinik
9015446_19,14298,La3.65 Mn4 O12,La Mn O ,C2/c,15,5,7.789999999999999,5.526,5.479,90.0,90.78,90.0,True,ABX3,Monoklinik
9015446_20,14298,La3.65 Mn4 O12,La Mn O ,C2/c,15,5,7.789999999999999,5.526,5.479,90.0,90.78,90.0,True,ABX3,Monoklinik
9015446_21,14298,La3.65 Mn4 O12,La Mn O ,C2/c,15,5,7.789999999999999,5.526,5.479,90.0,90.78,90.0,True,ABX3,Monoklinik
9015446_22,14298,La3.65 Mn4 O12,La Mn O ,C2/c,15,5,7.789999999999999,5.526,5.479,90.0,90.78,90.0,True,ABX3,Monoklinik
9015446_23,14298,La3.65 Mn4 O12,La Mn O ,C2/c,15,5,7.789999999999999,5.526,5.479,90.0,90.78,90.0,True,ABX3,Monoklinik
9015446_24,14298,La3.65 Mn4 O12,La Mn O ,C2/c,15,5,7.789999999999999,5.526,5.479,90.0,90.78,90.0,True,ABX3,Monoklinik
4317030_1,14359,U4 Fe4 S12,Fe S U ,Cmcm,63,2,3.8009,11.6148,8.7022,90.0,90.0,90.0,True,ABX3,Ortorombik
4317030_2,14359,U4 Fe4 S12,Fe S U ,Cmcm,63,2,3.8009,11.6148,8.7022,90.0,90.0,90.0,True,ABX3,Ortorombik
4317030_3,14359,U4 Fe4 S12,Fe S U ,Cmcm,63,2,3.8009,11.6148,8.7022,90.0,90.0,90.0,True,ABX3,Ortorombik
4317030_4,14359,U4 Fe4 S12,Fe S U ,Cmcm,63,2,3.8009,11.6148,8.7022,90.0,90.0,90.0,True,ABX3,Ortorombik
4317030_5,14359,U4 Fe4 S12,Fe S U ,Cmcm,63,2,3.8009,11.6148,8.7022,90.0,90.0,90.0,True,ABX3,Ortorombik
4317030_6,14359,U4 Fe4 S12,Fe S U ,Cmcm,63,2,3.8009,11.6148,8.7022,90.0,90.0,90.0,True,ABX3,Ortorombik
4317030_7,14359,U4 Fe4 S12,Fe S U ,Cmcm,63,2,3.8009,11.6148,8.7022,90.0,90.0,90.0,True,ABX3,Ortorombik
4317030_8,14359,U4 Fe4 S12,Fe S U ,Cmcm,63,2,3.8009,11.6148,8.7022,90.0,90.0,90.0,True,ABX3,Ortorombik
4317030_9,14359,U4 Fe4 S12,Fe S U ,Cmcm,63,2,3.8009,11.6148,8.7022,90.0,90.0,90.0,True,ABX3,Ortorombik
4317030_10,14359,U4 Fe4 S12,Fe S U ,Cmcm,63,2,3.8009,11.6148,8.7022,90.0,90.0,90.0,True,ABX3,Ortorombik
4317030_11,14359,U4 Fe4 S12,Fe S U ,Cmcm,63,2,3.8009,11.6148,8.7022,90.0,90.0,90.0,True,ABX3,Ortorombik
4317030_12,14359,U4 Fe4 S12,Fe S U ,Cmcm,63,2,3.8009,11.6148,8.7022,90.0,90.0,90.0,True,ABX3,Ortorombik
4317030_13,14359,U4 Fe4 S12,Fe S U ,Cmcm,63,2,3.8009,11.6148,8.7022,90.0,90.0,90.0,True,ABX3,Ortorombik
4317030_14,14359,U4 Fe4 S12,Fe S U ,Cmcm,63,2,3.8009,11.6148,8.7022,90.0,90.0,90.0,True,ABX3,Ortorombik
4317030_15,14359,U4 Fe4 S12,Fe S U ,Cmcm,63,2,3.8009,11.6148,8.7022,90.0,90.0,90.0,True,ABX3,Ortorombik
4317030_16,14359,U4 Fe4 S12,Fe S U ,Cmcm,63,2,3.8009,11.6148,8.7022,90.0,90.0,90.0,True,ABX3,Ortorombik
4317030_17,14359,U4 Fe4 S12,Fe S U ,Cmcm,63,2,3.8009,11.6148,8.7022,90.0,90.0,90.0,True,ABX3,Ortorombik
4317030_18,14359,U4 Fe4 S12,Fe S U ,Cmcm,63,2,3.8009,11.6148,8.7022,90.0,90.0,90.0,True,ABX3,Ortorombik
4317030_19,14359,U4 Fe4 S12,Fe S U ,Cmcm,63,2,3.8009,11.6148,8.7022,90.0,90.0,90.0,True,ABX3,Ortorombik
4317030_20,14359,U4 Fe4 S12,Fe S U ,Cmcm,63,2,3.8009,11.6148,8.7022,90.0,90.0,90.0,True,ABX3,Ortorombik
4317030_21,14359,U4 Fe4 S12,Fe S U ,Cmcm,63,2,3.8009,11.6148,8.7022,90.0,90.0,90.0,True,ABX3,Ortorombik
4317030_22,14359,U4 Fe4 S12,Fe S U ,Cmcm,63,2,3.8009,11.6148,8.7022,90.0,90.0,90.0,True,ABX3,Ortorombik
4317030_23,14359,U4 Fe4 S12,Fe S U ,Cmcm,63,2,3.8009,11.6148,8.7022,90.0,90.0,90.0,True,ABX3,Ortorombik
4317030_24,14359,U4 Fe4 S12,Fe S U ,Cmcm,63,2,3.8009,11.6148,8.7022,90.0,90.0,90.0,True,ABX3,Ortorombik
1524853_1,14456,Sm4 Al4 O12,Al O Sm ,Pnma,62,2,5.2912,5.2904,7.474,90.0,90.0,90.0,True,ABX3,Ortorombik
1524853_2,14456,Sm4 Al4 O12,Al O Sm ,Pnma,62,2,5.2912,5.2904,7.474,90.0,90.0,90.0,True,ABX3,Ortorombik
1524853_3,14456,Sm4 Al4 O12,Al O Sm ,Pnma,62,2,5.2912,5.2904,7.474,90.0,90.0,90.0,True,ABX3,Ortorombik
1524853_4,14456,Sm4 Al4 O12,Al O Sm ,Pnma,62,2,5.2912,5.2904,7.474,90.0,90.0,90.0,True,ABX3,Ortorombik
1524853_5,14456,Sm4 Al4 O12,Al O Sm ,Pnma,62,2,5.2912,5.2904,7.474,90.0,90.0,90.0,True,ABX3,Ortorombik
1524853_6,14456,Sm4 Al4 O12,Al O Sm ,Pnma,62,2,5.2912,5.2904,7.474,90.0,90.0,90.0,True,ABX3,Ortorombik
1524853_7,14456,Sm4 Al4 O12,Al O Sm ,Pnma,62,2,5.2912,5.2904,7.474,90.0,90.0,90.0,True,ABX3,Ortorombik
1524853_8,14456,Sm4 Al4 O12,Al O Sm ,Pnma,62,2,5.2912,5.2904,7.474,90.0,90.0,90.0,True,ABX3,Ortorombik
1524853_9,14456,Sm4 Al4 O12,Al O Sm ,Pnma,62,2,5.2912,5.2904,7.474,90.0,90.0,90.0,True,ABX3,Ortorombik
1524853_10,14456,Sm4 Al4 O12,Al O Sm ,Pnma,62,2,5.2912,5.2904,7.474,90.0,90.0,90.0,True,ABX3,Ortorombik
1524853_11,14456,Sm4 Al4 O12,Al O Sm ,Pnma,62,2,5.2912,5.2904,7.474,90.0,90.0,90.0,True,ABX3,Ortorombik
1524853_12,14456,Sm4 Al4 O12,Al O Sm ,Pnma,62,2,5.2912,5.2904,7.474,90.0,90.0,90.0,True,ABX3,Ortorombik
1524853_13,14456,Sm4 Al4 O12,Al O Sm ,Pnma,62,2,5.2912,5.2904,7.474,90.0,90.0,90.0,True,ABX3,Ortorombik
1524853_14,14456,Sm4 Al4 O12,Al O Sm ,Pnma,62,2,5.2912,5.2904,7.474,90.0,90.0,90.0,True,ABX3,Ortorombik
1524853_15,14456,Sm4 Al4 O12,Al O Sm ,Pnma,62,2,5.2912,5.2904,7.474,90.0,90.0,90.0,True,ABX3,Ortorombik
1524853_16,14456,Sm4 Al4 O12,Al O Sm ,Pnma,62,2,5.2912,5.2904,7.474,90.0,90.0,90.0,True,ABX3,Ortorombik
1524853_17,14456,Sm4 Al4 O12,Al O Sm ,Pnma,62,2,5.2912,5.2904,7.474,90.0,90.0,90.0,True,ABX3,Ortorombik
1524853_18,14456,Sm4 Al4 O12,Al O Sm ,Pnma,62,2,5.2912,5.2904,7.474,90.0,90.0,90.0,True,ABX3,Ortorombik
1524853_19,14456,Sm4 Al4 O12,Al O Sm ,Pnma,62,2,5.2912,5.2904,7.474,90.0,90.0,90.0,True,ABX3,Ortorombik
1524853_20,14456,Sm4 Al4 O12,Al O Sm ,Pnma,62,2,5.2912,5.2904,7.474,90.0,90.0,90.0,True,ABX3,Ortorombik
1524853_21,14456,Sm4 Al4 O12,Al O Sm ,Pnma,62,2,5.2912,5.2904,7.474,90.0,90.0,90.0,True,ABX3,Ortorombik
1524853_22,14456,Sm4 Al4 O12,Al O Sm ,Pnma,62,2,5.2912,5.2904,7.474,90.0,90.0,90.0,True,ABX3,Ortorombik
1524853_23,14456,Sm4 Al4 O12,Al O Sm ,Pnma,62,2,5.2912,5.2904,7.474,90.0,90.0,90.0,True,ABX3,Ortorombik
1524853_24,14456,Sm4 Al4 O12,Al O Sm ,Pnma,62,2,5.2912,5.2904,7.474,90.0,90.0,90.0,True,ABX3,Ortorombik
2101386_1,14536,Y4 Fe4 O12,Fe O Y ,Pnma,62,2,5.5877,7.5951,5.2743,90.0,90.0,90.0,True,ABX3,Ortorombik
2101386_2,14536,Y4 Fe4 O12,Fe O Y ,Pnma,62,2,5.5877,7.5951,5.2743,90.0,90.0,90.0,True,ABX3,Ortorombik
2101386_3,14536,Y4 Fe4 O12,Fe O Y ,Pnma,62,2,5.5877,7.5951,5.2743,90.0,90.0,90.0,True,ABX3,Ortorombik
2101386_4,14536,Y4 Fe4 O12,Fe O Y ,Pnma,62,2,5.5877,7.5951,5.2743,90.0,90.0,90.0,True,ABX3,Ortorombik
2101386_5,14536,Y4 Fe4 O12,Fe O Y ,Pnma,62,2,5.5877,7.5951,5.2743,90.0,90.0,90.0,True,ABX3,Ortorombik
2101386_6,14536,Y4 Fe4 O12,Fe O Y ,Pnma,62,2,5.5877,7.5951,5.2743,90.0,90.0,90.0,True,ABX3,Ortorombik
2101386_7,14536,Y4 Fe4 O12,Fe O Y ,Pnma,62,2,5.5877,7.5951,5.2743,90.0,90.0,90.0,True,ABX3,Ortorombik
2101386_8,14536,Y4 Fe4 O12,Fe O Y ,Pnma,62,2,5.5877,7.5951,5.2743,90.0,90.0,90.0,True,ABX3,Ortorombik
2101386_9,14536,Y4 Fe4 O12,Fe O Y ,Pnma,62,2,5.5877,7.5951,5.2743,90.0,90.0,90.0,True,ABX3,Ortorombik
2101386_10,14536,Y4 Fe4 O12,Fe O Y ,Pnma,62,2,5.5877,7.5951,5.2743,90.0,90.0,90.0,True,ABX3,Ortorombik
2101386_11,14536,Y4 Fe4 O12,Fe O Y ,Pnma,62,2,5.5877,7.5951,5.2743,90.0,90.0,90.0,True,ABX3,Ortorombik
2101386_12,14536,Y4 Fe4 O12,Fe O Y ,Pnma,62,2,5.5877,7.5951,5.2743,90.0,90.0,90.0,True,ABX3,Ortorombik
2101386_13,14536,Y4 Fe4 O12,Fe O Y ,Pnma,62,2,5.5877,7.5951,5.2743,90.0,90.0,90.0,True,ABX3,Ortorombik
2101386_14,14536,Y4 Fe4 O12,Fe O Y ,Pnma,62,2,5.5877,7.5951,5.2743,90.0,90.0,90.0,True,ABX3,Ortorombik
2101386_15,14536,Y4 Fe4 O12,Fe O Y ,Pnma,62,2,5.5877,7.5951,5.2743,90.0,90.0,90.0,True,ABX3,Ortorombik
2101386_16,14536,Y4 Fe4 O12,Fe O Y ,Pnma,62,2,5.5877,7.5951,5.2743,90.0,90.0,90.0,True,ABX3,Ortorombik
2101386_17,14536,Y4 Fe4 O12,Fe O Y ,Pnma,62,2,5.5877,7.5951,5.2743,90.0,90.0,90.0,True,ABX3,Ortorombik
2101386_18,14536,Y4 Fe4 O12,Fe O Y ,Pnma,62,2,5.5877,7.5951,5.2743,90.0,90.0,90.0,True,ABX3,Ortorombik
2101386_19,14536,Y4 Fe4 O12,Fe O Y ,Pnma,62,2,5.5877,7.5951,5.2743,90.0,90.0,90.0,True,ABX3,Ortorombik
2101386_20,14536,Y4 Fe4 O12,Fe O Y ,Pnma,62,2,5.5877,7.5951,5.2743,90.0,90.0,90.0,True,ABX3,Ortorombik
2101386_21,14536,Y4 Fe4 O12,Fe O Y ,Pnma,62,2,5.5877,7.5951,5.2743,90.0,90.0,90.0,True,ABX3,Ortorombik
2101386_22,14536,Y4 Fe4 O12,Fe O Y ,Pnma,62,2,5.5877,7.5951,5.2743,90.0,90.0,90.0,True,ABX3,Ortorombik
2101386_23,14536,Y4 Fe4 O12,Fe O Y ,Pnma,62,2,5.5877,7.5951,5.2743,90.0,90.0,90.0,True,ABX3,Ortorombik
2101386_24,14536,Y4 Fe4 O12,Fe O Y ,Pnma,62,2,5.5877,7.5951,5.2743,90.0,90.0,90.0,True,ABX3,Ortorombik
1533091_1,14652,Cs4 Ga4 Se12,Cs Ga Se ,P2_1/c,14,5,7.727,13.014,6.705,90.0,106.39,90.0,True,ABX3,Monoklinik
1533091_2,14652,Cs4 Ga4 Se12,Cs Ga Se ,P2_1/c,14,5,7.727,13.014,6.705,90.0,106.39,90.0,True,ABX3,Monoklinik
1533091_3,14652,Cs4 Ga4 Se12,Cs Ga Se ,P2_1/c,14,5,7.727,13.014,6.705,90.0,106.39,90.0,True,ABX3,Monoklinik
1533091_4,14652,Cs4 Ga4 Se12,Cs Ga Se ,P2_1/c,14,5,7.727,13.014,6.705,90.0,106.39,90.0,True,ABX3,Monoklinik
1533091_5,14652,Cs4 Ga4 Se12,Cs Ga Se ,P2_1/c,14,5,7.727,13.014,6.705,90.0,106.39,90.0,True,ABX3,Monoklinik
1533091_6,14652,Cs4 Ga4 Se12,Cs Ga Se ,P2_1/c,14,5,7.727,13.014,6.705,90.0,106.39,90.0,True,ABX3,Monoklinik
1533091_7,14652,Cs4 Ga4 Se12,Cs Ga Se ,P2_1/c,14,5,7.727,13.014,6.705,90.0,106.39,90.0,True,ABX3,Monoklinik
1533091_8,14652,Cs4 Ga4 Se12,Cs Ga Se ,P2_1/c,14,5,7.727,13.014,6.705,90.0,106.39,90.0,True,ABX3,Monoklinik
1533091_9,14652,Cs4 Ga4 Se12,Cs Ga Se ,P2_1/c,14,5,7.727,13.014,6.705,90.0,106.39,90.0,True,ABX3,Monoklinik
1533091_10,14652,Cs4 Ga4 Se12,Cs Ga Se ,P2_1/c,14,5,7.727,13.014,6.705,90.0,106.39,90.0,True,ABX3,Monoklinik
1533091_11,14652,Cs4 Ga4 Se12,Cs Ga Se ,P2_1/c,14,5,7.727,13.014,6.705,90.0,106.39,90.0,True,ABX3,Monoklinik
1533091_12,14652,Cs4 Ga4 Se12,Cs Ga Se ,P2_1/c,14,5,7.727,13.014,6.705,90.0,106.39,90.0,True,ABX3,Monoklinik
1533091_13,14652,Cs4 Ga4 Se12,Cs Ga Se ,P2_1/c,14,5,7.727,13.014,6.705,90.0,106.39,90.0,True,ABX3,Monoklinik
1533091_14,14652,Cs4 Ga4 Se12,Cs Ga Se ,P2_1/c,14,5,7.727,13.014,6.705,90.0,106.39,90.0,True,ABX3,Monoklinik
1533091_15,14652,Cs4 Ga4 Se12,Cs Ga Se ,P2_1/c,14,5,7.727,13.014,6.705,90.0,106.39,90.0,True,ABX3,Monoklinik
1533091_16,14652,Cs4 Ga4 Se12,Cs Ga Se ,P2_1/c,14,5,7.727,13.014,6.705,90.0,106.39,90.0,True,ABX3,Monoklinik
1533091_17,14652,Cs4 Ga4 Se12,Cs Ga Se ,P2_1/c,14,5,7.727,13.014,6.705,90.0,106.39,90.0,True,ABX3,Monoklinik
1533091_18,14652,Cs4 Ga4 Se12,Cs Ga Se ,P2_1/c,14,5,7.727,13.014,6.705,90.0,106.39,90.0,True,ABX3,Monoklinik
1533091_19,14652,Cs4 Ga4 Se12,Cs Ga Se ,P2_1/c,14,5,7.727,13.014,6.705,90.0,106.39,90.0,True,ABX3,Monoklinik
1533091_20,14652,Cs4 Ga4 Se12,Cs Ga Se ,P2_1/c,14,5,7.727,13.014,6.705,90.0,106.39,90.0,True,ABX3,Monoklinik
1533091_21,14652,Cs4 Ga4 Se12,Cs Ga Se ,P2_1/c,14,5,7.727,13.014,6.705,90.0,106.39,90.0,True,ABX3,Monoklinik
1533091_22,14652,Cs4 Ga4 Se12,Cs Ga Se ,P2_1/c,14,5,7.727,13.014,6.705,90.0,106.39,90.0,True,ABX3,Monoklinik
1533091_23,14652,Cs4 Ga4 Se12,Cs Ga Se ,P2_1/c,14,5,7.727,13.014,6.705,90.0,106.39,90.0,True,ABX3,Monoklinik
1533091_24,14652,Cs4 Ga4 Se12,Cs Ga Se ,P2_1/c,14,5,7.727,13.014,6.705,90.0,106.39,90.0,True,ABX3,Monoklinik
9008439_1,14664,Ca12 Si12 O38,Ca O Si ,P2/c,13,5,17.032,7.363,7.012,90.0,90.36,90.0,True,ABX3,Monoklinik
9008439_2,14664,Ca12 Si12 O38,Ca O Si ,P2/c,13,5,17.032,7.363,7.012,90.0,90.36,90.0,True,ABX3,Monoklinik
9008439_3,14664,Ca12 Si12 O38,Ca O Si ,P2/c,13,5,17.032,7.363,7.012,90.0,90.36,90.0,True,ABX3,Monoklinik
9008439_4,14664,Ca12 Si12 O38,Ca O Si ,P2/c,13,5,17.032,7.363,7.012,90.0,90.36,90.0,True,ABX3,Monoklinik
9008439_5,14664,Ca12 Si12 O38,Ca O Si ,P2/c,13,5,17.032,7.363,7.012,90.0,90.36,90.0,True,ABX3,Monoklinik
9008439_6,14664,Ca12 Si12 O38,Ca O Si ,P2/c,13,5,17.032,7.363,7.012,90.0,90.36,90.0,True,ABX3,Monoklinik
9008439_7,14664,Ca12 Si12 O38,Ca O Si ,P2/c,13,5,17.032,7.363,7.012,90.0,90.36,90.0,True,ABX3,Monoklinik
9008439_8,14664,Ca12 Si12 O38,Ca O Si ,P2/c,13,5,17.032,7.363,7.012,90.0,90.36,90.0,True,ABX3,Monoklinik
9008439_9,14664,Ca12 Si12 O38,Ca O Si ,P2/c,13,5,17.032,7.363,7.012,90.0,90.36,90.0,True,ABX3,Monoklinik
9008439_10,14664,Ca12 Si12 O38,Ca O Si ,P2/c,13,5,17.032,7.363,7.012,90.0,90.36,90.0,True,ABX3,Monoklinik
9008439_11,14664,Ca12 Si12 O38,Ca O Si ,P2/c,13,5,17.032,7.363,7.012,90.0,90.36,90.0,True,ABX3,Monoklinik
9008439_12,14664,Ca12 Si12 O38,Ca O Si ,P2/c,13,5,17.032,7.363,7.012,90.0,90.36,90.0,True,ABX3,Monoklinik
9008439_13,14664,Ca12 Si12 O38,Ca O Si ,P2/c,13,5,17.032,7.363,7.012,90.0,90.36,90.0,True,ABX3,Monoklinik
9008439_14,14664,Ca12 Si12 O38,Ca O Si ,P2/c,13,5,17.032,7.363,7.012,90.0,90.36,90.0,True,ABX3,Monoklinik
9008439_15,14664,Ca12 Si12 O38,Ca O Si ,P2/c,13,5,17.032,7.363,7.012,90.0,90.36,90.0,True,ABX3,Monoklinik
9008439_16,14664,Ca12 Si12 O38,Ca O Si ,P2/c,13,5,17.032,7.363,7.012,90.0,90.36,90.0,True,ABX3,Monoklinik
9008439_17,14664,Ca12 Si12 O38,Ca O Si ,P2/c,13,5,17.032,7.363,7.012,90.0,90.36,90.0,True,ABX3,Monoklinik
9008439_18,14664,Ca12 Si12 O38,Ca O Si ,P2/c,13,5,17.032,7.363,7.012,90.0,90.36,90.0,True,ABX3,Monoklinik
9008439_19,14664,Ca12 Si12 O38,Ca O Si ,P2/c,13,5,17.032,7.363,7.012,90.0,90.36,90.0,True,ABX3,Monoklinik
9008439_20,14664,Ca12 Si12 O38,Ca O Si ,P2/c,13,5,17.032,7.363,7.012,90.0,90.36,90.0,True,ABX3,Monoklinik
9008439_21,14664,Ca12 Si12 O38,Ca O Si ,P2/c,13,5,17.032,7.363,7.012,90.0,90.36,90.0,True,ABX3,Monoklinik
9008439_22,14664,Ca12 Si12 O38,Ca O Si ,P2/c,13,5,17.032,7.363,7.012,90.0,90.36,90.0,True,ABX3,Monoklinik
9008439_23,14664,Ca12 Si12 O38,Ca O Si ,P2/c,13,5,17.032,7.363,7.012,90.0,90.36,90.0,True,ABX3,Monoklinik
9008439_24,14664,Ca12 Si12 O38,Ca O Si ,P2/c,13,5,17.032,7.363,7.012,90.0,90.36,90.0,True,ABX3,Monoklinik
1525571_1,14729,Yb4 Ni4 O12,Ni O Yb ,P2_1/c,14,5,5.1298,5.4996,7.3404,90.0,90.125,90.0,True,ABX3,Monoklinik
1525571_2,14729,Yb4 Ni4 O12,Ni O Yb ,P2_1/c,14,5,5.1298,5.4996,7.3404,90.0,90.125,90.0,True,ABX3,Monoklinik
1525571_3,14729,Yb4 Ni4 O12,Ni O Yb ,P2_1/c,14,5,5.1298,5.4996,7.3404,90.0,90.125,90.0,True,ABX3,Monoklinik
1525571_4,14729,Yb4 Ni4 O12,Ni O Yb ,P2_1/c,14,5,5.1298,5.4996,7.3404,90.0,90.125,90.0,True,ABX3,Monoklinik
1525571_5,14729,Yb4 Ni4 O12,Ni O Yb ,P2_1/c,14,5,5.1298,5.4996,7.3404,90.0,90.125,90.0,True,ABX3,Monoklinik
1525571_6,14729,Yb4 Ni4 O12,Ni O Yb ,P2_1/c,14,5,5.1298,5.4996,7.3404,90.0,90.125,90.0,True,ABX3,Monoklinik
1525571_7,14729,Yb4 Ni4 O12,Ni O Yb ,P2_1/c,14,5,5.1298,5.4996,7.3404,90.0,90.125,90.0,True,ABX3,Monoklinik
1525571_8,14729,Yb4 Ni4 O12,Ni O Yb ,P2_1/c,14,5,5.1298,5.4996,7.3404,90.0,90.125,90.0,True,ABX3,Monoklinik
1525571_9,14729,Yb4 Ni4 O12,Ni O Yb ,P2_1/c,14,5,5.1298,5.4996,7.3404,90.0,90.125,90.0,True,ABX3,Monoklinik
1525571_10,14729,Yb4 Ni4 O12,Ni O Yb ,P2_1/c,14,5,5.1298,5.4996,7.3404,90.0,90.125,90.0,True,ABX3,Monoklinik
1525571_11,14729,Yb4 Ni4 O12,Ni O Yb ,P2_1/c,14,5,5.1298,5.4996,7.3404,90.0,90.125,90.0,True,ABX3,Monoklinik
1525571_12,14729,Yb4 Ni4 O12,Ni O Yb ,P2_1/c,14,5,5.1298,5.4996,7.3404,90.0,90.125,90.0,True,ABX3,Monoklinik
1525571_13,14729,Yb4 Ni4 O12,Ni O Yb ,P2_1/c,14,5,5.1298,5.4996,7.3404,90.0,90.125,90.0,True,ABX3,Monoklinik
1525571_14,14729,Yb4 Ni4 O12,Ni O Yb ,P2_1/c,14,5,5.1298,5.4996,7.3404,90.0,90.125,90.0,True,ABX3,Monoklinik
1525571_15,14729,Yb4 Ni4 O12,Ni O Yb ,P2_1/c,14,5,5.1298,5.4996,7.3404,90.0,90.125,90.0,True,ABX3,Monoklinik
1525571_16,14729,Yb4 Ni4 O12,Ni O Yb ,P2_1/c,14,5,5.1298,5.4996,7.3404,90.0,90.125,90.0,True,ABX3,Monoklinik
1525571_17,14729,Yb4 Ni4 O12,Ni O Yb ,P2_1/c,14,5,5.1298,5.4996,7.3404,90.0,90.125,90.0,True,ABX3,Monoklinik
1525571_18,14729,Yb4 Ni4 O12,Ni O Yb ,P2_1/c,14,5,5.1298,5.4996,7.3404,90.0,90.125,90.0,True,ABX3,Monoklinik
1525571_19,14729,Yb4 Ni4 O12,Ni O Yb ,P2_1/c,14,5,5.1298,5.4996,7.3404,90.0,90.125,90.0,True,ABX3,Monoklinik
1525571_20,14729,Yb4 Ni4 O12,Ni O Yb ,P2_1/c,14,5,5.1298,5.4996,7.3404,90.0,90.125,90.0,True,ABX3,Monoklinik
1525571_21,14729,Yb4 Ni4 O12,Ni O Yb ,P2_1/c,14,5,5.1298,5.4996,7.3404,90.0,90.125,90.0,True,ABX3,Monoklinik
1525571_22,14729,Yb4 Ni4 O12,Ni O Yb ,P2_1/c,14,5,5.1298,5.4996,7.3404,90.0,90.125,90.0,True,ABX3,Monoklinik
1525571_23,14729,Yb4 Ni4 O12,Ni O Yb ,P2_1/c,14,5,5.1298,5.4996,7.3404,90.0,90.125,90.0,True,ABX3,Monoklinik
1525571_24,14729,Yb4 Ni4 O12,Ni O Yb ,P2_1/c,14,5,5.1298,5.4996,7.3404,90.0,90.125,90.0,True,ABX3,Monoklinik
4124858_1,15111,Pr1 V1 O3,O Pr V ,Pm-3m,221,0,3.89,3.89,3.89,90.0,90.0,90.0,True,ABX3,Kubik
4124858_2,15111,Pr1 V1 O3,O Pr V ,Pm-3m,221,0,3.89,3.89,3.89,90.0,90.0,90.0,True,ABX3,Kubik
4124858_3,15111,Pr1 V1 O3,O Pr V ,Pm-3m,221,0,3.89,3.89,3.89,90.0,90.0,90.0,True,ABX3,Kubik
4124858_4,15111,Pr1 V1 O3,O Pr V ,Pm-3m,221,0,3.89,3.89,3.89,90.0,90.0,90.0,True,ABX3,Kubik
4124858_5,15111,Pr1 V1 O3,O Pr V ,Pm-3m,221,0,3.89,3.89,3.89,90.0,90.0,90.0,True,ABX3,Kubik
4124858_6,15111,Pr1 V1 O3,O Pr V ,Pm-3m,221,0,3.89,3.89,3.89,90.0,90.0,90.0,True,ABX3,Kubik
4124858_7,15111,Pr1 V1 O3,O Pr V ,Pm-3m,221,0,3.89,3.89,3.89,90.0,90.0,90.0,True,ABX3,Kubik
4124858_8,15111,Pr1 V1 O3,O Pr V ,Pm-3m,221,0,3.89,3.89,3.89,90.0,90.0,90.0,True,ABX3,Kubik
4124858_9,15111,Pr1 V1 O3,O Pr V ,Pm-3m,221,0,3.89,3.89,3.89,90.0,90.0,90.0,True,ABX3,Kubik
4124858_10,15111,Pr1 V1 O3,O Pr V ,Pm-3m,221,0,3.89,3.89,3.89,90.0,90.0,90.0,True,ABX3,Kubik
4124858_11,15111,Pr1 V1 O3,O Pr V ,Pm-3m,221,0,3.89,3.89,3.89,90.0,90.0,90.0,True,ABX3,Kubik
4124858_12,15111,Pr1 V1 O3,O Pr V ,Pm-3m,221,0,3.89,3.89,3.89,90.0,90.0,90.0,True,ABX3,Kubik
4124858_13,15111,Pr1 V1 O3,O Pr V ,Pm-3m,221,0,3.89,3.89,3.89,90.0,90.0,90.0,True,ABX3,Kubik
4124858_14,15111,Pr1 V1 O3,O Pr V ,Pm-3m,221,0,3.89,3.89,3.89,90.0,90.0,90.0,True,ABX3,Kubik
4124858_15,15111,Pr1 V1 O3,O Pr V ,Pm-3m,221,0,3.89,3.89,3.89,90.0,90.0,90.0,True,ABX3,Kubik
4124858_16,15111,Pr1 V1 O3,O Pr V ,Pm-3m,221,0,3.89,3.89,3.89,90.0,90.0,90.0,True,ABX3,Kubik
4124858_17,15111,Pr1 V1 O3,O Pr V ,Pm-3m,221,0,3.89,3.89,3.89,90.0,90.0,90.0,True,ABX3,Kubik
4124858_18,15111,Pr1 V1 O3,O Pr V ,Pm-3m,221,0,3.89,3.89,3.89,90.0,90.0,90.0,True,ABX3,Kubik
4124858_19,15111,Pr1 V1 O3,O Pr V ,Pm-3m,221,0,3.89,3.89,3.89,90.0,90.0,90.0,True,ABX3,Kubik
4124858_20,15111,Pr1 V1 O3,O Pr V ,Pm-3m,221,0,3.89,3.89,3.89,90.0,90.0,90.0,True,ABX3,Kubik
4124858_21,15111,Pr1 V1 O3,O Pr V ,Pm-3m,221,0,3.89,3.89,3.89,90.0,90.0,90.0,True,ABX3,Kubik
4124858_22,15111,Pr1 V1 O3,O Pr V ,Pm-3m,221,0,3.89,3.89,3.89,90.0,90.0,90.0,True,ABX3,Kubik
4124858_23,15111,Pr1 V1 O3,O Pr V ,Pm-3m,221,0,3.89,3.89,3.89,90.0,90.0,90.0,True,ABX3,Kubik
4124858_24,15111,Pr1 V1 O3,O Pr V ,Pm-3m,221,0,3.89,3.89,3.89,90.0,90.0,90.0,True,ABX3,Kubik
2206809_1,15116,Rb4 Au4 I12,Au I Rb ,C2/m,12,5,8.725,7.932,11.969,90.0,99.53000000000002,90.0,True,ABX3,Monoklinik
2206809_2,15116,Rb4 Au4 I12,Au I Rb ,C2/m,12,5,8.725,7.932,11.969,90.0,99.53000000000002,90.0,True,ABX3,Monoklinik
2206809_3,15116,Rb4 Au4 I12,Au I Rb ,C2/m,12,5,8.725,7.932,11.969,90.0,99.53000000000002,90.0,True,ABX3,Monoklinik
2206809_4,15116,Rb4 Au4 I12,Au I Rb ,C2/m,12,5,8.725,7.932,11.969,90.0,99.53000000000002,90.0,True,ABX3,Monoklinik
2206809_5,15116,Rb4 Au4 I12,Au I Rb ,C2/m,12,5,8.725,7.932,11.969,90.0,99.53000000000002,90.0,True,ABX3,Monoklinik
2206809_6,15116,Rb4 Au4 I12,Au I Rb ,C2/m,12,5,8.725,7.932,11.969,90.0,99.53000000000002,90.0,True,ABX3,Monoklinik
2206809_7,15116,Rb4 Au4 I12,Au I Rb ,C2/m,12,5,8.725,7.932,11.969,90.0,99.53000000000002,90.0,True,ABX3,Monoklinik
2206809_8,15116,Rb4 Au4 I12,Au I Rb ,C2/m,12,5,8.725,7.932,11.969,90.0,99.53000000000002,90.0,True,ABX3,Monoklinik
2206809_9,15116,Rb4 Au4 I12,Au I Rb ,C2/m,12,5,8.725,7.932,11.969,90.0,99.53000000000002,90.0,True,ABX3,Monoklinik
2206809_10,15116,Rb4 Au4 I12,Au I Rb ,C2/m,12,5,8.725,7.932,11.969,90.0,99.53000000000002,90.0,True,ABX3,Monoklinik
2206809_11,15116,Rb4 Au4 I12,Au I Rb ,C2/m,12,5,8.725,7.932,11.969,90.0,99.53000000000002,90.0,True,ABX3,Monoklinik
2206809_12,15116,Rb4 Au4 I12,Au I Rb ,C2/m,12,5,8.725,7.932,11.969,90.0,99.53000000000002,90.0,True,ABX3,Monoklinik
2206809_13,15116,Rb4 Au4 I12,Au I Rb ,C2/m,12,5,8.725,7.932,11.969,90.0,99.53000000000002,90.0,True,ABX3,Monoklinik
2206809_14,15116,Rb4 Au4 I12,Au I Rb ,C2/m,12,5,8.725,7.932,11.969,90.0,99.53000000000002,90.0,True,ABX3,Monoklinik
2206809_15,15116,Rb4 Au4 I12,Au I Rb ,C2/m,12,5,8.725,7.932,11.969,90.0,99.53000000000002,90.0,True,ABX3,Monoklinik
2206809_16,15116,Rb4 Au4 I12,Au I Rb ,C2/m,12,5,8.725,7.932,11.969,90.0,99.53000000000002,90.0,True,ABX3,Monoklinik
2206809_17,15116,Rb4 Au4 I12,Au I Rb ,C2/m,12,5,8.725,7.932,11.969,90.0,99.53000000000002,90.0,True,ABX3,Monoklinik
2206809_18,15116,Rb4 Au4 I12,Au I Rb ,C2/m,12,5,8.725,7.932,11.969,90.0,99.53000000000002,90.0,True,ABX3,Monoklinik
2206809_19,15116,Rb4 Au4 I12,Au I Rb ,C2/m,12,5,8.725,7.932,11.969,90.0,99.53000000000002,90.0,True,ABX3,Monoklinik
2206809_20,15116,Rb4 Au4 I12,Au I Rb ,C2/m,12,5,8.725,7.932,11.969,90.0,99.53000000000002,90.0,True,ABX3,Monoklinik
2206809_21,15116,Rb4 Au4 I12,Au I Rb ,C2/m,12,5,8.725,7.932,11.969,90.0,99.53000000000002,90.0,True,ABX3,Monoklinik
2206809_22,15116,Rb4 Au4 I12,Au I Rb ,C2/m,12,5,8.725,7.932,11.969,90.0,99.53000000000002,90.0,True,ABX3,Monoklinik
2206809_23,15116,Rb4 Au4 I12,Au I Rb ,C2/m,12,5,8.725,7.932,11.969,90.0,99.53000000000002,90.0,True,ABX3,Monoklinik
2206809_24,15116,Rb4 Au4 I12,Au I Rb ,C2/m,12,5,8.725,7.932,11.969,90.0,99.53000000000002,90.0,True,ABX3,Monoklinik
1536810_1,15149,Na8 V8 O24,Na O V ,Cc,9,5,10.494,9.434,5.863,90.0,108.8,90.0,True,ABX3,Monoklinik
1536810_2,15149,Na8 V8 O24,Na O V ,Cc,9,5,10.494,9.434,5.863,90.0,108.8,90.0,True,ABX3,Monoklinik
1536810_3,15149,Na8 V8 O24,Na O V ,Cc,9,5,10.494,9.434,5.863,90.0,108.8,90.0,True,ABX3,Monoklinik
1536810_4,15149,Na8 V8 O24,Na O V ,Cc,9,5,10.494,9.434,5.863,90.0,108.8,90.0,True,ABX3,Monoklinik
1536810_5,15149,Na8 V8 O24,Na O V ,Cc,9,5,10.494,9.434,5.863,90.0,108.8,90.0,True,ABX3,Monoklinik
1536810_6,15149,Na8 V8 O24,Na O V ,Cc,9,5,10.494,9.434,5.863,90.0,108.8,90.0,True,ABX3,Monoklinik
1536810_7,15149,Na8 V8 O24,Na O V ,Cc,9,5,10.494,9.434,5.863,90.0,108.8,90.0,True,ABX3,Monoklinik
1536810_8,15149,Na8 V8 O24,Na O V ,Cc,9,5,10.494,9.434,5.863,90.0,108.8,90.0,True,ABX3,Monoklinik
1536810_9,15149,Na8 V8 O24,Na O V ,Cc,9,5,10.494,9.434,5.863,90.0,108.8,90.0,True,ABX3,Monoklinik
1536810_10,15149,Na8 V8 O24,Na O V ,Cc,9,5,10.494,9.434,5.863,90.0,108.8,90.0,True,ABX3,Monoklinik
1536810_11,15149,Na8 V8 O24,Na O V ,Cc,9,5,10.494,9.434,5.863,90.0,108.8,90.0,True,ABX3,Monoklinik
1536810_12,15149,Na8 V8 O24,Na O V ,Cc,9,5,10.494,9.434,5.863,90.0,108.8,90.0,True,ABX3,Monoklinik
1536810_13,15149,Na8 V8 O24,Na O V ,Cc,9,5,10.494,9.434,5.863,90.0,108.8,90.0,True,ABX3,Monoklinik
1536810_14,15149,Na8 V8 O24,Na O V ,Cc,9,5,10.494,9.434,5.863,90.0,108.8,90.0,True,ABX3,Monoklinik
1536810_15,15149,Na8 V8 O24,Na O V ,Cc,9,5,10.494,9.434,5.863,90.0,108.8,90.0,True,ABX3,Monoklinik
1536810_16,15149,Na8 V8 O24,Na O V ,Cc,9,5,10.494,9.434,5.863,90.0,108.8,90.0,True,ABX3,Monoklinik
1536810_17,15149,Na8 V8 O24,Na O V ,Cc,9,5,10.494,9.434,5.863,90.0,108.8,90.0,True,ABX3,Monoklinik
1536810_18,15149,Na8 V8 O24,Na O V ,Cc,9,5,10.494,9.434,5.863,90.0,108.8,90.0,True,ABX3,Monoklinik
1536810_19,15149,Na8 V8 O24,Na O V ,Cc,9,5,10.494,9.434,5.863,90.0,108.8,90.0,True,ABX3,Monoklinik
1536810_20,15149,Na8 V8 O24,Na O V ,Cc,9,5,10.494,9.434,5.863,90.0,108.8,90.0,True,ABX3,Monoklinik
1536810_21,15149,Na8 V8 O24,Na O V ,Cc,9,5,10.494,9.434,5.863,90.0,108.8,90.0,True,ABX3,Monoklinik
1536810_22,15149,Na8 V8 O24,Na O V ,Cc,9,5,10.494,9.434,5.863,90.0,108.8,90.0,True,ABX3,Monoklinik
1536810_23,15149,Na8 V8 O24,Na O V ,Cc,9,5,10.494,9.434,5.863,90.0,108.8,90.0,True,ABX3,Monoklinik
1536810_24,15149,Na8 V8 O24,Na O V ,Cc,9,5,10.494,9.434,5.863,90.0,108.8,90.0,True,ABX3,Monoklinik
1541774_1,15160,La12 P34 Pd12,La P Pd ,I-43m,217,0,10.411,10.411,10.411,90.0,90.0,90.0,True,ABX3,Kubik
1541774_2,15160,La12 P34 Pd12,La P Pd ,I-43m,217,0,10.411,10.411,10.411,90.0,90.0,90.0,True,ABX3,Kubik
1541774_3,15160,La12 P34 Pd12,La P Pd ,I-43m,217,0,10.411,10.411,10.411,90.0,90.0,90.0,True,ABX3,Kubik
1541774_4,15160,La12 P34 Pd12,La P Pd ,I-43m,217,0,10.411,10.411,10.411,90.0,90.0,90.0,True,ABX3,Kubik
1541774_5,15160,La12 P34 Pd12,La P Pd ,I-43m,217,0,10.411,10.411,10.411,90.0,90.0,90.0,True,ABX3,Kubik
1541774_6,15160,La12 P34 Pd12,La P Pd ,I-43m,217,0,10.411,10.411,10.411,90.0,90.0,90.0,True,ABX3,Kubik
1541774_7,15160,La12 P34 Pd12,La P Pd ,I-43m,217,0,10.411,10.411,10.411,90.0,90.0,90.0,True,ABX3,Kubik
1541774_8,15160,La12 P34 Pd12,La P Pd ,I-43m,217,0,10.411,10.411,10.411,90.0,90.0,90.0,True,ABX3,Kubik
1541774_9,15160,La12 P34 Pd12,La P Pd ,I-43m,217,0,10.411,10.411,10.411,90.0,90.0,90.0,True,ABX3,Kubik
1541774_10,15160,La12 P34 Pd12,La P Pd ,I-43m,217,0,10.411,10.411,10.411,90.0,90.0,90.0,True,ABX3,Kubik
1541774_11,15160,La12 P34 Pd12,La P Pd ,I-43m,217,0,10.411,10.411,10.411,90.0,90.0,90.0,True,ABX3,Kubik
1541774_12,15160,La12 P34 Pd12,La P Pd ,I-43m,217,0,10.411,10.411,10.411,90.0,90.0,90.0,True,ABX3,Kubik
1541774_13,15160,La12 P34 Pd12,La P Pd ,I-43m,217,0,10.411,10.411,10.411,90.0,90.0,90.0,True,ABX3,Kubik
1541774_14,15160,La12 P34 Pd12,La P Pd ,I-43m,217,0,10.411,10.411,10.411,90.0,90.0,90.0,True,ABX3,Kubik
1541774_15,15160,La12 P34 Pd12,La P Pd ,I-43m,217,0,10.411,10.411,10.411,90.0,90.0,90.0,True,ABX3,Kubik
1541774_16,15160,La12 P34 Pd12,La P Pd ,I-43m,217,0,10.411,10.411,10.411,90.0,90.0,90.0,True,ABX3,Kubik
1541774_17,15160,La12 P34 Pd12,La P Pd ,I-43m,217,0,10.411,10.411,10.411,90.0,90.0,90.0,True,ABX3,Kubik
1541774_18,15160,La12 P34 Pd12,La P Pd ,I-43m,217,0,10.411,10.411,10.411,90.0,90.0,90.0,True,ABX3,Kubik
1541774_19,15160,La12 P34 Pd12,La P Pd ,I-43m,217,0,10.411,10.411,10.411,90.0,90.0,90.0,True,ABX3,Kubik
1541774_20,15160,La12 P34 Pd12,La P Pd ,I-43m,217,0,10.411,10.411,10.411,90.0,90.0,90.0,True,ABX3,Kubik
1541774_21,15160,La12 P34 Pd12,La P Pd ,I-43m,217,0,10.411,10.411,10.411,90.0,90.0,90.0,True,ABX3,Kubik
1541774_22,15160,La12 P34 Pd12,La P Pd ,I-43m,217,0,10.411,10.411,10.411,90.0,90.0,90.0,True,ABX3,Kubik
1541774_23,15160,La12 P34 Pd12,La P Pd ,I-43m,217,0,10.411,10.411,10.411,90.0,90.0,90.0,True,ABX3,Kubik
1541774_24,15160,La12 P34 Pd12,La P Pd ,I-43m,217,0,10.411,10.411,10.411,90.0,90.0,90.0,True,ABX3,Kubik
4343565_1,15272,Sr24 Sb24 S68,S Sb Sr ,P2_12_12_1,19,2,8.2871,15.352,22.873,90.0,90.0,90.0,True,ABX3,Ortorombik
4343565_2,15272,Sr24 Sb24 S68,S Sb Sr ,P2_12_12_1,19,2,8.2871,15.352,22.873,90.0,90.0,90.0,True,ABX3,Ortorombik
4343565_3,15272,Sr24 Sb24 S68,S Sb Sr ,P2_12_12_1,19,2,8.2871,15.352,22.873,90.0,90.0,90.0,True,ABX3,Ortorombik
4343565_4,15272,Sr24 Sb24 S68,S Sb Sr ,P2_12_12_1,19,2,8.2871,15.352,22.873,90.0,90.0,90.0,True,ABX3,Ortorombik
4343565_5,15272,Sr24 Sb24 S68,S Sb Sr ,P2_12_12_1,19,2,8.2871,15.352,22.873,90.0,90.0,90.0,True,ABX3,Ortorombik
4343565_6,15272,Sr24 Sb24 S68,S Sb Sr ,P2_12_12_1,19,2,8.2871,15.352,22.873,90.0,90.0,90.0,True,ABX3,Ortorombik
4343565_7,15272,Sr24 Sb24 S68,S Sb Sr ,P2_12_12_1,19,2,8.2871,15.352,22.873,90.0,90.0,90.0,True,ABX3,Ortorombik
4343565_8,15272,Sr24 Sb24 S68,S Sb Sr ,P2_12_12_1,19,2,8.2871,15.352,22.873,90.0,90.0,90.0,True,ABX3,Ortorombik
4343565_9,15272,Sr24 Sb24 S68,S Sb Sr ,P2_12_12_1,19,2,8.2871,15.352,22.873,90.0,90.0,90.0,True,ABX3,Ortorombik
4343565_10,15272,Sr24 Sb24 S68,S Sb Sr ,P2_12_12_1,19,2,8.2871,15.352,22.873,90.0,90.0,90.0,True,ABX3,Ortorombik
4343565_11,15272,Sr24 Sb24 S68,S Sb Sr ,P2_12_12_1,19,2,8.2871,15.352,22.873,90.0,90.0,90.0,True,ABX3,Ortorombik
4343565_12,15272,Sr24 Sb24 S68,S Sb Sr ,P2_12_12_1,19,2,8.2871,15.352,22.873,90.0,90.0,90.0,True,ABX3,Ortorombik
4343565_13,15272,Sr24 Sb24 S68,S Sb Sr ,P2_12_12_1,19,2,8.2871,15.352,22.873,90.0,90.0,90.0,True,ABX3,Ortorombik
4343565_14,15272,Sr24 Sb24 S68,S Sb Sr ,P2_12_12_1,19,2,8.2871,15.352,22.873,90.0,90.0,90.0,True,ABX3,Ortorombik
4343565_15,15272,Sr24 Sb24 S68,S Sb Sr ,P2_12_12_1,19,2,8.2871,15.352,22.873,90.0,90.0,90.0,True,ABX3,Ortorombik
4343565_16,15272,Sr24 Sb24 S68,S Sb Sr ,P2_12_12_1,19,2,8.2871,15.352,22.873,90.0,90.0,90.0,True,ABX3,Ortorombik
4343565_17,15272,Sr24 Sb24 S68,S Sb Sr ,P2_12_12_1,19,2,8.2871,15.352,22.873,90.0,90.0,90.0,True,ABX3,Ortorombik
4343565_18,15272,Sr24 Sb24 S68,S Sb Sr ,P2_12_12_1,19,2,8.2871,15.352,22.873,90.0,90.0,90.0,True,ABX3,Ortorombik
4343565_19,15272,Sr24 Sb24 S68,S Sb Sr ,P2_12_12_1,19,2,8.2871,15.352,22.873,90.0,90.0,90.0,True,ABX3,Ortorombik
4343565_20,15272,Sr24 Sb24 S68,S Sb Sr ,P2_12_12_1,19,2,8.2871,15.352,22.873,90.0,90.0,90.0,True,ABX3,Ortorombik
4343565_21,15272,Sr24 Sb24 S68,S Sb Sr ,P2_12_12_1,19,2,8.2871,15.352,22.873,90.0,90.0,90.0,True,ABX3,Ortorombik
4343565_22,15272,Sr24 Sb24 S68,S Sb Sr ,P2_12_12_1,19,2,8.2871,15.352,22.873,90.0,90.0,90.0,True,ABX3,Ortorombik
4343565_23,15272,Sr24 Sb24 S68,S Sb Sr ,P2_12_12_1,19,2,8.2871,15.352,22.873,90.0,90.0,90.0,True,ABX3,Ortorombik
4343565_24,15272,Sr24 Sb24 S68,S Sb Sr ,P2_12_12_1,19,2,8.2871,15.352,22.873,90.0,90.0,90.0,True,ABX3,Ortorombik
9002179_1,15489,Ca24 Si24 O72,Ca O Si ,C2/c,15,5,6.8394,11.8704,19.6313,90.0,90.667,90.0,True,ABX3,Monoklinik
9002179_2,15489,Ca24 Si24 O72,Ca O Si ,C2/c,15,5,6.8394,11.8704,19.6313,90.0,90.667,90.0,True,ABX3,Monoklinik
9002179_3,15489,Ca24 Si24 O72,Ca O Si ,C2/c,15,5,6.8394,11.8704,19.6313,90.0,90.667,90.0,True,ABX3,Monoklinik
9002179_4,15489,Ca24 Si24 O72,Ca O Si ,C2/c,15,5,6.8394,11.8704,19.6313,90.0,90.667,90.0,True,ABX3,Monoklinik
9002179_5,15489,Ca24 Si24 O72,Ca O Si ,C2/c,15,5,6.8394,11.8704,19.6313,90.0,90.667,90.0,True,ABX3,Monoklinik
9002179_6,15489,Ca24 Si24 O72,Ca O Si ,C2/c,15,5,6.8394,11.8704,19.6313,90.0,90.667,90.0,True,ABX3,Monoklinik
9002179_7,15489,Ca24 Si24 O72,Ca O Si ,C2/c,15,5,6.8394,11.8704,19.6313,90.0,90.667,90.0,True,ABX3,Monoklinik
9002179_8,15489,Ca24 Si24 O72,Ca O Si ,C2/c,15,5,6.8394,11.8704,19.6313,90.0,90.667,90.0,True,ABX3,Monoklinik
9002179_9,15489,Ca24 Si24 O72,Ca O Si ,C2/c,15,5,6.8394,11.8704,19.6313,90.0,90.667,90.0,True,ABX3,Monoklinik
9002179_10,15489,Ca24 Si24 O72,Ca O Si ,C2/c,15,5,6.8394,11.8704,19.6313,90.0,90.667,90.0,True,ABX3,Monoklinik
9002179_11,15489,Ca24 Si24 O72,Ca O Si ,C2/c,15,5,6.8394,11.8704,19.6313,90.0,90.667,90.0,True,ABX3,Monoklinik
9002179_12,15489,Ca24 Si24 O72,Ca O Si ,C2/c,15,5,6.8394,11.8704,19.6313,90.0,90.667,90.0,True,ABX3,Monoklinik
9002179_13,15489,Ca24 Si24 O72,Ca O Si ,C2/c,15,5,6.8394,11.8704,19.6313,90.0,90.667,90.0,True,ABX3,Monoklinik
9002179_14,15489,Ca24 Si24 O72,Ca O Si ,C2/c,15,5,6.8394,11.8704,19.6313,90.0,90.667,90.0,True,ABX3,Monoklinik
9002179_15,15489,Ca24 Si24 O72,Ca O Si ,C2/c,15,5,6.8394,11.8704,19.6313,90.0,90.667,90.0,True,ABX3,Monoklinik
9002179_16,15489,Ca24 Si24 O72,Ca O Si ,C2/c,15,5,6.8394,11.8704,19.6313,90.0,90.667,90.0,True,ABX3,Monoklinik
9002179_17,15489,Ca24 Si24 O72,Ca O Si ,C2/c,15,5,6.8394,11.8704,19.6313,90.0,90.667,90.0,True,ABX3,Monoklinik
9002179_18,15489,Ca24 Si24 O72,Ca O Si ,C2/c,15,5,6.8394,11.8704,19.6313,90.0,90.667,90.0,True,ABX3,Monoklinik
9002179_19,15489,Ca24 Si24 O72,Ca O Si ,C2/c,15,5,6.8394,11.8704,19.6313,90.0,90.667,90.0,True,ABX3,Monoklinik
9002179_20,15489,Ca24 Si24 O72,Ca O Si ,C2/c,15,5,6.8394,11.8704,19.6313,90.0,90.667,90.0,True,ABX3,Monoklinik
9002179_21,15489,Ca24 Si24 O72,Ca O Si ,C2/c,15,5,6.8394,11.8704,19.6313,90.0,90.667,90.0,True,ABX3,Monoklinik
9002179_22,15489,Ca24 Si24 O72,Ca O Si ,C2/c,15,5,6.8394,11.8704,19.6313,90.0,90.667,90.0,True,ABX3,Monoklinik
9002179_23,15489,Ca24 Si24 O72,Ca O Si ,C2/c,15,5,6.8394,11.8704,19.6313,90.0,90.667,90.0,True,ABX3,Monoklinik
9002179_24,15489,Ca24 Si24 O72,Ca O Si ,C2/c,15,5,6.8394,11.8704,19.6313,90.0,90.667,90.0,True,ABX3,Monoklinik
1529129_1,15523,La4 Mn4 O11.12,La Mn O ,Pnma,62,2,5.5523,7.9716,5.5741,90.0,90.0,90.0,True,ABX3,Ortorombik
1529129_2,15523,La4 Mn4 O11.12,La Mn O ,Pnma,62,2,5.5523,7.9716,5.5741,90.0,90.0,90.0,True,ABX3,Ortorombik
1529129_3,15523,La4 Mn4 O11.12,La Mn O ,Pnma,62,2,5.5523,7.9716,5.5741,90.0,90.0,90.0,True,ABX3,Ortorombik
1529129_4,15523,La4 Mn4 O11.12,La Mn O ,Pnma,62,2,5.5523,7.9716,5.5741,90.0,90.0,90.0,True,ABX3,Ortorombik
1529129_5,15523,La4 Mn4 O11.12,La Mn O ,Pnma,62,2,5.5523,7.9716,5.5741,90.0,90.0,90.0,True,ABX3,Ortorombik
1529129_6,15523,La4 Mn4 O11.12,La Mn O ,Pnma,62,2,5.5523,7.9716,5.5741,90.0,90.0,90.0,True,ABX3,Ortorombik
1529129_7,15523,La4 Mn4 O11.12,La Mn O ,Pnma,62,2,5.5523,7.9716,5.5741,90.0,90.0,90.0,True,ABX3,Ortorombik
1529129_8,15523,La4 Mn4 O11.12,La Mn O ,Pnma,62,2,5.5523,7.9716,5.5741,90.0,90.0,90.0,True,ABX3,Ortorombik
1529129_9,15523,La4 Mn4 O11.12,La Mn O ,Pnma,62,2,5.5523,7.9716,5.5741,90.0,90.0,90.0,True,ABX3,Ortorombik
1529129_10,15523,La4 Mn4 O11.12,La Mn O ,Pnma,62,2,5.5523,7.9716,5.5741,90.0,90.0,90.0,True,ABX3,Ortorombik
1529129_11,15523,La4 Mn4 O11.12,La Mn O ,Pnma,62,2,5.5523,7.9716,5.5741,90.0,90.0,90.0,True,ABX3,Ortorombik
1529129_12,15523,La4 Mn4 O11.12,La Mn O ,Pnma,62,2,5.5523,7.9716,5.5741,90.0,90.0,90.0,True,ABX3,Ortorombik
1529129_13,15523,La4 Mn4 O11.12,La Mn O ,Pnma,62,2,5.5523,7.9716,5.5741,90.0,90.0,90.0,True,ABX3,Ortorombik
1529129_14,15523,La4 Mn4 O11.12,La Mn O ,Pnma,62,2,5.5523,7.9716,5.5741,90.0,90.0,90.0,True,ABX3,Ortorombik
1529129_15,15523,La4 Mn4 O11.12,La Mn O ,Pnma,62,2,5.5523,7.9716,5.5741,90.0,90.0,90.0,True,ABX3,Ortorombik
1529129_16,15523,La4 Mn4 O11.12,La Mn O ,Pnma,62,2,5.5523,7.9716,5.5741,90.0,90.0,90.0,True,ABX3,Ortorombik
1529129_17,15523,La4 Mn4 O11.12,La Mn O ,Pnma,62,2,5.5523,7.9716,5.5741,90.0,90.0,90.0,True,ABX3,Ortorombik
1529129_18,15523,La4 Mn4 O11.12,La Mn O ,Pnma,62,2,5.5523,7.9716,5.5741,90.0,90.0,90.0,True,ABX3,Ortorombik
1529129_19,15523,La4 Mn4 O11.12,La Mn O ,Pnma,62,2,5.5523,7.9716,5.5741,90.0,90.0,90.0,True,ABX3,Ortorombik
1529129_20,15523,La4 Mn4 O11.12,La Mn O ,Pnma,62,2,5.5523,7.9716,5.5741,90.0,90.0,90.0,True,ABX3,Ortorombik
1529129_21,15523,La4 Mn4 O11.12,La Mn O ,Pnma,62,2,5.5523,7.9716,5.5741,90.0,90.0,90.0,True,ABX3,Ortorombik
1529129_22,15523,La4 Mn4 O11.12,La Mn O ,Pnma,62,2,5.5523,7.9716,5.5741,90.0,90.0,90.0,True,ABX3,Ortorombik
1529129_23,15523,La4 Mn4 O11.12,La Mn O ,Pnma,62,2,5.5523,7.9716,5.5741,90.0,90.0,90.0,True,ABX3,Ortorombik
1529129_24,15523,La4 Mn4 O11.12,La Mn O ,Pnma,62,2,5.5523,7.9716,5.5741,90.0,90.0,90.0,True,ABX3,Ortorombik
2107090_1,15541,Lu4 Fe4 O12,Fe Lu O ,Pnma,62,2,5.213,5.547,7.565,90.0,90.0,90.0,True,ABX3,Ortorombik
2107090_2,15541,Lu4 Fe4 O12,Fe Lu O ,Pnma,62,2,5.213,5.547,7.565,90.0,90.0,90.0,True,ABX3,Ortorombik
2107090_3,15541,Lu4 Fe4 O12,Fe Lu O ,Pnma,62,2,5.213,5.547,7.565,90.0,90.0,90.0,True,ABX3,Ortorombik
2107090_4,15541,Lu4 Fe4 O12,Fe Lu O ,Pnma,62,2,5.213,5.547,7.565,90.0,90.0,90.0,True,ABX3,Ortorombik
2107090_5,15541,Lu4 Fe4 O12,Fe Lu O ,Pnma,62,2,5.213,5.547,7.565,90.0,90.0,90.0,True,ABX3,Ortorombik
2107090_6,15541,Lu4 Fe4 O12,Fe Lu O ,Pnma,62,2,5.213,5.547,7.565,90.0,90.0,90.0,True,ABX3,Ortorombik
2107090_7,15541,Lu4 Fe4 O12,Fe Lu O ,Pnma,62,2,5.213,5.547,7.565,90.0,90.0,90.0,True,ABX3,Ortorombik
2107090_8,15541,Lu4 Fe4 O12,Fe Lu O ,Pnma,62,2,5.213,5.547,7.565,90.0,90.0,90.0,True,ABX3,Ortorombik
2107090_9,15541,Lu4 Fe4 O12,Fe Lu O ,Pnma,62,2,5.213,5.547,7.565,90.0,90.0,90.0,True,ABX3,Ortorombik
2107090_10,15541,Lu4 Fe4 O12,Fe Lu O ,Pnma,62,2,5.213,5.547,7.565,90.0,90.0,90.0,True,ABX3,Ortorombik
2107090_11,15541,Lu4 Fe4 O12,Fe Lu O ,Pnma,62,2,5.213,5.547,7.565,90.0,90.0,90.0,True,ABX3,Ortorombik
2107090_12,15541,Lu4 Fe4 O12,Fe Lu O ,Pnma,62,2,5.213,5.547,7.565,90.0,90.0,90.0,True,ABX3,Ortorombik
2107090_13,15541,Lu4 Fe4 O12,Fe Lu O ,Pnma,62,2,5.213,5.547,7.565,90.0,90.0,90.0,True,ABX3,Ortorombik
2107090_14,15541,Lu4 Fe4 O12,Fe Lu O ,Pnma,62,2,5.213,5.547,7.565,90.0,90.0,90.0,True,ABX3,Ortorombik
2107090_15,15541,Lu4 Fe4 O12,Fe Lu O ,Pnma,62,2,5.213,5.547,7.565,90.0,90.0,90.0,True,ABX3,Ortorombik
2107090_16,15541,Lu4 Fe4 O12,Fe Lu O ,Pnma,62,2,5.213,5.547,7.565,90.0,90.0,90.0,True,ABX3,Ortorombik
2107090_17,15541,Lu4 Fe4 O12,Fe Lu O ,Pnma,62,2,5.213,5.547,7.565,90.0,90.0,90.0,True,ABX3,Ortorombik
2107090_18,15541,Lu4 Fe4 O12,Fe Lu O ,Pnma,62,2,5.213,5.547,7.565,90.0,90.0,90.0,True,ABX3,Ortorombik
2107090_19,15541,Lu4 Fe4 O12,Fe Lu O ,Pnma,62,2,5.213,5.547,7.565,90.0,90.0,90.0,True,ABX3,Ortorombik
2107090_20,15541,Lu4 Fe4 O12,Fe Lu O ,Pnma,62,2,5.213,5.547,7.565,90.0,90.0,90.0,True,ABX3,Ortorombik
2107090_21,15541,Lu4 Fe4 O12,Fe Lu O ,Pnma,62,2,5.213,5.547,7.565,90.0,90.0,90.0,True,ABX3,Ortorombik
2107090_22,15541,Lu4 Fe4 O12,Fe Lu O ,Pnma,62,2,5.213,5.547,7.565,90.0,90.0,90.0,True,ABX3,Ortorombik
2107090_23,15541,Lu4 Fe4 O12,Fe Lu O ,Pnma,62,2,5.213,5.547,7.565,90.0,90.0,90.0,True,ABX3,Ortorombik
2107090_24,15541,Lu4 Fe4 O12,Fe Lu O ,Pnma,62,2,5.213,5.547,7.565,90.0,90.0,90.0,True,ABX3,Ortorombik
4124857_1,15567,Ce1 V1 O3,Ce O V ,Pm-3m,221,0,3.9,3.9,3.9,90.0,90.0,90.0,True,ABX3,Kubik
4124857_2,15567,Ce1 V1 O3,Ce O V ,Pm-3m,221,0,3.9,3.9,3.9,90.0,90.0,90.0,True,ABX3,Kubik
4124857_3,15567,Ce1 V1 O3,Ce O V ,Pm-3m,221,0,3.9,3.9,3.9,90.0,90.0,90.0,True,ABX3,Kubik
4124857_4,15567,Ce1 V1 O3,Ce O V ,Pm-3m,221,0,3.9,3.9,3.9,90.0,90.0,90.0,True,ABX3,Kubik
4124857_5,15567,Ce1 V1 O3,Ce O V ,Pm-3m,221,0,3.9,3.9,3.9,90.0,90.0,90.0,True,ABX3,Kubik
4124857_6,15567,Ce1 V1 O3,Ce O V ,Pm-3m,221,0,3.9,3.9,3.9,90.0,90.0,90.0,True,ABX3,Kubik
4124857_7,15567,Ce1 V1 O3,Ce O V ,Pm-3m,221,0,3.9,3.9,3.9,90.0,90.0,90.0,True,ABX3,Kubik
4124857_8,15567,Ce1 V1 O3,Ce O V ,Pm-3m,221,0,3.9,3.9,3.9,90.0,90.0,90.0,True,ABX3,Kubik
4124857_9,15567,Ce1 V1 O3,Ce O V ,Pm-3m,221,0,3.9,3.9,3.9,90.0,90.0,90.0,True,ABX3,Kubik
4124857_10,15567,Ce1 V1 O3,Ce O V ,Pm-3m,221,0,3.9,3.9,3.9,90.0,90.0,90.0,True,ABX3,Kubik
4124857_11,15567,Ce1 V1 O3,Ce O V ,Pm-3m,221,0,3.9,3.9,3.9,90.0,90.0,90.0,True,ABX3,Kubik
4124857_12,15567,Ce1 V1 O3,Ce O V ,Pm-3m,221,0,3.9,3.9,3.9,90.0,90.0,90.0,True,ABX3,Kubik
4124857_13,15567,Ce1 V1 O3,Ce O V ,Pm-3m,221,0,3.9,3.9,3.9,90.0,90.0,90.0,True,ABX3,Kubik
4124857_14,15567,Ce1 V1 O3,Ce O V ,Pm-3m,221,0,3.9,3.9,3.9,90.0,90.0,90.0,True,ABX3,Kubik
4124857_15,15567,Ce1 V1 O3,Ce O V ,Pm-3m,221,0,3.9,3.9,3.9,90.0,90.0,90.0,True,ABX3,Kubik
4124857_16,15567,Ce1 V1 O3,Ce O V ,Pm-3m,221,0,3.9,3.9,3.9,90.0,90.0,90.0,True,ABX3,Kubik
4124857_17,15567,Ce1 V1 O3,Ce O V ,Pm-3m,221,0,3.9,3.9,3.9,90.0,90.0,90.0,True,ABX3,Kubik
4124857_18,15567,Ce1 V1 O3,Ce O V ,Pm-3m,221,0,3.9,3.9,3.9,90.0,90.0,90.0,True,ABX3,Kubik
4124857_19,15567,Ce1 V1 O3,Ce O V ,Pm-3m,221,0,3.9,3.9,3.9,90.0,90.0,90.0,True,ABX3,Kubik
4124857_20,15567,Ce1 V1 O3,Ce O V ,Pm-3m,221,0,3.9,3.9,3.9,90.0,90.0,90.0,True,ABX3,Kubik
4124857_21,15567,Ce1 V1 O3,Ce O V ,Pm-3m,221,0,3.9,3.9,3.9,90.0,90.0,90.0,True,ABX3,Kubik
4124857_22,15567,Ce1 V1 O3,Ce O V ,Pm-3m,221,0,3.9,3.9,3.9,90.0,90.0,90.0,True,ABX3,Kubik
4124857_23,15567,Ce1 V1 O3,Ce O V ,Pm-3m,221,0,3.9,3.9,3.9,90.0,90.0,90.0,True,ABX3,Kubik
4124857_24,15567,Ce1 V1 O3,Ce O V ,Pm-3m,221,0,3.9,3.9,3.9,90.0,90.0,90.0,True,ABX3,Kubik
1538370_1,15581,Ba1 Sn1 O3,Ba O Sn ,Pm-3m,221,0,4.1085,4.1085,4.1085,90.0,90.0,90.0,True,ABX3,Kubik
1538370_2,15581,Ba1 Sn1 O3,Ba O Sn ,Pm-3m,221,0,4.1085,4.1085,4.1085,90.0,90.0,90.0,True,ABX3,Kubik
1538370_3,15581,Ba1 Sn1 O3,Ba O Sn ,Pm-3m,221,0,4.1085,4.1085,4.1085,90.0,90.0,90.0,True,ABX3,Kubik
1538370_4,15581,Ba1 Sn1 O3,Ba O Sn ,Pm-3m,221,0,4.1085,4.1085,4.1085,90.0,90.0,90.0,True,ABX3,Kubik
1538370_5,15581,Ba1 Sn1 O3,Ba O Sn ,Pm-3m,221,0,4.1085,4.1085,4.1085,90.0,90.0,90.0,True,ABX3,Kubik
1538370_6,15581,Ba1 Sn1 O3,Ba O Sn ,Pm-3m,221,0,4.1085,4.1085,4.1085,90.0,90.0,90.0,True,ABX3,Kubik
1538370_7,15581,Ba1 Sn1 O3,Ba O Sn ,Pm-3m,221,0,4.1085,4.1085,4.1085,90.0,90.0,90.0,True,ABX3,Kubik
1538370_8,15581,Ba1 Sn1 O3,Ba O Sn ,Pm-3m,221,0,4.1085,4.1085,4.1085,90.0,90.0,90.0,True,ABX3,Kubik
1538370_9,15581,Ba1 Sn1 O3,Ba O Sn ,Pm-3m,221,0,4.1085,4.1085,4.1085,90.0,90.0,90.0,True,ABX3,Kubik
1538370_10,15581,Ba1 Sn1 O3,Ba O Sn ,Pm-3m,221,0,4.1085,4.1085,4.1085,90.0,90.0,90.0,True,ABX3,Kubik
1538370_11,15581,Ba1 Sn1 O3,Ba O Sn ,Pm-3m,221,0,4.1085,4.1085,4.1085,90.0,90.0,90.0,True,ABX3,Kubik
1538370_12,15581,Ba1 Sn1 O3,Ba O Sn ,Pm-3m,221,0,4.1085,4.1085,4.1085,90.0,90.0,90.0,True,ABX3,Kubik
1538370_13,15581,Ba1 Sn1 O3,Ba O Sn ,Pm-3m,221,0,4.1085,4.1085,4.1085,90.0,90.0,90.0,True,ABX3,Kubik
1538370_14,15581,Ba1 Sn1 O3,Ba O Sn ,Pm-3m,221,0,4.1085,4.1085,4.1085,90.0,90.0,90.0,True,ABX3,Kubik
1538370_15,15581,Ba1 Sn1 O3,Ba O Sn ,Pm-3m,221,0,4.1085,4.1085,4.1085,90.0,90.0,90.0,True,ABX3,Kubik
1538370_16,15581,Ba1 Sn1 O3,Ba O Sn ,Pm-3m,221,0,4.1085,4.1085,4.1085,90.0,90.0,90.0,True,ABX3,Kubik
1538370_17,15581,Ba1 Sn1 O3,Ba O Sn ,Pm-3m,221,0,4.1085,4.1085,4.1085,90.0,90.0,90.0,True,ABX3,Kubik
1538370_18,15581,Ba1 Sn1 O3,Ba O Sn ,Pm-3m,221,0,4.1085,4.1085,4.1085,90.0,90.0,90.0,True,ABX3,Kubik
1538370_19,15581,Ba1 Sn1 O3,Ba O Sn ,Pm-3m,221,0,4.1085,4.1085,4.1085,90.0,90.0,90.0,True,ABX3,Kubik
1538370_20,15581,Ba1 Sn1 O3,Ba O Sn ,Pm-3m,221,0,4.1085,4.1085,4.1085,90.0,90.0,90.0,True,ABX3,Kubik
1538370_21,15581,Ba1 Sn1 O3,Ba O Sn ,Pm-3m,221,0,4.1085,4.1085,4.1085,90.0,90.0,90.0,True,ABX3,Kubik
1538370_22,15581,Ba1 Sn1 O3,Ba O Sn ,Pm-3m,221,0,4.1085,4.1085,4.1085,90.0,90.0,90.0,True,ABX3,Kubik
1538370_23,15581,Ba1 Sn1 O3,Ba O Sn ,Pm-3m,221,0,4.1085,4.1085,4.1085,90.0,90.0,90.0,True,ABX3,Kubik
1538370_24,15581,Ba1 Sn1 O3,Ba O Sn ,Pm-3m,221,0,4.1085,4.1085,4.1085,90.0,90.0,90.0,True,ABX3,Kubik
2107086_1,15668,Ho4 Fe4 O12,Fe Ho O ,Pnma,62,2,5.278,5.591,7.602,90.0,90.0,90.0,True,ABX3,Ortorombik
2107086_2,15668,Ho4 Fe4 O12,Fe Ho O ,Pnma,62,2,5.278,5.591,7.602,90.0,90.0,90.0,True,ABX3,Ortorombik
2107086_3,15668,Ho4 Fe4 O12,Fe Ho O ,Pnma,62,2,5.278,5.591,7.602,90.0,90.0,90.0,True,ABX3,Ortorombik
2107086_4,15668,Ho4 Fe4 O12,Fe Ho O ,Pnma,62,2,5.278,5.591,7.602,90.0,90.0,90.0,True,ABX3,Ortorombik
2107086_5,15668,Ho4 Fe4 O12,Fe Ho O ,Pnma,62,2,5.278,5.591,7.602,90.0,90.0,90.0,True,ABX3,Ortorombik
2107086_6,15668,Ho4 Fe4 O12,Fe Ho O ,Pnma,62,2,5.278,5.591,7.602,90.0,90.0,90.0,True,ABX3,Ortorombik
2107086_7,15668,Ho4 Fe4 O12,Fe Ho O ,Pnma,62,2,5.278,5.591,7.602,90.0,90.0,90.0,True,ABX3,Ortorombik
2107086_8,15668,Ho4 Fe4 O12,Fe Ho O ,Pnma,62,2,5.278,5.591,7.602,90.0,90.0,90.0,True,ABX3,Ortorombik
2107086_9,15668,Ho4 Fe4 O12,Fe Ho O ,Pnma,62,2,5.278,5.591,7.602,90.0,90.0,90.0,True,ABX3,Ortorombik
2107086_10,15668,Ho4 Fe4 O12,Fe Ho O ,Pnma,62,2,5.278,5.591,7.602,90.0,90.0,90.0,True,ABX3,Ortorombik
2107086_11,15668,Ho4 Fe4 O12,Fe Ho O ,Pnma,62,2,5.278,5.591,7.602,90.0,90.0,90.0,True,ABX3,Ortorombik
2107086_12,15668,Ho4 Fe4 O12,Fe Ho O ,Pnma,62,2,5.278,5.591,7.602,90.0,90.0,90.0,True,ABX3,Ortorombik
2107086_13,15668,Ho4 Fe4 O12,Fe Ho O ,Pnma,62,2,5.278,5.591,7.602,90.0,90.0,90.0,True,ABX3,Ortorombik
2107086_14,15668,Ho4 Fe4 O12,Fe Ho O ,Pnma,62,2,5.278,5.591,7.602,90.0,90.0,90.0,True,ABX3,Ortorombik
2107086_15,15668,Ho4 Fe4 O12,Fe Ho O ,Pnma,62,2,5.278,5.591,7.602,90.0,90.0,90.0,True,ABX3,Ortorombik
2107086_16,15668,Ho4 Fe4 O12,Fe Ho O ,Pnma,62,2,5.278,5.591,7.602,90.0,90.0,90.0,True,ABX3,Ortorombik
2107086_17,15668,Ho4 Fe4 O12,Fe Ho O ,Pnma,62,2,5.278,5.591,7.602,90.0,90.0,90.0,True,ABX3,Ortorombik
2107086_18,15668,Ho4 Fe4 O12,Fe Ho O ,Pnma,62,2,5.278,5.591,7.602,90.0,90.0,90.0,True,ABX3,Ortorombik
2107086_19,15668,Ho4 Fe4 O12,Fe Ho O ,Pnma,62,2,5.278,5.591,7.602,90.0,90.0,90.0,True,ABX3,Ortorombik
2107086_20,15668,Ho4 Fe4 O12,Fe Ho O ,Pnma,62,2,5.278,5.591,7.602,90.0,90.0,90.0,True,ABX3,Ortorombik
2107086_21,15668,Ho4 Fe4 O12,Fe Ho O ,Pnma,62,2,5.278,5.591,7.602,90.0,90.0,90.0,True,ABX3,Ortorombik
2107086_22,15668,Ho4 Fe4 O12,Fe Ho O ,Pnma,62,2,5.278,5.591,7.602,90.0,90.0,90.0,True,ABX3,Ortorombik
2107086_23,15668,Ho4 Fe4 O12,Fe Ho O ,Pnma,62,2,5.278,5.591,7.602,90.0,90.0,90.0,True,ABX3,Ortorombik
2107086_24,15668,Ho4 Fe4 O12,Fe Ho O ,Pnma,62,2,5.278,5.591,7.602,90.0,90.0,90.0,True,ABX3,Ortorombik
4341415_1,15694,Na4 Fe4 F12,F Fe Na ,Cmcm,63,2,3.13774,10.2087,7.45875,90.0,90.0,90.0,True,ABX3,Ortorombik
4341415_2,15694,Na4 Fe4 F12,F Fe Na ,Cmcm,63,2,3.13774,10.2087,7.45875,90.0,90.0,90.0,True,ABX3,Ortorombik
4341415_3,15694,Na4 Fe4 F12,F Fe Na ,Cmcm,63,2,3.13774,10.2087,7.45875,90.0,90.0,90.0,True,ABX3,Ortorombik
4341415_4,15694,Na4 Fe4 F12,F Fe Na ,Cmcm,63,2,3.13774,10.2087,7.45875,90.0,90.0,90.0,True,ABX3,Ortorombik
4341415_5,15694,Na4 Fe4 F12,F Fe Na ,Cmcm,63,2,3.13774,10.2087,7.45875,90.0,90.0,90.0,True,ABX3,Ortorombik
4341415_6,15694,Na4 Fe4 F12,F Fe Na ,Cmcm,63,2,3.13774,10.2087,7.45875,90.0,90.0,90.0,True,ABX3,Ortorombik
4341415_7,15694,Na4 Fe4 F12,F Fe Na ,Cmcm,63,2,3.13774,10.2087,7.45875,90.0,90.0,90.0,True,ABX3,Ortorombik
4341415_8,15694,Na4 Fe4 F12,F Fe Na ,Cmcm,63,2,3.13774,10.2087,7.45875,90.0,90.0,90.0,True,ABX3,Ortorombik
4341415_9,15694,Na4 Fe4 F12,F Fe Na ,Cmcm,63,2,3.13774,10.2087,7.45875,90.0,90.0,90.0,True,ABX3,Ortorombik
4341415_10,15694,Na4 Fe4 F12,F Fe Na ,Cmcm,63,2,3.13774,10.2087,7.45875,90.0,90.0,90.0,True,ABX3,Ortorombik
4341415_11,15694,Na4 Fe4 F12,F Fe Na ,Cmcm,63,2,3.13774,10.2087,7.45875,90.0,90.0,90.0,True,ABX3,Ortorombik
4341415_12,15694,Na4 Fe4 F12,F Fe Na ,Cmcm,63,2,3.13774,10.2087,7.45875,90.0,90.0,90.0,True,ABX3,Ortorombik
4341415_13,15694,Na4 Fe4 F12,F Fe Na ,Cmcm,63,2,3.13774,10.2087,7.45875,90.0,90.0,90.0,True,ABX3,Ortorombik
4341415_14,15694,Na4 Fe4 F12,F Fe Na ,Cmcm,63,2,3.13774,10.2087,7.45875,90.0,90.0,90.0,True,ABX3,Ortorombik
4341415_15,15694,Na4 Fe4 F12,F Fe Na ,Cmcm,63,2,3.13774,10.2087,7.45875,90.0,90.0,90.0,True,ABX3,Ortorombik
4341415_16,15694,Na4 Fe4 F12,F Fe Na ,Cmcm,63,2,3.13774,10.2087,7.45875,90.0,90.0,90.0,True,ABX3,Ortorombik
4341415_17,15694,Na4 Fe4 F12,F Fe Na ,Cmcm,63,2,3.13774,10.2087,7.45875,90.0,90.0,90.0,True,ABX3,Ortorombik
4341415_18,15694,Na4 Fe4 F12,F Fe Na ,Cmcm,63,2,3.13774,10.2087,7.45875,90.0,90.0,90.0,True,ABX3,Ortorombik
4341415_19,15694,Na4 Fe4 F12,F Fe Na ,Cmcm,63,2,3.13774,10.2087,7.45875,90.0,90.0,90.0,True,ABX3,Ortorombik
4341415_20,15694,Na4 Fe4 F12,F Fe Na ,Cmcm,63,2,3.13774,10.2087,7.45875,90.0,90.0,90.0,True,ABX3,Ortorombik
4341415_21,15694,Na4 Fe4 F12,F Fe Na ,Cmcm,63,2,3.13774,10.2087,7.45875,90.0,90.0,90.0,True,ABX3,Ortorombik
4341415_22,15694,Na4 Fe4 F12,F Fe Na ,Cmcm,63,2,3.13774,10.2087,7.45875,90.0,90.0,90.0,True,ABX3,Ortorombik
4341415_23,15694,Na4 Fe4 F12,F Fe Na ,Cmcm,63,2,3.13774,10.2087,7.45875,90.0,90.0,90.0,True,ABX3,Ortorombik
4341415_24,15694,Na4 Fe4 F12,F Fe Na ,Cmcm,63,2,3.13774,10.2087,7.45875,90.0,90.0,90.0,True,ABX3,Ortorombik
1534045_1,15701,Tb4 Sc4 O12,O Sc Tb ,Pnma,62,2,5.4654,5.7292,7.917,90.0,90.0,90.0,True,ABX3,Ortorombik
1534045_2,15701,Tb4 Sc4 O12,O Sc Tb ,Pnma,62,2,5.4654,5.7292,7.917,90.0,90.0,90.0,True,ABX3,Ortorombik
1534045_3,15701,Tb4 Sc4 O12,O Sc Tb ,Pnma,62,2,5.4654,5.7292,7.917,90.0,90.0,90.0,True,ABX3,Ortorombik
1534045_4,15701,Tb4 Sc4 O12,O Sc Tb ,Pnma,62,2,5.4654,5.7292,7.917,90.0,90.0,90.0,True,ABX3,Ortorombik
1534045_5,15701,Tb4 Sc4 O12,O Sc Tb ,Pnma,62,2,5.4654,5.7292,7.917,90.0,90.0,90.0,True,ABX3,Ortorombik
1534045_6,15701,Tb4 Sc4 O12,O Sc Tb ,Pnma,62,2,5.4654,5.7292,7.917,90.0,90.0,90.0,True,ABX3,Ortorombik
1534045_7,15701,Tb4 Sc4 O12,O Sc Tb ,Pnma,62,2,5.4654,5.7292,7.917,90.0,90.0,90.0,True,ABX3,Ortorombik
1534045_8,15701,Tb4 Sc4 O12,O Sc Tb ,Pnma,62,2,5.4654,5.7292,7.917,90.0,90.0,90.0,True,ABX3,Ortorombik
1534045_9,15701,Tb4 Sc4 O12,O Sc Tb ,Pnma,62,2,5.4654,5.7292,7.917,90.0,90.0,90.0,True,ABX3,Ortorombik
1534045_10,15701,Tb4 Sc4 O12,O Sc Tb ,Pnma,62,2,5.4654,5.7292,7.917,90.0,90.0,90.0,True,ABX3,Ortorombik
1534045_11,15701,Tb4 Sc4 O12,O Sc Tb ,Pnma,62,2,5.4654,5.7292,7.917,90.0,90.0,90.0,True,ABX3,Ortorombik
1534045_12,15701,Tb4 Sc4 O12,O Sc Tb ,Pnma,62,2,5.4654,5.7292,7.917,90.0,90.0,90.0,True,ABX3,Ortorombik
1534045_13,15701,Tb4 Sc4 O12,O Sc Tb ,Pnma,62,2,5.4654,5.7292,7.917,90.0,90.0,90.0,True,ABX3,Ortorombik
1534045_14,15701,Tb4 Sc4 O12,O Sc Tb ,Pnma,62,2,5.4654,5.7292,7.917,90.0,90.0,90.0,True,ABX3,Ortorombik
1534045_15,15701,Tb4 Sc4 O12,O Sc Tb ,Pnma,62,2,5.4654,5.7292,7.917,90.0,90.0,90.0,True,ABX3,Ortorombik
1534045_16,15701,Tb4 Sc4 O12,O Sc Tb ,Pnma,62,2,5.4654,5.7292,7.917,90.0,90.0,90.0,True,ABX3,Ortorombik
1534045_17,15701,Tb4 Sc4 O12,O Sc Tb ,Pnma,62,2,5.4654,5.7292,7.917,90.0,90.0,90.0,True,ABX3,Ortorombik
1534045_18,15701,Tb4 Sc4 O12,O Sc Tb ,Pnma,62,2,5.4654,5.7292,7.917,90.0,90.0,90.0,True,ABX3,Ortorombik
1534045_19,15701,Tb4 Sc4 O12,O Sc Tb ,Pnma,62,2,5.4654,5.7292,7.917,90.0,90.0,90.0,True,ABX3,Ortorombik
1534045_20,15701,Tb4 Sc4 O12,O Sc Tb ,Pnma,62,2,5.4654,5.7292,7.917,90.0,90.0,90.0,True,ABX3,Ortorombik
1534045_21,15701,Tb4 Sc4 O12,O Sc Tb ,Pnma,62,2,5.4654,5.7292,7.917,90.0,90.0,90.0,True,ABX3,Ortorombik
1534045_22,15701,Tb4 Sc4 O12,O Sc Tb ,Pnma,62,2,5.4654,5.7292,7.917,90.0,90.0,90.0,True,ABX3,Ortorombik
1534045_23,15701,Tb4 Sc4 O12,O Sc Tb ,Pnma,62,2,5.4654,5.7292,7.917,90.0,90.0,90.0,True,ABX3,Ortorombik
1534045_24,15701,Tb4 Sc4 O12,O Sc Tb ,Pnma,62,2,5.4654,5.7292,7.917,90.0,90.0,90.0,True,ABX3,Ortorombik
2006239_1,15721,Cs4 Au4 I12,Au Cs I ,I4/mmm,139,1,8.284,8.284,12.092,90.0,90.0,90.0,True,ABX3,Tetragonal
2006239_2,15721,Cs4 Au4 I12,Au Cs I ,I4/mmm,139,1,8.284,8.284,12.092,90.0,90.0,90.0,True,ABX3,Tetragonal
2006239_3,15721,Cs4 Au4 I12,Au Cs I ,I4/mmm,139,1,8.284,8.284,12.092,90.0,90.0,90.0,True,ABX3,Tetragonal
2006239_4,15721,Cs4 Au4 I12,Au Cs I ,I4/mmm,139,1,8.284,8.284,12.092,90.0,90.0,90.0,True,ABX3,Tetragonal
2006239_5,15721,Cs4 Au4 I12,Au Cs I ,I4/mmm,139,1,8.284,8.284,12.092,90.0,90.0,90.0,True,ABX3,Tetragonal
2006239_6,15721,Cs4 Au4 I12,Au Cs I ,I4/mmm,139,1,8.284,8.284,12.092,90.0,90.0,90.0,True,ABX3,Tetragonal
2006239_7,15721,Cs4 Au4 I12,Au Cs I ,I4/mmm,139,1,8.284,8.284,12.092,90.0,90.0,90.0,True,ABX3,Tetragonal
2006239_8,15721,Cs4 Au4 I12,Au Cs I ,I4/mmm,139,1,8.284,8.284,12.092,90.0,90.0,90.0,True,ABX3,Tetragonal
2006239_9,15721,Cs4 Au4 I12,Au Cs I ,I4/mmm,139,1,8.284,8.284,12.092,90.0,90.0,90.0,True,ABX3,Tetragonal
2006239_10,15721,Cs4 Au4 I12,Au Cs I ,I4/mmm,139,1,8.284,8.284,12.092,90.0,90.0,90.0,True,ABX3,Tetragonal
2006239_11,15721,Cs4 Au4 I12,Au Cs I ,I4/mmm,139,1,8.284,8.284,12.092,90.0,90.0,90.0,True,ABX3,Tetragonal
2006239_12,15721,Cs4 Au4 I12,Au Cs I ,I4/mmm,139,1,8.284,8.284,12.092,90.0,90.0,90.0,True,ABX3,Tetragonal
2006239_13,15721,Cs4 Au4 I12,Au Cs I ,I4/mmm,139,1,8.284,8.284,12.092,90.0,90.0,90.0,True,ABX3,Tetragonal
2006239_14,15721,Cs4 Au4 I12,Au Cs I ,I4/mmm,139,1,8.284,8.284,12.092,90.0,90.0,90.0,True,ABX3,Tetragonal
2006239_15,15721,Cs4 Au4 I12,Au Cs I ,I4/mmm,139,1,8.284,8.284,12.092,90.0,90.0,90.0,True,ABX3,Tetragonal
2006239_16,15721,Cs4 Au4 I12,Au Cs I ,I4/mmm,139,1,8.284,8.284,12.092,90.0,90.0,90.0,True,ABX3,Tetragonal
2006239_17,15721,Cs4 Au4 I12,Au Cs I ,I4/mmm,139,1,8.284,8.284,12.092,90.0,90.0,90.0,True,ABX3,Tetragonal
2006239_18,15721,Cs4 Au4 I12,Au Cs I ,I4/mmm,139,1,8.284,8.284,12.092,90.0,90.0,90.0,True,ABX3,Tetragonal
2006239_19,15721,Cs4 Au4 I12,Au Cs I ,I4/mmm,139,1,8.284,8.284,12.092,90.0,90.0,90.0,True,ABX3,Tetragonal
2006239_20,15721,Cs4 Au4 I12,Au Cs I ,I4/mmm,139,1,8.284,8.284,12.092,90.0,90.0,90.0,True,ABX3,Tetragonal
2006239_21,15721,Cs4 Au4 I12,Au Cs I ,I4/mmm,139,1,8.284,8.284,12.092,90.0,90.0,90.0,True,ABX3,Tetragonal
2006239_22,15721,Cs4 Au4 I12,Au Cs I ,I4/mmm,139,1,8.284,8.284,12.092,90.0,90.0,90.0,True,ABX3,Tetragonal
2006239_23,15721,Cs4 Au4 I12,Au Cs I ,I4/mmm,139,1,8.284,8.284,12.092,90.0,90.0,90.0,True,ABX3,Tetragonal
2006239_24,15721,Cs4 Au4 I12,Au Cs I ,I4/mmm,139,1,8.284,8.284,12.092,90.0,90.0,90.0,True,ABX3,Tetragonal
5910037_1,15869,K8 Mn8 O24,K Mn O ,Pnma,62,2,9.09,5.72,7.41,90.0,90.0,90.0,True,ABX3,Ortorombik
5910037_2,15869,K8 Mn8 O24,K Mn O ,Pnma,62,2,9.09,5.72,7.41,90.0,90.0,90.0,True,ABX3,Ortorombik
5910037_3,15869,K8 Mn8 O24,K Mn O ,Pnma,62,2,9.09,5.72,7.41,90.0,90.0,90.0,True,ABX3,Ortorombik
5910037_4,15869,K8 Mn8 O24,K Mn O ,Pnma,62,2,9.09,5.72,7.41,90.0,90.0,90.0,True,ABX3,Ortorombik
5910037_5,15869,K8 Mn8 O24,K Mn O ,Pnma,62,2,9.09,5.72,7.41,90.0,90.0,90.0,True,ABX3,Ortorombik
5910037_6,15869,K8 Mn8 O24,K Mn O ,Pnma,62,2,9.09,5.72,7.41,90.0,90.0,90.0,True,ABX3,Ortorombik
5910037_7,15869,K8 Mn8 O24,K Mn O ,Pnma,62,2,9.09,5.72,7.41,90.0,90.0,90.0,True,ABX3,Ortorombik
5910037_8,15869,K8 Mn8 O24,K Mn O ,Pnma,62,2,9.09,5.72,7.41,90.0,90.0,90.0,True,ABX3,Ortorombik
5910037_9,15869,K8 Mn8 O24,K Mn O ,Pnma,62,2,9.09,5.72,7.41,90.0,90.0,90.0,True,ABX3,Ortorombik
5910037_10,15869,K8 Mn8 O24,K Mn O ,Pnma,62,2,9.09,5.72,7.41,90.0,90.0,90.0,True,ABX3,Ortorombik
5910037_11,15869,K8 Mn8 O24,K Mn O ,Pnma,62,2,9.09,5.72,7.41,90.0,90.0,90.0,True,ABX3,Ortorombik
5910037_12,15869,K8 Mn8 O24,K Mn O ,Pnma,62,2,9.09,5.72,7.41,90.0,90.0,90.0,True,ABX3,Ortorombik
5910037_13,15869,K8 Mn8 O24,K Mn O ,Pnma,62,2,9.09,5.72,7.41,90.0,90.0,90.0,True,ABX3,Ortorombik
5910037_14,15869,K8 Mn8 O24,K Mn O ,Pnma,62,2,9.09,5.72,7.41,90.0,90.0,90.0,True,ABX3,Ortorombik
5910037_15,15869,K8 Mn8 O24,K Mn O ,Pnma,62,2,9.09,5.72,7.41,90.0,90.0,90.0,True,ABX3,Ortorombik
5910037_16,15869,K8 Mn8 O24,K Mn O ,Pnma,62,2,9.09,5.72,7.41,90.0,90.0,90.0,True,ABX3,Ortorombik
5910037_17,15869,K8 Mn8 O24,K Mn O ,Pnma,62,2,9.09,5.72,7.41,90.0,90.0,90.0,True,ABX3,Ortorombik
5910037_18,15869,K8 Mn8 O24,K Mn O ,Pnma,62,2,9.09,5.72,7.41,90.0,90.0,90.0,True,ABX3,Ortorombik
5910037_19,15869,K8 Mn8 O24,K Mn O ,Pnma,62,2,9.09,5.72,7.41,90.0,90.0,90.0,True,ABX3,Ortorombik
5910037_20,15869,K8 Mn8 O24,K Mn O ,Pnma,62,2,9.09,5.72,7.41,90.0,90.0,90.0,True,ABX3,Ortorombik
5910037_21,15869,K8 Mn8 O24,K Mn O ,Pnma,62,2,9.09,5.72,7.41,90.0,90.0,90.0,True,ABX3,Ortorombik
5910037_22,15869,K8 Mn8 O24,K Mn O ,Pnma,62,2,9.09,5.72,7.41,90.0,90.0,90.0,True,ABX3,Ortorombik
5910037_23,15869,K8 Mn8 O24,K Mn O ,Pnma,62,2,9.09,5.72,7.41,90.0,90.0,90.0,True,ABX3,Ortorombik
5910037_24,15869,K8 Mn8 O24,K Mn O ,Pnma,62,2,9.09,5.72,7.41,90.0,90.0,90.0,True,ABX3,Ortorombik
1529058_1,15886,Dy4 Cr4 O12,Cr Dy O ,Pnma,62,2,5.271,5.525,7.561,90.0,90.0,90.0,True,ABX3,Ortorombik
1529058_2,15886,Dy4 Cr4 O12,Cr Dy O ,Pnma,62,2,5.271,5.525,7.561,90.0,90.0,90.0,True,ABX3,Ortorombik
1529058_3,15886,Dy4 Cr4 O12,Cr Dy O ,Pnma,62,2,5.271,5.525,7.561,90.0,90.0,90.0,True,ABX3,Ortorombik
1529058_4,15886,Dy4 Cr4 O12,Cr Dy O ,Pnma,62,2,5.271,5.525,7.561,90.0,90.0,90.0,True,ABX3,Ortorombik
1529058_5,15886,Dy4 Cr4 O12,Cr Dy O ,Pnma,62,2,5.271,5.525,7.561,90.0,90.0,90.0,True,ABX3,Ortorombik
1529058_6,15886,Dy4 Cr4 O12,Cr Dy O ,Pnma,62,2,5.271,5.525,7.561,90.0,90.0,90.0,True,ABX3,Ortorombik
1529058_7,15886,Dy4 Cr4 O12,Cr Dy O ,Pnma,62,2,5.271,5.525,7.561,90.0,90.0,90.0,True,ABX3,Ortorombik
1529058_8,15886,Dy4 Cr4 O12,Cr Dy O ,Pnma,62,2,5.271,5.525,7.561,90.0,90.0,90.0,True,ABX3,Ortorombik
1529058_9,15886,Dy4 Cr4 O12,Cr Dy O ,Pnma,62,2,5.271,5.525,7.561,90.0,90.0,90.0,True,ABX3,Ortorombik
1529058_10,15886,Dy4 Cr4 O12,Cr Dy O ,Pnma,62,2,5.271,5.525,7.561,90.0,90.0,90.0,True,ABX3,Ortorombik
1529058_11,15886,Dy4 Cr4 O12,Cr Dy O ,Pnma,62,2,5.271,5.525,7.561,90.0,90.0,90.0,True,ABX3,Ortorombik
1529058_12,15886,Dy4 Cr4 O12,Cr Dy O ,Pnma,62,2,5.271,5.525,7.561,90.0,90.0,90.0,True,ABX3,Ortorombik
1529058_13,15886,Dy4 Cr4 O12,Cr Dy O ,Pnma,62,2,5.271,5.525,7.561,90.0,90.0,90.0,True,ABX3,Ortorombik
1529058_14,15886,Dy4 Cr4 O12,Cr Dy O ,Pnma,62,2,5.271,5.525,7.561,90.0,90.0,90.0,True,ABX3,Ortorombik
1529058_15,15886,Dy4 Cr4 O12,Cr Dy O ,Pnma,62,2,5.271,5.525,7.561,90.0,90.0,90.0,True,ABX3,Ortorombik
1529058_16,15886,Dy4 Cr4 O12,Cr Dy O ,Pnma,62,2,5.271,5.525,7.561,90.0,90.0,90.0,True,ABX3,Ortorombik
1529058_17,15886,Dy4 Cr4 O12,Cr Dy O ,Pnma,62,2,5.271,5.525,7.561,90.0,90.0,90.0,True,ABX3,Ortorombik
1529058_18,15886,Dy4 Cr4 O12,Cr Dy O ,Pnma,62,2,5.271,5.525,7.561,90.0,90.0,90.0,True,ABX3,Ortorombik
1529058_19,15886,Dy4 Cr4 O12,Cr Dy O ,Pnma,62,2,5.271,5.525,7.561,90.0,90.0,90.0,True,ABX3,Ortorombik
1529058_20,15886,Dy4 Cr4 O12,Cr Dy O ,Pnma,62,2,5.271,5.525,7.561,90.0,90.0,90.0,True,ABX3,Ortorombik
1529058_21,15886,Dy4 Cr4 O12,Cr Dy O ,Pnma,62,2,5.271,5.525,7.561,90.0,90.0,90.0,True,ABX3,Ortorombik
1529058_22,15886,Dy4 Cr4 O12,Cr Dy O ,Pnma,62,2,5.271,5.525,7.561,90.0,90.0,90.0,True,ABX3,Ortorombik
1529058_23,15886,Dy4 Cr4 O12,Cr Dy O ,Pnma,62,2,5.271,5.525,7.561,90.0,90.0,90.0,True,ABX3,Ortorombik
1529058_24,15886,Dy4 Cr4 O12,Cr Dy O ,Pnma,62,2,5.271,5.525,7.561,90.0,90.0,90.0,True,ABX3,Ortorombik
4318003_1,16107,Gd16 Mo16 O44,Gd Mo O ,Pbam,55,2,10.794,15.9876,5.6942,90.0,90.0,90.0,True,ABX3,Ortorombik
4318003_2,16107,Gd16 Mo16 O44,Gd Mo O ,Pbam,55,2,10.794,15.9876,5.6942,90.0,90.0,90.0,True,ABX3,Ortorombik
4318003_3,16107,Gd16 Mo16 O44,Gd Mo O ,Pbam,55,2,10.794,15.9876,5.6942,90.0,90.0,90.0,True,ABX3,Ortorombik
4318003_4,16107,Gd16 Mo16 O44,Gd Mo O ,Pbam,55,2,10.794,15.9876,5.6942,90.0,90.0,90.0,True,ABX3,Ortorombik
4318003_5,16107,Gd16 Mo16 O44,Gd Mo O ,Pbam,55,2,10.794,15.9876,5.6942,90.0,90.0,90.0,True,ABX3,Ortorombik
4318003_6,16107,Gd16 Mo16 O44,Gd Mo O ,Pbam,55,2,10.794,15.9876,5.6942,90.0,90.0,90.0,True,ABX3,Ortorombik
4318003_7,16107,Gd16 Mo16 O44,Gd Mo O ,Pbam,55,2,10.794,15.9876,5.6942,90.0,90.0,90.0,True,ABX3,Ortorombik
4318003_8,16107,Gd16 Mo16 O44,Gd Mo O ,Pbam,55,2,10.794,15.9876,5.6942,90.0,90.0,90.0,True,ABX3,Ortorombik
4318003_9,16107,Gd16 Mo16 O44,Gd Mo O ,Pbam,55,2,10.794,15.9876,5.6942,90.0,90.0,90.0,True,ABX3,Ortorombik
4318003_10,16107,Gd16 Mo16 O44,Gd Mo O ,Pbam,55,2,10.794,15.9876,5.6942,90.0,90.0,90.0,True,ABX3,Ortorombik
4318003_11,16107,Gd16 Mo16 O44,Gd Mo O ,Pbam,55,2,10.794,15.9876,5.6942,90.0,90.0,90.0,True,ABX3,Ortorombik
4318003_12,16107,Gd16 Mo16 O44,Gd Mo O ,Pbam,55,2,10.794,15.9876,5.6942,90.0,90.0,90.0,True,ABX3,Ortorombik
4318003_13,16107,Gd16 Mo16 O44,Gd Mo O ,Pbam,55,2,10.794,15.9876,5.6942,90.0,90.0,90.0,True,ABX3,Ortorombik
4318003_14,16107,Gd16 Mo16 O44,Gd Mo O ,Pbam,55,2,10.794,15.9876,5.6942,90.0,90.0,90.0,True,ABX3,Ortorombik
4318003_15,16107,Gd16 Mo16 O44,Gd Mo O ,Pbam,55,2,10.794,15.9876,5.6942,90.0,90.0,90.0,True,ABX3,Ortorombik
4318003_16,16107,Gd16 Mo16 O44,Gd Mo O ,Pbam,55,2,10.794,15.9876,5.6942,90.0,90.0,90.0,True,ABX3,Ortorombik
4318003_17,16107,Gd16 Mo16 O44,Gd Mo O ,Pbam,55,2,10.794,15.9876,5.6942,90.0,90.0,90.0,True,ABX3,Ortorombik
4318003_18,16107,Gd16 Mo16 O44,Gd Mo O ,Pbam,55,2,10.794,15.9876,5.6942,90.0,90.0,90.0,True,ABX3,Ortorombik
4318003_19,16107,Gd16 Mo16 O44,Gd Mo O ,Pbam,55,2,10.794,15.9876,5.6942,90.0,90.0,90.0,True,ABX3,Ortorombik
4318003_20,16107,Gd16 Mo16 O44,Gd Mo O ,Pbam,55,2,10.794,15.9876,5.6942,90.0,90.0,90.0,True,ABX3,Ortorombik
4318003_21,16107,Gd16 Mo16 O44,Gd Mo O ,Pbam,55,2,10.794,15.9876,5.6942,90.0,90.0,90.0,True,ABX3,Ortorombik
4318003_22,16107,Gd16 Mo16 O44,Gd Mo O ,Pbam,55,2,10.794,15.9876,5.6942,90.0,90.0,90.0,True,ABX3,Ortorombik
4318003_23,16107,Gd16 Mo16 O44,Gd Mo O ,Pbam,55,2,10.794,15.9876,5.6942,90.0,90.0,90.0,True,ABX3,Ortorombik
4318003_24,16107,Gd16 Mo16 O44,Gd Mo O ,Pbam,55,2,10.794,15.9876,5.6942,90.0,90.0,90.0,True,ABX3,Ortorombik
7707084_1,16200,La8 Si8 P24,La P Si ,Pna2_1,33,2,5.9078,25.4382,5.7398,90.0,90.0,90.0,True,ABX3,Ortorombik
7707084_2,16200,La8 Si8 P24,La P Si ,Pna2_1,33,2,5.9078,25.4382,5.7398,90.0,90.0,90.0,True,ABX3,Ortorombik
7707084_3,16200,La8 Si8 P24,La P Si ,Pna2_1,33,2,5.9078,25.4382,5.7398,90.0,90.0,90.0,True,ABX3,Ortorombik
7707084_4,16200,La8 Si8 P24,La P Si ,Pna2_1,33,2,5.9078,25.4382,5.7398,90.0,90.0,90.0,True,ABX3,Ortorombik
7707084_5,16200,La8 Si8 P24,La P Si ,Pna2_1,33,2,5.9078,25.4382,5.7398,90.0,90.0,90.0,True,ABX3,Ortorombik
7707084_6,16200,La8 Si8 P24,La P Si ,Pna2_1,33,2,5.9078,25.4382,5.7398,90.0,90.0,90.0,True,ABX3,Ortorombik
7707084_7,16200,La8 Si8 P24,La P Si ,Pna2_1,33,2,5.9078,25.4382,5.7398,90.0,90.0,90.0,True,ABX3,Ortorombik
7707084_8,16200,La8 Si8 P24,La P Si ,Pna2_1,33,2,5.9078,25.4382,5.7398,90.0,90.0,90.0,True,ABX3,Ortorombik
7707084_9,16200,La8 Si8 P24,La P Si ,Pna2_1,33,2,5.9078,25.4382,5.7398,90.0,90.0,90.0,True,ABX3,Ortorombik
7707084_10,16200,La8 Si8 P24,La P Si ,Pna2_1,33,2,5.9078,25.4382,5.7398,90.0,90.0,90.0,True,ABX3,Ortorombik
7707084_11,16200,La8 Si8 P24,La P Si ,Pna2_1,33,2,5.9078,25.4382,5.7398,90.0,90.0,90.0,True,ABX3,Ortorombik
7707084_12,16200,La8 Si8 P24,La P Si ,Pna2_1,33,2,5.9078,25.4382,5.7398,90.0,90.0,90.0,True,ABX3,Ortorombik
7707084_13,16200,La8 Si8 P24,La P Si ,Pna2_1,33,2,5.9078,25.4382,5.7398,90.0,90.0,90.0,True,ABX3,Ortorombik
7707084_14,16200,La8 Si8 P24,La P Si ,Pna2_1,33,2,5.9078,25.4382,5.7398,90.0,90.0,90.0,True,ABX3,Ortorombik
7707084_15,16200,La8 Si8 P24,La P Si ,Pna2_1,33,2,5.9078,25.4382,5.7398,90.0,90.0,90.0,True,ABX3,Ortorombik
7707084_16,16200,La8 Si8 P24,La P Si ,Pna2_1,33,2,5.9078,25.4382,5.7398,90.0,90.0,90.0,True,ABX3,Ortorombik
7707084_17,16200,La8 Si8 P24,La P Si ,Pna2_1,33,2,5.9078,25.4382,5.7398,90.0,90.0,90.0,True,ABX3,Ortorombik
7707084_18,16200,La8 Si8 P24,La P Si ,Pna2_1,33,2,5.9078,25.4382,5.7398,90.0,90.0,90.0,True,ABX3,Ortorombik
7707084_19,16200,La8 Si8 P24,La P Si ,Pna2_1,33,2,5.9078,25.4382,5.7398,90.0,90.0,90.0,True,ABX3,Ortorombik
7707084_20,16200,La8 Si8 P24,La P Si ,Pna2_1,33,2,5.9078,25.4382,5.7398,90.0,90.0,90.0,True,ABX3,Ortorombik
7707084_21,16200,La8 Si8 P24,La P Si ,Pna2_1,33,2,5.9078,25.4382,5.7398,90.0,90.0,90.0,True,ABX3,Ortorombik
7707084_22,16200,La8 Si8 P24,La P Si ,Pna2_1,33,2,5.9078,25.4382,5.7398,90.0,90.0,90.0,True,ABX3,Ortorombik
7707084_23,16200,La8 Si8 P24,La P Si ,Pna2_1,33,2,5.9078,25.4382,5.7398,90.0,90.0,90.0,True,ABX3,Ortorombik
7707084_24,16200,La8 Si8 P24,La P Si ,Pna2_1,33,2,5.9078,25.4382,5.7398,90.0,90.0,90.0,True,ABX3,Ortorombik
1545170_1,16224,Ca1 Si1 O3,Ca O Si ,Pm-3m,221,0,3.564,3.564,3.564,90.0,90.0,90.0,True,ABX3,Kubik
1545170_2,16224,Ca1 Si1 O3,Ca O Si ,Pm-3m,221,0,3.564,3.564,3.564,90.0,90.0,90.0,True,ABX3,Kubik
1545170_3,16224,Ca1 Si1 O3,Ca O Si ,Pm-3m,221,0,3.564,3.564,3.564,90.0,90.0,90.0,True,ABX3,Kubik
1545170_4,16224,Ca1 Si1 O3,Ca O Si ,Pm-3m,221,0,3.564,3.564,3.564,90.0,90.0,90.0,True,ABX3,Kubik
1545170_5,16224,Ca1 Si1 O3,Ca O Si ,Pm-3m,221,0,3.564,3.564,3.564,90.0,90.0,90.0,True,ABX3,Kubik
1545170_6,16224,Ca1 Si1 O3,Ca O Si ,Pm-3m,221,0,3.564,3.564,3.564,90.0,90.0,90.0,True,ABX3,Kubik
1545170_7,16224,Ca1 Si1 O3,Ca O Si ,Pm-3m,221,0,3.564,3.564,3.564,90.0,90.0,90.0,True,ABX3,Kubik
1545170_8,16224,Ca1 Si1 O3,Ca O Si ,Pm-3m,221,0,3.564,3.564,3.564,90.0,90.0,90.0,True,ABX3,Kubik
1545170_9,16224,Ca1 Si1 O3,Ca O Si ,Pm-3m,221,0,3.564,3.564,3.564,90.0,90.0,90.0,True,ABX3,Kubik
1545170_10,16224,Ca1 Si1 O3,Ca O Si ,Pm-3m,221,0,3.564,3.564,3.564,90.0,90.0,90.0,True,ABX3,Kubik
1545170_11,16224,Ca1 Si1 O3,Ca O Si ,Pm-3m,221,0,3.564,3.564,3.564,90.0,90.0,90.0,True,ABX3,Kubik
1545170_12,16224,Ca1 Si1 O3,Ca O Si ,Pm-3m,221,0,3.564,3.564,3.564,90.0,90.0,90.0,True,ABX3,Kubik
1545170_13,16224,Ca1 Si1 O3,Ca O Si ,Pm-3m,221,0,3.564,3.564,3.564,90.0,90.0,90.0,True,ABX3,Kubik
1545170_14,16224,Ca1 Si1 O3,Ca O Si ,Pm-3m,221,0,3.564,3.564,3.564,90.0,90.0,90.0,True,ABX3,Kubik
1545170_15,16224,Ca1 Si1 O3,Ca O Si ,Pm-3m,221,0,3.564,3.564,3.564,90.0,90.0,90.0,True,ABX3,Kubik
1545170_16,16224,Ca1 Si1 O3,Ca O Si ,Pm-3m,221,0,3.564,3.564,3.564,90.0,90.0,90.0,True,ABX3,Kubik
1545170_17,16224,Ca1 Si1 O3,Ca O Si ,Pm-3m,221,0,3.564,3.564,3.564,90.0,90.0,90.0,True,ABX3,Kubik
1545170_18,16224,Ca1 Si1 O3,Ca O Si ,Pm-3m,221,0,3.564,3.564,3.564,90.0,90.0,90.0,True,ABX3,Kubik
1545170_19,16224,Ca1 Si1 O3,Ca O Si ,Pm-3m,221,0,3.564,3.564,3.564,90.0,90.0,90.0,True,ABX3,Kubik
1545170_20,16224,Ca1 Si1 O3,Ca O Si ,Pm-3m,221,0,3.564,3.564,3.564,90.0,90.0,90.0,True,ABX3,Kubik
1545170_21,16224,Ca1 Si1 O3,Ca O Si ,Pm-3m,221,0,3.564,3.564,3.564,90.0,90.0,90.0,True,ABX3,Kubik
1545170_22,16224,Ca1 Si1 O3,Ca O Si ,Pm-3m,221,0,3.564,3.564,3.564,90.0,90.0,90.0,True,ABX3,Kubik
1545170_23,16224,Ca1 Si1 O3,Ca O Si ,Pm-3m,221,0,3.564,3.564,3.564,90.0,90.0,90.0,True,ABX3,Kubik
1545170_24,16224,Ca1 Si1 O3,Ca O Si ,Pm-3m,221,0,3.564,3.564,3.564,90.0,90.0,90.0,True,ABX3,Kubik
1536338_1,16367,Ba20 Fe20 O56,Ba Fe O ,Cmcm,63,2,5.7615,9.9792,24.347,90.0,90.0,90.0,True,ABX3,Ortorombik
1536338_2,16367,Ba20 Fe20 O56,Ba Fe O ,Cmcm,63,2,5.7615,9.9792,24.347,90.0,90.0,90.0,True,ABX3,Ortorombik
1536338_3,16367,Ba20 Fe20 O56,Ba Fe O ,Cmcm,63,2,5.7615,9.9792,24.347,90.0,90.0,90.0,True,ABX3,Ortorombik
1536338_4,16367,Ba20 Fe20 O56,Ba Fe O ,Cmcm,63,2,5.7615,9.9792,24.347,90.0,90.0,90.0,True,ABX3,Ortorombik
1536338_5,16367,Ba20 Fe20 O56,Ba Fe O ,Cmcm,63,2,5.7615,9.9792,24.347,90.0,90.0,90.0,True,ABX3,Ortorombik
1536338_6,16367,Ba20 Fe20 O56,Ba Fe O ,Cmcm,63,2,5.7615,9.9792,24.347,90.0,90.0,90.0,True,ABX3,Ortorombik
1536338_7,16367,Ba20 Fe20 O56,Ba Fe O ,Cmcm,63,2,5.7615,9.9792,24.347,90.0,90.0,90.0,True,ABX3,Ortorombik
1536338_8,16367,Ba20 Fe20 O56,Ba Fe O ,Cmcm,63,2,5.7615,9.9792,24.347,90.0,90.0,90.0,True,ABX3,Ortorombik
1536338_9,16367,Ba20 Fe20 O56,Ba Fe O ,Cmcm,63,2,5.7615,9.9792,24.347,90.0,90.0,90.0,True,ABX3,Ortorombik
1536338_10,16367,Ba20 Fe20 O56,Ba Fe O ,Cmcm,63,2,5.7615,9.9792,24.347,90.0,90.0,90.0,True,ABX3,Ortorombik
1536338_11,16367,Ba20 Fe20 O56,Ba Fe O ,Cmcm,63,2,5.7615,9.9792,24.347,90.0,90.0,90.0,True,ABX3,Ortorombik
1536338_12,16367,Ba20 Fe20 O56,Ba Fe O ,Cmcm,63,2,5.7615,9.9792,24.347,90.0,90.0,90.0,True,ABX3,Ortorombik
1536338_13,16367,Ba20 Fe20 O56,Ba Fe O ,Cmcm,63,2,5.7615,9.9792,24.347,90.0,90.0,90.0,True,ABX3,Ortorombik
1536338_14,16367,Ba20 Fe20 O56,Ba Fe O ,Cmcm,63,2,5.7615,9.9792,24.347,90.0,90.0,90.0,True,ABX3,Ortorombik
1536338_15,16367,Ba20 Fe20 O56,Ba Fe O ,Cmcm,63,2,5.7615,9.9792,24.347,90.0,90.0,90.0,True,ABX3,Ortorombik
1536338_16,16367,Ba20 Fe20 O56,Ba Fe O ,Cmcm,63,2,5.7615,9.9792,24.347,90.0,90.0,90.0,True,ABX3,Ortorombik
1536338_17,16367,Ba20 Fe20 O56,Ba Fe O ,Cmcm,63,2,5.7615,9.9792,24.347,90.0,90.0,90.0,True,ABX3,Ortorombik
1536338_18,16367,Ba20 Fe20 O56,Ba Fe O ,Cmcm,63,2,5.7615,9.9792,24.347,90.0,90.0,90.0,True,ABX3,Ortorombik
1536338_19,16367,Ba20 Fe20 O56,Ba Fe O ,Cmcm,63,2,5.7615,9.9792,24.347,90.0,90.0,90.0,True,ABX3,Ortorombik
1536338_20,16367,Ba20 Fe20 O56,Ba Fe O ,Cmcm,63,2,5.7615,9.9792,24.347,90.0,90.0,90.0,True,ABX3,Ortorombik
1536338_21,16367,Ba20 Fe20 O56,Ba Fe O ,Cmcm,63,2,5.7615,9.9792,24.347,90.0,90.0,90.0,True,ABX3,Ortorombik
1536338_22,16367,Ba20 Fe20 O56,Ba Fe O ,Cmcm,63,2,5.7615,9.9792,24.347,90.0,90.0,90.0,True,ABX3,Ortorombik
1536338_23,16367,Ba20 Fe20 O56,Ba Fe O ,Cmcm,63,2,5.7615,9.9792,24.347,90.0,90.0,90.0,True,ABX3,Ortorombik
1536338_24,16367,Ba20 Fe20 O56,Ba Fe O ,Cmcm,63,2,5.7615,9.9792,24.347,90.0,90.0,90.0,True,ABX3,Ortorombik
1546379_1,16481,Na4 Co4 F12,Co F Na ,Pnma,62,2,5.422,5.606,7.786,90.0,90.0,90.0,True,ABX3,Ortorombik
1546379_2,16481,Na4 Co4 F12,Co F Na ,Pnma,62,2,5.422,5.606,7.786,90.0,90.0,90.0,True,ABX3,Ortorombik
1546379_3,16481,Na4 Co4 F12,Co F Na ,Pnma,62,2,5.422,5.606,7.786,90.0,90.0,90.0,True,ABX3,Ortorombik
1546379_4,16481,Na4 Co4 F12,Co F Na ,Pnma,62,2,5.422,5.606,7.786,90.0,90.0,90.0,True,ABX3,Ortorombik
1546379_5,16481,Na4 Co4 F12,Co F Na ,Pnma,62,2,5.422,5.606,7.786,90.0,90.0,90.0,True,ABX3,Ortorombik
1546379_6,16481,Na4 Co4 F12,Co F Na ,Pnma,62,2,5.422,5.606,7.786,90.0,90.0,90.0,True,ABX3,Ortorombik
1546379_7,16481,Na4 Co4 F12,Co F Na ,Pnma,62,2,5.422,5.606,7.786,90.0,90.0,90.0,True,ABX3,Ortorombik
1546379_8,16481,Na4 Co4 F12,Co F Na ,Pnma,62,2,5.422,5.606,7.786,90.0,90.0,90.0,True,ABX3,Ortorombik
1546379_9,16481,Na4 Co4 F12,Co F Na ,Pnma,62,2,5.422,5.606,7.786,90.0,90.0,90.0,True,ABX3,Ortorombik
1546379_10,16481,Na4 Co4 F12,Co F Na ,Pnma,62,2,5.422,5.606,7.786,90.0,90.0,90.0,True,ABX3,Ortorombik
1546379_11,16481,Na4 Co4 F12,Co F Na ,Pnma,62,2,5.422,5.606,7.786,90.0,90.0,90.0,True,ABX3,Ortorombik
1546379_12,16481,Na4 Co4 F12,Co F Na ,Pnma,62,2,5.422,5.606,7.786,90.0,90.0,90.0,True,ABX3,Ortorombik
1546379_13,16481,Na4 Co4 F12,Co F Na ,Pnma,62,2,5.422,5.606,7.786,90.0,90.0,90.0,True,ABX3,Ortorombik
1546379_14,16481,Na4 Co4 F12,Co F Na ,Pnma,62,2,5.422,5.606,7.786,90.0,90.0,90.0,True,ABX3,Ortorombik
1546379_15,16481,Na4 Co4 F12,Co F Na ,Pnma,62,2,5.422,5.606,7.786,90.0,90.0,90.0,True,ABX3,Ortorombik
1546379_16,16481,Na4 Co4 F12,Co F Na ,Pnma,62,2,5.422,5.606,7.786,90.0,90.0,90.0,True,ABX3,Ortorombik
1546379_17,16481,Na4 Co4 F12,Co F Na ,Pnma,62,2,5.422,5.606,7.786,90.0,90.0,90.0,True,ABX3,Ortorombik
1546379_18,16481,Na4 Co4 F12,Co F Na ,Pnma,62,2,5.422,5.606,7.786,90.0,90.0,90.0,True,ABX3,Ortorombik
1546379_19,16481,Na4 Co4 F12,Co F Na ,Pnma,62,2,5.422,5.606,7.786,90.0,90.0,90.0,True,ABX3,Ortorombik
1546379_20,16481,Na4 Co4 F12,Co F Na ,Pnma,62,2,5.422,5.606,7.786,90.0,90.0,90.0,True,ABX3,Ortorombik
1546379_21,16481,Na4 Co4 F12,Co F Na ,Pnma,62,2,5.422,5.606,7.786,90.0,90.0,90.0,True,ABX3,Ortorombik
1546379_22,16481,Na4 Co4 F12,Co F Na ,Pnma,62,2,5.422,5.606,7.786,90.0,90.0,90.0,True,ABX3,Ortorombik
1546379_23,16481,Na4 Co4 F12,Co F Na ,Pnma,62,2,5.422,5.606,7.786,90.0,90.0,90.0,True,ABX3,Ortorombik
1546379_24,16481,Na4 Co4 F12,Co F Na ,Pnma,62,2,5.422,5.606,7.786,90.0,90.0,90.0,True,ABX3,Ortorombik
1522128_1,16545,Ba0.92 Ti0.9 O2.89,Ba O Ti ,P4mm,99,1,4.00604,4.00604,4.01222,90.0,90.0,90.0,True,ABX3,Tetragonal
1522128_2,16545,Ba0.92 Ti0.9 O2.89,Ba O Ti ,P4mm,99,1,4.00604,4.00604,4.01222,90.0,90.0,90.0,True,ABX3,Tetragonal
1522128_3,16545,Ba0.92 Ti0.9 O2.89,Ba O Ti ,P4mm,99,1,4.00604,4.00604,4.01222,90.0,90.0,90.0,True,ABX3,Tetragonal
1522128_4,16545,Ba0.92 Ti0.9 O2.89,Ba O Ti ,P4mm,99,1,4.00604,4.00604,4.01222,90.0,90.0,90.0,True,ABX3,Tetragonal
1522128_5,16545,Ba0.92 Ti0.9 O2.89,Ba O Ti ,P4mm,99,1,4.00604,4.00604,4.01222,90.0,90.0,90.0,True,ABX3,Tetragonal
1522128_6,16545,Ba0.92 Ti0.9 O2.89,Ba O Ti ,P4mm,99,1,4.00604,4.00604,4.01222,90.0,90.0,90.0,True,ABX3,Tetragonal
1522128_7,16545,Ba0.92 Ti0.9 O2.89,Ba O Ti ,P4mm,99,1,4.00604,4.00604,4.01222,90.0,90.0,90.0,True,ABX3,Tetragonal
1522128_8,16545,Ba0.92 Ti0.9 O2.89,Ba O Ti ,P4mm,99,1,4.00604,4.00604,4.01222,90.0,90.0,90.0,True,ABX3,Tetragonal
1522128_9,16545,Ba0.92 Ti0.9 O2.89,Ba O Ti ,P4mm,99,1,4.00604,4.00604,4.01222,90.0,90.0,90.0,True,ABX3,Tetragonal
1522128_10,16545,Ba0.92 Ti0.9 O2.89,Ba O Ti ,P4mm,99,1,4.00604,4.00604,4.01222,90.0,90.0,90.0,True,ABX3,Tetragonal
1522128_11,16545,Ba0.92 Ti0.9 O2.89,Ba O Ti ,P4mm,99,1,4.00604,4.00604,4.01222,90.0,90.0,90.0,True,ABX3,Tetragonal
1522128_12,16545,Ba0.92 Ti0.9 O2.89,Ba O Ti ,P4mm,99,1,4.00604,4.00604,4.01222,90.0,90.0,90.0,True,ABX3,Tetragonal
1522128_13,16545,Ba0.92 Ti0.9 O2.89,Ba O Ti ,P4mm,99,1,4.00604,4.00604,4.01222,90.0,90.0,90.0,True,ABX3,Tetragonal
1522128_14,16545,Ba0.92 Ti0.9 O2.89,Ba O Ti ,P4mm,99,1,4.00604,4.00604,4.01222,90.0,90.0,90.0,True,ABX3,Tetragonal
1522128_15,16545,Ba0.92 Ti0.9 O2.89,Ba O Ti ,P4mm,99,1,4.00604,4.00604,4.01222,90.0,90.0,90.0,True,ABX3,Tetragonal
1522128_16,16545,Ba0.92 Ti0.9 O2.89,Ba O Ti ,P4mm,99,1,4.00604,4.00604,4.01222,90.0,90.0,90.0,True,ABX3,Tetragonal
1522128_17,16545,Ba0.92 Ti0.9 O2.89,Ba O Ti ,P4mm,99,1,4.00604,4.00604,4.01222,90.0,90.0,90.0,True,ABX3,Tetragonal
1522128_18,16545,Ba0.92 Ti0.9 O2.89,Ba O Ti ,P4mm,99,1,4.00604,4.00604,4.01222,90.0,90.0,90.0,True,ABX3,Tetragonal
1522128_19,16545,Ba0.92 Ti0.9 O2.89,Ba O Ti ,P4mm,99,1,4.00604,4.00604,4.01222,90.0,90.0,90.0,True,ABX3,Tetragonal
1522128_20,16545,Ba0.92 Ti0.9 O2.89,Ba O Ti ,P4mm,99,1,4.00604,4.00604,4.01222,90.0,90.0,90.0,True,ABX3,Tetragonal
1522128_21,16545,Ba0.92 Ti0.9 O2.89,Ba O Ti ,P4mm,99,1,4.00604,4.00604,4.01222,90.0,90.0,90.0,True,ABX3,Tetragonal
1522128_22,16545,Ba0.92 Ti0.9 O2.89,Ba O Ti ,P4mm,99,1,4.00604,4.00604,4.01222,90.0,90.0,90.0,True,ABX3,Tetragonal
1522128_23,16545,Ba0.92 Ti0.9 O2.89,Ba O Ti ,P4mm,99,1,4.00604,4.00604,4.01222,90.0,90.0,90.0,True,ABX3,Tetragonal
1522128_24,16545,Ba0.92 Ti0.9 O2.89,Ba O Ti ,P4mm,99,1,4.00604,4.00604,4.01222,90.0,90.0,90.0,True,ABX3,Tetragonal
1010323_1,16686,Cs1 Au1 Cl3,Au Cl Cs ,Pm-3m,221,0,5.33,5.33,5.33,90.0,90.0,90.0,True,ABX3,Kubik
1010323_2,16686,Cs1 Au1 Cl3,Au Cl Cs ,Pm-3m,221,0,5.33,5.33,5.33,90.0,90.0,90.0,True,ABX3,Kubik
1010323_3,16686,Cs1 Au1 Cl3,Au Cl Cs ,Pm-3m,221,0,5.33,5.33,5.33,90.0,90.0,90.0,True,ABX3,Kubik
1010323_4,16686,Cs1 Au1 Cl3,Au Cl Cs ,Pm-3m,221,0,5.33,5.33,5.33,90.0,90.0,90.0,True,ABX3,Kubik
1010323_5,16686,Cs1 Au1 Cl3,Au Cl Cs ,Pm-3m,221,0,5.33,5.33,5.33,90.0,90.0,90.0,True,ABX3,Kubik
1010323_6,16686,Cs1 Au1 Cl3,Au Cl Cs ,Pm-3m,221,0,5.33,5.33,5.33,90.0,90.0,90.0,True,ABX3,Kubik
1010323_7,16686,Cs1 Au1 Cl3,Au Cl Cs ,Pm-3m,221,0,5.33,5.33,5.33,90.0,90.0,90.0,True,ABX3,Kubik
1010323_8,16686,Cs1 Au1 Cl3,Au Cl Cs ,Pm-3m,221,0,5.33,5.33,5.33,90.0,90.0,90.0,True,ABX3,Kubik
1010323_9,16686,Cs1 Au1 Cl3,Au Cl Cs ,Pm-3m,221,0,5.33,5.33,5.33,90.0,90.0,90.0,True,ABX3,Kubik
1010323_10,16686,Cs1 Au1 Cl3,Au Cl Cs ,Pm-3m,221,0,5.33,5.33,5.33,90.0,90.0,90.0,True,ABX3,Kubik
1010323_11,16686,Cs1 Au1 Cl3,Au Cl Cs ,Pm-3m,221,0,5.33,5.33,5.33,90.0,90.0,90.0,True,ABX3,Kubik
1010323_12,16686,Cs1 Au1 Cl3,Au Cl Cs ,Pm-3m,221,0,5.33,5.33,5.33,90.0,90.0,90.0,True,ABX3,Kubik
1010323_13,16686,Cs1 Au1 Cl3,Au Cl Cs ,Pm-3m,221,0,5.33,5.33,5.33,90.0,90.0,90.0,True,ABX3,Kubik
1010323_14,16686,Cs1 Au1 Cl3,Au Cl Cs ,Pm-3m,221,0,5.33,5.33,5.33,90.0,90.0,90.0,True,ABX3,Kubik
1010323_15,16686,Cs1 Au1 Cl3,Au Cl Cs ,Pm-3m,221,0,5.33,5.33,5.33,90.0,90.0,90.0,True,ABX3,Kubik
1010323_16,16686,Cs1 Au1 Cl3,Au Cl Cs ,Pm-3m,221,0,5.33,5.33,5.33,90.0,90.0,90.0,True,ABX3,Kubik
1010323_17,16686,Cs1 Au1 Cl3,Au Cl Cs ,Pm-3m,221,0,5.33,5.33,5.33,90.0,90.0,90.0,True,ABX3,Kubik
1010323_18,16686,Cs1 Au1 Cl3,Au Cl Cs ,Pm-3m,221,0,5.33,5.33,5.33,90.0,90.0,90.0,True,ABX3,Kubik
1010323_19,16686,Cs1 Au1 Cl3,Au Cl Cs ,Pm-3m,221,0,5.33,5.33,5.33,90.0,90.0,90.0,True,ABX3,Kubik
1010323_20,16686,Cs1 Au1 Cl3,Au Cl Cs ,Pm-3m,221,0,5.33,5.33,5.33,90.0,90.0,90.0,True,ABX3,Kubik
1010323_21,16686,Cs1 Au1 Cl3,Au Cl Cs ,Pm-3m,221,0,5.33,5.33,5.33,90.0,90.0,90.0,True,ABX3,Kubik
1010323_22,16686,Cs1 Au1 Cl3,Au Cl Cs ,Pm-3m,221,0,5.33,5.33,5.33,90.0,90.0,90.0,True,ABX3,Kubik
1010323_23,16686,Cs1 Au1 Cl3,Au Cl Cs ,Pm-3m,221,0,5.33,5.33,5.33,90.0,90.0,90.0,True,ABX3,Kubik
1010323_24,16686,Cs1 Au1 Cl3,Au Cl Cs ,Pm-3m,221,0,5.33,5.33,5.33,90.0,90.0,90.0,True,ABX3,Kubik
4318001_1,16720,Sm16 Mo16 O44,Mo O Sm ,Pbam,55,2,10.87,16.0957,5.7178,90.0,90.0,90.0,True,ABX3,Ortorombik
4318001_2,16720,Sm16 Mo16 O44,Mo O Sm ,Pbam,55,2,10.87,16.0957,5.7178,90.0,90.0,90.0,True,ABX3,Ortorombik
4318001_3,16720,Sm16 Mo16 O44,Mo O Sm ,Pbam,55,2,10.87,16.0957,5.7178,90.0,90.0,90.0,True,ABX3,Ortorombik
4318001_4,16720,Sm16 Mo16 O44,Mo O Sm ,Pbam,55,2,10.87,16.0957,5.7178,90.0,90.0,90.0,True,ABX3,Ortorombik
4318001_5,16720,Sm16 Mo16 O44,Mo O Sm ,Pbam,55,2,10.87,16.0957,5.7178,90.0,90.0,90.0,True,ABX3,Ortorombik
4318001_6,16720,Sm16 Mo16 O44,Mo O Sm ,Pbam,55,2,10.87,16.0957,5.7178,90.0,90.0,90.0,True,ABX3,Ortorombik
4318001_7,16720,Sm16 Mo16 O44,Mo O Sm ,Pbam,55,2,10.87,16.0957,5.7178,90.0,90.0,90.0,True,ABX3,Ortorombik
4318001_8,16720,Sm16 Mo16 O44,Mo O Sm ,Pbam,55,2,10.87,16.0957,5.7178,90.0,90.0,90.0,True,ABX3,Ortorombik
4318001_9,16720,Sm16 Mo16 O44,Mo O Sm ,Pbam,55,2,10.87,16.0957,5.7178,90.0,90.0,90.0,True,ABX3,Ortorombik
4318001_10,16720,Sm16 Mo16 O44,Mo O Sm ,Pbam,55,2,10.87,16.0957,5.7178,90.0,90.0,90.0,True,ABX3,Ortorombik
4318001_11,16720,Sm16 Mo16 O44,Mo O Sm ,Pbam,55,2,10.87,16.0957,5.7178,90.0,90.0,90.0,True,ABX3,Ortorombik
4318001_12,16720,Sm16 Mo16 O44,Mo O Sm ,Pbam,55,2,10.87,16.0957,5.7178,90.0,90.0,90.0,True,ABX3,Ortorombik
4318001_13,16720,Sm16 Mo16 O44,Mo O Sm ,Pbam,55,2,10.87,16.0957,5.7178,90.0,90.0,90.0,True,ABX3,Ortorombik
4318001_14,16720,Sm16 Mo16 O44,Mo O Sm ,Pbam,55,2,10.87,16.0957,5.7178,90.0,90.0,90.0,True,ABX3,Ortorombik
4318001_15,16720,Sm16 Mo16 O44,Mo O Sm ,Pbam,55,2,10.87,16.0957,5.7178,90.0,90.0,90.0,True,ABX3,Ortorombik
4318001_16,16720,Sm16 Mo16 O44,Mo O Sm ,Pbam,55,2,10.87,16.0957,5.7178,90.0,90.0,90.0,True,ABX3,Ortorombik
4318001_17,16720,Sm16 Mo16 O44,Mo O Sm ,Pbam,55,2,10.87,16.0957,5.7178,90.0,90.0,90.0,True,ABX3,Ortorombik
4318001_18,16720,Sm16 Mo16 O44,Mo O Sm ,Pbam,55,2,10.87,16.0957,5.7178,90.0,90.0,90.0,True,ABX3,Ortorombik
4318001_19,16720,Sm16 Mo16 O44,Mo O Sm ,Pbam,55,2,10.87,16.0957,5.7178,90.0,90.0,90.0,True,ABX3,Ortorombik
4318001_20,16720,Sm16 Mo16 O44,Mo O Sm ,Pbam,55,2,10.87,16.0957,5.7178,90.0,90.0,90.0,True,ABX3,Ortorombik
4318001_21,16720,Sm16 Mo16 O44,Mo O Sm ,Pbam,55,2,10.87,16.0957,5.7178,90.0,90.0,90.0,True,ABX3,Ortorombik
4318001_22,16720,Sm16 Mo16 O44,Mo O Sm ,Pbam,55,2,10.87,16.0957,5.7178,90.0,90.0,90.0,True,ABX3,Ortorombik
4318001_23,16720,Sm16 Mo16 O44,Mo O Sm ,Pbam,55,2,10.87,16.0957,5.7178,90.0,90.0,90.0,True,ABX3,Ortorombik
4318001_24,16720,Sm16 Mo16 O44,Mo O Sm ,Pbam,55,2,10.87,16.0957,5.7178,90.0,90.0,90.0,True,ABX3,Ortorombik
9015715_1,17002,Ba2 Ti2 O6,Ba O Ti ,Amm2,38,2,4.0094,5.6214,5.6386,90.0,90.0,90.0,True,ABX3,Ortorombik
9015715_2,17002,Ba2 Ti2 O6,Ba O Ti ,Amm2,38,2,4.0094,5.6214,5.6386,90.0,90.0,90.0,True,ABX3,Ortorombik
9015715_3,17002,Ba2 Ti2 O6,Ba O Ti ,Amm2,38,2,4.0094,5.6214,5.6386,90.0,90.0,90.0,True,ABX3,Ortorombik
9015715_4,17002,Ba2 Ti2 O6,Ba O Ti ,Amm2,38,2,4.0094,5.6214,5.6386,90.0,90.0,90.0,True,ABX3,Ortorombik
9015715_5,17002,Ba2 Ti2 O6,Ba O Ti ,Amm2,38,2,4.0094,5.6214,5.6386,90.0,90.0,90.0,True,ABX3,Ortorombik
9015715_6,17002,Ba2 Ti2 O6,Ba O Ti ,Amm2,38,2,4.0094,5.6214,5.6386,90.0,90.0,90.0,True,ABX3,Ortorombik
9015715_7,17002,Ba2 Ti2 O6,Ba O Ti ,Amm2,38,2,4.0094,5.6214,5.6386,90.0,90.0,90.0,True,ABX3,Ortorombik
9015715_8,17002,Ba2 Ti2 O6,Ba O Ti ,Amm2,38,2,4.0094,5.6214,5.6386,90.0,90.0,90.0,True,ABX3,Ortorombik
9015715_9,17002,Ba2 Ti2 O6,Ba O Ti ,Amm2,38,2,4.0094,5.6214,5.6386,90.0,90.0,90.0,True,ABX3,Ortorombik
9015715_10,17002,Ba2 Ti2 O6,Ba O Ti ,Amm2,38,2,4.0094,5.6214,5.6386,90.0,90.0,90.0,True,ABX3,Ortorombik
9015715_11,17002,Ba2 Ti2 O6,Ba O Ti ,Amm2,38,2,4.0094,5.6214,5.6386,90.0,90.0,90.0,True,ABX3,Ortorombik
9015715_12,17002,Ba2 Ti2 O6,Ba O Ti ,Amm2,38,2,4.0094,5.6214,5.6386,90.0,90.0,90.0,True,ABX3,Ortorombik
9015715_13,17002,Ba2 Ti2 O6,Ba O Ti ,Amm2,38,2,4.0094,5.6214,5.6386,90.0,90.0,90.0,True,ABX3,Ortorombik
9015715_14,17002,Ba2 Ti2 O6,Ba O Ti ,Amm2,38,2,4.0094,5.6214,5.6386,90.0,90.0,90.0,True,ABX3,Ortorombik
9015715_15,17002,Ba2 Ti2 O6,Ba O Ti ,Amm2,38,2,4.0094,5.6214,5.6386,90.0,90.0,90.0,True,ABX3,Ortorombik
9015715_16,17002,Ba2 Ti2 O6,Ba O Ti ,Amm2,38,2,4.0094,5.6214,5.6386,90.0,90.0,90.0,True,ABX3,Ortorombik
9015715_17,17002,Ba2 Ti2 O6,Ba O Ti ,Amm2,38,2,4.0094,5.6214,5.6386,90.0,90.0,90.0,True,ABX3,Ortorombik
9015715_18,17002,Ba2 Ti2 O6,Ba O Ti ,Amm2,38,2,4.0094,5.6214,5.6386,90.0,90.0,90.0,True,ABX3,Ortorombik
9015715_19,17002,Ba2 Ti2 O6,Ba O Ti ,Amm2,38,2,4.0094,5.6214,5.6386,90.0,90.0,90.0,True,ABX3,Ortorombik
9015715_20,17002,Ba2 Ti2 O6,Ba O Ti ,Amm2,38,2,4.0094,5.6214,5.6386,90.0,90.0,90.0,True,ABX3,Ortorombik
9015715_21,17002,Ba2 Ti2 O6,Ba O Ti ,Amm2,38,2,4.0094,5.6214,5.6386,90.0,90.0,90.0,True,ABX3,Ortorombik
9015715_22,17002,Ba2 Ti2 O6,Ba O Ti ,Amm2,38,2,4.0094,5.6214,5.6386,90.0,90.0,90.0,True,ABX3,Ortorombik
9015715_23,17002,Ba2 Ti2 O6,Ba O Ti ,Amm2,38,2,4.0094,5.6214,5.6386,90.0,90.0,90.0,True,ABX3,Ortorombik
9015715_24,17002,Ba2 Ti2 O6,Ba O Ti ,Amm2,38,2,4.0094,5.6214,5.6386,90.0,90.0,90.0,True,ABX3,Ortorombik
4105648_1,17100,Ca4 Tc4 O12,Ca O Tc ,Pnma,62,2,5.5373,7.7118,5.4004,90.0,90.0,90.0,True,ABX3,Ortorombik
4105648_2,17100,Ca4 Tc4 O12,Ca O Tc ,Pnma,62,2,5.5373,7.7118,5.4004,90.0,90.0,90.0,True,ABX3,Ortorombik
4105648_3,17100,Ca4 Tc4 O12,Ca O Tc ,Pnma,62,2,5.5373,7.7118,5.4004,90.0,90.0,90.0,True,ABX3,Ortorombik
4105648_4,17100,Ca4 Tc4 O12,Ca O Tc ,Pnma,62,2,5.5373,7.7118,5.4004,90.0,90.0,90.0,True,ABX3,Ortorombik
4105648_5,17100,Ca4 Tc4 O12,Ca O Tc ,Pnma,62,2,5.5373,7.7118,5.4004,90.0,90.0,90.0,True,ABX3,Ortorombik
4105648_6,17100,Ca4 Tc4 O12,Ca O Tc ,Pnma,62,2,5.5373,7.7118,5.4004,90.0,90.0,90.0,True,ABX3,Ortorombik
4105648_7,17100,Ca4 Tc4 O12,Ca O Tc ,Pnma,62,2,5.5373,7.7118,5.4004,90.0,90.0,90.0,True,ABX3,Ortorombik
4105648_8,17100,Ca4 Tc4 O12,Ca O Tc ,Pnma,62,2,5.5373,7.7118,5.4004,90.0,90.0,90.0,True,ABX3,Ortorombik
4105648_9,17100,Ca4 Tc4 O12,Ca O Tc ,Pnma,62,2,5.5373,7.7118,5.4004,90.0,90.0,90.0,True,ABX3,Ortorombik
4105648_10,17100,Ca4 Tc4 O12,Ca O Tc ,Pnma,62,2,5.5373,7.7118,5.4004,90.0,90.0,90.0,True,ABX3,Ortorombik
4105648_11,17100,Ca4 Tc4 O12,Ca O Tc ,Pnma,62,2,5.5373,7.7118,5.4004,90.0,90.0,90.0,True,ABX3,Ortorombik
4105648_12,17100,Ca4 Tc4 O12,Ca O Tc ,Pnma,62,2,5.5373,7.7118,5.4004,90.0,90.0,90.0,True,ABX3,Ortorombik
4105648_13,17100,Ca4 Tc4 O12,Ca O Tc ,Pnma,62,2,5.5373,7.7118,5.4004,90.0,90.0,90.0,True,ABX3,Ortorombik
4105648_14,17100,Ca4 Tc4 O12,Ca O Tc ,Pnma,62,2,5.5373,7.7118,5.4004,90.0,90.0,90.0,True,ABX3,Ortorombik
4105648_15,17100,Ca4 Tc4 O12,Ca O Tc ,Pnma,62,2,5.5373,7.7118,5.4004,90.0,90.0,90.0,True,ABX3,Ortorombik
4105648_16,17100,Ca4 Tc4 O12,Ca O Tc ,Pnma,62,2,5.5373,7.7118,5.4004,90.0,90.0,90.0,True,ABX3,Ortorombik
4105648_17,17100,Ca4 Tc4 O12,Ca O Tc ,Pnma,62,2,5.5373,7.7118,5.4004,90.0,90.0,90.0,True,ABX3,Ortorombik
4105648_18,17100,Ca4 Tc4 O12,Ca O Tc ,Pnma,62,2,5.5373,7.7118,5.4004,90.0,90.0,90.0,True,ABX3,Ortorombik
4105648_19,17100,Ca4 Tc4 O12,Ca O Tc ,Pnma,62,2,5.5373,7.7118,5.4004,90.0,90.0,90.0,True,ABX3,Ortorombik
4105648_20,17100,Ca4 Tc4 O12,Ca O Tc ,Pnma,62,2,5.5373,7.7118,5.4004,90.0,90.0,90.0,True,ABX3,Ortorombik
4105648_21,17100,Ca4 Tc4 O12,Ca O Tc ,Pnma,62,2,5.5373,7.7118,5.4004,90.0,90.0,90.0,True,ABX3,Ortorombik
4105648_22,17100,Ca4 Tc4 O12,Ca O Tc ,Pnma,62,2,5.5373,7.7118,5.4004,90.0,90.0,90.0,True,ABX3,Ortorombik
4105648_23,17100,Ca4 Tc4 O12,Ca O Tc ,Pnma,62,2,5.5373,7.7118,5.4004,90.0,90.0,90.0,True,ABX3,Ortorombik
4105648_24,17100,Ca4 Tc4 O12,Ca O Tc ,Pnma,62,2,5.5373,7.7118,5.4004,90.0,90.0,90.0,True,ABX3,Ortorombik
8103980_1,17113,Rb4 Sn4 I12,I Rb Sn ,Pnma,62,2,10.184,4.747,17.309,90.0,90.0,90.0,True,ABX3,Ortorombik
8103980_2,17113,Rb4 Sn4 I12,I Rb Sn ,Pnma,62,2,10.184,4.747,17.309,90.0,90.0,90.0,True,ABX3,Ortorombik
8103980_3,17113,Rb4 Sn4 I12,I Rb Sn ,Pnma,62,2,10.184,4.747,17.309,90.0,90.0,90.0,True,ABX3,Ortorombik
8103980_4,17113,Rb4 Sn4 I12,I Rb Sn ,Pnma,62,2,10.184,4.747,17.309,90.0,90.0,90.0,True,ABX3,Ortorombik
8103980_5,17113,Rb4 Sn4 I12,I Rb Sn ,Pnma,62,2,10.184,4.747,17.309,90.0,90.0,90.0,True,ABX3,Ortorombik
8103980_6,17113,Rb4 Sn4 I12,I Rb Sn ,Pnma,62,2,10.184,4.747,17.309,90.0,90.0,90.0,True,ABX3,Ortorombik
8103980_7,17113,Rb4 Sn4 I12,I Rb Sn ,Pnma,62,2,10.184,4.747,17.309,90.0,90.0,90.0,True,ABX3,Ortorombik
8103980_8,17113,Rb4 Sn4 I12,I Rb Sn ,Pnma,62,2,10.184,4.747,17.309,90.0,90.0,90.0,True,ABX3,Ortorombik
8103980_9,17113,Rb4 Sn4 I12,I Rb Sn ,Pnma,62,2,10.184,4.747,17.309,90.0,90.0,90.0,True,ABX3,Ortorombik
8103980_10,17113,Rb4 Sn4 I12,I Rb Sn ,Pnma,62,2,10.184,4.747,17.309,90.0,90.0,90.0,True,ABX3,Ortorombik
8103980_11,17113,Rb4 Sn4 I12,I Rb Sn ,Pnma,62,2,10.184,4.747,17.309,90.0,90.0,90.0,True,ABX3,Ortorombik
8103980_12,17113,Rb4 Sn4 I12,I Rb Sn ,Pnma,62,2,10.184,4.747,17.309,90.0,90.0,90.0,True,ABX3,Ortorombik
8103980_13,17113,Rb4 Sn4 I12,I Rb Sn ,Pnma,62,2,10.184,4.747,17.309,90.0,90.0,90.0,True,ABX3,Ortorombik
8103980_14,17113,Rb4 Sn4 I12,I Rb Sn ,Pnma,62,2,10.184,4.747,17.309,90.0,90.0,90.0,True,ABX3,Ortorombik
8103980_15,17113,Rb4 Sn4 I12,I Rb Sn ,Pnma,62,2,10.184,4.747,17.309,90.0,90.0,90.0,True,ABX3,Ortorombik
8103980_16,17113,Rb4 Sn4 I12,I Rb Sn ,Pnma,62,2,10.184,4.747,17.309,90.0,90.0,90.0,True,ABX3,Ortorombik
8103980_17,17113,Rb4 Sn4 I12,I Rb Sn ,Pnma,62,2,10.184,4.747,17.309,90.0,90.0,90.0,True,ABX3,Ortorombik
8103980_18,17113,Rb4 Sn4 I12,I Rb Sn ,Pnma,62,2,10.184,4.747,17.309,90.0,90.0,90.0,True,ABX3,Ortorombik
8103980_19,17113,Rb4 Sn4 I12,I Rb Sn ,Pnma,62,2,10.184,4.747,17.309,90.0,90.0,90.0,True,ABX3,Ortorombik
8103980_20,17113,Rb4 Sn4 I12,I Rb Sn ,Pnma,62,2,10.184,4.747,17.309,90.0,90.0,90.0,True,ABX3,Ortorombik
8103980_21,17113,Rb4 Sn4 I12,I Rb Sn ,Pnma,62,2,10.184,4.747,17.309,90.0,90.0,90.0,True,ABX3,Ortorombik
8103980_22,17113,Rb4 Sn4 I12,I Rb Sn ,Pnma,62,2,10.184,4.747,17.309,90.0,90.0,90.0,True,ABX3,Ortorombik
8103980_23,17113,Rb4 Sn4 I12,I Rb Sn ,Pnma,62,2,10.184,4.747,17.309,90.0,90.0,90.0,True,ABX3,Ortorombik
8103980_24,17113,Rb4 Sn4 I12,I Rb Sn ,Pnma,62,2,10.184,4.747,17.309,90.0,90.0,90.0,True,ABX3,Ortorombik
1011292_1,17150,K12 Sb12 O36,K O Sb ,Pn-3,201,0,9.6,9.6,9.6,90.0,90.0,90.0,True,ABX3,Kubik
1011292_2,17150,K12 Sb12 O36,K O Sb ,Pn-3,201,0,9.6,9.6,9.6,90.0,90.0,90.0,True,ABX3,Kubik
1011292_3,17150,K12 Sb12 O36,K O Sb ,Pn-3,201,0,9.6,9.6,9.6,90.0,90.0,90.0,True,ABX3,Kubik
1011292_4,17150,K12 Sb12 O36,K O Sb ,Pn-3,201,0,9.6,9.6,9.6,90.0,90.0,90.0,True,ABX3,Kubik
1011292_5,17150,K12 Sb12 O36,K O Sb ,Pn-3,201,0,9.6,9.6,9.6,90.0,90.0,90.0,True,ABX3,Kubik
1011292_6,17150,K12 Sb12 O36,K O Sb ,Pn-3,201,0,9.6,9.6,9.6,90.0,90.0,90.0,True,ABX3,Kubik
1011292_7,17150,K12 Sb12 O36,K O Sb ,Pn-3,201,0,9.6,9.6,9.6,90.0,90.0,90.0,True,ABX3,Kubik
1011292_8,17150,K12 Sb12 O36,K O Sb ,Pn-3,201,0,9.6,9.6,9.6,90.0,90.0,90.0,True,ABX3,Kubik
1011292_9,17150,K12 Sb12 O36,K O Sb ,Pn-3,201,0,9.6,9.6,9.6,90.0,90.0,90.0,True,ABX3,Kubik
1011292_10,17150,K12 Sb12 O36,K O Sb ,Pn-3,201,0,9.6,9.6,9.6,90.0,90.0,90.0,True,ABX3,Kubik
1011292_11,17150,K12 Sb12 O36,K O Sb ,Pn-3,201,0,9.6,9.6,9.6,90.0,90.0,90.0,True,ABX3,Kubik
1011292_12,17150,K12 Sb12 O36,K O Sb ,Pn-3,201,0,9.6,9.6,9.6,90.0,90.0,90.0,True,ABX3,Kubik
1011292_13,17150,K12 Sb12 O36,K O Sb ,Pn-3,201,0,9.6,9.6,9.6,90.0,90.0,90.0,True,ABX3,Kubik
1011292_14,17150,K12 Sb12 O36,K O Sb ,Pn-3,201,0,9.6,9.6,9.6,90.0,90.0,90.0,True,ABX3,Kubik
1011292_15,17150,K12 Sb12 O36,K O Sb ,Pn-3,201,0,9.6,9.6,9.6,90.0,90.0,90.0,True,ABX3,Kubik
1011292_16,17150,K12 Sb12 O36,K O Sb ,Pn-3,201,0,9.6,9.6,9.6,90.0,90.0,90.0,True,ABX3,Kubik
1011292_17,17150,K12 Sb12 O36,K O Sb ,Pn-3,201,0,9.6,9.6,9.6,90.0,90.0,90.0,True,ABX3,Kubik
1011292_18,17150,K12 Sb12 O36,K O Sb ,Pn-3,201,0,9.6,9.6,9.6,90.0,90.0,90.0,True,ABX3,Kubik
1011292_19,17150,K12 Sb12 O36,K O Sb ,Pn-3,201,0,9.6,9.6,9.6,90.0,90.0,90.0,True,ABX3,Kubik
1011292_20,17150,K12 Sb12 O36,K O Sb ,Pn-3,201,0,9.6,9.6,9.6,90.0,90.0,90.0,True,ABX3,Kubik
1011292_21,17150,K12 Sb12 O36,K O Sb ,Pn-3,201,0,9.6,9.6,9.6,90.0,90.0,90.0,True,ABX3,Kubik
1011292_22,17150,K12 Sb12 O36,K O Sb ,Pn-3,201,0,9.6,9.6,9.6,90.0,90.0,90.0,True,ABX3,Kubik
1011292_23,17150,K12 Sb12 O36,K O Sb ,Pn-3,201,0,9.6,9.6,9.6,90.0,90.0,90.0,True,ABX3,Kubik
1011292_24,17150,K12 Sb12 O36,K O Sb ,Pn-3,201,0,9.6,9.6,9.6,90.0,90.0,90.0,True,ABX3,Kubik
1511083_1,17183,Cs4 B4 Se12,B Cs Se ,P2_1/c,14,5,7.569999999999999,12.791,6.171,90.0,107.09,90.0,True,ABX3,Monoklinik
1511083_2,17183,Cs4 B4 Se12,B Cs Se ,P2_1/c,14,5,7.569999999999999,12.791,6.171,90.0,107.09,90.0,True,ABX3,Monoklinik
1511083_3,17183,Cs4 B4 Se12,B Cs Se ,P2_1/c,14,5,7.569999999999999,12.791,6.171,90.0,107.09,90.0,True,ABX3,Monoklinik
1511083_4,17183,Cs4 B4 Se12,B Cs Se ,P2_1/c,14,5,7.569999999999999,12.791,6.171,90.0,107.09,90.0,True,ABX3,Monoklinik
1511083_5,17183,Cs4 B4 Se12,B Cs Se ,P2_1/c,14,5,7.569999999999999,12.791,6.171,90.0,107.09,90.0,True,ABX3,Monoklinik
1511083_6,17183,Cs4 B4 Se12,B Cs Se ,P2_1/c,14,5,7.569999999999999,12.791,6.171,90.0,107.09,90.0,True,ABX3,Monoklinik
1511083_7,17183,Cs4 B4 Se12,B Cs Se ,P2_1/c,14,5,7.569999999999999,12.791,6.171,90.0,107.09,90.0,True,ABX3,Monoklinik
1511083_8,17183,Cs4 B4 Se12,B Cs Se ,P2_1/c,14,5,7.569999999999999,12.791,6.171,90.0,107.09,90.0,True,ABX3,Monoklinik
1511083_9,17183,Cs4 B4 Se12,B Cs Se ,P2_1/c,14,5,7.569999999999999,12.791,6.171,90.0,107.09,90.0,True,ABX3,Monoklinik
1511083_10,17183,Cs4 B4 Se12,B Cs Se ,P2_1/c,14,5,7.569999999999999,12.791,6.171,90.0,107.09,90.0,True,ABX3,Monoklinik
1511083_11,17183,Cs4 B4 Se12,B Cs Se ,P2_1/c,14,5,7.569999999999999,12.791,6.171,90.0,107.09,90.0,True,ABX3,Monoklinik
1511083_12,17183,Cs4 B4 Se12,B Cs Se ,P2_1/c,14,5,7.569999999999999,12.791,6.171,90.0,107.09,90.0,True,ABX3,Monoklinik
1511083_13,17183,Cs4 B4 Se12,B Cs Se ,P2_1/c,14,5,7.569999999999999,12.791,6.171,90.0,107.09,90.0,True,ABX3,Monoklinik
1511083_14,17183,Cs4 B4 Se12,B Cs Se ,P2_1/c,14,5,7.569999999999999,12.791,6.171,90.0,107.09,90.0,True,ABX3,Monoklinik
1511083_15,17183,Cs4 B4 Se12,B Cs Se ,P2_1/c,14,5,7.569999999999999,12.791,6.171,90.0,107.09,90.0,True,ABX3,Monoklinik
1511083_16,17183,Cs4 B4 Se12,B Cs Se ,P2_1/c,14,5,7.569999999999999,12.791,6.171,90.0,107.09,90.0,True,ABX3,Monoklinik
1511083_17,17183,Cs4 B4 Se12,B Cs Se ,P2_1/c,14,5,7.569999999999999,12.791,6.171,90.0,107.09,90.0,True,ABX3,Monoklinik
1511083_18,17183,Cs4 B4 Se12,B Cs Se ,P2_1/c,14,5,7.569999999999999,12.791,6.171,90.0,107.09,90.0,True,ABX3,Monoklinik
1511083_19,17183,Cs4 B4 Se12,B Cs Se ,P2_1/c,14,5,7.569999999999999,12.791,6.171,90.0,107.09,90.0,True,ABX3,Monoklinik
1511083_20,17183,Cs4 B4 Se12,B Cs Se ,P2_1/c,14,5,7.569999999999999,12.791,6.171,90.0,107.09,90.0,True,ABX3,Monoklinik
1511083_21,17183,Cs4 B4 Se12,B Cs Se ,P2_1/c,14,5,7.569999999999999,12.791,6.171,90.0,107.09,90.0,True,ABX3,Monoklinik
1511083_22,17183,Cs4 B4 Se12,B Cs Se ,P2_1/c,14,5,7.569999999999999,12.791,6.171,90.0,107.09,90.0,True,ABX3,Monoklinik
1511083_23,17183,Cs4 B4 Se12,B Cs Se ,P2_1/c,14,5,7.569999999999999,12.791,6.171,90.0,107.09,90.0,True,ABX3,Monoklinik
1511083_24,17183,Cs4 B4 Se12,B Cs Se ,P2_1/c,14,5,7.569999999999999,12.791,6.171,90.0,107.09,90.0,True,ABX3,Monoklinik
7707082_1,17200,La8 Si8 P24,La P Si ,Aea2,41,2,5.965,25.2125,5.8168,90.0,90.0,90.0,True,ABX3,Ortorombik
7707082_2,17200,La8 Si8 P24,La P Si ,Aea2,41,2,5.965,25.2125,5.8168,90.0,90.0,90.0,True,ABX3,Ortorombik
7707082_3,17200,La8 Si8 P24,La P Si ,Aea2,41,2,5.965,25.2125,5.8168,90.0,90.0,90.0,True,ABX3,Ortorombik
7707082_4,17200,La8 Si8 P24,La P Si ,Aea2,41,2,5.965,25.2125,5.8168,90.0,90.0,90.0,True,ABX3,Ortorombik
7707082_5,17200,La8 Si8 P24,La P Si ,Aea2,41,2,5.965,25.2125,5.8168,90.0,90.0,90.0,True,ABX3,Ortorombik
7707082_6,17200,La8 Si8 P24,La P Si ,Aea2,41,2,5.965,25.2125,5.8168,90.0,90.0,90.0,True,ABX3,Ortorombik
7707082_7,17200,La8 Si8 P24,La P Si ,Aea2,41,2,5.965,25.2125,5.8168,90.0,90.0,90.0,True,ABX3,Ortorombik
7707082_8,17200,La8 Si8 P24,La P Si ,Aea2,41,2,5.965,25.2125,5.8168,90.0,90.0,90.0,True,ABX3,Ortorombik
7707082_9,17200,La8 Si8 P24,La P Si ,Aea2,41,2,5.965,25.2125,5.8168,90.0,90.0,90.0,True,ABX3,Ortorombik
7707082_10,17200,La8 Si8 P24,La P Si ,Aea2,41,2,5.965,25.2125,5.8168,90.0,90.0,90.0,True,ABX3,Ortorombik
7707082_11,17200,La8 Si8 P24,La P Si ,Aea2,41,2,5.965,25.2125,5.8168,90.0,90.0,90.0,True,ABX3,Ortorombik
7707082_12,17200,La8 Si8 P24,La P Si ,Aea2,41,2,5.965,25.2125,5.8168,90.0,90.0,90.0,True,ABX3,Ortorombik
7707082_13,17200,La8 Si8 P24,La P Si ,Aea2,41,2,5.965,25.2125,5.8168,90.0,90.0,90.0,True,ABX3,Ortorombik
7707082_14,17200,La8 Si8 P24,La P Si ,Aea2,41,2,5.965,25.2125,5.8168,90.0,90.0,90.0,True,ABX3,Ortorombik
7707082_15,17200,La8 Si8 P24,La P Si ,Aea2,41,2,5.965,25.2125,5.8168,90.0,90.0,90.0,True,ABX3,Ortorombik
7707082_16,17200,La8 Si8 P24,La P Si ,Aea2,41,2,5.965,25.2125,5.8168,90.0,90.0,90.0,True,ABX3,Ortorombik
7707082_17,17200,La8 Si8 P24,La P Si ,Aea2,41,2,5.965,25.2125,5.8168,90.0,90.0,90.0,True,ABX3,Ortorombik
7707082_18,17200,La8 Si8 P24,La P Si ,Aea2,41,2,5.965,25.2125,5.8168,90.0,90.0,90.0,True,ABX3,Ortorombik
7707082_19,17200,La8 Si8 P24,La P Si ,Aea2,41,2,5.965,25.2125,5.8168,90.0,90.0,90.0,True,ABX3,Ortorombik
7707082_20,17200,La8 Si8 P24,La P Si ,Aea2,41,2,5.965,25.2125,5.8168,90.0,90.0,90.0,True,ABX3,Ortorombik
7707082_21,17200,La8 Si8 P24,La P Si ,Aea2,41,2,5.965,25.2125,5.8168,90.0,90.0,90.0,True,ABX3,Ortorombik
7707082_22,17200,La8 Si8 P24,La P Si ,Aea2,41,2,5.965,25.2125,5.8168,90.0,90.0,90.0,True,ABX3,Ortorombik
7707082_23,17200,La8 Si8 P24,La P Si ,Aea2,41,2,5.965,25.2125,5.8168,90.0,90.0,90.0,True,ABX3,Ortorombik
7707082_24,17200,La8 Si8 P24,La P Si ,Aea2,41,2,5.965,25.2125,5.8168,90.0,90.0,90.0,True,ABX3,Ortorombik
9016544_1,17234,K12 Bi12 O36,Bi K O ,Pn-3,201,0,10.035,10.035,10.035,90.0,90.0,90.0,True,ABX3,Kubik
9016544_2,17234,K12 Bi12 O36,Bi K O ,Pn-3,201,0,10.035,10.035,10.035,90.0,90.0,90.0,True,ABX3,Kubik
9016544_3,17234,K12 Bi12 O36,Bi K O ,Pn-3,201,0,10.035,10.035,10.035,90.0,90.0,90.0,True,ABX3,Kubik
9016544_4,17234,K12 Bi12 O36,Bi K O ,Pn-3,201,0,10.035,10.035,10.035,90.0,90.0,90.0,True,ABX3,Kubik
9016544_5,17234,K12 Bi12 O36,Bi K O ,Pn-3,201,0,10.035,10.035,10.035,90.0,90.0,90.0,True,ABX3,Kubik
9016544_6,17234,K12 Bi12 O36,Bi K O ,Pn-3,201,0,10.035,10.035,10.035,90.0,90.0,90.0,True,ABX3,Kubik
9016544_7,17234,K12 Bi12 O36,Bi K O ,Pn-3,201,0,10.035,10.035,10.035,90.0,90.0,90.0,True,ABX3,Kubik
9016544_8,17234,K12 Bi12 O36,Bi K O ,Pn-3,201,0,10.035,10.035,10.035,90.0,90.0,90.0,True,ABX3,Kubik
9016544_9,17234,K12 Bi12 O36,Bi K O ,Pn-3,201,0,10.035,10.035,10.035,90.0,90.0,90.0,True,ABX3,Kubik
9016544_10,17234,K12 Bi12 O36,Bi K O ,Pn-3,201,0,10.035,10.035,10.035,90.0,90.0,90.0,True,ABX3,Kubik
9016544_11,17234,K12 Bi12 O36,Bi K O ,Pn-3,201,0,10.035,10.035,10.035,90.0,90.0,90.0,True,ABX3,Kubik
9016544_12,17234,K12 Bi12 O36,Bi K O ,Pn-3,201,0,10.035,10.035,10.035,90.0,90.0,90.0,True,ABX3,Kubik
9016544_13,17234,K12 Bi12 O36,Bi K O ,Pn-3,201,0,10.035,10.035,10.035,90.0,90.0,90.0,True,ABX3,Kubik
9016544_14,17234,K12 Bi12 O36,Bi K O ,Pn-3,201,0,10.035,10.035,10.035,90.0,90.0,90.0,True,ABX3,Kubik
9016544_15,17234,K12 Bi12 O36,Bi K O ,Pn-3,201,0,10.035,10.035,10.035,90.0,90.0,90.0,True,ABX3,Kubik
9016544_16,17234,K12 Bi12 O36,Bi K O ,Pn-3,201,0,10.035,10.035,10.035,90.0,90.0,90.0,True,ABX3,Kubik
9016544_17,17234,K12 Bi12 O36,Bi K O ,Pn-3,201,0,10.035,10.035,10.035,90.0,90.0,90.0,True,ABX3,Kubik
9016544_18,17234,K12 Bi12 O36,Bi K O ,Pn-3,201,0,10.035,10.035,10.035,90.0,90.0,90.0,True,ABX3,Kubik
9016544_19,17234,K12 Bi12 O36,Bi K O ,Pn-3,201,0,10.035,10.035,10.035,90.0,90.0,90.0,True,ABX3,Kubik
9016544_20,17234,K12 Bi12 O36,Bi K O ,Pn-3,201,0,10.035,10.035,10.035,90.0,90.0,90.0,True,ABX3,Kubik
9016544_21,17234,K12 Bi12 O36,Bi K O ,Pn-3,201,0,10.035,10.035,10.035,90.0,90.0,90.0,True,ABX3,Kubik
9016544_22,17234,K12 Bi12 O36,Bi K O ,Pn-3,201,0,10.035,10.035,10.035,90.0,90.0,90.0,True,ABX3,Kubik
9016544_23,17234,K12 Bi12 O36,Bi K O ,Pn-3,201,0,10.035,10.035,10.035,90.0,90.0,90.0,True,ABX3,Kubik
9016544_24,17234,K12 Bi12 O36,Bi K O ,Pn-3,201,0,10.035,10.035,10.035,90.0,90.0,90.0,True,ABX3,Kubik
1008815_1,17382,Sr4 Bi4 O12,Bi O Sr ,P2_1/c,14,5,5.948,6.0951,8.4854,90.0,90.06299999999999,90.0,True,ABX3,Monoklinik
1008815_2,17382,Sr4 Bi4 O12,Bi O Sr ,P2_1/c,14,5,5.948,6.0951,8.4854,90.0,90.06299999999999,90.0,True,ABX3,Monoklinik
1008815_3,17382,Sr4 Bi4 O12,Bi O Sr ,P2_1/c,14,5,5.948,6.0951,8.4854,90.0,90.06299999999999,90.0,True,ABX3,Monoklinik
1008815_4,17382,Sr4 Bi4 O12,Bi O Sr ,P2_1/c,14,5,5.948,6.0951,8.4854,90.0,90.06299999999999,90.0,True,ABX3,Monoklinik
1008815_5,17382,Sr4 Bi4 O12,Bi O Sr ,P2_1/c,14,5,5.948,6.0951,8.4854,90.0,90.06299999999999,90.0,True,ABX3,Monoklinik
1008815_6,17382,Sr4 Bi4 O12,Bi O Sr ,P2_1/c,14,5,5.948,6.0951,8.4854,90.0,90.06299999999999,90.0,True,ABX3,Monoklinik
1008815_7,17382,Sr4 Bi4 O12,Bi O Sr ,P2_1/c,14,5,5.948,6.0951,8.4854,90.0,90.06299999999999,90.0,True,ABX3,Monoklinik
1008815_8,17382,Sr4 Bi4 O12,Bi O Sr ,P2_1/c,14,5,5.948,6.0951,8.4854,90.0,90.06299999999999,90.0,True,ABX3,Monoklinik
1008815_9,17382,Sr4 Bi4 O12,Bi O Sr ,P2_1/c,14,5,5.948,6.0951,8.4854,90.0,90.06299999999999,90.0,True,ABX3,Monoklinik
1008815_10,17382,Sr4 Bi4 O12,Bi O Sr ,P2_1/c,14,5,5.948,6.0951,8.4854,90.0,90.06299999999999,90.0,True,ABX3,Monoklinik
1008815_11,17382,Sr4 Bi4 O12,Bi O Sr ,P2_1/c,14,5,5.948,6.0951,8.4854,90.0,90.06299999999999,90.0,True,ABX3,Monoklinik
1008815_12,17382,Sr4 Bi4 O12,Bi O Sr ,P2_1/c,14,5,5.948,6.0951,8.4854,90.0,90.06299999999999,90.0,True,ABX3,Monoklinik
1008815_13,17382,Sr4 Bi4 O12,Bi O Sr ,P2_1/c,14,5,5.948,6.0951,8.4854,90.0,90.06299999999999,90.0,True,ABX3,Monoklinik
1008815_14,17382,Sr4 Bi4 O12,Bi O Sr ,P2_1/c,14,5,5.948,6.0951,8.4854,90.0,90.06299999999999,90.0,True,ABX3,Monoklinik
1008815_15,17382,Sr4 Bi4 O12,Bi O Sr ,P2_1/c,14,5,5.948,6.0951,8.4854,90.0,90.06299999999999,90.0,True,ABX3,Monoklinik
1008815_16,17382,Sr4 Bi4 O12,Bi O Sr ,P2_1/c,14,5,5.948,6.0951,8.4854,90.0,90.06299999999999,90.0,True,ABX3,Monoklinik
1008815_17,17382,Sr4 Bi4 O12,Bi O Sr ,P2_1/c,14,5,5.948,6.0951,8.4854,90.0,90.06299999999999,90.0,True,ABX3,Monoklinik
1008815_18,17382,Sr4 Bi4 O12,Bi O Sr ,P2_1/c,14,5,5.948,6.0951,8.4854,90.0,90.06299999999999,90.0,True,ABX3,Monoklinik
1008815_19,17382,Sr4 Bi4 O12,Bi O Sr ,P2_1/c,14,5,5.948,6.0951,8.4854,90.0,90.06299999999999,90.0,True,ABX3,Monoklinik
1008815_20,17382,Sr4 Bi4 O12,Bi O Sr ,P2_1/c,14,5,5.948,6.0951,8.4854,90.0,90.06299999999999,90.0,True,ABX3,Monoklinik
1008815_21,17382,Sr4 Bi4 O12,Bi O Sr ,P2_1/c,14,5,5.948,6.0951,8.4854,90.0,90.06299999999999,90.0,True,ABX3,Monoklinik
1008815_22,17382,Sr4 Bi4 O12,Bi O Sr ,P2_1/c,14,5,5.948,6.0951,8.4854,90.0,90.06299999999999,90.0,True,ABX3,Monoklinik
1008815_23,17382,Sr4 Bi4 O12,Bi O Sr ,P2_1/c,14,5,5.948,6.0951,8.4854,90.0,90.06299999999999,90.0,True,ABX3,Monoklinik
1008815_24,17382,Sr4 Bi4 O12,Bi O Sr ,P2_1/c,14,5,5.948,6.0951,8.4854,90.0,90.06299999999999,90.0,True,ABX3,Monoklinik
1527259_1,17402,Rb8 Cu8 Cl24,Cl Cu Rb ,C2,5,5,11.932,6.844,12.244,90.0,91.93,90.0,True,ABX3,Monoklinik
1527259_2,17402,Rb8 Cu8 Cl24,Cl Cu Rb ,C2,5,5,11.932,6.844,12.244,90.0,91.93,90.0,True,ABX3,Monoklinik
1527259_3,17402,Rb8 Cu8 Cl24,Cl Cu Rb ,C2,5,5,11.932,6.844,12.244,90.0,91.93,90.0,True,ABX3,Monoklinik
1527259_4,17402,Rb8 Cu8 Cl24,Cl Cu Rb ,C2,5,5,11.932,6.844,12.244,90.0,91.93,90.0,True,ABX3,Monoklinik
1527259_5,17402,Rb8 Cu8 Cl24,Cl Cu Rb ,C2,5,5,11.932,6.844,12.244,90.0,91.93,90.0,True,ABX3,Monoklinik
1527259_6,17402,Rb8 Cu8 Cl24,Cl Cu Rb ,C2,5,5,11.932,6.844,12.244,90.0,91.93,90.0,True,ABX3,Monoklinik
1527259_7,17402,Rb8 Cu8 Cl24,Cl Cu Rb ,C2,5,5,11.932,6.844,12.244,90.0,91.93,90.0,True,ABX3,Monoklinik
1527259_8,17402,Rb8 Cu8 Cl24,Cl Cu Rb ,C2,5,5,11.932,6.844,12.244,90.0,91.93,90.0,True,ABX3,Monoklinik
1527259_9,17402,Rb8 Cu8 Cl24,Cl Cu Rb ,C2,5,5,11.932,6.844,12.244,90.0,91.93,90.0,True,ABX3,Monoklinik
1527259_10,17402,Rb8 Cu8 Cl24,Cl Cu Rb ,C2,5,5,11.932,6.844,12.244,90.0,91.93,90.0,True,ABX3,Monoklinik
1527259_11,17402,Rb8 Cu8 Cl24,Cl Cu Rb ,C2,5,5,11.932,6.844,12.244,90.0,91.93,90.0,True,ABX3,Monoklinik
1527259_12,17402,Rb8 Cu8 Cl24,Cl Cu Rb ,C2,5,5,11.932,6.844,12.244,90.0,91.93,90.0,True,ABX3,Monoklinik
1527259_13,17402,Rb8 Cu8 Cl24,Cl Cu Rb ,C2,5,5,11.932,6.844,12.244,90.0,91.93,90.0,True,ABX3,Monoklinik
1527259_14,17402,Rb8 Cu8 Cl24,Cl Cu Rb ,C2,5,5,11.932,6.844,12.244,90.0,91.93,90.0,True,ABX3,Monoklinik
1527259_15,17402,Rb8 Cu8 Cl24,Cl Cu Rb ,C2,5,5,11.932,6.844,12.244,90.0,91.93,90.0,True,ABX3,Monoklinik
1527259_16,17402,Rb8 Cu8 Cl24,Cl Cu Rb ,C2,5,5,11.932,6.844,12.244,90.0,91.93,90.0,True,ABX3,Monoklinik
1527259_17,17402,Rb8 Cu8 Cl24,Cl Cu Rb ,C2,5,5,11.932,6.844,12.244,90.0,91.93,90.0,True,ABX3,Monoklinik
1527259_18,17402,Rb8 Cu8 Cl24,Cl Cu Rb ,C2,5,5,11.932,6.844,12.244,90.0,91.93,90.0,True,ABX3,Monoklinik
1527259_19,17402,Rb8 Cu8 Cl24,Cl Cu Rb ,C2,5,5,11.932,6.844,12.244,90.0,91.93,90.0,True,ABX3,Monoklinik
1527259_20,17402,Rb8 Cu8 Cl24,Cl Cu Rb ,C2,5,5,11.932,6.844,12.244,90.0,91.93,90.0,True,ABX3,Monoklinik
1527259_21,17402,Rb8 Cu8 Cl24,Cl Cu Rb ,C2,5,5,11.932,6.844,12.244,90.0,91.93,90.0,True,ABX3,Monoklinik
1527259_22,17402,Rb8 Cu8 Cl24,Cl Cu Rb ,C2,5,5,11.932,6.844,12.244,90.0,91.93,90.0,True,ABX3,Monoklinik
1527259_23,17402,Rb8 Cu8 Cl24,Cl Cu Rb ,C2,5,5,11.932,6.844,12.244,90.0,91.93,90.0,True,ABX3,Monoklinik
1527259_24,17402,Rb8 Cu8 Cl24,Cl Cu Rb ,C2,5,5,11.932,6.844,12.244,90.0,91.93,90.0,True,ABX3,Monoklinik
1509323_1,17506,Rb4 Ag4 F12,Ag F Rb ,I4/mcm,140,1,6.335,6.335,8.44,90.0,90.0,90.0,True,ABX3,Tetragonal
1509323_2,17506,Rb4 Ag4 F12,Ag F Rb ,I4/mcm,140,1,6.335,6.335,8.44,90.0,90.0,90.0,True,ABX3,Tetragonal
1509323_3,17506,Rb4 Ag4 F12,Ag F Rb ,I4/mcm,140,1,6.335,6.335,8.44,90.0,90.0,90.0,True,ABX3,Tetragonal
1509323_4,17506,Rb4 Ag4 F12,Ag F Rb ,I4/mcm,140,1,6.335,6.335,8.44,90.0,90.0,90.0,True,ABX3,Tetragonal
1509323_5,17506,Rb4 Ag4 F12,Ag F Rb ,I4/mcm,140,1,6.335,6.335,8.44,90.0,90.0,90.0,True,ABX3,Tetragonal
1509323_6,17506,Rb4 Ag4 F12,Ag F Rb ,I4/mcm,140,1,6.335,6.335,8.44,90.0,90.0,90.0,True,ABX3,Tetragonal
1509323_7,17506,Rb4 Ag4 F12,Ag F Rb ,I4/mcm,140,1,6.335,6.335,8.44,90.0,90.0,90.0,True,ABX3,Tetragonal
1509323_8,17506,Rb4 Ag4 F12,Ag F Rb ,I4/mcm,140,1,6.335,6.335,8.44,90.0,90.0,90.0,True,ABX3,Tetragonal
1509323_9,17506,Rb4 Ag4 F12,Ag F Rb ,I4/mcm,140,1,6.335,6.335,8.44,90.0,90.0,90.0,True,ABX3,Tetragonal
1509323_10,17506,Rb4 Ag4 F12,Ag F Rb ,I4/mcm,140,1,6.335,6.335,8.44,90.0,90.0,90.0,True,ABX3,Tetragonal
1509323_11,17506,Rb4 Ag4 F12,Ag F Rb ,I4/mcm,140,1,6.335,6.335,8.44,90.0,90.0,90.0,True,ABX3,Tetragonal
1509323_12,17506,Rb4 Ag4 F12,Ag F Rb ,I4/mcm,140,1,6.335,6.335,8.44,90.0,90.0,90.0,True,ABX3,Tetragonal
1509323_13,17506,Rb4 Ag4 F12,Ag F Rb ,I4/mcm,140,1,6.335,6.335,8.44,90.0,90.0,90.0,True,ABX3,Tetragonal
1509323_14,17506,Rb4 Ag4 F12,Ag F Rb ,I4/mcm,140,1,6.335,6.335,8.44,90.0,90.0,90.0,True,ABX3,Tetragonal
1509323_15,17506,Rb4 Ag4 F12,Ag F Rb ,I4/mcm,140,1,6.335,6.335,8.44,90.0,90.0,90.0,True,ABX3,Tetragonal
1509323_16,17506,Rb4 Ag4 F12,Ag F Rb ,I4/mcm,140,1,6.335,6.335,8.44,90.0,90.0,90.0,True,ABX3,Tetragonal
1509323_17,17506,Rb4 Ag4 F12,Ag F Rb ,I4/mcm,140,1,6.335,6.335,8.44,90.0,90.0,90.0,True,ABX3,Tetragonal
1509323_18,17506,Rb4 Ag4 F12,Ag F Rb ,I4/mcm,140,1,6.335,6.335,8.44,90.0,90.0,90.0,True,ABX3,Tetragonal
1509323_19,17506,Rb4 Ag4 F12,Ag F Rb ,I4/mcm,140,1,6.335,6.335,8.44,90.0,90.0,90.0,True,ABX3,Tetragonal
1509323_20,17506,Rb4 Ag4 F12,Ag F Rb ,I4/mcm,140,1,6.335,6.335,8.44,90.0,90.0,90.0,True,ABX3,Tetragonal
1509323_21,17506,Rb4 Ag4 F12,Ag F Rb ,I4/mcm,140,1,6.335,6.335,8.44,90.0,90.0,90.0,True,ABX3,Tetragonal
1509323_22,17506,Rb4 Ag4 F12,Ag F Rb ,I4/mcm,140,1,6.335,6.335,8.44,90.0,90.0,90.0,True,ABX3,Tetragonal
1509323_23,17506,Rb4 Ag4 F12,Ag F Rb ,I4/mcm,140,1,6.335,6.335,8.44,90.0,90.0,90.0,True,ABX3,Tetragonal
1509323_24,17506,Rb4 Ag4 F12,Ag F Rb ,I4/mcm,140,1,6.335,6.335,8.44,90.0,90.0,90.0,True,ABX3,Tetragonal
1010123_1,17536,Cs1 Cd1 Cl3,Cd Cl Cs ,Pm-3m,221,0,5.2,5.2,5.2,90.0,90.0,90.0,True,ABX3,Kubik
1010123_2,17536,Cs1 Cd1 Cl3,Cd Cl Cs ,Pm-3m,221,0,5.2,5.2,5.2,90.0,90.0,90.0,True,ABX3,Kubik
1010123_3,17536,Cs1 Cd1 Cl3,Cd Cl Cs ,Pm-3m,221,0,5.2,5.2,5.2,90.0,90.0,90.0,True,ABX3,Kubik
1010123_4,17536,Cs1 Cd1 Cl3,Cd Cl Cs ,Pm-3m,221,0,5.2,5.2,5.2,90.0,90.0,90.0,True,ABX3,Kubik
1010123_5,17536,Cs1 Cd1 Cl3,Cd Cl Cs ,Pm-3m,221,0,5.2,5.2,5.2,90.0,90.0,90.0,True,ABX3,Kubik
1010123_6,17536,Cs1 Cd1 Cl3,Cd Cl Cs ,Pm-3m,221,0,5.2,5.2,5.2,90.0,90.0,90.0,True,ABX3,Kubik
1010123_7,17536,Cs1 Cd1 Cl3,Cd Cl Cs ,Pm-3m,221,0,5.2,5.2,5.2,90.0,90.0,90.0,True,ABX3,Kubik
1010123_8,17536,Cs1 Cd1 Cl3,Cd Cl Cs ,Pm-3m,221,0,5.2,5.2,5.2,90.0,90.0,90.0,True,ABX3,Kubik
1010123_9,17536,Cs1 Cd1 Cl3,Cd Cl Cs ,Pm-3m,221,0,5.2,5.2,5.2,90.0,90.0,90.0,True,ABX3,Kubik
1010123_10,17536,Cs1 Cd1 Cl3,Cd Cl Cs ,Pm-3m,221,0,5.2,5.2,5.2,90.0,90.0,90.0,True,ABX3,Kubik
1010123_11,17536,Cs1 Cd1 Cl3,Cd Cl Cs ,Pm-3m,221,0,5.2,5.2,5.2,90.0,90.0,90.0,True,ABX3,Kubik
1010123_12,17536,Cs1 Cd1 Cl3,Cd Cl Cs ,Pm-3m,221,0,5.2,5.2,5.2,90.0,90.0,90.0,True,ABX3,Kubik
1010123_13,17536,Cs1 Cd1 Cl3,Cd Cl Cs ,Pm-3m,221,0,5.2,5.2,5.2,90.0,90.0,90.0,True,ABX3,Kubik
1010123_14,17536,Cs1 Cd1 Cl3,Cd Cl Cs ,Pm-3m,221,0,5.2,5.2,5.2,90.0,90.0,90.0,True,ABX3,Kubik
1010123_15,17536,Cs1 Cd1 Cl3,Cd Cl Cs ,Pm-3m,221,0,5.2,5.2,5.2,90.0,90.0,90.0,True,ABX3,Kubik
1010123_16,17536,Cs1 Cd1 Cl3,Cd Cl Cs ,Pm-3m,221,0,5.2,5.2,5.2,90.0,90.0,90.0,True,ABX3,Kubik
1010123_17,17536,Cs1 Cd1 Cl3,Cd Cl Cs ,Pm-3m,221,0,5.2,5.2,5.2,90.0,90.0,90.0,True,ABX3,Kubik
1010123_18,17536,Cs1 Cd1 Cl3,Cd Cl Cs ,Pm-3m,221,0,5.2,5.2,5.2,90.0,90.0,90.0,True,ABX3,Kubik
1010123_19,17536,Cs1 Cd1 Cl3,Cd Cl Cs ,Pm-3m,221,0,5.2,5.2,5.2,90.0,90.0,90.0,True,ABX3,Kubik
1010123_20,17536,Cs1 Cd1 Cl3,Cd Cl Cs ,Pm-3m,221,0,5.2,5.2,5.2,90.0,90.0,90.0,True,ABX3,Kubik
1010123_21,17536,Cs1 Cd1 Cl3,Cd Cl Cs ,Pm-3m,221,0,5.2,5.2,5.2,90.0,90.0,90.0,True,ABX3,Kubik
1010123_22,17536,Cs1 Cd1 Cl3,Cd Cl Cs ,Pm-3m,221,0,5.2,5.2,5.2,90.0,90.0,90.0,True,ABX3,Kubik
1010123_23,17536,Cs1 Cd1 Cl3,Cd Cl Cs ,Pm-3m,221,0,5.2,5.2,5.2,90.0,90.0,90.0,True,ABX3,Kubik
1010123_24,17536,Cs1 Cd1 Cl3,Cd Cl Cs ,Pm-3m,221,0,5.2,5.2,5.2,90.0,90.0,90.0,True,ABX3,Kubik
2000656_1,17950,Sr4 Bi4 O12,Bi O Sr ,Cmcm,63,2,3.8268,14.3142,6.1724,90.0,90.0,90.0,True,ABX3,Ortorombik
2000656_2,17950,Sr4 Bi4 O12,Bi O Sr ,Cmcm,63,2,3.8268,14.3142,6.1724,90.0,90.0,90.0,True,ABX3,Ortorombik
2000656_3,17950,Sr4 Bi4 O12,Bi O Sr ,Cmcm,63,2,3.8268,14.3142,6.1724,90.0,90.0,90.0,True,ABX3,Ortorombik
2000656_4,17950,Sr4 Bi4 O12,Bi O Sr ,Cmcm,63,2,3.8268,14.3142,6.1724,90.0,90.0,90.0,True,ABX3,Ortorombik
2000656_5,17950,Sr4 Bi4 O12,Bi O Sr ,Cmcm,63,2,3.8268,14.3142,6.1724,90.0,90.0,90.0,True,ABX3,Ortorombik
2000656_6,17950,Sr4 Bi4 O12,Bi O Sr ,Cmcm,63,2,3.8268,14.3142,6.1724,90.0,90.0,90.0,True,ABX3,Ortorombik
2000656_7,17950,Sr4 Bi4 O12,Bi O Sr ,Cmcm,63,2,3.8268,14.3142,6.1724,90.0,90.0,90.0,True,ABX3,Ortorombik
2000656_8,17950,Sr4 Bi4 O12,Bi O Sr ,Cmcm,63,2,3.8268,14.3142,6.1724,90.0,90.0,90.0,True,ABX3,Ortorombik
2000656_9,17950,Sr4 Bi4 O12,Bi O Sr ,Cmcm,63,2,3.8268,14.3142,6.1724,90.0,90.0,90.0,True,ABX3,Ortorombik
2000656_10,17950,Sr4 Bi4 O12,Bi O Sr ,Cmcm,63,2,3.8268,14.3142,6.1724,90.0,90.0,90.0,True,ABX3,Ortorombik
2000656_11,17950,Sr4 Bi4 O12,Bi O Sr ,Cmcm,63,2,3.8268,14.3142,6.1724,90.0,90.0,90.0,True,ABX3,Ortorombik
2000656_12,17950,Sr4 Bi4 O12,Bi O Sr ,Cmcm,63,2,3.8268,14.3142,6.1724,90.0,90.0,90.0,True,ABX3,Ortorombik
2000656_13,17950,Sr4 Bi4 O12,Bi O Sr ,Cmcm,63,2,3.8268,14.3142,6.1724,90.0,90.0,90.0,True,ABX3,Ortorombik
2000656_14,17950,Sr4 Bi4 O12,Bi O Sr ,Cmcm,63,2,3.8268,14.3142,6.1724,90.0,90.0,90.0,True,ABX3,Ortorombik
2000656_15,17950,Sr4 Bi4 O12,Bi O Sr ,Cmcm,63,2,3.8268,14.3142,6.1724,90.0,90.0,90.0,True,ABX3,Ortorombik
2000656_16,17950,Sr4 Bi4 O12,Bi O Sr ,Cmcm,63,2,3.8268,14.3142,6.1724,90.0,90.0,90.0,True,ABX3,Ortorombik
2000656_17,17950,Sr4 Bi4 O12,Bi O Sr ,Cmcm,63,2,3.8268,14.3142,6.1724,90.0,90.0,90.0,True,ABX3,Ortorombik
2000656_18,17950,Sr4 Bi4 O12,Bi O Sr ,Cmcm,63,2,3.8268,14.3142,6.1724,90.0,90.0,90.0,True,ABX3,Ortorombik
2000656_19,17950,Sr4 Bi4 O12,Bi O Sr ,Cmcm,63,2,3.8268,14.3142,6.1724,90.0,90.0,90.0,True,ABX3,Ortorombik
2000656_20,17950,Sr4 Bi4 O12,Bi O Sr ,Cmcm,63,2,3.8268,14.3142,6.1724,90.0,90.0,90.0,True,ABX3,Ortorombik
2000656_21,17950,Sr4 Bi4 O12,Bi O Sr ,Cmcm,63,2,3.8268,14.3142,6.1724,90.0,90.0,90.0,True,ABX3,Ortorombik
2000656_22,17950,Sr4 Bi4 O12,Bi O Sr ,Cmcm,63,2,3.8268,14.3142,6.1724,90.0,90.0,90.0,True,ABX3,Ortorombik
2000656_23,17950,Sr4 Bi4 O12,Bi O Sr ,Cmcm,63,2,3.8268,14.3142,6.1724,90.0,90.0,90.0,True,ABX3,Ortorombik
2000656_24,17950,Sr4 Bi4 O12,Bi O Sr ,Cmcm,63,2,3.8268,14.3142,6.1724,90.0,90.0,90.0,True,ABX3,Ortorombik
4124844_1,17977,Ba1 Fe1 O3,Ba Fe O ,Pm-3m,221,0,4.02,4.02,4.02,90.0,90.0,90.0,True,ABX3,Kubik
4124844_2,17977,Ba1 Fe1 O3,Ba Fe O ,Pm-3m,221,0,4.02,4.02,4.02,90.0,90.0,90.0,True,ABX3,Kubik
4124844_3,17977,Ba1 Fe1 O3,Ba Fe O ,Pm-3m,221,0,4.02,4.02,4.02,90.0,90.0,90.0,True,ABX3,Kubik
4124844_4,17977,Ba1 Fe1 O3,Ba Fe O ,Pm-3m,221,0,4.02,4.02,4.02,90.0,90.0,90.0,True,ABX3,Kubik
4124844_5,17977,Ba1 Fe1 O3,Ba Fe O ,Pm-3m,221,0,4.02,4.02,4.02,90.0,90.0,90.0,True,ABX3,Kubik
4124844_6,17977,Ba1 Fe1 O3,Ba Fe O ,Pm-3m,221,0,4.02,4.02,4.02,90.0,90.0,90.0,True,ABX3,Kubik
4124844_7,17977,Ba1 Fe1 O3,Ba Fe O ,Pm-3m,221,0,4.02,4.02,4.02,90.0,90.0,90.0,True,ABX3,Kubik
4124844_8,17977,Ba1 Fe1 O3,Ba Fe O ,Pm-3m,221,0,4.02,4.02,4.02,90.0,90.0,90.0,True,ABX3,Kubik
4124844_9,17977,Ba1 Fe1 O3,Ba Fe O ,Pm-3m,221,0,4.02,4.02,4.02,90.0,90.0,90.0,True,ABX3,Kubik
4124844_10,17977,Ba1 Fe1 O3,Ba Fe O ,Pm-3m,221,0,4.02,4.02,4.02,90.0,90.0,90.0,True,ABX3,Kubik
4124844_11,17977,Ba1 Fe1 O3,Ba Fe O ,Pm-3m,221,0,4.02,4.02,4.02,90.0,90.0,90.0,True,ABX3,Kubik
4124844_12,17977,Ba1 Fe1 O3,Ba Fe O ,Pm-3m,221,0,4.02,4.02,4.02,90.0,90.0,90.0,True,ABX3,Kubik
4124844_13,17977,Ba1 Fe1 O3,Ba Fe O ,Pm-3m,221,0,4.02,4.02,4.02,90.0,90.0,90.0,True,ABX3,Kubik
4124844_14,17977,Ba1 Fe1 O3,Ba Fe O ,Pm-3m,221,0,4.02,4.02,4.02,90.0,90.0,90.0,True,ABX3,Kubik
4124844_15,17977,Ba1 Fe1 O3,Ba Fe O ,Pm-3m,221,0,4.02,4.02,4.02,90.0,90.0,90.0,True,ABX3,Kubik
4124844_16,17977,Ba1 Fe1 O3,Ba Fe O ,Pm-3m,221,0,4.02,4.02,4.02,90.0,90.0,90.0,True,ABX3,Kubik
4124844_17,17977,Ba1 Fe1 O3,Ba Fe O ,Pm-3m,221,0,4.02,4.02,4.02,90.0,90.0,90.0,True,ABX3,Kubik
4124844_18,17977,Ba1 Fe1 O3,Ba Fe O ,Pm-3m,221,0,4.02,4.02,4.02,90.0,90.0,90.0,True,ABX3,Kubik
4124844_19,17977,Ba1 Fe1 O3,Ba Fe O ,Pm-3m,221,0,4.02,4.02,4.02,90.0,90.0,90.0,True,ABX3,Kubik
4124844_20,17977,Ba1 Fe1 O3,Ba Fe O ,Pm-3m,221,0,4.02,4.02,4.02,90.0,90.0,90.0,True,ABX3,Kubik
4124844_21,17977,Ba1 Fe1 O3,Ba Fe O ,Pm-3m,221,0,4.02,4.02,4.02,90.0,90.0,90.0,True,ABX3,Kubik
4124844_22,17977,Ba1 Fe1 O3,Ba Fe O ,Pm-3m,221,0,4.02,4.02,4.02,90.0,90.0,90.0,True,ABX3,Kubik
4124844_23,17977,Ba1 Fe1 O3,Ba Fe O ,Pm-3m,221,0,4.02,4.02,4.02,90.0,90.0,90.0,True,ABX3,Kubik
4124844_24,17977,Ba1 Fe1 O3,Ba Fe O ,Pm-3m,221,0,4.02,4.02,4.02,90.0,90.0,90.0,True,ABX3,Kubik
1527963_1,17986,Nd4 Mn4 O12,Mn Nd O ,Pnma,62,2,5.38,5.854,7.557,90.0,90.0,90.0,True,ABX3,Ortorombik
1527963_2,17986,Nd4 Mn4 O12,Mn Nd O ,Pnma,62,2,5.38,5.854,7.557,90.0,90.0,90.0,True,ABX3,Ortorombik
1527963_3,17986,Nd4 Mn4 O12,Mn Nd O ,Pnma,62,2,5.38,5.854,7.557,90.0,90.0,90.0,True,ABX3,Ortorombik
1527963_4,17986,Nd4 Mn4 O12,Mn Nd O ,Pnma,62,2,5.38,5.854,7.557,90.0,90.0,90.0,True,ABX3,Ortorombik
1527963_5,17986,Nd4 Mn4 O12,Mn Nd O ,Pnma,62,2,5.38,5.854,7.557,90.0,90.0,90.0,True,ABX3,Ortorombik
1527963_6,17986,Nd4 Mn4 O12,Mn Nd O ,Pnma,62,2,5.38,5.854,7.557,90.0,90.0,90.0,True,ABX3,Ortorombik
1527963_7,17986,Nd4 Mn4 O12,Mn Nd O ,Pnma,62,2,5.38,5.854,7.557,90.0,90.0,90.0,True,ABX3,Ortorombik
1527963_8,17986,Nd4 Mn4 O12,Mn Nd O ,Pnma,62,2,5.38,5.854,7.557,90.0,90.0,90.0,True,ABX3,Ortorombik
1527963_9,17986,Nd4 Mn4 O12,Mn Nd O ,Pnma,62,2,5.38,5.854,7.557,90.0,90.0,90.0,True,ABX3,Ortorombik
1527963_10,17986,Nd4 Mn4 O12,Mn Nd O ,Pnma,62,2,5.38,5.854,7.557,90.0,90.0,90.0,True,ABX3,Ortorombik
1527963_11,17986,Nd4 Mn4 O12,Mn Nd O ,Pnma,62,2,5.38,5.854,7.557,90.0,90.0,90.0,True,ABX3,Ortorombik
1527963_12,17986,Nd4 Mn4 O12,Mn Nd O ,Pnma,62,2,5.38,5.854,7.557,90.0,90.0,90.0,True,ABX3,Ortorombik
1527963_13,17986,Nd4 Mn4 O12,Mn Nd O ,Pnma,62,2,5.38,5.854,7.557,90.0,90.0,90.0,True,ABX3,Ortorombik
1527963_14,17986,Nd4 Mn4 O12,Mn Nd O ,Pnma,62,2,5.38,5.854,7.557,90.0,90.0,90.0,True,ABX3,Ortorombik
1527963_15,17986,Nd4 Mn4 O12,Mn Nd O ,Pnma,62,2,5.38,5.854,7.557,90.0,90.0,90.0,True,ABX3,Ortorombik
1527963_16,17986,Nd4 Mn4 O12,Mn Nd O ,Pnma,62,2,5.38,5.854,7.557,90.0,90.0,90.0,True,ABX3,Ortorombik
1527963_17,17986,Nd4 Mn4 O12,Mn Nd O ,Pnma,62,2,5.38,5.854,7.557,90.0,90.0,90.0,True,ABX3,Ortorombik
1527963_18,17986,Nd4 Mn4 O12,Mn Nd O ,Pnma,62,2,5.38,5.854,7.557,90.0,90.0,90.0,True,ABX3,Ortorombik
1527963_19,17986,Nd4 Mn4 O12,Mn Nd O ,Pnma,62,2,5.38,5.854,7.557,90.0,90.0,90.0,True,ABX3,Ortorombik
1527963_20,17986,Nd4 Mn4 O12,Mn Nd O ,Pnma,62,2,5.38,5.854,7.557,90.0,90.0,90.0,True,ABX3,Ortorombik
1527963_21,17986,Nd4 Mn4 O12,Mn Nd O ,Pnma,62,2,5.38,5.854,7.557,90.0,90.0,90.0,True,ABX3,Ortorombik
1527963_22,17986,Nd4 Mn4 O12,Mn Nd O ,Pnma,62,2,5.38,5.854,7.557,90.0,90.0,90.0,True,ABX3,Ortorombik
1527963_23,17986,Nd4 Mn4 O12,Mn Nd O ,Pnma,62,2,5.38,5.854,7.557,90.0,90.0,90.0,True,ABX3,Ortorombik
1527963_24,17986,Nd4 Mn4 O12,Mn Nd O ,Pnma,62,2,5.38,5.854,7.557,90.0,90.0,90.0,True,ABX3,Ortorombik
2106894_1,17996,K1 Fe1 F3,F Fe K ,Pm-3m,221,0,4.1198,4.1198,4.1198,90.0,90.0,90.0,True,ABX3,Kubik
2106894_2,17996,K1 Fe1 F3,F Fe K ,Pm-3m,221,0,4.1198,4.1198,4.1198,90.0,90.0,90.0,True,ABX3,Kubik
2106894_3,17996,K1 Fe1 F3,F Fe K ,Pm-3m,221,0,4.1198,4.1198,4.1198,90.0,90.0,90.0,True,ABX3,Kubik
2106894_4,17996,K1 Fe1 F3,F Fe K ,Pm-3m,221,0,4.1198,4.1198,4.1198,90.0,90.0,90.0,True,ABX3,Kubik
2106894_5,17996,K1 Fe1 F3,F Fe K ,Pm-3m,221,0,4.1198,4.1198,4.1198,90.0,90.0,90.0,True,ABX3,Kubik
2106894_6,17996,K1 Fe1 F3,F Fe K ,Pm-3m,221,0,4.1198,4.1198,4.1198,90.0,90.0,90.0,True,ABX3,Kubik
2106894_7,17996,K1 Fe1 F3,F Fe K ,Pm-3m,221,0,4.1198,4.1198,4.1198,90.0,90.0,90.0,True,ABX3,Kubik
2106894_8,17996,K1 Fe1 F3,F Fe K ,Pm-3m,221,0,4.1198,4.1198,4.1198,90.0,90.0,90.0,True,ABX3,Kubik
2106894_9,17996,K1 Fe1 F3,F Fe K ,Pm-3m,221,0,4.1198,4.1198,4.1198,90.0,90.0,90.0,True,ABX3,Kubik
2106894_10,17996,K1 Fe1 F3,F Fe K ,Pm-3m,221,0,4.1198,4.1198,4.1198,90.0,90.0,90.0,True,ABX3,Kubik
2106894_11,17996,K1 Fe1 F3,F Fe K ,Pm-3m,221,0,4.1198,4.1198,4.1198,90.0,90.0,90.0,True,ABX3,Kubik
2106894_12,17996,K1 Fe1 F3,F Fe K ,Pm-3m,221,0,4.1198,4.1198,4.1198,90.0,90.0,90.0,True,ABX3,Kubik
2106894_13,17996,K1 Fe1 F3,F Fe K ,Pm-3m,221,0,4.1198,4.1198,4.1198,90.0,90.0,90.0,True,ABX3,Kubik
2106894_14,17996,K1 Fe1 F3,F Fe K ,Pm-3m,221,0,4.1198,4.1198,4.1198,90.0,90.0,90.0,True,ABX3,Kubik
2106894_15,17996,K1 Fe1 F3,F Fe K ,Pm-3m,221,0,4.1198,4.1198,4.1198,90.0,90.0,90.0,True,ABX3,Kubik
2106894_16,17996,K1 Fe1 F3,F Fe K ,Pm-3m,221,0,4.1198,4.1198,4.1198,90.0,90.0,90.0,True,ABX3,Kubik
2106894_17,17996,K1 Fe1 F3,F Fe K ,Pm-3m,221,0,4.1198,4.1198,4.1198,90.0,90.0,90.0,True,ABX3,Kubik
2106894_18,17996,K1 Fe1 F3,F Fe K ,Pm-3m,221,0,4.1198,4.1198,4.1198,90.0,90.0,90.0,True,ABX3,Kubik
2106894_19,17996,K1 Fe1 F3,F Fe K ,Pm-3m,221,0,4.1198,4.1198,4.1198,90.0,90.0,90.0,True,ABX3,Kubik
2106894_20,17996,K1 Fe1 F3,F Fe K ,Pm-3m,221,0,4.1198,4.1198,4.1198,90.0,90.0,90.0,True,ABX3,Kubik
2106894_21,17996,K1 Fe1 F3,F Fe K ,Pm-3m,221,0,4.1198,4.1198,4.1198,90.0,90.0,90.0,True,ABX3,Kubik
2106894_22,17996,K1 Fe1 F3,F Fe K ,Pm-3m,221,0,4.1198,4.1198,4.1198,90.0,90.0,90.0,True,ABX3,Kubik
2106894_23,17996,K1 Fe1 F3,F Fe K ,Pm-3m,221,0,4.1198,4.1198,4.1198,90.0,90.0,90.0,True,ABX3,Kubik
2106894_24,17996,K1 Fe1 F3,F Fe K ,Pm-3m,221,0,4.1198,4.1198,4.1198,90.0,90.0,90.0,True,ABX3,Kubik
1511322_1,17998,Tl4 B4 S12,B S Tl ,P2_1/c,14,5,6.874,11.739,5.775,90.0,113.08,90.0,True,ABX3,Monoklinik
1511322_2,17998,Tl4 B4 S12,B S Tl ,P2_1/c,14,5,6.874,11.739,5.775,90.0,113.08,90.0,True,ABX3,Monoklinik
1511322_3,17998,Tl4 B4 S12,B S Tl ,P2_1/c,14,5,6.874,11.739,5.775,90.0,113.08,90.0,True,ABX3,Monoklinik
1511322_4,17998,Tl4 B4 S12,B S Tl ,P2_1/c,14,5,6.874,11.739,5.775,90.0,113.08,90.0,True,ABX3,Monoklinik
1511322_5,17998,Tl4 B4 S12,B S Tl ,P2_1/c,14,5,6.874,11.739,5.775,90.0,113.08,90.0,True,ABX3,Monoklinik
1511322_6,17998,Tl4 B4 S12,B S Tl ,P2_1/c,14,5,6.874,11.739,5.775,90.0,113.08,90.0,True,ABX3,Monoklinik
1511322_7,17998,Tl4 B4 S12,B S Tl ,P2_1/c,14,5,6.874,11.739,5.775,90.0,113.08,90.0,True,ABX3,Monoklinik
1511322_8,17998,Tl4 B4 S12,B S Tl ,P2_1/c,14,5,6.874,11.739,5.775,90.0,113.08,90.0,True,ABX3,Monoklinik
1511322_9,17998,Tl4 B4 S12,B S Tl ,P2_1/c,14,5,6.874,11.739,5.775,90.0,113.08,90.0,True,ABX3,Monoklinik
1511322_10,17998,Tl4 B4 S12,B S Tl ,P2_1/c,14,5,6.874,11.739,5.775,90.0,113.08,90.0,True,ABX3,Monoklinik
1511322_11,17998,Tl4 B4 S12,B S Tl ,P2_1/c,14,5,6.874,11.739,5.775,90.0,113.08,90.0,True,ABX3,Monoklinik
1511322_12,17998,Tl4 B4 S12,B S Tl ,P2_1/c,14,5,6.874,11.739,5.775,90.0,113.08,90.0,True,ABX3,Monoklinik
1511322_13,17998,Tl4 B4 S12,B S Tl ,P2_1/c,14,5,6.874,11.739,5.775,90.0,113.08,90.0,True,ABX3,Monoklinik
1511322_14,17998,Tl4 B4 S12,B S Tl ,P2_1/c,14,5,6.874,11.739,5.775,90.0,113.08,90.0,True,ABX3,Monoklinik
1511322_15,17998,Tl4 B4 S12,B S Tl ,P2_1/c,14,5,6.874,11.739,5.775,90.0,113.08,90.0,True,ABX3,Monoklinik
1511322_16,17998,Tl4 B4 S12,B S Tl ,P2_1/c,14,5,6.874,11.739,5.775,90.0,113.08,90.0,True,ABX3,Monoklinik
1511322_17,17998,Tl4 B4 S12,B S Tl ,P2_1/c,14,5,6.874,11.739,5.775,90.0,113.08,90.0,True,ABX3,Monoklinik
1511322_18,17998,Tl4 B4 S12,B S Tl ,P2_1/c,14,5,6.874,11.739,5.775,90.0,113.08,90.0,True,ABX3,Monoklinik
1511322_19,17998,Tl4 B4 S12,B S Tl ,P2_1/c,14,5,6.874,11.739,5.775,90.0,113.08,90.0,True,ABX3,Monoklinik
1511322_20,17998,Tl4 B4 S12,B S Tl ,P2_1/c,14,5,6.874,11.739,5.775,90.0,113.08,90.0,True,ABX3,Monoklinik
1511322_21,17998,Tl4 B4 S12,B S Tl ,P2_1/c,14,5,6.874,11.739,5.775,90.0,113.08,90.0,True,ABX3,Monoklinik
1511322_22,17998,Tl4 B4 S12,B S Tl ,P2_1/c,14,5,6.874,11.739,5.775,90.0,113.08,90.0,True,ABX3,Monoklinik
1511322_23,17998,Tl4 B4 S12,B S Tl ,P2_1/c,14,5,6.874,11.739,5.775,90.0,113.08,90.0,True,ABX3,Monoklinik
1511322_24,17998,Tl4 B4 S12,B S Tl ,P2_1/c,14,5,6.874,11.739,5.775,90.0,113.08,90.0,True,ABX3,Monoklinik
1008160_1,18021,Nd4 Cr4 O12,Cr Nd O ,Pnma,62,2,5.425,5.478,7.694,90.0,90.0,90.0,True,ABX3,Ortorombik
1008160_2,18021,Nd4 Cr4 O12,Cr Nd O ,Pnma,62,2,5.425,5.478,7.694,90.0,90.0,90.0,True,ABX3,Ortorombik
1008160_3,18021,Nd4 Cr4 O12,Cr Nd O ,Pnma,62,2,5.425,5.478,7.694,90.0,90.0,90.0,True,ABX3,Ortorombik
1008160_4,18021,Nd4 Cr4 O12,Cr Nd O ,Pnma,62,2,5.425,5.478,7.694,90.0,90.0,90.0,True,ABX3,Ortorombik
1008160_5,18021,Nd4 Cr4 O12,Cr Nd O ,Pnma,62,2,5.425,5.478,7.694,90.0,90.0,90.0,True,ABX3,Ortorombik
1008160_6,18021,Nd4 Cr4 O12,Cr Nd O ,Pnma,62,2,5.425,5.478,7.694,90.0,90.0,90.0,True,ABX3,Ortorombik
1008160_7,18021,Nd4 Cr4 O12,Cr Nd O ,Pnma,62,2,5.425,5.478,7.694,90.0,90.0,90.0,True,ABX3,Ortorombik
1008160_8,18021,Nd4 Cr4 O12,Cr Nd O ,Pnma,62,2,5.425,5.478,7.694,90.0,90.0,90.0,True,ABX3,Ortorombik
1008160_9,18021,Nd4 Cr4 O12,Cr Nd O ,Pnma,62,2,5.425,5.478,7.694,90.0,90.0,90.0,True,ABX3,Ortorombik
1008160_10,18021,Nd4 Cr4 O12,Cr Nd O ,Pnma,62,2,5.425,5.478,7.694,90.0,90.0,90.0,True,ABX3,Ortorombik
1008160_11,18021,Nd4 Cr4 O12,Cr Nd O ,Pnma,62,2,5.425,5.478,7.694,90.0,90.0,90.0,True,ABX3,Ortorombik
1008160_12,18021,Nd4 Cr4 O12,Cr Nd O ,Pnma,62,2,5.425,5.478,7.694,90.0,90.0,90.0,True,ABX3,Ortorombik
1008160_13,18021,Nd4 Cr4 O12,Cr Nd O ,Pnma,62,2,5.425,5.478,7.694,90.0,90.0,90.0,True,ABX3,Ortorombik
1008160_14,18021,Nd4 Cr4 O12,Cr Nd O ,Pnma,62,2,5.425,5.478,7.694,90.0,90.0,90.0,True,ABX3,Ortorombik
1008160_15,18021,Nd4 Cr4 O12,Cr Nd O ,Pnma,62,2,5.425,5.478,7.694,90.0,90.0,90.0,True,ABX3,Ortorombik
1008160_16,18021,Nd4 Cr4 O12,Cr Nd O ,Pnma,62,2,5.425,5.478,7.694,90.0,90.0,90.0,True,ABX3,Ortorombik
1008160_17,18021,Nd4 Cr4 O12,Cr Nd O ,Pnma,62,2,5.425,5.478,7.694,90.0,90.0,90.0,True,ABX3,Ortorombik
1008160_18,18021,Nd4 Cr4 O12,Cr Nd O ,Pnma,62,2,5.425,5.478,7.694,90.0,90.0,90.0,True,ABX3,Ortorombik
1008160_19,18021,Nd4 Cr4 O12,Cr Nd O ,Pnma,62,2,5.425,5.478,7.694,90.0,90.0,90.0,True,ABX3,Ortorombik
1008160_20,18021,Nd4 Cr4 O12,Cr Nd O ,Pnma,62,2,5.425,5.478,7.694,90.0,90.0,90.0,True,ABX3,Ortorombik
1008160_21,18021,Nd4 Cr4 O12,Cr Nd O ,Pnma,62,2,5.425,5.478,7.694,90.0,90.0,90.0,True,ABX3,Ortorombik
1008160_22,18021,Nd4 Cr4 O12,Cr Nd O ,Pnma,62,2,5.425,5.478,7.694,90.0,90.0,90.0,True,ABX3,Ortorombik
1008160_23,18021,Nd4 Cr4 O12,Cr Nd O ,Pnma,62,2,5.425,5.478,7.694,90.0,90.0,90.0,True,ABX3,Ortorombik
1008160_24,18021,Nd4 Cr4 O12,Cr Nd O ,Pnma,62,2,5.425,5.478,7.694,90.0,90.0,90.0,True,ABX3,Ortorombik
4124856_1,18070,La1 V1 O3,La O V ,Pm-3m,221,0,3.91,3.91,3.91,90.0,90.0,90.0,True,ABX3,Kubik
4124856_2,18070,La1 V1 O3,La O V ,Pm-3m,221,0,3.91,3.91,3.91,90.0,90.0,90.0,True,ABX3,Kubik
4124856_3,18070,La1 V1 O3,La O V ,Pm-3m,221,0,3.91,3.91,3.91,90.0,90.0,90.0,True,ABX3,Kubik
4124856_4,18070,La1 V1 O3,La O V ,Pm-3m,221,0,3.91,3.91,3.91,90.0,90.0,90.0,True,ABX3,Kubik
4124856_5,18070,La1 V1 O3,La O V ,Pm-3m,221,0,3.91,3.91,3.91,90.0,90.0,90.0,True,ABX3,Kubik
4124856_6,18070,La1 V1 O3,La O V ,Pm-3m,221,0,3.91,3.91,3.91,90.0,90.0,90.0,True,ABX3,Kubik
4124856_7,18070,La1 V1 O3,La O V ,Pm-3m,221,0,3.91,3.91,3.91,90.0,90.0,90.0,True,ABX3,Kubik
4124856_8,18070,La1 V1 O3,La O V ,Pm-3m,221,0,3.91,3.91,3.91,90.0,90.0,90.0,True,ABX3,Kubik
4124856_9,18070,La1 V1 O3,La O V ,Pm-3m,221,0,3.91,3.91,3.91,90.0,90.0,90.0,True,ABX3,Kubik
4124856_10,18070,La1 V1 O3,La O V ,Pm-3m,221,0,3.91,3.91,3.91,90.0,90.0,90.0,True,ABX3,Kubik
4124856_11,18070,La1 V1 O3,La O V ,Pm-3m,221,0,3.91,3.91,3.91,90.0,90.0,90.0,True,ABX3,Kubik
4124856_12,18070,La1 V1 O3,La O V ,Pm-3m,221,0,3.91,3.91,3.91,90.0,90.0,90.0,True,ABX3,Kubik
4124856_13,18070,La1 V1 O3,La O V ,Pm-3m,221,0,3.91,3.91,3.91,90.0,90.0,90.0,True,ABX3,Kubik
4124856_14,18070,La1 V1 O3,La O V ,Pm-3m,221,0,3.91,3.91,3.91,90.0,90.0,90.0,True,ABX3,Kubik
4124856_15,18070,La1 V1 O3,La O V ,Pm-3m,221,0,3.91,3.91,3.91,90.0,90.0,90.0,True,ABX3,Kubik
4124856_16,18070,La1 V1 O3,La O V ,Pm-3m,221,0,3.91,3.91,3.91,90.0,90.0,90.0,True,ABX3,Kubik
4124856_17,18070,La1 V1 O3,La O V ,Pm-3m,221,0,3.91,3.91,3.91,90.0,90.0,90.0,True,ABX3,Kubik
4124856_18,18070,La1 V1 O3,La O V ,Pm-3m,221,0,3.91,3.91,3.91,90.0,90.0,90.0,True,ABX3,Kubik
4124856_19,18070,La1 V1 O3,La O V ,Pm-3m,221,0,3.91,3.91,3.91,90.0,90.0,90.0,True,ABX3,Kubik
4124856_20,18070,La1 V1 O3,La O V ,Pm-3m,221,0,3.91,3.91,3.91,90.0,90.0,90.0,True,ABX3,Kubik
4124856_21,18070,La1 V1 O3,La O V ,Pm-3m,221,0,3.91,3.91,3.91,90.0,90.0,90.0,True,ABX3,Kubik
4124856_22,18070,La1 V1 O3,La O V ,Pm-3m,221,0,3.91,3.91,3.91,90.0,90.0,90.0,True,ABX3,Kubik
4124856_23,18070,La1 V1 O3,La O V ,Pm-3m,221,0,3.91,3.91,3.91,90.0,90.0,90.0,True,ABX3,Kubik
4124856_24,18070,La1 V1 O3,La O V ,Pm-3m,221,0,3.91,3.91,3.91,90.0,90.0,90.0,True,ABX3,Kubik
1526040_1,18075,Dy4 Mn4 O12,Dy Mn O ,Pnma,62,2,5.842,7.378,5.28,90.0,90.0,90.0,True,ABX3,Ortorombik
1526040_2,18075,Dy4 Mn4 O12,Dy Mn O ,Pnma,62,2,5.842,7.378,5.28,90.0,90.0,90.0,True,ABX3,Ortorombik
1526040_3,18075,Dy4 Mn4 O12,Dy Mn O ,Pnma,62,2,5.842,7.378,5.28,90.0,90.0,90.0,True,ABX3,Ortorombik
1526040_4,18075,Dy4 Mn4 O12,Dy Mn O ,Pnma,62,2,5.842,7.378,5.28,90.0,90.0,90.0,True,ABX3,Ortorombik
1526040_5,18075,Dy4 Mn4 O12,Dy Mn O ,Pnma,62,2,5.842,7.378,5.28,90.0,90.0,90.0,True,ABX3,Ortorombik
1526040_6,18075,Dy4 Mn4 O12,Dy Mn O ,Pnma,62,2,5.842,7.378,5.28,90.0,90.0,90.0,True,ABX3,Ortorombik
1526040_7,18075,Dy4 Mn4 O12,Dy Mn O ,Pnma,62,2,5.842,7.378,5.28,90.0,90.0,90.0,True,ABX3,Ortorombik
1526040_8,18075,Dy4 Mn4 O12,Dy Mn O ,Pnma,62,2,5.842,7.378,5.28,90.0,90.0,90.0,True,ABX3,Ortorombik
1526040_9,18075,Dy4 Mn4 O12,Dy Mn O ,Pnma,62,2,5.842,7.378,5.28,90.0,90.0,90.0,True,ABX3,Ortorombik
1526040_10,18075,Dy4 Mn4 O12,Dy Mn O ,Pnma,62,2,5.842,7.378,5.28,90.0,90.0,90.0,True,ABX3,Ortorombik
1526040_11,18075,Dy4 Mn4 O12,Dy Mn O ,Pnma,62,2,5.842,7.378,5.28,90.0,90.0,90.0,True,ABX3,Ortorombik
1526040_12,18075,Dy4 Mn4 O12,Dy Mn O ,Pnma,62,2,5.842,7.378,5.28,90.0,90.0,90.0,True,ABX3,Ortorombik
1526040_13,18075,Dy4 Mn4 O12,Dy Mn O ,Pnma,62,2,5.842,7.378,5.28,90.0,90.0,90.0,True,ABX3,Ortorombik
1526040_14,18075,Dy4 Mn4 O12,Dy Mn O ,Pnma,62,2,5.842,7.378,5.28,90.0,90.0,90.0,True,ABX3,Ortorombik
1526040_15,18075,Dy4 Mn4 O12,Dy Mn O ,Pnma,62,2,5.842,7.378,5.28,90.0,90.0,90.0,True,ABX3,Ortorombik
1526040_16,18075,Dy4 Mn4 O12,Dy Mn O ,Pnma,62,2,5.842,7.378,5.28,90.0,90.0,90.0,True,ABX3,Ortorombik
1526040_17,18075,Dy4 Mn4 O12,Dy Mn O ,Pnma,62,2,5.842,7.378,5.28,90.0,90.0,90.0,True,ABX3,Ortorombik
1526040_18,18075,Dy4 Mn4 O12,Dy Mn O ,Pnma,62,2,5.842,7.378,5.28,90.0,90.0,90.0,True,ABX3,Ortorombik
1526040_19,18075,Dy4 Mn4 O12,Dy Mn O ,Pnma,62,2,5.842,7.378,5.28,90.0,90.0,90.0,True,ABX3,Ortorombik
1526040_20,18075,Dy4 Mn4 O12,Dy Mn O ,Pnma,62,2,5.842,7.378,5.28,90.0,90.0,90.0,True,ABX3,Ortorombik
1526040_21,18075,Dy4 Mn4 O12,Dy Mn O ,Pnma,62,2,5.842,7.378,5.28,90.0,90.0,90.0,True,ABX3,Ortorombik
1526040_22,18075,Dy4 Mn4 O12,Dy Mn O ,Pnma,62,2,5.842,7.378,5.28,90.0,90.0,90.0,True,ABX3,Ortorombik
1526040_23,18075,Dy4 Mn4 O12,Dy Mn O ,Pnma,62,2,5.842,7.378,5.28,90.0,90.0,90.0,True,ABX3,Ortorombik
1526040_24,18075,Dy4 Mn4 O12,Dy Mn O ,Pnma,62,2,5.842,7.378,5.28,90.0,90.0,90.0,True,ABX3,Ortorombik
2000864_1,18164,Eu4 Zr4 Se12,Eu Se Zr ,Pnma,62,2,8.849,3.937,14.348,90.0,90.0,90.0,True,ABX3,Ortorombik
2000864_2,18164,Eu4 Zr4 Se12,Eu Se Zr ,Pnma,62,2,8.849,3.937,14.348,90.0,90.0,90.0,True,ABX3,Ortorombik
2000864_3,18164,Eu4 Zr4 Se12,Eu Se Zr ,Pnma,62,2,8.849,3.937,14.348,90.0,90.0,90.0,True,ABX3,Ortorombik
2000864_4,18164,Eu4 Zr4 Se12,Eu Se Zr ,Pnma,62,2,8.849,3.937,14.348,90.0,90.0,90.0,True,ABX3,Ortorombik
2000864_5,18164,Eu4 Zr4 Se12,Eu Se Zr ,Pnma,62,2,8.849,3.937,14.348,90.0,90.0,90.0,True,ABX3,Ortorombik
2000864_6,18164,Eu4 Zr4 Se12,Eu Se Zr ,Pnma,62,2,8.849,3.937,14.348,90.0,90.0,90.0,True,ABX3,Ortorombik
2000864_7,18164,Eu4 Zr4 Se12,Eu Se Zr ,Pnma,62,2,8.849,3.937,14.348,90.0,90.0,90.0,True,ABX3,Ortorombik
2000864_8,18164,Eu4 Zr4 Se12,Eu Se Zr ,Pnma,62,2,8.849,3.937,14.348,90.0,90.0,90.0,True,ABX3,Ortorombik
2000864_9,18164,Eu4 Zr4 Se12,Eu Se Zr ,Pnma,62,2,8.849,3.937,14.348,90.0,90.0,90.0,True,ABX3,Ortorombik
2000864_10,18164,Eu4 Zr4 Se12,Eu Se Zr ,Pnma,62,2,8.849,3.937,14.348,90.0,90.0,90.0,True,ABX3,Ortorombik
2000864_11,18164,Eu4 Zr4 Se12,Eu Se Zr ,Pnma,62,2,8.849,3.937,14.348,90.0,90.0,90.0,True,ABX3,Ortorombik
2000864_12,18164,Eu4 Zr4 Se12,Eu Se Zr ,Pnma,62,2,8.849,3.937,14.348,90.0,90.0,90.0,True,ABX3,Ortorombik
2000864_13,18164,Eu4 Zr4 Se12,Eu Se Zr ,Pnma,62,2,8.849,3.937,14.348,90.0,90.0,90.0,True,ABX3,Ortorombik
2000864_14,18164,Eu4 Zr4 Se12,Eu Se Zr ,Pnma,62,2,8.849,3.937,14.348,90.0,90.0,90.0,True,ABX3,Ortorombik
2000864_15,18164,Eu4 Zr4 Se12,Eu Se Zr ,Pnma,62,2,8.849,3.937,14.348,90.0,90.0,90.0,True,ABX3,Ortorombik
2000864_16,18164,Eu4 Zr4 Se12,Eu Se Zr ,Pnma,62,2,8.849,3.937,14.348,90.0,90.0,90.0,True,ABX3,Ortorombik
2000864_17,18164,Eu4 Zr4 Se12,Eu Se Zr ,Pnma,62,2,8.849,3.937,14.348,90.0,90.0,90.0,True,ABX3,Ortorombik
2000864_18,18164,Eu4 Zr4 Se12,Eu Se Zr ,Pnma,62,2,8.849,3.937,14.348,90.0,90.0,90.0,True,ABX3,Ortorombik
2000864_19,18164,Eu4 Zr4 Se12,Eu Se Zr ,Pnma,62,2,8.849,3.937,14.348,90.0,90.0,90.0,True,ABX3,Ortorombik
2000864_20,18164,Eu4 Zr4 Se12,Eu Se Zr ,Pnma,62,2,8.849,3.937,14.348,90.0,90.0,90.0,True,ABX3,Ortorombik
2000864_21,18164,Eu4 Zr4 Se12,Eu Se Zr ,Pnma,62,2,8.849,3.937,14.348,90.0,90.0,90.0,True,ABX3,Ortorombik
2000864_22,18164,Eu4 Zr4 Se12,Eu Se Zr ,Pnma,62,2,8.849,3.937,14.348,90.0,90.0,90.0,True,ABX3,Ortorombik
2000864_23,18164,Eu4 Zr4 Se12,Eu Se Zr ,Pnma,62,2,8.849,3.937,14.348,90.0,90.0,90.0,True,ABX3,Ortorombik
2000864_24,18164,Eu4 Zr4 Se12,Eu Se Zr ,Pnma,62,2,8.849,3.937,14.348,90.0,90.0,90.0,True,ABX3,Ortorombik
1528059_1,18275,Rb8 Ta8 O24,O Rb Ta ,C2/m,12,5,9.589,8.505,8.135,90.0,94.87,90.0,True,ABX3,Monoklinik
1528059_2,18275,Rb8 Ta8 O24,O Rb Ta ,C2/m,12,5,9.589,8.505,8.135,90.0,94.87,90.0,True,ABX3,Monoklinik
1528059_3,18275,Rb8 Ta8 O24,O Rb Ta ,C2/m,12,5,9.589,8.505,8.135,90.0,94.87,90.0,True,ABX3,Monoklinik
1528059_4,18275,Rb8 Ta8 O24,O Rb Ta ,C2/m,12,5,9.589,8.505,8.135,90.0,94.87,90.0,True,ABX3,Monoklinik
1528059_5,18275,Rb8 Ta8 O24,O Rb Ta ,C2/m,12,5,9.589,8.505,8.135,90.0,94.87,90.0,True,ABX3,Monoklinik
1528059_6,18275,Rb8 Ta8 O24,O Rb Ta ,C2/m,12,5,9.589,8.505,8.135,90.0,94.87,90.0,True,ABX3,Monoklinik
1528059_7,18275,Rb8 Ta8 O24,O Rb Ta ,C2/m,12,5,9.589,8.505,8.135,90.0,94.87,90.0,True,ABX3,Monoklinik
1528059_8,18275,Rb8 Ta8 O24,O Rb Ta ,C2/m,12,5,9.589,8.505,8.135,90.0,94.87,90.0,True,ABX3,Monoklinik
1528059_9,18275,Rb8 Ta8 O24,O Rb Ta ,C2/m,12,5,9.589,8.505,8.135,90.0,94.87,90.0,True,ABX3,Monoklinik
1528059_10,18275,Rb8 Ta8 O24,O Rb Ta ,C2/m,12,5,9.589,8.505,8.135,90.0,94.87,90.0,True,ABX3,Monoklinik
1528059_11,18275,Rb8 Ta8 O24,O Rb Ta ,C2/m,12,5,9.589,8.505,8.135,90.0,94.87,90.0,True,ABX3,Monoklinik
1528059_12,18275,Rb8 Ta8 O24,O Rb Ta ,C2/m,12,5,9.589,8.505,8.135,90.0,94.87,90.0,True,ABX3,Monoklinik
1528059_13,18275,Rb8 Ta8 O24,O Rb Ta ,C2/m,12,5,9.589,8.505,8.135,90.0,94.87,90.0,True,ABX3,Monoklinik
1528059_14,18275,Rb8 Ta8 O24,O Rb Ta ,C2/m,12,5,9.589,8.505,8.135,90.0,94.87,90.0,True,ABX3,Monoklinik
1528059_15,18275,Rb8 Ta8 O24,O Rb Ta ,C2/m,12,5,9.589,8.505,8.135,90.0,94.87,90.0,True,ABX3,Monoklinik
1528059_16,18275,Rb8 Ta8 O24,O Rb Ta ,C2/m,12,5,9.589,8.505,8.135,90.0,94.87,90.0,True,ABX3,Monoklinik
1528059_17,18275,Rb8 Ta8 O24,O Rb Ta ,C2/m,12,5,9.589,8.505,8.135,90.0,94.87,90.0,True,ABX3,Monoklinik
1528059_18,18275,Rb8 Ta8 O24,O Rb Ta ,C2/m,12,5,9.589,8.505,8.135,90.0,94.87,90.0,True,ABX3,Monoklinik
1528059_19,18275,Rb8 Ta8 O24,O Rb Ta ,C2/m,12,5,9.589,8.505,8.135,90.0,94.87,90.0,True,ABX3,Monoklinik
1528059_20,18275,Rb8 Ta8 O24,O Rb Ta ,C2/m,12,5,9.589,8.505,8.135,90.0,94.87,90.0,True,ABX3,Monoklinik
1528059_21,18275,Rb8 Ta8 O24,O Rb Ta ,C2/m,12,5,9.589,8.505,8.135,90.0,94.87,90.0,True,ABX3,Monoklinik
1528059_22,18275,Rb8 Ta8 O24,O Rb Ta ,C2/m,12,5,9.589,8.505,8.135,90.0,94.87,90.0,True,ABX3,Monoklinik
1528059_23,18275,Rb8 Ta8 O24,O Rb Ta ,C2/m,12,5,9.589,8.505,8.135,90.0,94.87,90.0,True,ABX3,Monoklinik
1528059_24,18275,Rb8 Ta8 O24,O Rb Ta ,C2/m,12,5,9.589,8.505,8.135,90.0,94.87,90.0,True,ABX3,Monoklinik
1541775_1,18302,Ce12 P34 Pd12,Ce P Pd ,I-43m,217,0,10.339,10.339,10.339,90.0,90.0,90.0,True,ABX3,Kubik
1541775_2,18302,Ce12 P34 Pd12,Ce P Pd ,I-43m,217,0,10.339,10.339,10.339,90.0,90.0,90.0,True,ABX3,Kubik
1541775_3,18302,Ce12 P34 Pd12,Ce P Pd ,I-43m,217,0,10.339,10.339,10.339,90.0,90.0,90.0,True,ABX3,Kubik
1541775_4,18302,Ce12 P34 Pd12,Ce P Pd ,I-43m,217,0,10.339,10.339,10.339,90.0,90.0,90.0,True,ABX3,Kubik
1541775_5,18302,Ce12 P34 Pd12,Ce P Pd ,I-43m,217,0,10.339,10.339,10.339,90.0,90.0,90.0,True,ABX3,Kubik
1541775_6,18302,Ce12 P34 Pd12,Ce P Pd ,I-43m,217,0,10.339,10.339,10.339,90.0,90.0,90.0,True,ABX3,Kubik
1541775_7,18302,Ce12 P34 Pd12,Ce P Pd ,I-43m,217,0,10.339,10.339,10.339,90.0,90.0,90.0,True,ABX3,Kubik
1541775_8,18302,Ce12 P34 Pd12,Ce P Pd ,I-43m,217,0,10.339,10.339,10.339,90.0,90.0,90.0,True,ABX3,Kubik
1541775_9,18302,Ce12 P34 Pd12,Ce P Pd ,I-43m,217,0,10.339,10.339,10.339,90.0,90.0,90.0,True,ABX3,Kubik
1541775_10,18302,Ce12 P34 Pd12,Ce P Pd ,I-43m,217,0,10.339,10.339,10.339,90.0,90.0,90.0,True,ABX3,Kubik
1541775_11,18302,Ce12 P34 Pd12,Ce P Pd ,I-43m,217,0,10.339,10.339,10.339,90.0,90.0,90.0,True,ABX3,Kubik
1541775_12,18302,Ce12 P34 Pd12,Ce P Pd ,I-43m,217,0,10.339,10.339,10.339,90.0,90.0,90.0,True,ABX3,Kubik
1541775_13,18302,Ce12 P34 Pd12,Ce P Pd ,I-43m,217,0,10.339,10.339,10.339,90.0,90.0,90.0,True,ABX3,Kubik
1541775_14,18302,Ce12 P34 Pd12,Ce P Pd ,I-43m,217,0,10.339,10.339,10.339,90.0,90.0,90.0,True,ABX3,Kubik
1541775_15,18302,Ce12 P34 Pd12,Ce P Pd ,I-43m,217,0,10.339,10.339,10.339,90.0,90.0,90.0,True,ABX3,Kubik
1541775_16,18302,Ce12 P34 Pd12,Ce P Pd ,I-43m,217,0,10.339,10.339,10.339,90.0,90.0,90.0,True,ABX3,Kubik
1541775_17,18302,Ce12 P34 Pd12,Ce P Pd ,I-43m,217,0,10.339,10.339,10.339,90.0,90.0,90.0,True,ABX3,Kubik
1541775_18,18302,Ce12 P34 Pd12,Ce P Pd ,I-43m,217,0,10.339,10.339,10.339,90.0,90.0,90.0,True,ABX3,Kubik
1541775_19,18302,Ce12 P34 Pd12,Ce P Pd ,I-43m,217,0,10.339,10.339,10.339,90.0,90.0,90.0,True,ABX3,Kubik
1541775_20,18302,Ce12 P34 Pd12,Ce P Pd ,I-43m,217,0,10.339,10.339,10.339,90.0,90.0,90.0,True,ABX3,Kubik
1541775_21,18302,Ce12 P34 Pd12,Ce P Pd ,I-43m,217,0,10.339,10.339,10.339,90.0,90.0,90.0,True,ABX3,Kubik
1541775_22,18302,Ce12 P34 Pd12,Ce P Pd ,I-43m,217,0,10.339,10.339,10.339,90.0,90.0,90.0,True,ABX3,Kubik
1541775_23,18302,Ce12 P34 Pd12,Ce P Pd ,I-43m,217,0,10.339,10.339,10.339,90.0,90.0,90.0,True,ABX3,Kubik
1541775_24,18302,Ce12 P34 Pd12,Ce P Pd ,I-43m,217,0,10.339,10.339,10.339,90.0,90.0,90.0,True,ABX3,Kubik
4317120_1,18341,Sr12 Si12 O36,O Si Sr ,C2/c,15,5,12.36,7.143,10.945,90.0,112.12,90.0,True,ABX3,Monoklinik
4317120_2,18341,Sr12 Si12 O36,O Si Sr ,C2/c,15,5,12.36,7.143,10.945,90.0,112.12,90.0,True,ABX3,Monoklinik
4317120_3,18341,Sr12 Si12 O36,O Si Sr ,C2/c,15,5,12.36,7.143,10.945,90.0,112.12,90.0,True,ABX3,Monoklinik
4317120_4,18341,Sr12 Si12 O36,O Si Sr ,C2/c,15,5,12.36,7.143,10.945,90.0,112.12,90.0,True,ABX3,Monoklinik
4317120_5,18341,Sr12 Si12 O36,O Si Sr ,C2/c,15,5,12.36,7.143,10.945,90.0,112.12,90.0,True,ABX3,Monoklinik
4317120_6,18341,Sr12 Si12 O36,O Si Sr ,C2/c,15,5,12.36,7.143,10.945,90.0,112.12,90.0,True,ABX3,Monoklinik
4317120_7,18341,Sr12 Si12 O36,O Si Sr ,C2/c,15,5,12.36,7.143,10.945,90.0,112.12,90.0,True,ABX3,Monoklinik
4317120_8,18341,Sr12 Si12 O36,O Si Sr ,C2/c,15,5,12.36,7.143,10.945,90.0,112.12,90.0,True,ABX3,Monoklinik
4317120_9,18341,Sr12 Si12 O36,O Si Sr ,C2/c,15,5,12.36,7.143,10.945,90.0,112.12,90.0,True,ABX3,Monoklinik
4317120_10,18341,Sr12 Si12 O36,O Si Sr ,C2/c,15,5,12.36,7.143,10.945,90.0,112.12,90.0,True,ABX3,Monoklinik
4317120_11,18341,Sr12 Si12 O36,O Si Sr ,C2/c,15,5,12.36,7.143,10.945,90.0,112.12,90.0,True,ABX3,Monoklinik
4317120_12,18341,Sr12 Si12 O36,O Si Sr ,C2/c,15,5,12.36,7.143,10.945,90.0,112.12,90.0,True,ABX3,Monoklinik
4317120_13,18341,Sr12 Si12 O36,O Si Sr ,C2/c,15,5,12.36,7.143,10.945,90.0,112.12,90.0,True,ABX3,Monoklinik
4317120_14,18341,Sr12 Si12 O36,O Si Sr ,C2/c,15,5,12.36,7.143,10.945,90.0,112.12,90.0,True,ABX3,Monoklinik
4317120_15,18341,Sr12 Si12 O36,O Si Sr ,C2/c,15,5,12.36,7.143,10.945,90.0,112.12,90.0,True,ABX3,Monoklinik
4317120_16,18341,Sr12 Si12 O36,O Si Sr ,C2/c,15,5,12.36,7.143,10.945,90.0,112.12,90.0,True,ABX3,Monoklinik
4317120_17,18341,Sr12 Si12 O36,O Si Sr ,C2/c,15,5,12.36,7.143,10.945,90.0,112.12,90.0,True,ABX3,Monoklinik
4317120_18,18341,Sr12 Si12 O36,O Si Sr ,C2/c,15,5,12.36,7.143,10.945,90.0,112.12,90.0,True,ABX3,Monoklinik
4317120_19,18341,Sr12 Si12 O36,O Si Sr ,C2/c,15,5,12.36,7.143,10.945,90.0,112.12,90.0,True,ABX3,Monoklinik
4317120_20,18341,Sr12 Si12 O36,O Si Sr ,C2/c,15,5,12.36,7.143,10.945,90.0,112.12,90.0,True,ABX3,Monoklinik
4317120_21,18341,Sr12 Si12 O36,O Si Sr ,C2/c,15,5,12.36,7.143,10.945,90.0,112.12,90.0,True,ABX3,Monoklinik
4317120_22,18341,Sr12 Si12 O36,O Si Sr ,C2/c,15,5,12.36,7.143,10.945,90.0,112.12,90.0,True,ABX3,Monoklinik
4317120_23,18341,Sr12 Si12 O36,O Si Sr ,C2/c,15,5,12.36,7.143,10.945,90.0,112.12,90.0,True,ABX3,Monoklinik
4317120_24,18341,Sr12 Si12 O36,O Si Sr ,C2/c,15,5,12.36,7.143,10.945,90.0,112.12,90.0,True,ABX3,Monoklinik
1532823_1,18347,La4 Sc4 O12,La O Sc ,Pnma,62,2,5.6803,5.7907,8.0945,90.0,90.0,90.0,True,ABX3,Ortorombik
1532823_2,18347,La4 Sc4 O12,La O Sc ,Pnma,62,2,5.6803,5.7907,8.0945,90.0,90.0,90.0,True,ABX3,Ortorombik
1532823_3,18347,La4 Sc4 O12,La O Sc ,Pnma,62,2,5.6803,5.7907,8.0945,90.0,90.0,90.0,True,ABX3,Ortorombik
1532823_4,18347,La4 Sc4 O12,La O Sc ,Pnma,62,2,5.6803,5.7907,8.0945,90.0,90.0,90.0,True,ABX3,Ortorombik
1532823_5,18347,La4 Sc4 O12,La O Sc ,Pnma,62,2,5.6803,5.7907,8.0945,90.0,90.0,90.0,True,ABX3,Ortorombik
1532823_6,18347,La4 Sc4 O12,La O Sc ,Pnma,62,2,5.6803,5.7907,8.0945,90.0,90.0,90.0,True,ABX3,Ortorombik
1532823_7,18347,La4 Sc4 O12,La O Sc ,Pnma,62,2,5.6803,5.7907,8.0945,90.0,90.0,90.0,True,ABX3,Ortorombik
1532823_8,18347,La4 Sc4 O12,La O Sc ,Pnma,62,2,5.6803,5.7907,8.0945,90.0,90.0,90.0,True,ABX3,Ortorombik
1532823_9,18347,La4 Sc4 O12,La O Sc ,Pnma,62,2,5.6803,5.7907,8.0945,90.0,90.0,90.0,True,ABX3,Ortorombik
1532823_10,18347,La4 Sc4 O12,La O Sc ,Pnma,62,2,5.6803,5.7907,8.0945,90.0,90.0,90.0,True,ABX3,Ortorombik
1532823_11,18347,La4 Sc4 O12,La O Sc ,Pnma,62,2,5.6803,5.7907,8.0945,90.0,90.0,90.0,True,ABX3,Ortorombik
1532823_12,18347,La4 Sc4 O12,La O Sc ,Pnma,62,2,5.6803,5.7907,8.0945,90.0,90.0,90.0,True,ABX3,Ortorombik
1532823_13,18347,La4 Sc4 O12,La O Sc ,Pnma,62,2,5.6803,5.7907,8.0945,90.0,90.0,90.0,True,ABX3,Ortorombik
1532823_14,18347,La4 Sc4 O12,La O Sc ,Pnma,62,2,5.6803,5.7907,8.0945,90.0,90.0,90.0,True,ABX3,Ortorombik
1532823_15,18347,La4 Sc4 O12,La O Sc ,Pnma,62,2,5.6803,5.7907,8.0945,90.0,90.0,90.0,True,ABX3,Ortorombik
1532823_16,18347,La4 Sc4 O12,La O Sc ,Pnma,62,2,5.6803,5.7907,8.0945,90.0,90.0,90.0,True,ABX3,Ortorombik
1532823_17,18347,La4 Sc4 O12,La O Sc ,Pnma,62,2,5.6803,5.7907,8.0945,90.0,90.0,90.0,True,ABX3,Ortorombik
1532823_18,18347,La4 Sc4 O12,La O Sc ,Pnma,62,2,5.6803,5.7907,8.0945,90.0,90.0,90.0,True,ABX3,Ortorombik
1532823_19,18347,La4 Sc4 O12,La O Sc ,Pnma,62,2,5.6803,5.7907,8.0945,90.0,90.0,90.0,True,ABX3,Ortorombik
1532823_20,18347,La4 Sc4 O12,La O Sc ,Pnma,62,2,5.6803,5.7907,8.0945,90.0,90.0,90.0,True,ABX3,Ortorombik
1532823_21,18347,La4 Sc4 O12,La O Sc ,Pnma,62,2,5.6803,5.7907,8.0945,90.0,90.0,90.0,True,ABX3,Ortorombik
1532823_22,18347,La4 Sc4 O12,La O Sc ,Pnma,62,2,5.6803,5.7907,8.0945,90.0,90.0,90.0,True,ABX3,Ortorombik
1532823_23,18347,La4 Sc4 O12,La O Sc ,Pnma,62,2,5.6803,5.7907,8.0945,90.0,90.0,90.0,True,ABX3,Ortorombik
1532823_24,18347,La4 Sc4 O12,La O Sc ,Pnma,62,2,5.6803,5.7907,8.0945,90.0,90.0,90.0,True,ABX3,Ortorombik
1525128_1,18369,Sr4 Ru4 O12,O Ru Sr ,Pnma,62,2,5.574,5.541,7.854,90.0,90.0,90.0,True,ABX3,Ortorombik
1525128_2,18369,Sr4 Ru4 O12,O Ru Sr ,Pnma,62,2,5.574,5.541,7.854,90.0,90.0,90.0,True,ABX3,Ortorombik
1525128_3,18369,Sr4 Ru4 O12,O Ru Sr ,Pnma,62,2,5.574,5.541,7.854,90.0,90.0,90.0,True,ABX3,Ortorombik
1525128_4,18369,Sr4 Ru4 O12,O Ru Sr ,Pnma,62,2,5.574,5.541,7.854,90.0,90.0,90.0,True,ABX3,Ortorombik
1525128_5,18369,Sr4 Ru4 O12,O Ru Sr ,Pnma,62,2,5.574,5.541,7.854,90.0,90.0,90.0,True,ABX3,Ortorombik
1525128_6,18369,Sr4 Ru4 O12,O Ru Sr ,Pnma,62,2,5.574,5.541,7.854,90.0,90.0,90.0,True,ABX3,Ortorombik
1525128_7,18369,Sr4 Ru4 O12,O Ru Sr ,Pnma,62,2,5.574,5.541,7.854,90.0,90.0,90.0,True,ABX3,Ortorombik
1525128_8,18369,Sr4 Ru4 O12,O Ru Sr ,Pnma,62,2,5.574,5.541,7.854,90.0,90.0,90.0,True,ABX3,Ortorombik
1525128_9,18369,Sr4 Ru4 O12,O Ru Sr ,Pnma,62,2,5.574,5.541,7.854,90.0,90.0,90.0,True,ABX3,Ortorombik
1525128_10,18369,Sr4 Ru4 O12,O Ru Sr ,Pnma,62,2,5.574,5.541,7.854,90.0,90.0,90.0,True,ABX3,Ortorombik
1525128_11,18369,Sr4 Ru4 O12,O Ru Sr ,Pnma,62,2,5.574,5.541,7.854,90.0,90.0,90.0,True,ABX3,Ortorombik
1525128_12,18369,Sr4 Ru4 O12,O Ru Sr ,Pnma,62,2,5.574,5.541,7.854,90.0,90.0,90.0,True,ABX3,Ortorombik
1525128_13,18369,Sr4 Ru4 O12,O Ru Sr ,Pnma,62,2,5.574,5.541,7.854,90.0,90.0,90.0,True,ABX3,Ortorombik
1525128_14,18369,Sr4 Ru4 O12,O Ru Sr ,Pnma,62,2,5.574,5.541,7.854,90.0,90.0,90.0,True,ABX3,Ortorombik
1525128_15,18369,Sr4 Ru4 O12,O Ru Sr ,Pnma,62,2,5.574,5.541,7.854,90.0,90.0,90.0,True,ABX3,Ortorombik
1525128_16,18369,Sr4 Ru4 O12,O Ru Sr ,Pnma,62,2,5.574,5.541,7.854,90.0,90.0,90.0,True,ABX3,Ortorombik
1525128_17,18369,Sr4 Ru4 O12,O Ru Sr ,Pnma,62,2,5.574,5.541,7.854,90.0,90.0,90.0,True,ABX3,Ortorombik
1525128_18,18369,Sr4 Ru4 O12,O Ru Sr ,Pnma,62,2,5.574,5.541,7.854,90.0,90.0,90.0,True,ABX3,Ortorombik
1525128_19,18369,Sr4 Ru4 O12,O Ru Sr ,Pnma,62,2,5.574,5.541,7.854,90.0,90.0,90.0,True,ABX3,Ortorombik
1525128_20,18369,Sr4 Ru4 O12,O Ru Sr ,Pnma,62,2,5.574,5.541,7.854,90.0,90.0,90.0,True,ABX3,Ortorombik
1525128_21,18369,Sr4 Ru4 O12,O Ru Sr ,Pnma,62,2,5.574,5.541,7.854,90.0,90.0,90.0,True,ABX3,Ortorombik
1525128_22,18369,Sr4 Ru4 O12,O Ru Sr ,Pnma,62,2,5.574,5.541,7.854,90.0,90.0,90.0,True,ABX3,Ortorombik
1525128_23,18369,Sr4 Ru4 O12,O Ru Sr ,Pnma,62,2,5.574,5.541,7.854,90.0,90.0,90.0,True,ABX3,Ortorombik
1525128_24,18369,Sr4 Ru4 O12,O Ru Sr ,Pnma,62,2,5.574,5.541,7.854,90.0,90.0,90.0,True,ABX3,Ortorombik
2003125_1,18380,Dy4 Fe4 O12,Dy Fe O ,Pnma,62,2,5.5957,7.629,5.3009,90.0,90.0,90.0,True,ABX3,Ortorombik
2003125_2,18380,Dy4 Fe4 O12,Dy Fe O ,Pnma,62,2,5.5957,7.629,5.3009,90.0,90.0,90.0,True,ABX3,Ortorombik
2003125_3,18380,Dy4 Fe4 O12,Dy Fe O ,Pnma,62,2,5.5957,7.629,5.3009,90.0,90.0,90.0,True,ABX3,Ortorombik
2003125_4,18380,Dy4 Fe4 O12,Dy Fe O ,Pnma,62,2,5.5957,7.629,5.3009,90.0,90.0,90.0,True,ABX3,Ortorombik
2003125_5,18380,Dy4 Fe4 O12,Dy Fe O ,Pnma,62,2,5.5957,7.629,5.3009,90.0,90.0,90.0,True,ABX3,Ortorombik
2003125_6,18380,Dy4 Fe4 O12,Dy Fe O ,Pnma,62,2,5.5957,7.629,5.3009,90.0,90.0,90.0,True,ABX3,Ortorombik
2003125_7,18380,Dy4 Fe4 O12,Dy Fe O ,Pnma,62,2,5.5957,7.629,5.3009,90.0,90.0,90.0,True,ABX3,Ortorombik
2003125_8,18380,Dy4 Fe4 O12,Dy Fe O ,Pnma,62,2,5.5957,7.629,5.3009,90.0,90.0,90.0,True,ABX3,Ortorombik
2003125_9,18380,Dy4 Fe4 O12,Dy Fe O ,Pnma,62,2,5.5957,7.629,5.3009,90.0,90.0,90.0,True,ABX3,Ortorombik
2003125_10,18380,Dy4 Fe4 O12,Dy Fe O ,Pnma,62,2,5.5957,7.629,5.3009,90.0,90.0,90.0,True,ABX3,Ortorombik
2003125_11,18380,Dy4 Fe4 O12,Dy Fe O ,Pnma,62,2,5.5957,7.629,5.3009,90.0,90.0,90.0,True,ABX3,Ortorombik
2003125_12,18380,Dy4 Fe4 O12,Dy Fe O ,Pnma,62,2,5.5957,7.629,5.3009,90.0,90.0,90.0,True,ABX3,Ortorombik
2003125_13,18380,Dy4 Fe4 O12,Dy Fe O ,Pnma,62,2,5.5957,7.629,5.3009,90.0,90.0,90.0,True,ABX3,Ortorombik
2003125_14,18380,Dy4 Fe4 O12,Dy Fe O ,Pnma,62,2,5.5957,7.629,5.3009,90.0,90.0,90.0,True,ABX3,Ortorombik
2003125_15,18380,Dy4 Fe4 O12,Dy Fe O ,Pnma,62,2,5.5957,7.629,5.3009,90.0,90.0,90.0,True,ABX3,Ortorombik
2003125_16,18380,Dy4 Fe4 O12,Dy Fe O ,Pnma,62,2,5.5957,7.629,5.3009,90.0,90.0,90.0,True,ABX3,Ortorombik
2003125_17,18380,Dy4 Fe4 O12,Dy Fe O ,Pnma,62,2,5.5957,7.629,5.3009,90.0,90.0,90.0,True,ABX3,Ortorombik
2003125_18,18380,Dy4 Fe4 O12,Dy Fe O ,Pnma,62,2,5.5957,7.629,5.3009,90.0,90.0,90.0,True,ABX3,Ortorombik
2003125_19,18380,Dy4 Fe4 O12,Dy Fe O ,Pnma,62,2,5.5957,7.629,5.3009,90.0,90.0,90.0,True,ABX3,Ortorombik
2003125_20,18380,Dy4 Fe4 O12,Dy Fe O ,Pnma,62,2,5.5957,7.629,5.3009,90.0,90.0,90.0,True,ABX3,Ortorombik
2003125_21,18380,Dy4 Fe4 O12,Dy Fe O ,Pnma,62,2,5.5957,7.629,5.3009,90.0,90.0,90.0,True,ABX3,Ortorombik
2003125_22,18380,Dy4 Fe4 O12,Dy Fe O ,Pnma,62,2,5.5957,7.629,5.3009,90.0,90.0,90.0,True,ABX3,Ortorombik
2003125_23,18380,Dy4 Fe4 O12,Dy Fe O ,Pnma,62,2,5.5957,7.629,5.3009,90.0,90.0,90.0,True,ABX3,Ortorombik
2003125_24,18380,Dy4 Fe4 O12,Dy Fe O ,Pnma,62,2,5.5957,7.629,5.3009,90.0,90.0,90.0,True,ABX3,Ortorombik
1533613_1,18610,Sr4 Ru4 O12,O Ru Sr ,Pnma,62,2,5.5684,7.8452,5.532,90.0,90.0,90.0,True,ABX3,Ortorombik
1533613_2,18610,Sr4 Ru4 O12,O Ru Sr ,Pnma,62,2,5.5684,7.8452,5.532,90.0,90.0,90.0,True,ABX3,Ortorombik
1533613_3,18610,Sr4 Ru4 O12,O Ru Sr ,Pnma,62,2,5.5684,7.8452,5.532,90.0,90.0,90.0,True,ABX3,Ortorombik
1533613_4,18610,Sr4 Ru4 O12,O Ru Sr ,Pnma,62,2,5.5684,7.8452,5.532,90.0,90.0,90.0,True,ABX3,Ortorombik
1533613_5,18610,Sr4 Ru4 O12,O Ru Sr ,Pnma,62,2,5.5684,7.8452,5.532,90.0,90.0,90.0,True,ABX3,Ortorombik
1533613_6,18610,Sr4 Ru4 O12,O Ru Sr ,Pnma,62,2,5.5684,7.8452,5.532,90.0,90.0,90.0,True,ABX3,Ortorombik
1533613_7,18610,Sr4 Ru4 O12,O Ru Sr ,Pnma,62,2,5.5684,7.8452,5.532,90.0,90.0,90.0,True,ABX3,Ortorombik
1533613_8,18610,Sr4 Ru4 O12,O Ru Sr ,Pnma,62,2,5.5684,7.8452,5.532,90.0,90.0,90.0,True,ABX3,Ortorombik
1533613_9,18610,Sr4 Ru4 O12,O Ru Sr ,Pnma,62,2,5.5684,7.8452,5.532,90.0,90.0,90.0,True,ABX3,Ortorombik
1533613_10,18610,Sr4 Ru4 O12,O Ru Sr ,Pnma,62,2,5.5684,7.8452,5.532,90.0,90.0,90.0,True,ABX3,Ortorombik
1533613_11,18610,Sr4 Ru4 O12,O Ru Sr ,Pnma,62,2,5.5684,7.8452,5.532,90.0,90.0,90.0,True,ABX3,Ortorombik
1533613_12,18610,Sr4 Ru4 O12,O Ru Sr ,Pnma,62,2,5.5684,7.8452,5.532,90.0,90.0,90.0,True,ABX3,Ortorombik
1533613_13,18610,Sr4 Ru4 O12,O Ru Sr ,Pnma,62,2,5.5684,7.8452,5.532,90.0,90.0,90.0,True,ABX3,Ortorombik
1533613_14,18610,Sr4 Ru4 O12,O Ru Sr ,Pnma,62,2,5.5684,7.8452,5.532,90.0,90.0,90.0,True,ABX3,Ortorombik
1533613_15,18610,Sr4 Ru4 O12,O Ru Sr ,Pnma,62,2,5.5684,7.8452,5.532,90.0,90.0,90.0,True,ABX3,Ortorombik
1533613_16,18610,Sr4 Ru4 O12,O Ru Sr ,Pnma,62,2,5.5684,7.8452,5.532,90.0,90.0,90.0,True,ABX3,Ortorombik
1533613_17,18610,Sr4 Ru4 O12,O Ru Sr ,Pnma,62,2,5.5684,7.8452,5.532,90.0,90.0,90.0,True,ABX3,Ortorombik
1533613_18,18610,Sr4 Ru4 O12,O Ru Sr ,Pnma,62,2,5.5684,7.8452,5.532,90.0,90.0,90.0,True,ABX3,Ortorombik
1533613_19,18610,Sr4 Ru4 O12,O Ru Sr ,Pnma,62,2,5.5684,7.8452,5.532,90.0,90.0,90.0,True,ABX3,Ortorombik
1533613_20,18610,Sr4 Ru4 O12,O Ru Sr ,Pnma,62,2,5.5684,7.8452,5.532,90.0,90.0,90.0,True,ABX3,Ortorombik
1533613_21,18610,Sr4 Ru4 O12,O Ru Sr ,Pnma,62,2,5.5684,7.8452,5.532,90.0,90.0,90.0,True,ABX3,Ortorombik
1533613_22,18610,Sr4 Ru4 O12,O Ru Sr ,Pnma,62,2,5.5684,7.8452,5.532,90.0,90.0,90.0,True,ABX3,Ortorombik
1533613_23,18610,Sr4 Ru4 O12,O Ru Sr ,Pnma,62,2,5.5684,7.8452,5.532,90.0,90.0,90.0,True,ABX3,Ortorombik
1533613_24,18610,Sr4 Ru4 O12,O Ru Sr ,Pnma,62,2,5.5684,7.8452,5.532,90.0,90.0,90.0,True,ABX3,Ortorombik
4124850_1,18695,Li0.93 W1 O3,Li O W ,Pm-3m,221,0,3.722,3.722,3.722,90.0,90.0,90.0,True,ABX3,Kubik
4124850_2,18695,Li0.93 W1 O3,Li O W ,Pm-3m,221,0,3.722,3.722,3.722,90.0,90.0,90.0,True,ABX3,Kubik
4124850_3,18695,Li0.93 W1 O3,Li O W ,Pm-3m,221,0,3.722,3.722,3.722,90.0,90.0,90.0,True,ABX3,Kubik
4124850_4,18695,Li0.93 W1 O3,Li O W ,Pm-3m,221,0,3.722,3.722,3.722,90.0,90.0,90.0,True,ABX3,Kubik
4124850_5,18695,Li0.93 W1 O3,Li O W ,Pm-3m,221,0,3.722,3.722,3.722,90.0,90.0,90.0,True,ABX3,Kubik
4124850_6,18695,Li0.93 W1 O3,Li O W ,Pm-3m,221,0,3.722,3.722,3.722,90.0,90.0,90.0,True,ABX3,Kubik
4124850_7,18695,Li0.93 W1 O3,Li O W ,Pm-3m,221,0,3.722,3.722,3.722,90.0,90.0,90.0,True,ABX3,Kubik
4124850_8,18695,Li0.93 W1 O3,Li O W ,Pm-3m,221,0,3.722,3.722,3.722,90.0,90.0,90.0,True,ABX3,Kubik
4124850_9,18695,Li0.93 W1 O3,Li O W ,Pm-3m,221,0,3.722,3.722,3.722,90.0,90.0,90.0,True,ABX3,Kubik
4124850_10,18695,Li0.93 W1 O3,Li O W ,Pm-3m,221,0,3.722,3.722,3.722,90.0,90.0,90.0,True,ABX3,Kubik
4124850_11,18695,Li0.93 W1 O3,Li O W ,Pm-3m,221,0,3.722,3.722,3.722,90.0,90.0,90.0,True,ABX3,Kubik
4124850_12,18695,Li0.93 W1 O3,Li O W ,Pm-3m,221,0,3.722,3.722,3.722,90.0,90.0,90.0,True,ABX3,Kubik
4124850_13,18695,Li0.93 W1 O3,Li O W ,Pm-3m,221,0,3.722,3.722,3.722,90.0,90.0,90.0,True,ABX3,Kubik
4124850_14,18695,Li0.93 W1 O3,Li O W ,Pm-3m,221,0,3.722,3.722,3.722,90.0,90.0,90.0,True,ABX3,Kubik
4124850_15,18695,Li0.93 W1 O3,Li O W ,Pm-3m,221,0,3.722,3.722,3.722,90.0,90.0,90.0,True,ABX3,Kubik
4124850_16,18695,Li0.93 W1 O3,Li O W ,Pm-3m,221,0,3.722,3.722,3.722,90.0,90.0,90.0,True,ABX3,Kubik
4124850_17,18695,Li0.93 W1 O3,Li O W ,Pm-3m,221,0,3.722,3.722,3.722,90.0,90.0,90.0,True,ABX3,Kubik
4124850_18,18695,Li0.93 W1 O3,Li O W ,Pm-3m,221,0,3.722,3.722,3.722,90.0,90.0,90.0,True,ABX3,Kubik
4124850_19,18695,Li0.93 W1 O3,Li O W ,Pm-3m,221,0,3.722,3.722,3.722,90.0,90.0,90.0,True,ABX3,Kubik
4124850_20,18695,Li0.93 W1 O3,Li O W ,Pm-3m,221,0,3.722,3.722,3.722,90.0,90.0,90.0,True,ABX3,Kubik
4124850_21,18695,Li0.93 W1 O3,Li O W ,Pm-3m,221,0,3.722,3.722,3.722,90.0,90.0,90.0,True,ABX3,Kubik
4124850_22,18695,Li0.93 W1 O3,Li O W ,Pm-3m,221,0,3.722,3.722,3.722,90.0,90.0,90.0,True,ABX3,Kubik
4124850_23,18695,Li0.93 W1 O3,Li O W ,Pm-3m,221,0,3.722,3.722,3.722,90.0,90.0,90.0,True,ABX3,Kubik
4124850_24,18695,Li0.93 W1 O3,Li O W ,Pm-3m,221,0,3.722,3.722,3.722,90.0,90.0,90.0,True,ABX3,Kubik
1521397_1,18699,Nd4 Cr4 S12,Cr Nd S ,Pnma,62,2,7.69,3.77,13.06,90.0,90.0,90.0,True,ABX3,Ortorombik
1521397_2,18699,Nd4 Cr4 S12,Cr Nd S ,Pnma,62,2,7.69,3.77,13.06,90.0,90.0,90.0,True,ABX3,Ortorombik
1521397_3,18699,Nd4 Cr4 S12,Cr Nd S ,Pnma,62,2,7.69,3.77,13.06,90.0,90.0,90.0,True,ABX3,Ortorombik
1521397_4,18699,Nd4 Cr4 S12,Cr Nd S ,Pnma,62,2,7.69,3.77,13.06,90.0,90.0,90.0,True,ABX3,Ortorombik
1521397_5,18699,Nd4 Cr4 S12,Cr Nd S ,Pnma,62,2,7.69,3.77,13.06,90.0,90.0,90.0,True,ABX3,Ortorombik
1521397_6,18699,Nd4 Cr4 S12,Cr Nd S ,Pnma,62,2,7.69,3.77,13.06,90.0,90.0,90.0,True,ABX3,Ortorombik
1521397_7,18699,Nd4 Cr4 S12,Cr Nd S ,Pnma,62,2,7.69,3.77,13.06,90.0,90.0,90.0,True,ABX3,Ortorombik
1521397_8,18699,Nd4 Cr4 S12,Cr Nd S ,Pnma,62,2,7.69,3.77,13.06,90.0,90.0,90.0,True,ABX3,Ortorombik
1521397_9,18699,Nd4 Cr4 S12,Cr Nd S ,Pnma,62,2,7.69,3.77,13.06,90.0,90.0,90.0,True,ABX3,Ortorombik
1521397_10,18699,Nd4 Cr4 S12,Cr Nd S ,Pnma,62,2,7.69,3.77,13.06,90.0,90.0,90.0,True,ABX3,Ortorombik
1521397_11,18699,Nd4 Cr4 S12,Cr Nd S ,Pnma,62,2,7.69,3.77,13.06,90.0,90.0,90.0,True,ABX3,Ortorombik
1521397_12,18699,Nd4 Cr4 S12,Cr Nd S ,Pnma,62,2,7.69,3.77,13.06,90.0,90.0,90.0,True,ABX3,Ortorombik
1521397_13,18699,Nd4 Cr4 S12,Cr Nd S ,Pnma,62,2,7.69,3.77,13.06,90.0,90.0,90.0,True,ABX3,Ortorombik
1521397_14,18699,Nd4 Cr4 S12,Cr Nd S ,Pnma,62,2,7.69,3.77,13.06,90.0,90.0,90.0,True,ABX3,Ortorombik
1521397_15,18699,Nd4 Cr4 S12,Cr Nd S ,Pnma,62,2,7.69,3.77,13.06,90.0,90.0,90.0,True,ABX3,Ortorombik
1521397_16,18699,Nd4 Cr4 S12,Cr Nd S ,Pnma,62,2,7.69,3.77,13.06,90.0,90.0,90.0,True,ABX3,Ortorombik
1521397_17,18699,Nd4 Cr4 S12,Cr Nd S ,Pnma,62,2,7.69,3.77,13.06,90.0,90.0,90.0,True,ABX3,Ortorombik
1521397_18,18699,Nd4 Cr4 S12,Cr Nd S ,Pnma,62,2,7.69,3.77,13.06,90.0,90.0,90.0,True,ABX3,Ortorombik
1521397_19,18699,Nd4 Cr4 S12,Cr Nd S ,Pnma,62,2,7.69,3.77,13.06,90.0,90.0,90.0,True,ABX3,Ortorombik
1521397_20,18699,Nd4 Cr4 S12,Cr Nd S ,Pnma,62,2,7.69,3.77,13.06,90.0,90.0,90.0,True,ABX3,Ortorombik
1521397_21,18699,Nd4 Cr4 S12,Cr Nd S ,Pnma,62,2,7.69,3.77,13.06,90.0,90.0,90.0,True,ABX3,Ortorombik
1521397_22,18699,Nd4 Cr4 S12,Cr Nd S ,Pnma,62,2,7.69,3.77,13.06,90.0,90.0,90.0,True,ABX3,Ortorombik
1521397_23,18699,Nd4 Cr4 S12,Cr Nd S ,Pnma,62,2,7.69,3.77,13.06,90.0,90.0,90.0,True,ABX3,Ortorombik
1521397_24,18699,Nd4 Cr4 S12,Cr Nd S ,Pnma,62,2,7.69,3.77,13.06,90.0,90.0,90.0,True,ABX3,Ortorombik
1528243_1,18717,Rb8 Cr8 I24,Cr I Rb ,C2,5,5,13.586,7.923,14.094,90.0,96.88,90.0,True,ABX3,Monoklinik
1528243_2,18717,Rb8 Cr8 I24,Cr I Rb ,C2,5,5,13.586,7.923,14.094,90.0,96.88,90.0,True,ABX3,Monoklinik
1528243_3,18717,Rb8 Cr8 I24,Cr I Rb ,C2,5,5,13.586,7.923,14.094,90.0,96.88,90.0,True,ABX3,Monoklinik
1528243_4,18717,Rb8 Cr8 I24,Cr I Rb ,C2,5,5,13.586,7.923,14.094,90.0,96.88,90.0,True,ABX3,Monoklinik
1528243_5,18717,Rb8 Cr8 I24,Cr I Rb ,C2,5,5,13.586,7.923,14.094,90.0,96.88,90.0,True,ABX3,Monoklinik
1528243_6,18717,Rb8 Cr8 I24,Cr I Rb ,C2,5,5,13.586,7.923,14.094,90.0,96.88,90.0,True,ABX3,Monoklinik
1528243_7,18717,Rb8 Cr8 I24,Cr I Rb ,C2,5,5,13.586,7.923,14.094,90.0,96.88,90.0,True,ABX3,Monoklinik
1528243_8,18717,Rb8 Cr8 I24,Cr I Rb ,C2,5,5,13.586,7.923,14.094,90.0,96.88,90.0,True,ABX3,Monoklinik
1528243_9,18717,Rb8 Cr8 I24,Cr I Rb ,C2,5,5,13.586,7.923,14.094,90.0,96.88,90.0,True,ABX3,Monoklinik
1528243_10,18717,Rb8 Cr8 I24,Cr I Rb ,C2,5,5,13.586,7.923,14.094,90.0,96.88,90.0,True,ABX3,Monoklinik
1528243_11,18717,Rb8 Cr8 I24,Cr I Rb ,C2,5,5,13.586,7.923,14.094,90.0,96.88,90.0,True,ABX3,Monoklinik
1528243_12,18717,Rb8 Cr8 I24,Cr I Rb ,C2,5,5,13.586,7.923,14.094,90.0,96.88,90.0,True,ABX3,Monoklinik
1528243_13,18717,Rb8 Cr8 I24,Cr I Rb ,C2,5,5,13.586,7.923,14.094,90.0,96.88,90.0,True,ABX3,Monoklinik
1528243_14,18717,Rb8 Cr8 I24,Cr I Rb ,C2,5,5,13.586,7.923,14.094,90.0,96.88,90.0,True,ABX3,Monoklinik
1528243_15,18717,Rb8 Cr8 I24,Cr I Rb ,C2,5,5,13.586,7.923,14.094,90.0,96.88,90.0,True,ABX3,Monoklinik
1528243_16,18717,Rb8 Cr8 I24,Cr I Rb ,C2,5,5,13.586,7.923,14.094,90.0,96.88,90.0,True,ABX3,Monoklinik
1528243_17,18717,Rb8 Cr8 I24,Cr I Rb ,C2,5,5,13.586,7.923,14.094,90.0,96.88,90.0,True,ABX3,Monoklinik
1528243_18,18717,Rb8 Cr8 I24,Cr I Rb ,C2,5,5,13.586,7.923,14.094,90.0,96.88,90.0,True,ABX3,Monoklinik
1528243_19,18717,Rb8 Cr8 I24,Cr I Rb ,C2,5,5,13.586,7.923,14.094,90.0,96.88,90.0,True,ABX3,Monoklinik
1528243_20,18717,Rb8 Cr8 I24,Cr I Rb ,C2,5,5,13.586,7.923,14.094,90.0,96.88,90.0,True,ABX3,Monoklinik
1528243_21,18717,Rb8 Cr8 I24,Cr I Rb ,C2,5,5,13.586,7.923,14.094,90.0,96.88,90.0,True,ABX3,Monoklinik
1528243_22,18717,Rb8 Cr8 I24,Cr I Rb ,C2,5,5,13.586,7.923,14.094,90.0,96.88,90.0,True,ABX3,Monoklinik
1528243_23,18717,Rb8 Cr8 I24,Cr I Rb ,C2,5,5,13.586,7.923,14.094,90.0,96.88,90.0,True,ABX3,Monoklinik
1528243_24,18717,Rb8 Cr8 I24,Cr I Rb ,C2,5,5,13.586,7.923,14.094,90.0,96.88,90.0,True,ABX3,Monoklinik
1557930_1,18749,Sr1 Si1 O3,O Si Sr ,Pm-3m,221,0,3.5034,3.5034,3.5034,90.0,90.0,90.0,True,ABX3,Kubik
1557930_2,18749,Sr1 Si1 O3,O Si Sr ,Pm-3m,221,0,3.5034,3.5034,3.5034,90.0,90.0,90.0,True,ABX3,Kubik
1557930_3,18749,Sr1 Si1 O3,O Si Sr ,Pm-3m,221,0,3.5034,3.5034,3.5034,90.0,90.0,90.0,True,ABX3,Kubik
1557930_4,18749,Sr1 Si1 O3,O Si Sr ,Pm-3m,221,0,3.5034,3.5034,3.5034,90.0,90.0,90.0,True,ABX3,Kubik
1557930_5,18749,Sr1 Si1 O3,O Si Sr ,Pm-3m,221,0,3.5034,3.5034,3.5034,90.0,90.0,90.0,True,ABX3,Kubik
1557930_6,18749,Sr1 Si1 O3,O Si Sr ,Pm-3m,221,0,3.5034,3.5034,3.5034,90.0,90.0,90.0,True,ABX3,Kubik
1557930_7,18749,Sr1 Si1 O3,O Si Sr ,Pm-3m,221,0,3.5034,3.5034,3.5034,90.0,90.0,90.0,True,ABX3,Kubik
1557930_8,18749,Sr1 Si1 O3,O Si Sr ,Pm-3m,221,0,3.5034,3.5034,3.5034,90.0,90.0,90.0,True,ABX3,Kubik
1557930_9,18749,Sr1 Si1 O3,O Si Sr ,Pm-3m,221,0,3.5034,3.5034,3.5034,90.0,90.0,90.0,True,ABX3,Kubik
1557930_10,18749,Sr1 Si1 O3,O Si Sr ,Pm-3m,221,0,3.5034,3.5034,3.5034,90.0,90.0,90.0,True,ABX3,Kubik
1557930_11,18749,Sr1 Si1 O3,O Si Sr ,Pm-3m,221,0,3.5034,3.5034,3.5034,90.0,90.0,90.0,True,ABX3,Kubik
1557930_12,18749,Sr1 Si1 O3,O Si Sr ,Pm-3m,221,0,3.5034,3.5034,3.5034,90.0,90.0,90.0,True,ABX3,Kubik
1557930_13,18749,Sr1 Si1 O3,O Si Sr ,Pm-3m,221,0,3.5034,3.5034,3.5034,90.0,90.0,90.0,True,ABX3,Kubik
1557930_14,18749,Sr1 Si1 O3,O Si Sr ,Pm-3m,221,0,3.5034,3.5034,3.5034,90.0,90.0,90.0,True,ABX3,Kubik
1557930_15,18749,Sr1 Si1 O3,O Si Sr ,Pm-3m,221,0,3.5034,3.5034,3.5034,90.0,90.0,90.0,True,ABX3,Kubik
1557930_16,18749,Sr1 Si1 O3,O Si Sr ,Pm-3m,221,0,3.5034,3.5034,3.5034,90.0,90.0,90.0,True,ABX3,Kubik
1557930_17,18749,Sr1 Si1 O3,O Si Sr ,Pm-3m,221,0,3.5034,3.5034,3.5034,90.0,90.0,90.0,True,ABX3,Kubik
1557930_18,18749,Sr1 Si1 O3,O Si Sr ,Pm-3m,221,0,3.5034,3.5034,3.5034,90.0,90.0,90.0,True,ABX3,Kubik
1557930_19,18749,Sr1 Si1 O3,O Si Sr ,Pm-3m,221,0,3.5034,3.5034,3.5034,90.0,90.0,90.0,True,ABX3,Kubik
1557930_20,18749,Sr1 Si1 O3,O Si Sr ,Pm-3m,221,0,3.5034,3.5034,3.5034,90.0,90.0,90.0,True,ABX3,Kubik
1557930_21,18749,Sr1 Si1 O3,O Si Sr ,Pm-3m,221,0,3.5034,3.5034,3.5034,90.0,90.0,90.0,True,ABX3,Kubik
1557930_22,18749,Sr1 Si1 O3,O Si Sr ,Pm-3m,221,0,3.5034,3.5034,3.5034,90.0,90.0,90.0,True,ABX3,Kubik
1557930_23,18749,Sr1 Si1 O3,O Si Sr ,Pm-3m,221,0,3.5034,3.5034,3.5034,90.0,90.0,90.0,True,ABX3,Kubik
1557930_24,18749,Sr1 Si1 O3,O Si Sr ,Pm-3m,221,0,3.5034,3.5034,3.5034,90.0,90.0,90.0,True,ABX3,Kubik
5910140_1,18762,Ca1 Zr1 O3,Ca O Zr ,Pm-3m,221,0,3.99,3.99,3.99,90.0,90.0,90.0,True,ABX3,Kubik
5910140_2,18762,Ca1 Zr1 O3,Ca O Zr ,Pm-3m,221,0,3.99,3.99,3.99,90.0,90.0,90.0,True,ABX3,Kubik
5910140_3,18762,Ca1 Zr1 O3,Ca O Zr ,Pm-3m,221,0,3.99,3.99,3.99,90.0,90.0,90.0,True,ABX3,Kubik
5910140_4,18762,Ca1 Zr1 O3,Ca O Zr ,Pm-3m,221,0,3.99,3.99,3.99,90.0,90.0,90.0,True,ABX3,Kubik
5910140_5,18762,Ca1 Zr1 O3,Ca O Zr ,Pm-3m,221,0,3.99,3.99,3.99,90.0,90.0,90.0,True,ABX3,Kubik
5910140_6,18762,Ca1 Zr1 O3,Ca O Zr ,Pm-3m,221,0,3.99,3.99,3.99,90.0,90.0,90.0,True,ABX3,Kubik
5910140_7,18762,Ca1 Zr1 O3,Ca O Zr ,Pm-3m,221,0,3.99,3.99,3.99,90.0,90.0,90.0,True,ABX3,Kubik
5910140_8,18762,Ca1 Zr1 O3,Ca O Zr ,Pm-3m,221,0,3.99,3.99,3.99,90.0,90.0,90.0,True,ABX3,Kubik
5910140_9,18762,Ca1 Zr1 O3,Ca O Zr ,Pm-3m,221,0,3.99,3.99,3.99,90.0,90.0,90.0,True,ABX3,Kubik
5910140_10,18762,Ca1 Zr1 O3,Ca O Zr ,Pm-3m,221,0,3.99,3.99,3.99,90.0,90.0,90.0,True,ABX3,Kubik
5910140_11,18762,Ca1 Zr1 O3,Ca O Zr ,Pm-3m,221,0,3.99,3.99,3.99,90.0,90.0,90.0,True,ABX3,Kubik
5910140_12,18762,Ca1 Zr1 O3,Ca O Zr ,Pm-3m,221,0,3.99,3.99,3.99,90.0,90.0,90.0,True,ABX3,Kubik
5910140_13,18762,Ca1 Zr1 O3,Ca O Zr ,Pm-3m,221,0,3.99,3.99,3.99,90.0,90.0,90.0,True,ABX3,Kubik
5910140_14,18762,Ca1 Zr1 O3,Ca O Zr ,Pm-3m,221,0,3.99,3.99,3.99,90.0,90.0,90.0,True,ABX3,Kubik
5910140_15,18762,Ca1 Zr1 O3,Ca O Zr ,Pm-3m,221,0,3.99,3.99,3.99,90.0,90.0,90.0,True,ABX3,Kubik
5910140_16,18762,Ca1 Zr1 O3,Ca O Zr ,Pm-3m,221,0,3.99,3.99,3.99,90.0,90.0,90.0,True,ABX3,Kubik
5910140_17,18762,Ca1 Zr1 O3,Ca O Zr ,Pm-3m,221,0,3.99,3.99,3.99,90.0,90.0,90.0,True,ABX3,Kubik
5910140_18,18762,Ca1 Zr1 O3,Ca O Zr ,Pm-3m,221,0,3.99,3.99,3.99,90.0,90.0,90.0,True,ABX3,Kubik
5910140_19,18762,Ca1 Zr1 O3,Ca O Zr ,Pm-3m,221,0,3.99,3.99,3.99,90.0,90.0,90.0,True,ABX3,Kubik
5910140_20,18762,Ca1 Zr1 O3,Ca O Zr ,Pm-3m,221,0,3.99,3.99,3.99,90.0,90.0,90.0,True,ABX3,Kubik
5910140_21,18762,Ca1 Zr1 O3,Ca O Zr ,Pm-3m,221,0,3.99,3.99,3.99,90.0,90.0,90.0,True,ABX3,Kubik
5910140_22,18762,Ca1 Zr1 O3,Ca O Zr ,Pm-3m,221,0,3.99,3.99,3.99,90.0,90.0,90.0,True,ABX3,Kubik
5910140_23,18762,Ca1 Zr1 O3,Ca O Zr ,Pm-3m,221,0,3.99,3.99,3.99,90.0,90.0,90.0,True,ABX3,Kubik
5910140_24,18762,Ca1 Zr1 O3,Ca O Zr ,Pm-3m,221,0,3.99,3.99,3.99,90.0,90.0,90.0,True,ABX3,Kubik
4341156_1,18843,Eu16 Sb16 Se48,Eu Sb Se ,P2_12_12_1,19,2,32.922,15.407,4.2573,90.0,90.0,90.0,True,ABX3,Ortorombik
4341156_2,18843,Eu16 Sb16 Se48,Eu Sb Se ,P2_12_12_1,19,2,32.922,15.407,4.2573,90.0,90.0,90.0,True,ABX3,Ortorombik
4341156_3,18843,Eu16 Sb16 Se48,Eu Sb Se ,P2_12_12_1,19,2,32.922,15.407,4.2573,90.0,90.0,90.0,True,ABX3,Ortorombik
4341156_4,18843,Eu16 Sb16 Se48,Eu Sb Se ,P2_12_12_1,19,2,32.922,15.407,4.2573,90.0,90.0,90.0,True,ABX3,Ortorombik
4341156_5,18843,Eu16 Sb16 Se48,Eu Sb Se ,P2_12_12_1,19,2,32.922,15.407,4.2573,90.0,90.0,90.0,True,ABX3,Ortorombik
4341156_6,18843,Eu16 Sb16 Se48,Eu Sb Se ,P2_12_12_1,19,2,32.922,15.407,4.2573,90.0,90.0,90.0,True,ABX3,Ortorombik
4341156_7,18843,Eu16 Sb16 Se48,Eu Sb Se ,P2_12_12_1,19,2,32.922,15.407,4.2573,90.0,90.0,90.0,True,ABX3,Ortorombik
4341156_8,18843,Eu16 Sb16 Se48,Eu Sb Se ,P2_12_12_1,19,2,32.922,15.407,4.2573,90.0,90.0,90.0,True,ABX3,Ortorombik
4341156_9,18843,Eu16 Sb16 Se48,Eu Sb Se ,P2_12_12_1,19,2,32.922,15.407,4.2573,90.0,90.0,90.0,True,ABX3,Ortorombik
4341156_10,18843,Eu16 Sb16 Se48,Eu Sb Se ,P2_12_12_1,19,2,32.922,15.407,4.2573,90.0,90.0,90.0,True,ABX3,Ortorombik
4341156_11,18843,Eu16 Sb16 Se48,Eu Sb Se ,P2_12_12_1,19,2,32.922,15.407,4.2573,90.0,90.0,90.0,True,ABX3,Ortorombik
4341156_12,18843,Eu16 Sb16 Se48,Eu Sb Se ,P2_12_12_1,19,2,32.922,15.407,4.2573,90.0,90.0,90.0,True,ABX3,Ortorombik
4341156_13,18843,Eu16 Sb16 Se48,Eu Sb Se ,P2_12_12_1,19,2,32.922,15.407,4.2573,90.0,90.0,90.0,True,ABX3,Ortorombik
4341156_14,18843,Eu16 Sb16 Se48,Eu Sb Se ,P2_12_12_1,19,2,32.922,15.407,4.2573,90.0,90.0,90.0,True,ABX3,Ortorombik
4341156_15,18843,Eu16 Sb16 Se48,Eu Sb Se ,P2_12_12_1,19,2,32.922,15.407,4.2573,90.0,90.0,90.0,True,ABX3,Ortorombik
4341156_16,18843,Eu16 Sb16 Se48,Eu Sb Se ,P2_12_12_1,19,2,32.922,15.407,4.2573,90.0,90.0,90.0,True,ABX3,Ortorombik
4341156_17,18843,Eu16 Sb16 Se48,Eu Sb Se ,P2_12_12_1,19,2,32.922,15.407,4.2573,90.0,90.0,90.0,True,ABX3,Ortorombik
4341156_18,18843,Eu16 Sb16 Se48,Eu Sb Se ,P2_12_12_1,19,2,32.922,15.407,4.2573,90.0,90.0,90.0,True,ABX3,Ortorombik
4341156_19,18843,Eu16 Sb16 Se48,Eu Sb Se ,P2_12_12_1,19,2,32.922,15.407,4.2573,90.0,90.0,90.0,True,ABX3,Ortorombik
4341156_20,18843,Eu16 Sb16 Se48,Eu Sb Se ,P2_12_12_1,19,2,32.922,15.407,4.2573,90.0,90.0,90.0,True,ABX3,Ortorombik
4341156_21,18843,Eu16 Sb16 Se48,Eu Sb Se ,P2_12_12_1,19,2,32.922,15.407,4.2573,90.0,90.0,90.0,True,ABX3,Ortorombik
4341156_22,18843,Eu16 Sb16 Se48,Eu Sb Se ,P2_12_12_1,19,2,32.922,15.407,4.2573,90.0,90.0,90.0,True,ABX3,Ortorombik
4341156_23,18843,Eu16 Sb16 Se48,Eu Sb Se ,P2_12_12_1,19,2,32.922,15.407,4.2573,90.0,90.0,90.0,True,ABX3,Ortorombik
4341156_24,18843,Eu16 Sb16 Se48,Eu Sb Se ,P2_12_12_1,19,2,32.922,15.407,4.2573,90.0,90.0,90.0,True,ABX3,Ortorombik
1558637_1,18844,Sr2 Co2 O5.52,Co O Sr ,P4/mmm,123,1,3.8875,3.8875,7.7906,90.0,90.0,90.0,True,ABX3,Tetragonal
1558637_2,18844,Sr2 Co2 O5.52,Co O Sr ,P4/mmm,123,1,3.8875,3.8875,7.7906,90.0,90.0,90.0,True,ABX3,Tetragonal
1558637_3,18844,Sr2 Co2 O5.52,Co O Sr ,P4/mmm,123,1,3.8875,3.8875,7.7906,90.0,90.0,90.0,True,ABX3,Tetragonal
1558637_4,18844,Sr2 Co2 O5.52,Co O Sr ,P4/mmm,123,1,3.8875,3.8875,7.7906,90.0,90.0,90.0,True,ABX3,Tetragonal
1558637_5,18844,Sr2 Co2 O5.52,Co O Sr ,P4/mmm,123,1,3.8875,3.8875,7.7906,90.0,90.0,90.0,True,ABX3,Tetragonal
1558637_6,18844,Sr2 Co2 O5.52,Co O Sr ,P4/mmm,123,1,3.8875,3.8875,7.7906,90.0,90.0,90.0,True,ABX3,Tetragonal
1558637_7,18844,Sr2 Co2 O5.52,Co O Sr ,P4/mmm,123,1,3.8875,3.8875,7.7906,90.0,90.0,90.0,True,ABX3,Tetragonal
1558637_8,18844,Sr2 Co2 O5.52,Co O Sr ,P4/mmm,123,1,3.8875,3.8875,7.7906,90.0,90.0,90.0,True,ABX3,Tetragonal
1558637_9,18844,Sr2 Co2 O5.52,Co O Sr ,P4/mmm,123,1,3.8875,3.8875,7.7906,90.0,90.0,90.0,True,ABX3,Tetragonal
1558637_10,18844,Sr2 Co2 O5.52,Co O Sr ,P4/mmm,123,1,3.8875,3.8875,7.7906,90.0,90.0,90.0,True,ABX3,Tetragonal
1558637_11,18844,Sr2 Co2 O5.52,Co O Sr ,P4/mmm,123,1,3.8875,3.8875,7.7906,90.0,90.0,90.0,True,ABX3,Tetragonal
1558637_12,18844,Sr2 Co2 O5.52,Co O Sr ,P4/mmm,123,1,3.8875,3.8875,7.7906,90.0,90.0,90.0,True,ABX3,Tetragonal
1558637_13,18844,Sr2 Co2 O5.52,Co O Sr ,P4/mmm,123,1,3.8875,3.8875,7.7906,90.0,90.0,90.0,True,ABX3,Tetragonal
1558637_14,18844,Sr2 Co2 O5.52,Co O Sr ,P4/mmm,123,1,3.8875,3.8875,7.7906,90.0,90.0,90.0,True,ABX3,Tetragonal
1558637_15,18844,Sr2 Co2 O5.52,Co O Sr ,P4/mmm,123,1,3.8875,3.8875,7.7906,90.0,90.0,90.0,True,ABX3,Tetragonal
1558637_16,18844,Sr2 Co2 O5.52,Co O Sr ,P4/mmm,123,1,3.8875,3.8875,7.7906,90.0,90.0,90.0,True,ABX3,Tetragonal
1558637_17,18844,Sr2 Co2 O5.52,Co O Sr ,P4/mmm,123,1,3.8875,3.8875,7.7906,90.0,90.0,90.0,True,ABX3,Tetragonal
1558637_18,18844,Sr2 Co2 O5.52,Co O Sr ,P4/mmm,123,1,3.8875,3.8875,7.7906,90.0,90.0,90.0,True,ABX3,Tetragonal
1558637_19,18844,Sr2 Co2 O5.52,Co O Sr ,P4/mmm,123,1,3.8875,3.8875,7.7906,90.0,90.0,90.0,True,ABX3,Tetragonal
1558637_20,18844,Sr2 Co2 O5.52,Co O Sr ,P4/mmm,123,1,3.8875,3.8875,7.7906,90.0,90.0,90.0,True,ABX3,Tetragonal
1558637_21,18844,Sr2 Co2 O5.52,Co O Sr ,P4/mmm,123,1,3.8875,3.8875,7.7906,90.0,90.0,90.0,True,ABX3,Tetragonal
1558637_22,18844,Sr2 Co2 O5.52,Co O Sr ,P4/mmm,123,1,3.8875,3.8875,7.7906,90.0,90.0,90.0,True,ABX3,Tetragonal
1558637_23,18844,Sr2 Co2 O5.52,Co O Sr ,P4/mmm,123,1,3.8875,3.8875,7.7906,90.0,90.0,90.0,True,ABX3,Tetragonal
1558637_24,18844,Sr2 Co2 O5.52,Co O Sr ,P4/mmm,123,1,3.8875,3.8875,7.7906,90.0,90.0,90.0,True,ABX3,Tetragonal
1509275_1,18886,Cs4 Ag4 F12,Ag Cs F ,I4/mcm,140,1,6.489,6.489,8.52,90.0,90.0,90.0,True,ABX3,Tetragonal
1509275_2,18886,Cs4 Ag4 F12,Ag Cs F ,I4/mcm,140,1,6.489,6.489,8.52,90.0,90.0,90.0,True,ABX3,Tetragonal
1509275_3,18886,Cs4 Ag4 F12,Ag Cs F ,I4/mcm,140,1,6.489,6.489,8.52,90.0,90.0,90.0,True,ABX3,Tetragonal
1509275_4,18886,Cs4 Ag4 F12,Ag Cs F ,I4/mcm,140,1,6.489,6.489,8.52,90.0,90.0,90.0,True,ABX3,Tetragonal
1509275_5,18886,Cs4 Ag4 F12,Ag Cs F ,I4/mcm,140,1,6.489,6.489,8.52,90.0,90.0,90.0,True,ABX3,Tetragonal
1509275_6,18886,Cs4 Ag4 F12,Ag Cs F ,I4/mcm,140,1,6.489,6.489,8.52,90.0,90.0,90.0,True,ABX3,Tetragonal
1509275_7,18886,Cs4 Ag4 F12,Ag Cs F ,I4/mcm,140,1,6.489,6.489,8.52,90.0,90.0,90.0,True,ABX3,Tetragonal
1509275_8,18886,Cs4 Ag4 F12,Ag Cs F ,I4/mcm,140,1,6.489,6.489,8.52,90.0,90.0,90.0,True,ABX3,Tetragonal
1509275_9,18886,Cs4 Ag4 F12,Ag Cs F ,I4/mcm,140,1,6.489,6.489,8.52,90.0,90.0,90.0,True,ABX3,Tetragonal
1509275_10,18886,Cs4 Ag4 F12,Ag Cs F ,I4/mcm,140,1,6.489,6.489,8.52,90.0,90.0,90.0,True,ABX3,Tetragonal
1509275_11,18886,Cs4 Ag4 F12,Ag Cs F ,I4/mcm,140,1,6.489,6.489,8.52,90.0,90.0,90.0,True,ABX3,Tetragonal
1509275_12,18886,Cs4 Ag4 F12,Ag Cs F ,I4/mcm,140,1,6.489,6.489,8.52,90.0,90.0,90.0,True,ABX3,Tetragonal
1509275_13,18886,Cs4 Ag4 F12,Ag Cs F ,I4/mcm,140,1,6.489,6.489,8.52,90.0,90.0,90.0,True,ABX3,Tetragonal
1509275_14,18886,Cs4 Ag4 F12,Ag Cs F ,I4/mcm,140,1,6.489,6.489,8.52,90.0,90.0,90.0,True,ABX3,Tetragonal
1509275_15,18886,Cs4 Ag4 F12,Ag Cs F ,I4/mcm,140,1,6.489,6.489,8.52,90.0,90.0,90.0,True,ABX3,Tetragonal
1509275_16,18886,Cs4 Ag4 F12,Ag Cs F ,I4/mcm,140,1,6.489,6.489,8.52,90.0,90.0,90.0,True,ABX3,Tetragonal
1509275_17,18886,Cs4 Ag4 F12,Ag Cs F ,I4/mcm,140,1,6.489,6.489,8.52,90.0,90.0,90.0,True,ABX3,Tetragonal
1509275_18,18886,Cs4 Ag4 F12,Ag Cs F ,I4/mcm,140,1,6.489,6.489,8.52,90.0,90.0,90.0,True,ABX3,Tetragonal
1509275_19,18886,Cs4 Ag4 F12,Ag Cs F ,I4/mcm,140,1,6.489,6.489,8.52,90.0,90.0,90.0,True,ABX3,Tetragonal
1509275_20,18886,Cs4 Ag4 F12,Ag Cs F ,I4/mcm,140,1,6.489,6.489,8.52,90.0,90.0,90.0,True,ABX3,Tetragonal
1509275_21,18886,Cs4 Ag4 F12,Ag Cs F ,I4/mcm,140,1,6.489,6.489,8.52,90.0,90.0,90.0,True,ABX3,Tetragonal
1509275_22,18886,Cs4 Ag4 F12,Ag Cs F ,I4/mcm,140,1,6.489,6.489,8.52,90.0,90.0,90.0,True,ABX3,Tetragonal
1509275_23,18886,Cs4 Ag4 F12,Ag Cs F ,I4/mcm,140,1,6.489,6.489,8.52,90.0,90.0,90.0,True,ABX3,Tetragonal
1509275_24,18886,Cs4 Ag4 F12,Ag Cs F ,I4/mcm,140,1,6.489,6.489,8.52,90.0,90.0,90.0,True,ABX3,Tetragonal
1535386_1,18926,Ta4 Tl4 S12,S Ta Tl ,Pnma,62,2,9.228,3.503,14.209,90.0,90.0,90.0,True,ABX3,Ortorombik
1535386_2,18926,Ta4 Tl4 S12,S Ta Tl ,Pnma,62,2,9.228,3.503,14.209,90.0,90.0,90.0,True,ABX3,Ortorombik
1535386_3,18926,Ta4 Tl4 S12,S Ta Tl ,Pnma,62,2,9.228,3.503,14.209,90.0,90.0,90.0,True,ABX3,Ortorombik
1535386_4,18926,Ta4 Tl4 S12,S Ta Tl ,Pnma,62,2,9.228,3.503,14.209,90.0,90.0,90.0,True,ABX3,Ortorombik
1535386_5,18926,Ta4 Tl4 S12,S Ta Tl ,Pnma,62,2,9.228,3.503,14.209,90.0,90.0,90.0,True,ABX3,Ortorombik
1535386_6,18926,Ta4 Tl4 S12,S Ta Tl ,Pnma,62,2,9.228,3.503,14.209,90.0,90.0,90.0,True,ABX3,Ortorombik
1535386_7,18926,Ta4 Tl4 S12,S Ta Tl ,Pnma,62,2,9.228,3.503,14.209,90.0,90.0,90.0,True,ABX3,Ortorombik
1535386_8,18926,Ta4 Tl4 S12,S Ta Tl ,Pnma,62,2,9.228,3.503,14.209,90.0,90.0,90.0,True,ABX3,Ortorombik
1535386_9,18926,Ta4 Tl4 S12,S Ta Tl ,Pnma,62,2,9.228,3.503,14.209,90.0,90.0,90.0,True,ABX3,Ortorombik
1535386_10,18926,Ta4 Tl4 S12,S Ta Tl ,Pnma,62,2,9.228,3.503,14.209,90.0,90.0,90.0,True,ABX3,Ortorombik
1535386_11,18926,Ta4 Tl4 S12,S Ta Tl ,Pnma,62,2,9.228,3.503,14.209,90.0,90.0,90.0,True,ABX3,Ortorombik
1535386_12,18926,Ta4 Tl4 S12,S Ta Tl ,Pnma,62,2,9.228,3.503,14.209,90.0,90.0,90.0,True,ABX3,Ortorombik
1535386_13,18926,Ta4 Tl4 S12,S Ta Tl ,Pnma,62,2,9.228,3.503,14.209,90.0,90.0,90.0,True,ABX3,Ortorombik
1535386_14,18926,Ta4 Tl4 S12,S Ta Tl ,Pnma,62,2,9.228,3.503,14.209,90.0,90.0,90.0,True,ABX3,Ortorombik
1535386_15,18926,Ta4 Tl4 S12,S Ta Tl ,Pnma,62,2,9.228,3.503,14.209,90.0,90.0,90.0,True,ABX3,Ortorombik
1535386_16,18926,Ta4 Tl4 S12,S Ta Tl ,Pnma,62,2,9.228,3.503,14.209,90.0,90.0,90.0,True,ABX3,Ortorombik
1535386_17,18926,Ta4 Tl4 S12,S Ta Tl ,Pnma,62,2,9.228,3.503,14.209,90.0,90.0,90.0,True,ABX3,Ortorombik
1535386_18,18926,Ta4 Tl4 S12,S Ta Tl ,Pnma,62,2,9.228,3.503,14.209,90.0,90.0,90.0,True,ABX3,Ortorombik
1535386_19,18926,Ta4 Tl4 S12,S Ta Tl ,Pnma,62,2,9.228,3.503,14.209,90.0,90.0,90.0,True,ABX3,Ortorombik
1535386_20,18926,Ta4 Tl4 S12,S Ta Tl ,Pnma,62,2,9.228,3.503,14.209,90.0,90.0,90.0,True,ABX3,Ortorombik
1535386_21,18926,Ta4 Tl4 S12,S Ta Tl ,Pnma,62,2,9.228,3.503,14.209,90.0,90.0,90.0,True,ABX3,Ortorombik
1535386_22,18926,Ta4 Tl4 S12,S Ta Tl ,Pnma,62,2,9.228,3.503,14.209,90.0,90.0,90.0,True,ABX3,Ortorombik
1535386_23,18926,Ta4 Tl4 S12,S Ta Tl ,Pnma,62,2,9.228,3.503,14.209,90.0,90.0,90.0,True,ABX3,Ortorombik
1535386_24,18926,Ta4 Tl4 S12,S Ta Tl ,Pnma,62,2,9.228,3.503,14.209,90.0,90.0,90.0,True,ABX3,Ortorombik
1521906_1,19153,Cs8 Pd8.0 Cl24.0,Cl Cs Pd ,Ibam,72,2,13.724,10.579,8.499,90.0,90.0,90.0,True,ABX3,Ortorombik
1521906_2,19153,Cs8 Pd8.0 Cl24.0,Cl Cs Pd ,Ibam,72,2,13.724,10.579,8.499,90.0,90.0,90.0,True,ABX3,Ortorombik
1521906_3,19153,Cs8 Pd8.0 Cl24.0,Cl Cs Pd ,Ibam,72,2,13.724,10.579,8.499,90.0,90.0,90.0,True,ABX3,Ortorombik
1521906_4,19153,Cs8 Pd8.0 Cl24.0,Cl Cs Pd ,Ibam,72,2,13.724,10.579,8.499,90.0,90.0,90.0,True,ABX3,Ortorombik
1521906_5,19153,Cs8 Pd8.0 Cl24.0,Cl Cs Pd ,Ibam,72,2,13.724,10.579,8.499,90.0,90.0,90.0,True,ABX3,Ortorombik
1521906_6,19153,Cs8 Pd8.0 Cl24.0,Cl Cs Pd ,Ibam,72,2,13.724,10.579,8.499,90.0,90.0,90.0,True,ABX3,Ortorombik
1521906_7,19153,Cs8 Pd8.0 Cl24.0,Cl Cs Pd ,Ibam,72,2,13.724,10.579,8.499,90.0,90.0,90.0,True,ABX3,Ortorombik
1521906_8,19153,Cs8 Pd8.0 Cl24.0,Cl Cs Pd ,Ibam,72,2,13.724,10.579,8.499,90.0,90.0,90.0,True,ABX3,Ortorombik
1521906_9,19153,Cs8 Pd8.0 Cl24.0,Cl Cs Pd ,Ibam,72,2,13.724,10.579,8.499,90.0,90.0,90.0,True,ABX3,Ortorombik
1521906_10,19153,Cs8 Pd8.0 Cl24.0,Cl Cs Pd ,Ibam,72,2,13.724,10.579,8.499,90.0,90.0,90.0,True,ABX3,Ortorombik
1521906_11,19153,Cs8 Pd8.0 Cl24.0,Cl Cs Pd ,Ibam,72,2,13.724,10.579,8.499,90.0,90.0,90.0,True,ABX3,Ortorombik
1521906_12,19153,Cs8 Pd8.0 Cl24.0,Cl Cs Pd ,Ibam,72,2,13.724,10.579,8.499,90.0,90.0,90.0,True,ABX3,Ortorombik
1521906_13,19153,Cs8 Pd8.0 Cl24.0,Cl Cs Pd ,Ibam,72,2,13.724,10.579,8.499,90.0,90.0,90.0,True,ABX3,Ortorombik
1521906_14,19153,Cs8 Pd8.0 Cl24.0,Cl Cs Pd ,Ibam,72,2,13.724,10.579,8.499,90.0,90.0,90.0,True,ABX3,Ortorombik
1521906_15,19153,Cs8 Pd8.0 Cl24.0,Cl Cs Pd ,Ibam,72,2,13.724,10.579,8.499,90.0,90.0,90.0,True,ABX3,Ortorombik
1521906_16,19153,Cs8 Pd8.0 Cl24.0,Cl Cs Pd ,Ibam,72,2,13.724,10.579,8.499,90.0,90.0,90.0,True,ABX3,Ortorombik
1521906_17,19153,Cs8 Pd8.0 Cl24.0,Cl Cs Pd ,Ibam,72,2,13.724,10.579,8.499,90.0,90.0,90.0,True,ABX3,Ortorombik
1521906_18,19153,Cs8 Pd8.0 Cl24.0,Cl Cs Pd ,Ibam,72,2,13.724,10.579,8.499,90.0,90.0,90.0,True,ABX3,Ortorombik
1521906_19,19153,Cs8 Pd8.0 Cl24.0,Cl Cs Pd ,Ibam,72,2,13.724,10.579,8.499,90.0,90.0,90.0,True,ABX3,Ortorombik
1521906_20,19153,Cs8 Pd8.0 Cl24.0,Cl Cs Pd ,Ibam,72,2,13.724,10.579,8.499,90.0,90.0,90.0,True,ABX3,Ortorombik
1521906_21,19153,Cs8 Pd8.0 Cl24.0,Cl Cs Pd ,Ibam,72,2,13.724,10.579,8.499,90.0,90.0,90.0,True,ABX3,Ortorombik
1521906_22,19153,Cs8 Pd8.0 Cl24.0,Cl Cs Pd ,Ibam,72,2,13.724,10.579,8.499,90.0,90.0,90.0,True,ABX3,Ortorombik
1521906_23,19153,Cs8 Pd8.0 Cl24.0,Cl Cs Pd ,Ibam,72,2,13.724,10.579,8.499,90.0,90.0,90.0,True,ABX3,Ortorombik
1521906_24,19153,Cs8 Pd8.0 Cl24.0,Cl Cs Pd ,Ibam,72,2,13.724,10.579,8.499,90.0,90.0,90.0,True,ABX3,Ortorombik
1527964_1,19167,Tb4 Mn4 O12,Mn O Tb ,Pnma,62,2,5.297,5.831,7.403,90.0,90.0,90.0,True,ABX3,Ortorombik
1527964_2,19167,Tb4 Mn4 O12,Mn O Tb ,Pnma,62,2,5.297,5.831,7.403,90.0,90.0,90.0,True,ABX3,Ortorombik
1527964_3,19167,Tb4 Mn4 O12,Mn O Tb ,Pnma,62,2,5.297,5.831,7.403,90.0,90.0,90.0,True,ABX3,Ortorombik
1527964_4,19167,Tb4 Mn4 O12,Mn O Tb ,Pnma,62,2,5.297,5.831,7.403,90.0,90.0,90.0,True,ABX3,Ortorombik
1527964_5,19167,Tb4 Mn4 O12,Mn O Tb ,Pnma,62,2,5.297,5.831,7.403,90.0,90.0,90.0,True,ABX3,Ortorombik
1527964_6,19167,Tb4 Mn4 O12,Mn O Tb ,Pnma,62,2,5.297,5.831,7.403,90.0,90.0,90.0,True,ABX3,Ortorombik
1527964_7,19167,Tb4 Mn4 O12,Mn O Tb ,Pnma,62,2,5.297,5.831,7.403,90.0,90.0,90.0,True,ABX3,Ortorombik
1527964_8,19167,Tb4 Mn4 O12,Mn O Tb ,Pnma,62,2,5.297,5.831,7.403,90.0,90.0,90.0,True,ABX3,Ortorombik
1527964_9,19167,Tb4 Mn4 O12,Mn O Tb ,Pnma,62,2,5.297,5.831,7.403,90.0,90.0,90.0,True,ABX3,Ortorombik
1527964_10,19167,Tb4 Mn4 O12,Mn O Tb ,Pnma,62,2,5.297,5.831,7.403,90.0,90.0,90.0,True,ABX3,Ortorombik
1527964_11,19167,Tb4 Mn4 O12,Mn O Tb ,Pnma,62,2,5.297,5.831,7.403,90.0,90.0,90.0,True,ABX3,Ortorombik
1527964_12,19167,Tb4 Mn4 O12,Mn O Tb ,Pnma,62,2,5.297,5.831,7.403,90.0,90.0,90.0,True,ABX3,Ortorombik
1527964_13,19167,Tb4 Mn4 O12,Mn O Tb ,Pnma,62,2,5.297,5.831,7.403,90.0,90.0,90.0,True,ABX3,Ortorombik
1527964_14,19167,Tb4 Mn4 O12,Mn O Tb ,Pnma,62,2,5.297,5.831,7.403,90.0,90.0,90.0,True,ABX3,Ortorombik
1527964_15,19167,Tb4 Mn4 O12,Mn O Tb ,Pnma,62,2,5.297,5.831,7.403,90.0,90.0,90.0,True,ABX3,Ortorombik
1527964_16,19167,Tb4 Mn4 O12,Mn O Tb ,Pnma,62,2,5.297,5.831,7.403,90.0,90.0,90.0,True,ABX3,Ortorombik
1527964_17,19167,Tb4 Mn4 O12,Mn O Tb ,Pnma,62,2,5.297,5.831,7.403,90.0,90.0,90.0,True,ABX3,Ortorombik
1527964_18,19167,Tb4 Mn4 O12,Mn O Tb ,Pnma,62,2,5.297,5.831,7.403,90.0,90.0,90.0,True,ABX3,Ortorombik
1527964_19,19167,Tb4 Mn4 O12,Mn O Tb ,Pnma,62,2,5.297,5.831,7.403,90.0,90.0,90.0,True,ABX3,Ortorombik
1527964_20,19167,Tb4 Mn4 O12,Mn O Tb ,Pnma,62,2,5.297,5.831,7.403,90.0,90.0,90.0,True,ABX3,Ortorombik
1527964_21,19167,Tb4 Mn4 O12,Mn O Tb ,Pnma,62,2,5.297,5.831,7.403,90.0,90.0,90.0,True,ABX3,Ortorombik
1527964_22,19167,Tb4 Mn4 O12,Mn O Tb ,Pnma,62,2,5.297,5.831,7.403,90.0,90.0,90.0,True,ABX3,Ortorombik
1527964_23,19167,Tb4 Mn4 O12,Mn O Tb ,Pnma,62,2,5.297,5.831,7.403,90.0,90.0,90.0,True,ABX3,Ortorombik
1527964_24,19167,Tb4 Mn4 O12,Mn O Tb ,Pnma,62,2,5.297,5.831,7.403,90.0,90.0,90.0,True,ABX3,Ortorombik
7221405_1,19249,Yb4 Co4 O12,Co O Yb ,Pnma,62,2,5.086,5.4147,7.3071,90.0,90.0,90.0,True,ABX3,Ortorombik
7221405_2,19249,Yb4 Co4 O12,Co O Yb ,Pnma,62,2,5.086,5.4147,7.3071,90.0,90.0,90.0,True,ABX3,Ortorombik
7221405_3,19249,Yb4 Co4 O12,Co O Yb ,Pnma,62,2,5.086,5.4147,7.3071,90.0,90.0,90.0,True,ABX3,Ortorombik
7221405_4,19249,Yb4 Co4 O12,Co O Yb ,Pnma,62,2,5.086,5.4147,7.3071,90.0,90.0,90.0,True,ABX3,Ortorombik
7221405_5,19249,Yb4 Co4 O12,Co O Yb ,Pnma,62,2,5.086,5.4147,7.3071,90.0,90.0,90.0,True,ABX3,Ortorombik
7221405_6,19249,Yb4 Co4 O12,Co O Yb ,Pnma,62,2,5.086,5.4147,7.3071,90.0,90.0,90.0,True,ABX3,Ortorombik
7221405_7,19249,Yb4 Co4 O12,Co O Yb ,Pnma,62,2,5.086,5.4147,7.3071,90.0,90.0,90.0,True,ABX3,Ortorombik
7221405_8,19249,Yb4 Co4 O12,Co O Yb ,Pnma,62,2,5.086,5.4147,7.3071,90.0,90.0,90.0,True,ABX3,Ortorombik
7221405_9,19249,Yb4 Co4 O12,Co O Yb ,Pnma,62,2,5.086,5.4147,7.3071,90.0,90.0,90.0,True,ABX3,Ortorombik
7221405_10,19249,Yb4 Co4 O12,Co O Yb ,Pnma,62,2,5.086,5.4147,7.3071,90.0,90.0,90.0,True,ABX3,Ortorombik
7221405_11,19249,Yb4 Co4 O12,Co O Yb ,Pnma,62,2,5.086,5.4147,7.3071,90.0,90.0,90.0,True,ABX3,Ortorombik
7221405_12,19249,Yb4 Co4 O12,Co O Yb ,Pnma,62,2,5.086,5.4147,7.3071,90.0,90.0,90.0,True,ABX3,Ortorombik
7221405_13,19249,Yb4 Co4 O12,Co O Yb ,Pnma,62,2,5.086,5.4147,7.3071,90.0,90.0,90.0,True,ABX3,Ortorombik
7221405_14,19249,Yb4 Co4 O12,Co O Yb ,Pnma,62,2,5.086,5.4147,7.3071,90.0,90.0,90.0,True,ABX3,Ortorombik
7221405_15,19249,Yb4 Co4 O12,Co O Yb ,Pnma,62,2,5.086,5.4147,7.3071,90.0,90.0,90.0,True,ABX3,Ortorombik
7221405_16,19249,Yb4 Co4 O12,Co O Yb ,Pnma,62,2,5.086,5.4147,7.3071,90.0,90.0,90.0,True,ABX3,Ortorombik
7221405_17,19249,Yb4 Co4 O12,Co O Yb ,Pnma,62,2,5.086,5.4147,7.3071,90.0,90.0,90.0,True,ABX3,Ortorombik
7221405_18,19249,Yb4 Co4 O12,Co O Yb ,Pnma,62,2,5.086,5.4147,7.3071,90.0,90.0,90.0,True,ABX3,Ortorombik
7221405_19,19249,Yb4 Co4 O12,Co O Yb ,Pnma,62,2,5.086,5.4147,7.3071,90.0,90.0,90.0,True,ABX3,Ortorombik
7221405_20,19249,Yb4 Co4 O12,Co O Yb ,Pnma,62,2,5.086,5.4147,7.3071,90.0,90.0,90.0,True,ABX3,Ortorombik
7221405_21,19249,Yb4 Co4 O12,Co O Yb ,Pnma,62,2,5.086,5.4147,7.3071,90.0,90.0,90.0,True,ABX3,Ortorombik
7221405_22,19249,Yb4 Co4 O12,Co O Yb ,Pnma,62,2,5.086,5.4147,7.3071,90.0,90.0,90.0,True,ABX3,Ortorombik
7221405_23,19249,Yb4 Co4 O12,Co O Yb ,Pnma,62,2,5.086,5.4147,7.3071,90.0,90.0,90.0,True,ABX3,Ortorombik
7221405_24,19249,Yb4 Co4 O12,Co O Yb ,Pnma,62,2,5.086,5.4147,7.3071,90.0,90.0,90.0,True,ABX3,Ortorombik
4336390_1,19355,Ca4 V4 O12,Ca O V ,Pnma,62,2,5.3196,7.5488,5.3439,90.0,90.0,90.0,True,ABX3,Ortorombik
4336390_2,19355,Ca4 V4 O12,Ca O V ,Pnma,62,2,5.3196,7.5488,5.3439,90.0,90.0,90.0,True,ABX3,Ortorombik
4336390_3,19355,Ca4 V4 O12,Ca O V ,Pnma,62,2,5.3196,7.5488,5.3439,90.0,90.0,90.0,True,ABX3,Ortorombik
4336390_4,19355,Ca4 V4 O12,Ca O V ,Pnma,62,2,5.3196,7.5488,5.3439,90.0,90.0,90.0,True,ABX3,Ortorombik
4336390_5,19355,Ca4 V4 O12,Ca O V ,Pnma,62,2,5.3196,7.5488,5.3439,90.0,90.0,90.0,True,ABX3,Ortorombik
4336390_6,19355,Ca4 V4 O12,Ca O V ,Pnma,62,2,5.3196,7.5488,5.3439,90.0,90.0,90.0,True,ABX3,Ortorombik
4336390_7,19355,Ca4 V4 O12,Ca O V ,Pnma,62,2,5.3196,7.5488,5.3439,90.0,90.0,90.0,True,ABX3,Ortorombik
4336390_8,19355,Ca4 V4 O12,Ca O V ,Pnma,62,2,5.3196,7.5488,5.3439,90.0,90.0,90.0,True,ABX3,Ortorombik
4336390_9,19355,Ca4 V4 O12,Ca O V ,Pnma,62,2,5.3196,7.5488,5.3439,90.0,90.0,90.0,True,ABX3,Ortorombik
4336390_10,19355,Ca4 V4 O12,Ca O V ,Pnma,62,2,5.3196,7.5488,5.3439,90.0,90.0,90.0,True,ABX3,Ortorombik
4336390_11,19355,Ca4 V4 O12,Ca O V ,Pnma,62,2,5.3196,7.5488,5.3439,90.0,90.0,90.0,True,ABX3,Ortorombik
4336390_12,19355,Ca4 V4 O12,Ca O V ,Pnma,62,2,5.3196,7.5488,5.3439,90.0,90.0,90.0,True,ABX3,Ortorombik
4336390_13,19355,Ca4 V4 O12,Ca O V ,Pnma,62,2,5.3196,7.5488,5.3439,90.0,90.0,90.0,True,ABX3,Ortorombik
4336390_14,19355,Ca4 V4 O12,Ca O V ,Pnma,62,2,5.3196,7.5488,5.3439,90.0,90.0,90.0,True,ABX3,Ortorombik
4336390_15,19355,Ca4 V4 O12,Ca O V ,Pnma,62,2,5.3196,7.5488,5.3439,90.0,90.0,90.0,True,ABX3,Ortorombik
4336390_16,19355,Ca4 V4 O12,Ca O V ,Pnma,62,2,5.3196,7.5488,5.3439,90.0,90.0,90.0,True,ABX3,Ortorombik
4336390_17,19355,Ca4 V4 O12,Ca O V ,Pnma,62,2,5.3196,7.5488,5.3439,90.0,90.0,90.0,True,ABX3,Ortorombik
4336390_18,19355,Ca4 V4 O12,Ca O V ,Pnma,62,2,5.3196,7.5488,5.3439,90.0,90.0,90.0,True,ABX3,Ortorombik
4336390_19,19355,Ca4 V4 O12,Ca O V ,Pnma,62,2,5.3196,7.5488,5.3439,90.0,90.0,90.0,True,ABX3,Ortorombik
4336390_20,19355,Ca4 V4 O12,Ca O V ,Pnma,62,2,5.3196,7.5488,5.3439,90.0,90.0,90.0,True,ABX3,Ortorombik
4336390_21,19355,Ca4 V4 O12,Ca O V ,Pnma,62,2,5.3196,7.5488,5.3439,90.0,90.0,90.0,True,ABX3,Ortorombik
4336390_22,19355,Ca4 V4 O12,Ca O V ,Pnma,62,2,5.3196,7.5488,5.3439,90.0,90.0,90.0,True,ABX3,Ortorombik
4336390_23,19355,Ca4 V4 O12,Ca O V ,Pnma,62,2,5.3196,7.5488,5.3439,90.0,90.0,90.0,True,ABX3,Ortorombik
4336390_24,19355,Ca4 V4 O12,Ca O V ,Pnma,62,2,5.3196,7.5488,5.3439,90.0,90.0,90.0,True,ABX3,Ortorombik
1010425_1,19375,Sr1 Hf1 O3,Hf O Sr ,Pm-3m,221,0,4.069,4.069,4.069,90.0,90.0,90.0,True,ABX3,Kubik
1010425_2,19375,Sr1 Hf1 O3,Hf O Sr ,Pm-3m,221,0,4.069,4.069,4.069,90.0,90.0,90.0,True,ABX3,Kubik
1010425_3,19375,Sr1 Hf1 O3,Hf O Sr ,Pm-3m,221,0,4.069,4.069,4.069,90.0,90.0,90.0,True,ABX3,Kubik
1010425_4,19375,Sr1 Hf1 O3,Hf O Sr ,Pm-3m,221,0,4.069,4.069,4.069,90.0,90.0,90.0,True,ABX3,Kubik
1010425_5,19375,Sr1 Hf1 O3,Hf O Sr ,Pm-3m,221,0,4.069,4.069,4.069,90.0,90.0,90.0,True,ABX3,Kubik
1010425_6,19375,Sr1 Hf1 O3,Hf O Sr ,Pm-3m,221,0,4.069,4.069,4.069,90.0,90.0,90.0,True,ABX3,Kubik
1010425_7,19375,Sr1 Hf1 O3,Hf O Sr ,Pm-3m,221,0,4.069,4.069,4.069,90.0,90.0,90.0,True,ABX3,Kubik
1010425_8,19375,Sr1 Hf1 O3,Hf O Sr ,Pm-3m,221,0,4.069,4.069,4.069,90.0,90.0,90.0,True,ABX3,Kubik
1010425_9,19375,Sr1 Hf1 O3,Hf O Sr ,Pm-3m,221,0,4.069,4.069,4.069,90.0,90.0,90.0,True,ABX3,Kubik
1010425_10,19375,Sr1 Hf1 O3,Hf O Sr ,Pm-3m,221,0,4.069,4.069,4.069,90.0,90.0,90.0,True,ABX3,Kubik
1010425_11,19375,Sr1 Hf1 O3,Hf O Sr ,Pm-3m,221,0,4.069,4.069,4.069,90.0,90.0,90.0,True,ABX3,Kubik
1010425_12,19375,Sr1 Hf1 O3,Hf O Sr ,Pm-3m,221,0,4.069,4.069,4.069,90.0,90.0,90.0,True,ABX3,Kubik
1010425_13,19375,Sr1 Hf1 O3,Hf O Sr ,Pm-3m,221,0,4.069,4.069,4.069,90.0,90.0,90.0,True,ABX3,Kubik
1010425_14,19375,Sr1 Hf1 O3,Hf O Sr ,Pm-3m,221,0,4.069,4.069,4.069,90.0,90.0,90.0,True,ABX3,Kubik
1010425_15,19375,Sr1 Hf1 O3,Hf O Sr ,Pm-3m,221,0,4.069,4.069,4.069,90.0,90.0,90.0,True,ABX3,Kubik
1010425_16,19375,Sr1 Hf1 O3,Hf O Sr ,Pm-3m,221,0,4.069,4.069,4.069,90.0,90.0,90.0,True,ABX3,Kubik
1010425_17,19375,Sr1 Hf1 O3,Hf O Sr ,Pm-3m,221,0,4.069,4.069,4.069,90.0,90.0,90.0,True,ABX3,Kubik
1010425_18,19375,Sr1 Hf1 O3,Hf O Sr ,Pm-3m,221,0,4.069,4.069,4.069,90.0,90.0,90.0,True,ABX3,Kubik
1010425_19,19375,Sr1 Hf1 O3,Hf O Sr ,Pm-3m,221,0,4.069,4.069,4.069,90.0,90.0,90.0,True,ABX3,Kubik
1010425_20,19375,Sr1 Hf1 O3,Hf O Sr ,Pm-3m,221,0,4.069,4.069,4.069,90.0,90.0,90.0,True,ABX3,Kubik
1010425_21,19375,Sr1 Hf1 O3,Hf O Sr ,Pm-3m,221,0,4.069,4.069,4.069,90.0,90.0,90.0,True,ABX3,Kubik
1010425_22,19375,Sr1 Hf1 O3,Hf O Sr ,Pm-3m,221,0,4.069,4.069,4.069,90.0,90.0,90.0,True,ABX3,Kubik
1010425_23,19375,Sr1 Hf1 O3,Hf O Sr ,Pm-3m,221,0,4.069,4.069,4.069,90.0,90.0,90.0,True,ABX3,Kubik
1010425_24,19375,Sr1 Hf1 O3,Hf O Sr ,Pm-3m,221,0,4.069,4.069,4.069,90.0,90.0,90.0,True,ABX3,Kubik
1534047_1,19453,Ho4 Sc4 O12,Ho O Sc ,Pnma,62,2,5.4295,5.7148,7.9011,90.0,90.0,90.0,True,ABX3,Ortorombik
1534047_2,19453,Ho4 Sc4 O12,Ho O Sc ,Pnma,62,2,5.4295,5.7148,7.9011,90.0,90.0,90.0,True,ABX3,Ortorombik
1534047_3,19453,Ho4 Sc4 O12,Ho O Sc ,Pnma,62,2,5.4295,5.7148,7.9011,90.0,90.0,90.0,True,ABX3,Ortorombik
1534047_4,19453,Ho4 Sc4 O12,Ho O Sc ,Pnma,62,2,5.4295,5.7148,7.9011,90.0,90.0,90.0,True,ABX3,Ortorombik
1534047_5,19453,Ho4 Sc4 O12,Ho O Sc ,Pnma,62,2,5.4295,5.7148,7.9011,90.0,90.0,90.0,True,ABX3,Ortorombik
1534047_6,19453,Ho4 Sc4 O12,Ho O Sc ,Pnma,62,2,5.4295,5.7148,7.9011,90.0,90.0,90.0,True,ABX3,Ortorombik
1534047_7,19453,Ho4 Sc4 O12,Ho O Sc ,Pnma,62,2,5.4295,5.7148,7.9011,90.0,90.0,90.0,True,ABX3,Ortorombik
1534047_8,19453,Ho4 Sc4 O12,Ho O Sc ,Pnma,62,2,5.4295,5.7148,7.9011,90.0,90.0,90.0,True,ABX3,Ortorombik
1534047_9,19453,Ho4 Sc4 O12,Ho O Sc ,Pnma,62,2,5.4295,5.7148,7.9011,90.0,90.0,90.0,True,ABX3,Ortorombik
1534047_10,19453,Ho4 Sc4 O12,Ho O Sc ,Pnma,62,2,5.4295,5.7148,7.9011,90.0,90.0,90.0,True,ABX3,Ortorombik
1534047_11,19453,Ho4 Sc4 O12,Ho O Sc ,Pnma,62,2,5.4295,5.7148,7.9011,90.0,90.0,90.0,True,ABX3,Ortorombik
1534047_12,19453,Ho4 Sc4 O12,Ho O Sc ,Pnma,62,2,5.4295,5.7148,7.9011,90.0,90.0,90.0,True,ABX3,Ortorombik
1534047_13,19453,Ho4 Sc4 O12,Ho O Sc ,Pnma,62,2,5.4295,5.7148,7.9011,90.0,90.0,90.0,True,ABX3,Ortorombik
1534047_14,19453,Ho4 Sc4 O12,Ho O Sc ,Pnma,62,2,5.4295,5.7148,7.9011,90.0,90.0,90.0,True,ABX3,Ortorombik
1534047_15,19453,Ho4 Sc4 O12,Ho O Sc ,Pnma,62,2,5.4295,5.7148,7.9011,90.0,90.0,90.0,True,ABX3,Ortorombik
1534047_16,19453,Ho4 Sc4 O12,Ho O Sc ,Pnma,62,2,5.4295,5.7148,7.9011,90.0,90.0,90.0,True,ABX3,Ortorombik
1534047_17,19453,Ho4 Sc4 O12,Ho O Sc ,Pnma,62,2,5.4295,5.7148,7.9011,90.0,90.0,90.0,True,ABX3,Ortorombik
1534047_18,19453,Ho4 Sc4 O12,Ho O Sc ,Pnma,62,2,5.4295,5.7148,7.9011,90.0,90.0,90.0,True,ABX3,Ortorombik
1534047_19,19453,Ho4 Sc4 O12,Ho O Sc ,Pnma,62,2,5.4295,5.7148,7.9011,90.0,90.0,90.0,True,ABX3,Ortorombik
1534047_20,19453,Ho4 Sc4 O12,Ho O Sc ,Pnma,62,2,5.4295,5.7148,7.9011,90.0,90.0,90.0,True,ABX3,Ortorombik
1534047_21,19453,Ho4 Sc4 O12,Ho O Sc ,Pnma,62,2,5.4295,5.7148,7.9011,90.0,90.0,90.0,True,ABX3,Ortorombik
1534047_22,19453,Ho4 Sc4 O12,Ho O Sc ,Pnma,62,2,5.4295,5.7148,7.9011,90.0,90.0,90.0,True,ABX3,Ortorombik
1534047_23,19453,Ho4 Sc4 O12,Ho O Sc ,Pnma,62,2,5.4295,5.7148,7.9011,90.0,90.0,90.0,True,ABX3,Ortorombik
1534047_24,19453,Ho4 Sc4 O12,Ho O Sc ,Pnma,62,2,5.4295,5.7148,7.9011,90.0,90.0,90.0,True,ABX3,Ortorombik
2220019_1,19544,Tb3.8364 Sc4 O11.7544,O Sc Tb ,Pnma,62,2,5.7233,7.9147,5.4543,90.0,90.0,90.0,True,ABX3,Ortorombik
2220019_2,19544,Tb3.8364 Sc4 O11.7544,O Sc Tb ,Pnma,62,2,5.7233,7.9147,5.4543,90.0,90.0,90.0,True,ABX3,Ortorombik
2220019_3,19544,Tb3.8364 Sc4 O11.7544,O Sc Tb ,Pnma,62,2,5.7233,7.9147,5.4543,90.0,90.0,90.0,True,ABX3,Ortorombik
2220019_4,19544,Tb3.8364 Sc4 O11.7544,O Sc Tb ,Pnma,62,2,5.7233,7.9147,5.4543,90.0,90.0,90.0,True,ABX3,Ortorombik
2220019_5,19544,Tb3.8364 Sc4 O11.7544,O Sc Tb ,Pnma,62,2,5.7233,7.9147,5.4543,90.0,90.0,90.0,True,ABX3,Ortorombik
2220019_6,19544,Tb3.8364 Sc4 O11.7544,O Sc Tb ,Pnma,62,2,5.7233,7.9147,5.4543,90.0,90.0,90.0,True,ABX3,Ortorombik
2220019_7,19544,Tb3.8364 Sc4 O11.7544,O Sc Tb ,Pnma,62,2,5.7233,7.9147,5.4543,90.0,90.0,90.0,True,ABX3,Ortorombik
2220019_8,19544,Tb3.8364 Sc4 O11.7544,O Sc Tb ,Pnma,62,2,5.7233,7.9147,5.4543,90.0,90.0,90.0,True,ABX3,Ortorombik
2220019_9,19544,Tb3.8364 Sc4 O11.7544,O Sc Tb ,Pnma,62,2,5.7233,7.9147,5.4543,90.0,90.0,90.0,True,ABX3,Ortorombik
2220019_10,19544,Tb3.8364 Sc4 O11.7544,O Sc Tb ,Pnma,62,2,5.7233,7.9147,5.4543,90.0,90.0,90.0,True,ABX3,Ortorombik
2220019_11,19544,Tb3.8364 Sc4 O11.7544,O Sc Tb ,Pnma,62,2,5.7233,7.9147,5.4543,90.0,90.0,90.0,True,ABX3,Ortorombik
2220019_12,19544,Tb3.8364 Sc4 O11.7544,O Sc Tb ,Pnma,62,2,5.7233,7.9147,5.4543,90.0,90.0,90.0,True,ABX3,Ortorombik
2220019_13,19544,Tb3.8364 Sc4 O11.7544,O Sc Tb ,Pnma,62,2,5.7233,7.9147,5.4543,90.0,90.0,90.0,True,ABX3,Ortorombik
2220019_14,19544,Tb3.8364 Sc4 O11.7544,O Sc Tb ,Pnma,62,2,5.7233,7.9147,5.4543,90.0,90.0,90.0,True,ABX3,Ortorombik
2220019_15,19544,Tb3.8364 Sc4 O11.7544,O Sc Tb ,Pnma,62,2,5.7233,7.9147,5.4543,90.0,90.0,90.0,True,ABX3,Ortorombik
2220019_16,19544,Tb3.8364 Sc4 O11.7544,O Sc Tb ,Pnma,62,2,5.7233,7.9147,5.4543,90.0,90.0,90.0,True,ABX3,Ortorombik
2220019_17,19544,Tb3.8364 Sc4 O11.7544,O Sc Tb ,Pnma,62,2,5.7233,7.9147,5.4543,90.0,90.0,90.0,True,ABX3,Ortorombik
2220019_18,19544,Tb3.8364 Sc4 O11.7544,O Sc Tb ,Pnma,62,2,5.7233,7.9147,5.4543,90.0,90.0,90.0,True,ABX3,Ortorombik
2220019_19,19544,Tb3.8364 Sc4 O11.7544,O Sc Tb ,Pnma,62,2,5.7233,7.9147,5.4543,90.0,90.0,90.0,True,ABX3,Ortorombik
2220019_20,19544,Tb3.8364 Sc4 O11.7544,O Sc Tb ,Pnma,62,2,5.7233,7.9147,5.4543,90.0,90.0,90.0,True,ABX3,Ortorombik
2220019_21,19544,Tb3.8364 Sc4 O11.7544,O Sc Tb ,Pnma,62,2,5.7233,7.9147,5.4543,90.0,90.0,90.0,True,ABX3,Ortorombik
2220019_22,19544,Tb3.8364 Sc4 O11.7544,O Sc Tb ,Pnma,62,2,5.7233,7.9147,5.4543,90.0,90.0,90.0,True,ABX3,Ortorombik
2220019_23,19544,Tb3.8364 Sc4 O11.7544,O Sc Tb ,Pnma,62,2,5.7233,7.9147,5.4543,90.0,90.0,90.0,True,ABX3,Ortorombik
2220019_24,19544,Tb3.8364 Sc4 O11.7544,O Sc Tb ,Pnma,62,2,5.7233,7.9147,5.4543,90.0,90.0,90.0,True,ABX3,Ortorombik
1534046_1,19767,Dy4 Sc4 O12,Dy O Sc ,Pnma,62,2,5.4494,5.7263,7.9132,90.0,90.0,90.0,True,ABX3,Ortorombik
1534046_2,19767,Dy4 Sc4 O12,Dy O Sc ,Pnma,62,2,5.4494,5.7263,7.9132,90.0,90.0,90.0,True,ABX3,Ortorombik
1534046_3,19767,Dy4 Sc4 O12,Dy O Sc ,Pnma,62,2,5.4494,5.7263,7.9132,90.0,90.0,90.0,True,ABX3,Ortorombik
1534046_4,19767,Dy4 Sc4 O12,Dy O Sc ,Pnma,62,2,5.4494,5.7263,7.9132,90.0,90.0,90.0,True,ABX3,Ortorombik
1534046_5,19767,Dy4 Sc4 O12,Dy O Sc ,Pnma,62,2,5.4494,5.7263,7.9132,90.0,90.0,90.0,True,ABX3,Ortorombik
1534046_6,19767,Dy4 Sc4 O12,Dy O Sc ,Pnma,62,2,5.4494,5.7263,7.9132,90.0,90.0,90.0,True,ABX3,Ortorombik
1534046_7,19767,Dy4 Sc4 O12,Dy O Sc ,Pnma,62,2,5.4494,5.7263,7.9132,90.0,90.0,90.0,True,ABX3,Ortorombik
1534046_8,19767,Dy4 Sc4 O12,Dy O Sc ,Pnma,62,2,5.4494,5.7263,7.9132,90.0,90.0,90.0,True,ABX3,Ortorombik
1534046_9,19767,Dy4 Sc4 O12,Dy O Sc ,Pnma,62,2,5.4494,5.7263,7.9132,90.0,90.0,90.0,True,ABX3,Ortorombik
1534046_10,19767,Dy4 Sc4 O12,Dy O Sc ,Pnma,62,2,5.4494,5.7263,7.9132,90.0,90.0,90.0,True,ABX3,Ortorombik
1534046_11,19767,Dy4 Sc4 O12,Dy O Sc ,Pnma,62,2,5.4494,5.7263,7.9132,90.0,90.0,90.0,True,ABX3,Ortorombik
1534046_12,19767,Dy4 Sc4 O12,Dy O Sc ,Pnma,62,2,5.4494,5.7263,7.9132,90.0,90.0,90.0,True,ABX3,Ortorombik
1534046_13,19767,Dy4 Sc4 O12,Dy O Sc ,Pnma,62,2,5.4494,5.7263,7.9132,90.0,90.0,90.0,True,ABX3,Ortorombik
1534046_14,19767,Dy4 Sc4 O12,Dy O Sc ,Pnma,62,2,5.4494,5.7263,7.9132,90.0,90.0,90.0,True,ABX3,Ortorombik
1534046_15,19767,Dy4 Sc4 O12,Dy O Sc ,Pnma,62,2,5.4494,5.7263,7.9132,90.0,90.0,90.0,True,ABX3,Ortorombik
1534046_16,19767,Dy4 Sc4 O12,Dy O Sc ,Pnma,62,2,5.4494,5.7263,7.9132,90.0,90.0,90.0,True,ABX3,Ortorombik
1534046_17,19767,Dy4 Sc4 O12,Dy O Sc ,Pnma,62,2,5.4494,5.7263,7.9132,90.0,90.0,90.0,True,ABX3,Ortorombik
1534046_18,19767,Dy4 Sc4 O12,Dy O Sc ,Pnma,62,2,5.4494,5.7263,7.9132,90.0,90.0,90.0,True,ABX3,Ortorombik
1534046_19,19767,Dy4 Sc4 O12,Dy O Sc ,Pnma,62,2,5.4494,5.7263,7.9132,90.0,90.0,90.0,True,ABX3,Ortorombik
1534046_20,19767,Dy4 Sc4 O12,Dy O Sc ,Pnma,62,2,5.4494,5.7263,7.9132,90.0,90.0,90.0,True,ABX3,Ortorombik
1534046_21,19767,Dy4 Sc4 O12,Dy O Sc ,Pnma,62,2,5.4494,5.7263,7.9132,90.0,90.0,90.0,True,ABX3,Ortorombik
1534046_22,19767,Dy4 Sc4 O12,Dy O Sc ,Pnma,62,2,5.4494,5.7263,7.9132,90.0,90.0,90.0,True,ABX3,Ortorombik
1534046_23,19767,Dy4 Sc4 O12,Dy O Sc ,Pnma,62,2,5.4494,5.7263,7.9132,90.0,90.0,90.0,True,ABX3,Ortorombik
1534046_24,19767,Dy4 Sc4 O12,Dy O Sc ,Pnma,62,2,5.4494,5.7263,7.9132,90.0,90.0,90.0,True,ABX3,Ortorombik
1520947_1,19878,La4 Mn4 O12,La Mn O ,Pnma,62,2,5.482,7.778,5.5253,90.0,90.0,90.0,True,ABX3,Ortorombik
1520947_2,19878,La4 Mn4 O12,La Mn O ,Pnma,62,2,5.482,7.778,5.5253,90.0,90.0,90.0,True,ABX3,Ortorombik
1520947_3,19878,La4 Mn4 O12,La Mn O ,Pnma,62,2,5.482,7.778,5.5253,90.0,90.0,90.0,True,ABX3,Ortorombik
1520947_4,19878,La4 Mn4 O12,La Mn O ,Pnma,62,2,5.482,7.778,5.5253,90.0,90.0,90.0,True,ABX3,Ortorombik
1520947_5,19878,La4 Mn4 O12,La Mn O ,Pnma,62,2,5.482,7.778,5.5253,90.0,90.0,90.0,True,ABX3,Ortorombik
1520947_6,19878,La4 Mn4 O12,La Mn O ,Pnma,62,2,5.482,7.778,5.5253,90.0,90.0,90.0,True,ABX3,Ortorombik
1520947_7,19878,La4 Mn4 O12,La Mn O ,Pnma,62,2,5.482,7.778,5.5253,90.0,90.0,90.0,True,ABX3,Ortorombik
1520947_8,19878,La4 Mn4 O12,La Mn O ,Pnma,62,2,5.482,7.778,5.5253,90.0,90.0,90.0,True,ABX3,Ortorombik
1520947_9,19878,La4 Mn4 O12,La Mn O ,Pnma,62,2,5.482,7.778,5.5253,90.0,90.0,90.0,True,ABX3,Ortorombik
1520947_10,19878,La4 Mn4 O12,La Mn O ,Pnma,62,2,5.482,7.778,5.5253,90.0,90.0,90.0,True,ABX3,Ortorombik
1520947_11,19878,La4 Mn4 O12,La Mn O ,Pnma,62,2,5.482,7.778,5.5253,90.0,90.0,90.0,True,ABX3,Ortorombik
1520947_12,19878,La4 Mn4 O12,La Mn O ,Pnma,62,2,5.482,7.778,5.5253,90.0,90.0,90.0,True,ABX3,Ortorombik
1520947_13,19878,La4 Mn4 O12,La Mn O ,Pnma,62,2,5.482,7.778,5.5253,90.0,90.0,90.0,True,ABX3,Ortorombik
1520947_14,19878,La4 Mn4 O12,La Mn O ,Pnma,62,2,5.482,7.778,5.5253,90.0,90.0,90.0,True,ABX3,Ortorombik
1520947_15,19878,La4 Mn4 O12,La Mn O ,Pnma,62,2,5.482,7.778,5.5253,90.0,90.0,90.0,True,ABX3,Ortorombik
1520947_16,19878,La4 Mn4 O12,La Mn O ,Pnma,62,2,5.482,7.778,5.5253,90.0,90.0,90.0,True,ABX3,Ortorombik
1520947_17,19878,La4 Mn4 O12,La Mn O ,Pnma,62,2,5.482,7.778,5.5253,90.0,90.0,90.0,True,ABX3,Ortorombik
1520947_18,19878,La4 Mn4 O12,La Mn O ,Pnma,62,2,5.482,7.778,5.5253,90.0,90.0,90.0,True,ABX3,Ortorombik
1520947_19,19878,La4 Mn4 O12,La Mn O ,Pnma,62,2,5.482,7.778,5.5253,90.0,90.0,90.0,True,ABX3,Ortorombik
1520947_20,19878,La4 Mn4 O12,La Mn O ,Pnma,62,2,5.482,7.778,5.5253,90.0,90.0,90.0,True,ABX3,Ortorombik
1520947_21,19878,La4 Mn4 O12,La Mn O ,Pnma,62,2,5.482,7.778,5.5253,90.0,90.0,90.0,True,ABX3,Ortorombik
1520947_22,19878,La4 Mn4 O12,La Mn O ,Pnma,62,2,5.482,7.778,5.5253,90.0,90.0,90.0,True,ABX3,Ortorombik
1520947_23,19878,La4 Mn4 O12,La Mn O ,Pnma,62,2,5.482,7.778,5.5253,90.0,90.0,90.0,True,ABX3,Ortorombik
1520947_24,19878,La4 Mn4 O12,La Mn O ,Pnma,62,2,5.482,7.778,5.5253,90.0,90.0,90.0,True,ABX3,Ortorombik
7130256_1,19982,La4 B4 S12,B La S ,Pna2_1,33,2,7.6766,6.0445,8.994,90.0,90.0,90.0,True,ABX3,Ortorombik
7130256_2,19982,La4 B4 S12,B La S ,Pna2_1,33,2,7.6766,6.0445,8.994,90.0,90.0,90.0,True,ABX3,Ortorombik
7130256_3,19982,La4 B4 S12,B La S ,Pna2_1,33,2,7.6766,6.0445,8.994,90.0,90.0,90.0,True,ABX3,Ortorombik
7130256_4,19982,La4 B4 S12,B La S ,Pna2_1,33,2,7.6766,6.0445,8.994,90.0,90.0,90.0,True,ABX3,Ortorombik
7130256_5,19982,La4 B4 S12,B La S ,Pna2_1,33,2,7.6766,6.0445,8.994,90.0,90.0,90.0,True,ABX3,Ortorombik
7130256_6,19982,La4 B4 S12,B La S ,Pna2_1,33,2,7.6766,6.0445,8.994,90.0,90.0,90.0,True,ABX3,Ortorombik
7130256_7,19982,La4 B4 S12,B La S ,Pna2_1,33,2,7.6766,6.0445,8.994,90.0,90.0,90.0,True,ABX3,Ortorombik
7130256_8,19982,La4 B4 S12,B La S ,Pna2_1,33,2,7.6766,6.0445,8.994,90.0,90.0,90.0,True,ABX3,Ortorombik
7130256_9,19982,La4 B4 S12,B La S ,Pna2_1,33,2,7.6766,6.0445,8.994,90.0,90.0,90.0,True,ABX3,Ortorombik
7130256_10,19982,La4 B4 S12,B La S ,Pna2_1,33,2,7.6766,6.0445,8.994,90.0,90.0,90.0,True,ABX3,Ortorombik
7130256_11,19982,La4 B4 S12,B La S ,Pna2_1,33,2,7.6766,6.0445,8.994,90.0,90.0,90.0,True,ABX3,Ortorombik
7130256_12,19982,La4 B4 S12,B La S ,Pna2_1,33,2,7.6766,6.0445,8.994,90.0,90.0,90.0,True,ABX3,Ortorombik
7130256_13,19982,La4 B4 S12,B La S ,Pna2_1,33,2,7.6766,6.0445,8.994,90.0,90.0,90.0,True,ABX3,Ortorombik
7130256_14,19982,La4 B4 S12,B La S ,Pna2_1,33,2,7.6766,6.0445,8.994,90.0,90.0,90.0,True,ABX3,Ortorombik
7130256_15,19982,La4 B4 S12,B La S ,Pna2_1,33,2,7.6766,6.0445,8.994,90.0,90.0,90.0,True,ABX3,Ortorombik
7130256_16,19982,La4 B4 S12,B La S ,Pna2_1,33,2,7.6766,6.0445,8.994,90.0,90.0,90.0,True,ABX3,Ortorombik
7130256_17,19982,La4 B4 S12,B La S ,Pna2_1,33,2,7.6766,6.0445,8.994,90.0,90.0,90.0,True,ABX3,Ortorombik
7130256_18,19982,La4 B4 S12,B La S ,Pna2_1,33,2,7.6766,6.0445,8.994,90.0,90.0,90.0,True,ABX3,Ortorombik
7130256_19,19982,La4 B4 S12,B La S ,Pna2_1,33,2,7.6766,6.0445,8.994,90.0,90.0,90.0,True,ABX3,Ortorombik
7130256_20,19982,La4 B4 S12,B La S ,Pna2_1,33,2,7.6766,6.0445,8.994,90.0,90.0,90.0,True,ABX3,Ortorombik
7130256_21,19982,La4 B4 S12,B La S ,Pna2_1,33,2,7.6766,6.0445,8.994,90.0,90.0,90.0,True,ABX3,Ortorombik
7130256_22,19982,La4 B4 S12,B La S ,Pna2_1,33,2,7.6766,6.0445,8.994,90.0,90.0,90.0,True,ABX3,Ortorombik
7130256_23,19982,La4 B4 S12,B La S ,Pna2_1,33,2,7.6766,6.0445,8.994,90.0,90.0,90.0,True,ABX3,Ortorombik
7130256_24,19982,La4 B4 S12,B La S ,Pna2_1,33,2,7.6766,6.0445,8.994,90.0,90.0,90.0,True,ABX3,Ortorombik
7209470_1,20002,Nd4 B4 O12,B Nd O ,Pnma,62,2,5.7351,5.0564,8.0916,90.0,90.0,90.0,True,ABX3,Ortorombik
7209470_2,20002,Nd4 B4 O12,B Nd O ,Pnma,62,2,5.7351,5.0564,8.0916,90.0,90.0,90.0,True,ABX3,Ortorombik
7209470_3,20002,Nd4 B4 O12,B Nd O ,Pnma,62,2,5.7351,5.0564,8.0916,90.0,90.0,90.0,True,ABX3,Ortorombik
7209470_4,20002,Nd4 B4 O12,B Nd O ,Pnma,62,2,5.7351,5.0564,8.0916,90.0,90.0,90.0,True,ABX3,Ortorombik
7209470_5,20002,Nd4 B4 O12,B Nd O ,Pnma,62,2,5.7351,5.0564,8.0916,90.0,90.0,90.0,True,ABX3,Ortorombik
7209470_6,20002,Nd4 B4 O12,B Nd O ,Pnma,62,2,5.7351,5.0564,8.0916,90.0,90.0,90.0,True,ABX3,Ortorombik
7209470_7,20002,Nd4 B4 O12,B Nd O ,Pnma,62,2,5.7351,5.0564,8.0916,90.0,90.0,90.0,True,ABX3,Ortorombik
7209470_8,20002,Nd4 B4 O12,B Nd O ,Pnma,62,2,5.7351,5.0564,8.0916,90.0,90.0,90.0,True,ABX3,Ortorombik
7209470_9,20002,Nd4 B4 O12,B Nd O ,Pnma,62,2,5.7351,5.0564,8.0916,90.0,90.0,90.0,True,ABX3,Ortorombik
7209470_10,20002,Nd4 B4 O12,B Nd O ,Pnma,62,2,5.7351,5.0564,8.0916,90.0,90.0,90.0,True,ABX3,Ortorombik
7209470_11,20002,Nd4 B4 O12,B Nd O ,Pnma,62,2,5.7351,5.0564,8.0916,90.0,90.0,90.0,True,ABX3,Ortorombik
7209470_12,20002,Nd4 B4 O12,B Nd O ,Pnma,62,2,5.7351,5.0564,8.0916,90.0,90.0,90.0,True,ABX3,Ortorombik
7209470_13,20002,Nd4 B4 O12,B Nd O ,Pnma,62,2,5.7351,5.0564,8.0916,90.0,90.0,90.0,True,ABX3,Ortorombik
7209470_14,20002,Nd4 B4 O12,B Nd O ,Pnma,62,2,5.7351,5.0564,8.0916,90.0,90.0,90.0,True,ABX3,Ortorombik
7209470_15,20002,Nd4 B4 O12,B Nd O ,Pnma,62,2,5.7351,5.0564,8.0916,90.0,90.0,90.0,True,ABX3,Ortorombik
7209470_16,20002,Nd4 B4 O12,B Nd O ,Pnma,62,2,5.7351,5.0564,8.0916,90.0,90.0,90.0,True,ABX3,Ortorombik
7209470_17,20002,Nd4 B4 O12,B Nd O ,Pnma,62,2,5.7351,5.0564,8.0916,90.0,90.0,90.0,True,ABX3,Ortorombik
7209470_18,20002,Nd4 B4 O12,B Nd O ,Pnma,62,2,5.7351,5.0564,8.0916,90.0,90.0,90.0,True,ABX3,Ortorombik
7209470_19,20002,Nd4 B4 O12,B Nd O ,Pnma,62,2,5.7351,5.0564,8.0916,90.0,90.0,90.0,True,ABX3,Ortorombik
7209470_20,20002,Nd4 B4 O12,B Nd O ,Pnma,62,2,5.7351,5.0564,8.0916,90.0,90.0,90.0,True,ABX3,Ortorombik
7209470_21,20002,Nd4 B4 O12,B Nd O ,Pnma,62,2,5.7351,5.0564,8.0916,90.0,90.0,90.0,True,ABX3,Ortorombik
7209470_22,20002,Nd4 B4 O12,B Nd O ,Pnma,62,2,5.7351,5.0564,8.0916,90.0,90.0,90.0,True,ABX3,Ortorombik
7209470_23,20002,Nd4 B4 O12,B Nd O ,Pnma,62,2,5.7351,5.0564,8.0916,90.0,90.0,90.0,True,ABX3,Ortorombik
7209470_24,20002,Nd4 B4 O12,B Nd O ,Pnma,62,2,5.7351,5.0564,8.0916,90.0,90.0,90.0,True,ABX3,Ortorombik
4127359_1,20059,Cs4 Pb4 I12,Cs I Pb ,Pnma,62,2,8.8637,12.4838,8.5783,90.0,90.0,90.0,True,ABX3,Ortorombik
4127359_2,20059,Cs4 Pb4 I12,Cs I Pb ,Pnma,62,2,8.8637,12.4838,8.5783,90.0,90.0,90.0,True,ABX3,Ortorombik
4127359_3,20059,Cs4 Pb4 I12,Cs I Pb ,Pnma,62,2,8.8637,12.4838,8.5783,90.0,90.0,90.0,True,ABX3,Ortorombik
4127359_4,20059,Cs4 Pb4 I12,Cs I Pb ,Pnma,62,2,8.8637,12.4838,8.5783,90.0,90.0,90.0,True,ABX3,Ortorombik
4127359_5,20059,Cs4 Pb4 I12,Cs I Pb ,Pnma,62,2,8.8637,12.4838,8.5783,90.0,90.0,90.0,True,ABX3,Ortorombik
4127359_6,20059,Cs4 Pb4 I12,Cs I Pb ,Pnma,62,2,8.8637,12.4838,8.5783,90.0,90.0,90.0,True,ABX3,Ortorombik
4127359_7,20059,Cs4 Pb4 I12,Cs I Pb ,Pnma,62,2,8.8637,12.4838,8.5783,90.0,90.0,90.0,True,ABX3,Ortorombik
4127359_8,20059,Cs4 Pb4 I12,Cs I Pb ,Pnma,62,2,8.8637,12.4838,8.5783,90.0,90.0,90.0,True,ABX3,Ortorombik
4127359_9,20059,Cs4 Pb4 I12,Cs I Pb ,Pnma,62,2,8.8637,12.4838,8.5783,90.0,90.0,90.0,True,ABX3,Ortorombik
4127359_10,20059,Cs4 Pb4 I12,Cs I Pb ,Pnma,62,2,8.8637,12.4838,8.5783,90.0,90.0,90.0,True,ABX3,Ortorombik
4127359_11,20059,Cs4 Pb4 I12,Cs I Pb ,Pnma,62,2,8.8637,12.4838,8.5783,90.0,90.0,90.0,True,ABX3,Ortorombik
4127359_12,20059,Cs4 Pb4 I12,Cs I Pb ,Pnma,62,2,8.8637,12.4838,8.5783,90.0,90.0,90.0,True,ABX3,Ortorombik
4127359_13,20059,Cs4 Pb4 I12,Cs I Pb ,Pnma,62,2,8.8637,12.4838,8.5783,90.0,90.0,90.0,True,ABX3,Ortorombik
4127359_14,20059,Cs4 Pb4 I12,Cs I Pb ,Pnma,62,2,8.8637,12.4838,8.5783,90.0,90.0,90.0,True,ABX3,Ortorombik
4127359_15,20059,Cs4 Pb4 I12,Cs I Pb ,Pnma,62,2,8.8637,12.4838,8.5783,90.0,90.0,90.0,True,ABX3,Ortorombik
4127359_16,20059,Cs4 Pb4 I12,Cs I Pb ,Pnma,62,2,8.8637,12.4838,8.5783,90.0,90.0,90.0,True,ABX3,Ortorombik
4127359_17,20059,Cs4 Pb4 I12,Cs I Pb ,Pnma,62,2,8.8637,12.4838,8.5783,90.0,90.0,90.0,True,ABX3,Ortorombik
4127359_18,20059,Cs4 Pb4 I12,Cs I Pb ,Pnma,62,2,8.8637,12.4838,8.5783,90.0,90.0,90.0,True,ABX3,Ortorombik
4127359_19,20059,Cs4 Pb4 I12,Cs I Pb ,Pnma,62,2,8.8637,12.4838,8.5783,90.0,90.0,90.0,True,ABX3,Ortorombik
4127359_20,20059,Cs4 Pb4 I12,Cs I Pb ,Pnma,62,2,8.8637,12.4838,8.5783,90.0,90.0,90.0,True,ABX3,Ortorombik
4127359_21,20059,Cs4 Pb4 I12,Cs I Pb ,Pnma,62,2,8.8637,12.4838,8.5783,90.0,90.0,90.0,True,ABX3,Ortorombik
4127359_22,20059,Cs4 Pb4 I12,Cs I Pb ,Pnma,62,2,8.8637,12.4838,8.5783,90.0,90.0,90.0,True,ABX3,Ortorombik
4127359_23,20059,Cs4 Pb4 I12,Cs I Pb ,Pnma,62,2,8.8637,12.4838,8.5783,90.0,90.0,90.0,True,ABX3,Ortorombik
4127359_24,20059,Cs4 Pb4 I12,Cs I Pb ,Pnma,62,2,8.8637,12.4838,8.5783,90.0,90.0,90.0,True,ABX3,Ortorombik
4317027_1,20145,U4 Fe4 Se12,Fe Se U ,Cmcm,63,2,3.9457,12.214,9.1209,90.0,90.0,90.0,True,ABX3,Ortorombik
4317027_2,20145,U4 Fe4 Se12,Fe Se U ,Cmcm,63,2,3.9457,12.214,9.1209,90.0,90.0,90.0,True,ABX3,Ortorombik
4317027_3,20145,U4 Fe4 Se12,Fe Se U ,Cmcm,63,2,3.9457,12.214,9.1209,90.0,90.0,90.0,True,ABX3,Ortorombik
4317027_4,20145,U4 Fe4 Se12,Fe Se U ,Cmcm,63,2,3.9457,12.214,9.1209,90.0,90.0,90.0,True,ABX3,Ortorombik
4317027_5,20145,U4 Fe4 Se12,Fe Se U ,Cmcm,63,2,3.9457,12.214,9.1209,90.0,90.0,90.0,True,ABX3,Ortorombik
4317027_6,20145,U4 Fe4 Se12,Fe Se U ,Cmcm,63,2,3.9457,12.214,9.1209,90.0,90.0,90.0,True,ABX3,Ortorombik
4317027_7,20145,U4 Fe4 Se12,Fe Se U ,Cmcm,63,2,3.9457,12.214,9.1209,90.0,90.0,90.0,True,ABX3,Ortorombik
4317027_8,20145,U4 Fe4 Se12,Fe Se U ,Cmcm,63,2,3.9457,12.214,9.1209,90.0,90.0,90.0,True,ABX3,Ortorombik
4317027_9,20145,U4 Fe4 Se12,Fe Se U ,Cmcm,63,2,3.9457,12.214,9.1209,90.0,90.0,90.0,True,ABX3,Ortorombik
4317027_10,20145,U4 Fe4 Se12,Fe Se U ,Cmcm,63,2,3.9457,12.214,9.1209,90.0,90.0,90.0,True,ABX3,Ortorombik
4317027_11,20145,U4 Fe4 Se12,Fe Se U ,Cmcm,63,2,3.9457,12.214,9.1209,90.0,90.0,90.0,True,ABX3,Ortorombik
4317027_12,20145,U4 Fe4 Se12,Fe Se U ,Cmcm,63,2,3.9457,12.214,9.1209,90.0,90.0,90.0,True,ABX3,Ortorombik
4317027_13,20145,U4 Fe4 Se12,Fe Se U ,Cmcm,63,2,3.9457,12.214,9.1209,90.0,90.0,90.0,True,ABX3,Ortorombik
4317027_14,20145,U4 Fe4 Se12,Fe Se U ,Cmcm,63,2,3.9457,12.214,9.1209,90.0,90.0,90.0,True,ABX3,Ortorombik
4317027_15,20145,U4 Fe4 Se12,Fe Se U ,Cmcm,63,2,3.9457,12.214,9.1209,90.0,90.0,90.0,True,ABX3,Ortorombik
4317027_16,20145,U4 Fe4 Se12,Fe Se U ,Cmcm,63,2,3.9457,12.214,9.1209,90.0,90.0,90.0,True,ABX3,Ortorombik
4317027_17,20145,U4 Fe4 Se12,Fe Se U ,Cmcm,63,2,3.9457,12.214,9.1209,90.0,90.0,90.0,True,ABX3,Ortorombik
4317027_18,20145,U4 Fe4 Se12,Fe Se U ,Cmcm,63,2,3.9457,12.214,9.1209,90.0,90.0,90.0,True,ABX3,Ortorombik
4317027_19,20145,U4 Fe4 Se12,Fe Se U ,Cmcm,63,2,3.9457,12.214,9.1209,90.0,90.0,90.0,True,ABX3,Ortorombik
4317027_20,20145,U4 Fe4 Se12,Fe Se U ,Cmcm,63,2,3.9457,12.214,9.1209,90.0,90.0,90.0,True,ABX3,Ortorombik
4317027_21,20145,U4 Fe4 Se12,Fe Se U ,Cmcm,63,2,3.9457,12.214,9.1209,90.0,90.0,90.0,True,ABX3,Ortorombik
4317027_22,20145,U4 Fe4 Se12,Fe Se U ,Cmcm,63,2,3.9457,12.214,9.1209,90.0,90.0,90.0,True,ABX3,Ortorombik
4317027_23,20145,U4 Fe4 Se12,Fe Se U ,Cmcm,63,2,3.9457,12.214,9.1209,90.0,90.0,90.0,True,ABX3,Ortorombik
4317027_24,20145,U4 Fe4 Se12,Fe Se U ,Cmcm,63,2,3.9457,12.214,9.1209,90.0,90.0,90.0,True,ABX3,Ortorombik
1001665_1,20352,Nd4 Cu4 O11.724,Cu Nd O ,Pnma,62,2,5.334,6.308,7.196,90.0,90.0,90.0,True,ABX3,Ortorombik
1001665_2,20352,Nd4 Cu4 O11.724,Cu Nd O ,Pnma,62,2,5.334,6.308,7.196,90.0,90.0,90.0,True,ABX3,Ortorombik
1001665_3,20352,Nd4 Cu4 O11.724,Cu Nd O ,Pnma,62,2,5.334,6.308,7.196,90.0,90.0,90.0,True,ABX3,Ortorombik
1001665_4,20352,Nd4 Cu4 O11.724,Cu Nd O ,Pnma,62,2,5.334,6.308,7.196,90.0,90.0,90.0,True,ABX3,Ortorombik
1001665_5,20352,Nd4 Cu4 O11.724,Cu Nd O ,Pnma,62,2,5.334,6.308,7.196,90.0,90.0,90.0,True,ABX3,Ortorombik
1001665_6,20352,Nd4 Cu4 O11.724,Cu Nd O ,Pnma,62,2,5.334,6.308,7.196,90.0,90.0,90.0,True,ABX3,Ortorombik
1001665_7,20352,Nd4 Cu4 O11.724,Cu Nd O ,Pnma,62,2,5.334,6.308,7.196,90.0,90.0,90.0,True,ABX3,Ortorombik
1001665_8,20352,Nd4 Cu4 O11.724,Cu Nd O ,Pnma,62,2,5.334,6.308,7.196,90.0,90.0,90.0,True,ABX3,Ortorombik
1001665_9,20352,Nd4 Cu4 O11.724,Cu Nd O ,Pnma,62,2,5.334,6.308,7.196,90.0,90.0,90.0,True,ABX3,Ortorombik
1001665_10,20352,Nd4 Cu4 O11.724,Cu Nd O ,Pnma,62,2,5.334,6.308,7.196,90.0,90.0,90.0,True,ABX3,Ortorombik
1001665_11,20352,Nd4 Cu4 O11.724,Cu Nd O ,Pnma,62,2,5.334,6.308,7.196,90.0,90.0,90.0,True,ABX3,Ortorombik
1001665_12,20352,Nd4 Cu4 O11.724,Cu Nd O ,Pnma,62,2,5.334,6.308,7.196,90.0,90.0,90.0,True,ABX3,Ortorombik
1001665_13,20352,Nd4 Cu4 O11.724,Cu Nd O ,Pnma,62,2,5.334,6.308,7.196,90.0,90.0,90.0,True,ABX3,Ortorombik
1001665_14,20352,Nd4 Cu4 O11.724,Cu Nd O ,Pnma,62,2,5.334,6.308,7.196,90.0,90.0,90.0,True,ABX3,Ortorombik
1001665_15,20352,Nd4 Cu4 O11.724,Cu Nd O ,Pnma,62,2,5.334,6.308,7.196,90.0,90.0,90.0,True,ABX3,Ortorombik
1001665_16,20352,Nd4 Cu4 O11.724,Cu Nd O ,Pnma,62,2,5.334,6.308,7.196,90.0,90.0,90.0,True,ABX3,Ortorombik
1001665_17,20352,Nd4 Cu4 O11.724,Cu Nd O ,Pnma,62,2,5.334,6.308,7.196,90.0,90.0,90.0,True,ABX3,Ortorombik
1001665_18,20352,Nd4 Cu4 O11.724,Cu Nd O ,Pnma,62,2,5.334,6.308,7.196,90.0,90.0,90.0,True,ABX3,Ortorombik
1001665_19,20352,Nd4 Cu4 O11.724,Cu Nd O ,Pnma,62,2,5.334,6.308,7.196,90.0,90.0,90.0,True,ABX3,Ortorombik
1001665_20,20352,Nd4 Cu4 O11.724,Cu Nd O ,Pnma,62,2,5.334,6.308,7.196,90.0,90.0,90.0,True,ABX3,Ortorombik
1001665_21,20352,Nd4 Cu4 O11.724,Cu Nd O ,Pnma,62,2,5.334,6.308,7.196,90.0,90.0,90.0,True,ABX3,Ortorombik
1001665_22,20352,Nd4 Cu4 O11.724,Cu Nd O ,Pnma,62,2,5.334,6.308,7.196,90.0,90.0,90.0,True,ABX3,Ortorombik
1001665_23,20352,Nd4 Cu4 O11.724,Cu Nd O ,Pnma,62,2,5.334,6.308,7.196,90.0,90.0,90.0,True,ABX3,Ortorombik
1001665_24,20352,Nd4 Cu4 O11.724,Cu Nd O ,Pnma,62,2,5.334,6.308,7.196,90.0,90.0,90.0,True,ABX3,Ortorombik
1535031_1,20391,Ce8 Fe7.294 S20,Ce Fe S ,Pmn2_1,31,2,3.959,16.413,11.2362,90.0,90.0,90.0,True,ABX3,Ortorombik
1535031_2,20391,Ce8 Fe7.294 S20,Ce Fe S ,Pmn2_1,31,2,3.959,16.413,11.2362,90.0,90.0,90.0,True,ABX3,Ortorombik
1535031_3,20391,Ce8 Fe7.294 S20,Ce Fe S ,Pmn2_1,31,2,3.959,16.413,11.2362,90.0,90.0,90.0,True,ABX3,Ortorombik
1535031_4,20391,Ce8 Fe7.294 S20,Ce Fe S ,Pmn2_1,31,2,3.959,16.413,11.2362,90.0,90.0,90.0,True,ABX3,Ortorombik
1535031_5,20391,Ce8 Fe7.294 S20,Ce Fe S ,Pmn2_1,31,2,3.959,16.413,11.2362,90.0,90.0,90.0,True,ABX3,Ortorombik
1535031_6,20391,Ce8 Fe7.294 S20,Ce Fe S ,Pmn2_1,31,2,3.959,16.413,11.2362,90.0,90.0,90.0,True,ABX3,Ortorombik
1535031_7,20391,Ce8 Fe7.294 S20,Ce Fe S ,Pmn2_1,31,2,3.959,16.413,11.2362,90.0,90.0,90.0,True,ABX3,Ortorombik
1535031_8,20391,Ce8 Fe7.294 S20,Ce Fe S ,Pmn2_1,31,2,3.959,16.413,11.2362,90.0,90.0,90.0,True,ABX3,Ortorombik
1535031_9,20391,Ce8 Fe7.294 S20,Ce Fe S ,Pmn2_1,31,2,3.959,16.413,11.2362,90.0,90.0,90.0,True,ABX3,Ortorombik
1535031_10,20391,Ce8 Fe7.294 S20,Ce Fe S ,Pmn2_1,31,2,3.959,16.413,11.2362,90.0,90.0,90.0,True,ABX3,Ortorombik
1535031_11,20391,Ce8 Fe7.294 S20,Ce Fe S ,Pmn2_1,31,2,3.959,16.413,11.2362,90.0,90.0,90.0,True,ABX3,Ortorombik
1535031_12,20391,Ce8 Fe7.294 S20,Ce Fe S ,Pmn2_1,31,2,3.959,16.413,11.2362,90.0,90.0,90.0,True,ABX3,Ortorombik
1535031_13,20391,Ce8 Fe7.294 S20,Ce Fe S ,Pmn2_1,31,2,3.959,16.413,11.2362,90.0,90.0,90.0,True,ABX3,Ortorombik
1535031_14,20391,Ce8 Fe7.294 S20,Ce Fe S ,Pmn2_1,31,2,3.959,16.413,11.2362,90.0,90.0,90.0,True,ABX3,Ortorombik
1535031_15,20391,Ce8 Fe7.294 S20,Ce Fe S ,Pmn2_1,31,2,3.959,16.413,11.2362,90.0,90.0,90.0,True,ABX3,Ortorombik
1535031_16,20391,Ce8 Fe7.294 S20,Ce Fe S ,Pmn2_1,31,2,3.959,16.413,11.2362,90.0,90.0,90.0,True,ABX3,Ortorombik
1535031_17,20391,Ce8 Fe7.294 S20,Ce Fe S ,Pmn2_1,31,2,3.959,16.413,11.2362,90.0,90.0,90.0,True,ABX3,Ortorombik
1535031_18,20391,Ce8 Fe7.294 S20,Ce Fe S ,Pmn2_1,31,2,3.959,16.413,11.2362,90.0,90.0,90.0,True,ABX3,Ortorombik
1535031_19,20391,Ce8 Fe7.294 S20,Ce Fe S ,Pmn2_1,31,2,3.959,16.413,11.2362,90.0,90.0,90.0,True,ABX3,Ortorombik
1535031_20,20391,Ce8 Fe7.294 S20,Ce Fe S ,Pmn2_1,31,2,3.959,16.413,11.2362,90.0,90.0,90.0,True,ABX3,Ortorombik
1535031_21,20391,Ce8 Fe7.294 S20,Ce Fe S ,Pmn2_1,31,2,3.959,16.413,11.2362,90.0,90.0,90.0,True,ABX3,Ortorombik
1535031_22,20391,Ce8 Fe7.294 S20,Ce Fe S ,Pmn2_1,31,2,3.959,16.413,11.2362,90.0,90.0,90.0,True,ABX3,Ortorombik
1535031_23,20391,Ce8 Fe7.294 S20,Ce Fe S ,Pmn2_1,31,2,3.959,16.413,11.2362,90.0,90.0,90.0,True,ABX3,Ortorombik
1535031_24,20391,Ce8 Fe7.294 S20,Ce Fe S ,Pmn2_1,31,2,3.959,16.413,11.2362,90.0,90.0,90.0,True,ABX3,Ortorombik
1525701_1,20448,Na4 Mg4 H12,H Mg Na ,Pnma,62,2,5.4634,7.703,5.4108,90.0,90.0,90.0,True,ABX3,Ortorombik
1525701_2,20448,Na4 Mg4 H12,H Mg Na ,Pnma,62,2,5.4634,7.703,5.4108,90.0,90.0,90.0,True,ABX3,Ortorombik
1525701_3,20448,Na4 Mg4 H12,H Mg Na ,Pnma,62,2,5.4634,7.703,5.4108,90.0,90.0,90.0,True,ABX3,Ortorombik
1525701_4,20448,Na4 Mg4 H12,H Mg Na ,Pnma,62,2,5.4634,7.703,5.4108,90.0,90.0,90.0,True,ABX3,Ortorombik
1525701_5,20448,Na4 Mg4 H12,H Mg Na ,Pnma,62,2,5.4634,7.703,5.4108,90.0,90.0,90.0,True,ABX3,Ortorombik
1525701_6,20448,Na4 Mg4 H12,H Mg Na ,Pnma,62,2,5.4634,7.703,5.4108,90.0,90.0,90.0,True,ABX3,Ortorombik
1525701_7,20448,Na4 Mg4 H12,H Mg Na ,Pnma,62,2,5.4634,7.703,5.4108,90.0,90.0,90.0,True,ABX3,Ortorombik
1525701_8,20448,Na4 Mg4 H12,H Mg Na ,Pnma,62,2,5.4634,7.703,5.4108,90.0,90.0,90.0,True,ABX3,Ortorombik
1525701_9,20448,Na4 Mg4 H12,H Mg Na ,Pnma,62,2,5.4634,7.703,5.4108,90.0,90.0,90.0,True,ABX3,Ortorombik
1525701_10,20448,Na4 Mg4 H12,H Mg Na ,Pnma,62,2,5.4634,7.703,5.4108,90.0,90.0,90.0,True,ABX3,Ortorombik
1525701_11,20448,Na4 Mg4 H12,H Mg Na ,Pnma,62,2,5.4634,7.703,5.4108,90.0,90.0,90.0,True,ABX3,Ortorombik
1525701_12,20448,Na4 Mg4 H12,H Mg Na ,Pnma,62,2,5.4634,7.703,5.4108,90.0,90.0,90.0,True,ABX3,Ortorombik
1525701_13,20448,Na4 Mg4 H12,H Mg Na ,Pnma,62,2,5.4634,7.703,5.4108,90.0,90.0,90.0,True,ABX3,Ortorombik
1525701_14,20448,Na4 Mg4 H12,H Mg Na ,Pnma,62,2,5.4634,7.703,5.4108,90.0,90.0,90.0,True,ABX3,Ortorombik
1525701_15,20448,Na4 Mg4 H12,H Mg Na ,Pnma,62,2,5.4634,7.703,5.4108,90.0,90.0,90.0,True,ABX3,Ortorombik
1525701_16,20448,Na4 Mg4 H12,H Mg Na ,Pnma,62,2,5.4634,7.703,5.4108,90.0,90.0,90.0,True,ABX3,Ortorombik
1525701_17,20448,Na4 Mg4 H12,H Mg Na ,Pnma,62,2,5.4634,7.703,5.4108,90.0,90.0,90.0,True,ABX3,Ortorombik
1525701_18,20448,Na4 Mg4 H12,H Mg Na ,Pnma,62,2,5.4634,7.703,5.4108,90.0,90.0,90.0,True,ABX3,Ortorombik
1525701_19,20448,Na4 Mg4 H12,H Mg Na ,Pnma,62,2,5.4634,7.703,5.4108,90.0,90.0,90.0,True,ABX3,Ortorombik
1525701_20,20448,Na4 Mg4 H12,H Mg Na ,Pnma,62,2,5.4634,7.703,5.4108,90.0,90.0,90.0,True,ABX3,Ortorombik
1525701_21,20448,Na4 Mg4 H12,H Mg Na ,Pnma,62,2,5.4634,7.703,5.4108,90.0,90.0,90.0,True,ABX3,Ortorombik
1525701_22,20448,Na4 Mg4 H12,H Mg Na ,Pnma,62,2,5.4634,7.703,5.4108,90.0,90.0,90.0,True,ABX3,Ortorombik
1525701_23,20448,Na4 Mg4 H12,H Mg Na ,Pnma,62,2,5.4634,7.703,5.4108,90.0,90.0,90.0,True,ABX3,Ortorombik
1525701_24,20448,Na4 Mg4 H12,H Mg Na ,Pnma,62,2,5.4634,7.703,5.4108,90.0,90.0,90.0,True,ABX3,Ortorombik
1531806_1,20466,Gd4 Mn4 O12,Gd Mn O ,Pnma,62,2,5.866,7.431,5.318,90.0,90.0,90.0,True,ABX3,Ortorombik
1531806_2,20466,Gd4 Mn4 O12,Gd Mn O ,Pnma,62,2,5.866,7.431,5.318,90.0,90.0,90.0,True,ABX3,Ortorombik
1531806_3,20466,Gd4 Mn4 O12,Gd Mn O ,Pnma,62,2,5.866,7.431,5.318,90.0,90.0,90.0,True,ABX3,Ortorombik
1531806_4,20466,Gd4 Mn4 O12,Gd Mn O ,Pnma,62,2,5.866,7.431,5.318,90.0,90.0,90.0,True,ABX3,Ortorombik
1531806_5,20466,Gd4 Mn4 O12,Gd Mn O ,Pnma,62,2,5.866,7.431,5.318,90.0,90.0,90.0,True,ABX3,Ortorombik
1531806_6,20466,Gd4 Mn4 O12,Gd Mn O ,Pnma,62,2,5.866,7.431,5.318,90.0,90.0,90.0,True,ABX3,Ortorombik
1531806_7,20466,Gd4 Mn4 O12,Gd Mn O ,Pnma,62,2,5.866,7.431,5.318,90.0,90.0,90.0,True,ABX3,Ortorombik
1531806_8,20466,Gd4 Mn4 O12,Gd Mn O ,Pnma,62,2,5.866,7.431,5.318,90.0,90.0,90.0,True,ABX3,Ortorombik
1531806_9,20466,Gd4 Mn4 O12,Gd Mn O ,Pnma,62,2,5.866,7.431,5.318,90.0,90.0,90.0,True,ABX3,Ortorombik
1531806_10,20466,Gd4 Mn4 O12,Gd Mn O ,Pnma,62,2,5.866,7.431,5.318,90.0,90.0,90.0,True,ABX3,Ortorombik
1531806_11,20466,Gd4 Mn4 O12,Gd Mn O ,Pnma,62,2,5.866,7.431,5.318,90.0,90.0,90.0,True,ABX3,Ortorombik
1531806_12,20466,Gd4 Mn4 O12,Gd Mn O ,Pnma,62,2,5.866,7.431,5.318,90.0,90.0,90.0,True,ABX3,Ortorombik
1531806_13,20466,Gd4 Mn4 O12,Gd Mn O ,Pnma,62,2,5.866,7.431,5.318,90.0,90.0,90.0,True,ABX3,Ortorombik
1531806_14,20466,Gd4 Mn4 O12,Gd Mn O ,Pnma,62,2,5.866,7.431,5.318,90.0,90.0,90.0,True,ABX3,Ortorombik
1531806_15,20466,Gd4 Mn4 O12,Gd Mn O ,Pnma,62,2,5.866,7.431,5.318,90.0,90.0,90.0,True,ABX3,Ortorombik
1531806_16,20466,Gd4 Mn4 O12,Gd Mn O ,Pnma,62,2,5.866,7.431,5.318,90.0,90.0,90.0,True,ABX3,Ortorombik
1531806_17,20466,Gd4 Mn4 O12,Gd Mn O ,Pnma,62,2,5.866,7.431,5.318,90.0,90.0,90.0,True,ABX3,Ortorombik
1531806_18,20466,Gd4 Mn4 O12,Gd Mn O ,Pnma,62,2,5.866,7.431,5.318,90.0,90.0,90.0,True,ABX3,Ortorombik
1531806_19,20466,Gd4 Mn4 O12,Gd Mn O ,Pnma,62,2,5.866,7.431,5.318,90.0,90.0,90.0,True,ABX3,Ortorombik
1531806_20,20466,Gd4 Mn4 O12,Gd Mn O ,Pnma,62,2,5.866,7.431,5.318,90.0,90.0,90.0,True,ABX3,Ortorombik
1531806_21,20466,Gd4 Mn4 O12,Gd Mn O ,Pnma,62,2,5.866,7.431,5.318,90.0,90.0,90.0,True,ABX3,Ortorombik
1531806_22,20466,Gd4 Mn4 O12,Gd Mn O ,Pnma,62,2,5.866,7.431,5.318,90.0,90.0,90.0,True,ABX3,Ortorombik
1531806_23,20466,Gd4 Mn4 O12,Gd Mn O ,Pnma,62,2,5.866,7.431,5.318,90.0,90.0,90.0,True,ABX3,Ortorombik
1531806_24,20466,Gd4 Mn4 O12,Gd Mn O ,Pnma,62,2,5.866,7.431,5.318,90.0,90.0,90.0,True,ABX3,Ortorombik
4318004_1,20493,Tb16 Mo16 O44,Mo O Tb ,Pbam,55,2,10.7369,15.9112,5.6764,90.0,90.0,90.0,True,ABX3,Ortorombik
4318004_2,20493,Tb16 Mo16 O44,Mo O Tb ,Pbam,55,2,10.7369,15.9112,5.6764,90.0,90.0,90.0,True,ABX3,Ortorombik
4318004_3,20493,Tb16 Mo16 O44,Mo O Tb ,Pbam,55,2,10.7369,15.9112,5.6764,90.0,90.0,90.0,True,ABX3,Ortorombik
4318004_4,20493,Tb16 Mo16 O44,Mo O Tb ,Pbam,55,2,10.7369,15.9112,5.6764,90.0,90.0,90.0,True,ABX3,Ortorombik
4318004_5,20493,Tb16 Mo16 O44,Mo O Tb ,Pbam,55,2,10.7369,15.9112,5.6764,90.0,90.0,90.0,True,ABX3,Ortorombik
4318004_6,20493,Tb16 Mo16 O44,Mo O Tb ,Pbam,55,2,10.7369,15.9112,5.6764,90.0,90.0,90.0,True,ABX3,Ortorombik
4318004_7,20493,Tb16 Mo16 O44,Mo O Tb ,Pbam,55,2,10.7369,15.9112,5.6764,90.0,90.0,90.0,True,ABX3,Ortorombik
4318004_8,20493,Tb16 Mo16 O44,Mo O Tb ,Pbam,55,2,10.7369,15.9112,5.6764,90.0,90.0,90.0,True,ABX3,Ortorombik
4318004_9,20493,Tb16 Mo16 O44,Mo O Tb ,Pbam,55,2,10.7369,15.9112,5.6764,90.0,90.0,90.0,True,ABX3,Ortorombik
4318004_10,20493,Tb16 Mo16 O44,Mo O Tb ,Pbam,55,2,10.7369,15.9112,5.6764,90.0,90.0,90.0,True,ABX3,Ortorombik
4318004_11,20493,Tb16 Mo16 O44,Mo O Tb ,Pbam,55,2,10.7369,15.9112,5.6764,90.0,90.0,90.0,True,ABX3,Ortorombik
4318004_12,20493,Tb16 Mo16 O44,Mo O Tb ,Pbam,55,2,10.7369,15.9112,5.6764,90.0,90.0,90.0,True,ABX3,Ortorombik
4318004_13,20493,Tb16 Mo16 O44,Mo O Tb ,Pbam,55,2,10.7369,15.9112,5.6764,90.0,90.0,90.0,True,ABX3,Ortorombik
4318004_14,20493,Tb16 Mo16 O44,Mo O Tb ,Pbam,55,2,10.7369,15.9112,5.6764,90.0,90.0,90.0,True,ABX3,Ortorombik
4318004_15,20493,Tb16 Mo16 O44,Mo O Tb ,Pbam,55,2,10.7369,15.9112,5.6764,90.0,90.0,90.0,True,ABX3,Ortorombik
4318004_16,20493,Tb16 Mo16 O44,Mo O Tb ,Pbam,55,2,10.7369,15.9112,5.6764,90.0,90.0,90.0,True,ABX3,Ortorombik
4318004_17,20493,Tb16 Mo16 O44,Mo O Tb ,Pbam,55,2,10.7369,15.9112,5.6764,90.0,90.0,90.0,True,ABX3,Ortorombik
4318004_18,20493,Tb16 Mo16 O44,Mo O Tb ,Pbam,55,2,10.7369,15.9112,5.6764,90.0,90.0,90.0,True,ABX3,Ortorombik
4318004_19,20493,Tb16 Mo16 O44,Mo O Tb ,Pbam,55,2,10.7369,15.9112,5.6764,90.0,90.0,90.0,True,ABX3,Ortorombik
4318004_20,20493,Tb16 Mo16 O44,Mo O Tb ,Pbam,55,2,10.7369,15.9112,5.6764,90.0,90.0,90.0,True,ABX3,Ortorombik
4318004_21,20493,Tb16 Mo16 O44,Mo O Tb ,Pbam,55,2,10.7369,15.9112,5.6764,90.0,90.0,90.0,True,ABX3,Ortorombik
4318004_22,20493,Tb16 Mo16 O44,Mo O Tb ,Pbam,55,2,10.7369,15.9112,5.6764,90.0,90.0,90.0,True,ABX3,Ortorombik
4318004_23,20493,Tb16 Mo16 O44,Mo O Tb ,Pbam,55,2,10.7369,15.9112,5.6764,90.0,90.0,90.0,True,ABX3,Ortorombik
4318004_24,20493,Tb16 Mo16 O44,Mo O Tb ,Pbam,55,2,10.7369,15.9112,5.6764,90.0,90.0,90.0,True,ABX3,Ortorombik
4343862_1,20507,Ca4 Pt4 O12,Ca O Pt ,Cmcm,63,2,3.1232,9.912,7.3459,90.0,90.0,90.0,True,ABX3,Ortorombik
4343862_2,20507,Ca4 Pt4 O12,Ca O Pt ,Cmcm,63,2,3.1232,9.912,7.3459,90.0,90.0,90.0,True,ABX3,Ortorombik
4343862_3,20507,Ca4 Pt4 O12,Ca O Pt ,Cmcm,63,2,3.1232,9.912,7.3459,90.0,90.0,90.0,True,ABX3,Ortorombik
4343862_4,20507,Ca4 Pt4 O12,Ca O Pt ,Cmcm,63,2,3.1232,9.912,7.3459,90.0,90.0,90.0,True,ABX3,Ortorombik
4343862_5,20507,Ca4 Pt4 O12,Ca O Pt ,Cmcm,63,2,3.1232,9.912,7.3459,90.0,90.0,90.0,True,ABX3,Ortorombik
4343862_6,20507,Ca4 Pt4 O12,Ca O Pt ,Cmcm,63,2,3.1232,9.912,7.3459,90.0,90.0,90.0,True,ABX3,Ortorombik
4343862_7,20507,Ca4 Pt4 O12,Ca O Pt ,Cmcm,63,2,3.1232,9.912,7.3459,90.0,90.0,90.0,True,ABX3,Ortorombik
4343862_8,20507,Ca4 Pt4 O12,Ca O Pt ,Cmcm,63,2,3.1232,9.912,7.3459,90.0,90.0,90.0,True,ABX3,Ortorombik
4343862_9,20507,Ca4 Pt4 O12,Ca O Pt ,Cmcm,63,2,3.1232,9.912,7.3459,90.0,90.0,90.0,True,ABX3,Ortorombik
4343862_10,20507,Ca4 Pt4 O12,Ca O Pt ,Cmcm,63,2,3.1232,9.912,7.3459,90.0,90.0,90.0,True,ABX3,Ortorombik
4343862_11,20507,Ca4 Pt4 O12,Ca O Pt ,Cmcm,63,2,3.1232,9.912,7.3459,90.0,90.0,90.0,True,ABX3,Ortorombik
4343862_12,20507,Ca4 Pt4 O12,Ca O Pt ,Cmcm,63,2,3.1232,9.912,7.3459,90.0,90.0,90.0,True,ABX3,Ortorombik
4343862_13,20507,Ca4 Pt4 O12,Ca O Pt ,Cmcm,63,2,3.1232,9.912,7.3459,90.0,90.0,90.0,True,ABX3,Ortorombik
4343862_14,20507,Ca4 Pt4 O12,Ca O Pt ,Cmcm,63,2,3.1232,9.912,7.3459,90.0,90.0,90.0,True,ABX3,Ortorombik
4343862_15,20507,Ca4 Pt4 O12,Ca O Pt ,Cmcm,63,2,3.1232,9.912,7.3459,90.0,90.0,90.0,True,ABX3,Ortorombik
4343862_16,20507,Ca4 Pt4 O12,Ca O Pt ,Cmcm,63,2,3.1232,9.912,7.3459,90.0,90.0,90.0,True,ABX3,Ortorombik
4343862_17,20507,Ca4 Pt4 O12,Ca O Pt ,Cmcm,63,2,3.1232,9.912,7.3459,90.0,90.0,90.0,True,ABX3,Ortorombik
4343862_18,20507,Ca4 Pt4 O12,Ca O Pt ,Cmcm,63,2,3.1232,9.912,7.3459,90.0,90.0,90.0,True,ABX3,Ortorombik
4343862_19,20507,Ca4 Pt4 O12,Ca O Pt ,Cmcm,63,2,3.1232,9.912,7.3459,90.0,90.0,90.0,True,ABX3,Ortorombik
4343862_20,20507,Ca4 Pt4 O12,Ca O Pt ,Cmcm,63,2,3.1232,9.912,7.3459,90.0,90.0,90.0,True,ABX3,Ortorombik
4343862_21,20507,Ca4 Pt4 O12,Ca O Pt ,Cmcm,63,2,3.1232,9.912,7.3459,90.0,90.0,90.0,True,ABX3,Ortorombik
4343862_22,20507,Ca4 Pt4 O12,Ca O Pt ,Cmcm,63,2,3.1232,9.912,7.3459,90.0,90.0,90.0,True,ABX3,Ortorombik
4343862_23,20507,Ca4 Pt4 O12,Ca O Pt ,Cmcm,63,2,3.1232,9.912,7.3459,90.0,90.0,90.0,True,ABX3,Ortorombik
4343862_24,20507,Ca4 Pt4 O12,Ca O Pt ,Cmcm,63,2,3.1232,9.912,7.3459,90.0,90.0,90.0,True,ABX3,Ortorombik
1562485_1,20547,Rb16 Sn16 F48,F Rb Sn ,P2_1/c,14,5,8.2329,13.58,14.916,90.0,98.01,90.0,True,ABX3,Monoklinik
1562485_2,20547,Rb16 Sn16 F48,F Rb Sn ,P2_1/c,14,5,8.2329,13.58,14.916,90.0,98.01,90.0,True,ABX3,Monoklinik
1562485_3,20547,Rb16 Sn16 F48,F Rb Sn ,P2_1/c,14,5,8.2329,13.58,14.916,90.0,98.01,90.0,True,ABX3,Monoklinik
1562485_4,20547,Rb16 Sn16 F48,F Rb Sn ,P2_1/c,14,5,8.2329,13.58,14.916,90.0,98.01,90.0,True,ABX3,Monoklinik
1562485_5,20547,Rb16 Sn16 F48,F Rb Sn ,P2_1/c,14,5,8.2329,13.58,14.916,90.0,98.01,90.0,True,ABX3,Monoklinik
1562485_6,20547,Rb16 Sn16 F48,F Rb Sn ,P2_1/c,14,5,8.2329,13.58,14.916,90.0,98.01,90.0,True,ABX3,Monoklinik
1562485_7,20547,Rb16 Sn16 F48,F Rb Sn ,P2_1/c,14,5,8.2329,13.58,14.916,90.0,98.01,90.0,True,ABX3,Monoklinik
1562485_8,20547,Rb16 Sn16 F48,F Rb Sn ,P2_1/c,14,5,8.2329,13.58,14.916,90.0,98.01,90.0,True,ABX3,Monoklinik
1562485_9,20547,Rb16 Sn16 F48,F Rb Sn ,P2_1/c,14,5,8.2329,13.58,14.916,90.0,98.01,90.0,True,ABX3,Monoklinik
1562485_10,20547,Rb16 Sn16 F48,F Rb Sn ,P2_1/c,14,5,8.2329,13.58,14.916,90.0,98.01,90.0,True,ABX3,Monoklinik
1562485_11,20547,Rb16 Sn16 F48,F Rb Sn ,P2_1/c,14,5,8.2329,13.58,14.916,90.0,98.01,90.0,True,ABX3,Monoklinik
1562485_12,20547,Rb16 Sn16 F48,F Rb Sn ,P2_1/c,14,5,8.2329,13.58,14.916,90.0,98.01,90.0,True,ABX3,Monoklinik
1562485_13,20547,Rb16 Sn16 F48,F Rb Sn ,P2_1/c,14,5,8.2329,13.58,14.916,90.0,98.01,90.0,True,ABX3,Monoklinik
1562485_14,20547,Rb16 Sn16 F48,F Rb Sn ,P2_1/c,14,5,8.2329,13.58,14.916,90.0,98.01,90.0,True,ABX3,Monoklinik
1562485_15,20547,Rb16 Sn16 F48,F Rb Sn ,P2_1/c,14,5,8.2329,13.58,14.916,90.0,98.01,90.0,True,ABX3,Monoklinik
1562485_16,20547,Rb16 Sn16 F48,F Rb Sn ,P2_1/c,14,5,8.2329,13.58,14.916,90.0,98.01,90.0,True,ABX3,Monoklinik
1562485_17,20547,Rb16 Sn16 F48,F Rb Sn ,P2_1/c,14,5,8.2329,13.58,14.916,90.0,98.01,90.0,True,ABX3,Monoklinik
1562485_18,20547,Rb16 Sn16 F48,F Rb Sn ,P2_1/c,14,5,8.2329,13.58,14.916,90.0,98.01,90.0,True,ABX3,Monoklinik
1562485_19,20547,Rb16 Sn16 F48,F Rb Sn ,P2_1/c,14,5,8.2329,13.58,14.916,90.0,98.01,90.0,True,ABX3,Monoklinik
1562485_20,20547,Rb16 Sn16 F48,F Rb Sn ,P2_1/c,14,5,8.2329,13.58,14.916,90.0,98.01,90.0,True,ABX3,Monoklinik
1562485_21,20547,Rb16 Sn16 F48,F Rb Sn ,P2_1/c,14,5,8.2329,13.58,14.916,90.0,98.01,90.0,True,ABX3,Monoklinik
1562485_22,20547,Rb16 Sn16 F48,F Rb Sn ,P2_1/c,14,5,8.2329,13.58,14.916,90.0,98.01,90.0,True,ABX3,Monoklinik
1562485_23,20547,Rb16 Sn16 F48,F Rb Sn ,P2_1/c,14,5,8.2329,13.58,14.916,90.0,98.01,90.0,True,ABX3,Monoklinik
1562485_24,20547,Rb16 Sn16 F48,F Rb Sn ,P2_1/c,14,5,8.2329,13.58,14.916,90.0,98.01,90.0,True,ABX3,Monoklinik
1539552_1,20549,Gd4 Sc4 O12,Gd O Sc ,Pnma,62,2,5.742,7.926,5.482,90.0,90.0,90.0,True,ABX3,Ortorombik
1539552_2,20549,Gd4 Sc4 O12,Gd O Sc ,Pnma,62,2,5.742,7.926,5.482,90.0,90.0,90.0,True,ABX3,Ortorombik
1539552_3,20549,Gd4 Sc4 O12,Gd O Sc ,Pnma,62,2,5.742,7.926,5.482,90.0,90.0,90.0,True,ABX3,Ortorombik
1539552_4,20549,Gd4 Sc4 O12,Gd O Sc ,Pnma,62,2,5.742,7.926,5.482,90.0,90.0,90.0,True,ABX3,Ortorombik
1539552_5,20549,Gd4 Sc4 O12,Gd O Sc ,Pnma,62,2,5.742,7.926,5.482,90.0,90.0,90.0,True,ABX3,Ortorombik
1539552_6,20549,Gd4 Sc4 O12,Gd O Sc ,Pnma,62,2,5.742,7.926,5.482,90.0,90.0,90.0,True,ABX3,Ortorombik
1539552_7,20549,Gd4 Sc4 O12,Gd O Sc ,Pnma,62,2,5.742,7.926,5.482,90.0,90.0,90.0,True,ABX3,Ortorombik
1539552_8,20549,Gd4 Sc4 O12,Gd O Sc ,Pnma,62,2,5.742,7.926,5.482,90.0,90.0,90.0,True,ABX3,Ortorombik
1539552_9,20549,Gd4 Sc4 O12,Gd O Sc ,Pnma,62,2,5.742,7.926,5.482,90.0,90.0,90.0,True,ABX3,Ortorombik
1539552_10,20549,Gd4 Sc4 O12,Gd O Sc ,Pnma,62,2,5.742,7.926,5.482,90.0,90.0,90.0,True,ABX3,Ortorombik
1539552_11,20549,Gd4 Sc4 O12,Gd O Sc ,Pnma,62,2,5.742,7.926,5.482,90.0,90.0,90.0,True,ABX3,Ortorombik
1539552_12,20549,Gd4 Sc4 O12,Gd O Sc ,Pnma,62,2,5.742,7.926,5.482,90.0,90.0,90.0,True,ABX3,Ortorombik
1539552_13,20549,Gd4 Sc4 O12,Gd O Sc ,Pnma,62,2,5.742,7.926,5.482,90.0,90.0,90.0,True,ABX3,Ortorombik
1539552_14,20549,Gd4 Sc4 O12,Gd O Sc ,Pnma,62,2,5.742,7.926,5.482,90.0,90.0,90.0,True,ABX3,Ortorombik
1539552_15,20549,Gd4 Sc4 O12,Gd O Sc ,Pnma,62,2,5.742,7.926,5.482,90.0,90.0,90.0,True,ABX3,Ortorombik
1539552_16,20549,Gd4 Sc4 O12,Gd O Sc ,Pnma,62,2,5.742,7.926,5.482,90.0,90.0,90.0,True,ABX3,Ortorombik
1539552_17,20549,Gd4 Sc4 O12,Gd O Sc ,Pnma,62,2,5.742,7.926,5.482,90.0,90.0,90.0,True,ABX3,Ortorombik
1539552_18,20549,Gd4 Sc4 O12,Gd O Sc ,Pnma,62,2,5.742,7.926,5.482,90.0,90.0,90.0,True,ABX3,Ortorombik
1539552_19,20549,Gd4 Sc4 O12,Gd O Sc ,Pnma,62,2,5.742,7.926,5.482,90.0,90.0,90.0,True,ABX3,Ortorombik
1539552_20,20549,Gd4 Sc4 O12,Gd O Sc ,Pnma,62,2,5.742,7.926,5.482,90.0,90.0,90.0,True,ABX3,Ortorombik
1539552_21,20549,Gd4 Sc4 O12,Gd O Sc ,Pnma,62,2,5.742,7.926,5.482,90.0,90.0,90.0,True,ABX3,Ortorombik
1539552_22,20549,Gd4 Sc4 O12,Gd O Sc ,Pnma,62,2,5.742,7.926,5.482,90.0,90.0,90.0,True,ABX3,Ortorombik
1539552_23,20549,Gd4 Sc4 O12,Gd O Sc ,Pnma,62,2,5.742,7.926,5.482,90.0,90.0,90.0,True,ABX3,Ortorombik
1539552_24,20549,Gd4 Sc4 O12,Gd O Sc ,Pnma,62,2,5.742,7.926,5.482,90.0,90.0,90.0,True,ABX3,Ortorombik
1537753_1,20560,U4 Rh4 S12,Rh S U ,Pnma,62,2,7.119,8.618,5.978,90.0,90.0,90.0,True,ABX3,Ortorombik
1537753_2,20560,U4 Rh4 S12,Rh S U ,Pnma,62,2,7.119,8.618,5.978,90.0,90.0,90.0,True,ABX3,Ortorombik
1537753_3,20560,U4 Rh4 S12,Rh S U ,Pnma,62,2,7.119,8.618,5.978,90.0,90.0,90.0,True,ABX3,Ortorombik
1537753_4,20560,U4 Rh4 S12,Rh S U ,Pnma,62,2,7.119,8.618,5.978,90.0,90.0,90.0,True,ABX3,Ortorombik
1537753_5,20560,U4 Rh4 S12,Rh S U ,Pnma,62,2,7.119,8.618,5.978,90.0,90.0,90.0,True,ABX3,Ortorombik
1537753_6,20560,U4 Rh4 S12,Rh S U ,Pnma,62,2,7.119,8.618,5.978,90.0,90.0,90.0,True,ABX3,Ortorombik
1537753_7,20560,U4 Rh4 S12,Rh S U ,Pnma,62,2,7.119,8.618,5.978,90.0,90.0,90.0,True,ABX3,Ortorombik
1537753_8,20560,U4 Rh4 S12,Rh S U ,Pnma,62,2,7.119,8.618,5.978,90.0,90.0,90.0,True,ABX3,Ortorombik
1537753_9,20560,U4 Rh4 S12,Rh S U ,Pnma,62,2,7.119,8.618,5.978,90.0,90.0,90.0,True,ABX3,Ortorombik
1537753_10,20560,U4 Rh4 S12,Rh S U ,Pnma,62,2,7.119,8.618,5.978,90.0,90.0,90.0,True,ABX3,Ortorombik
1537753_11,20560,U4 Rh4 S12,Rh S U ,Pnma,62,2,7.119,8.618,5.978,90.0,90.0,90.0,True,ABX3,Ortorombik
1537753_12,20560,U4 Rh4 S12,Rh S U ,Pnma,62,2,7.119,8.618,5.978,90.0,90.0,90.0,True,ABX3,Ortorombik
1537753_13,20560,U4 Rh4 S12,Rh S U ,Pnma,62,2,7.119,8.618,5.978,90.0,90.0,90.0,True,ABX3,Ortorombik
1537753_14,20560,U4 Rh4 S12,Rh S U ,Pnma,62,2,7.119,8.618,5.978,90.0,90.0,90.0,True,ABX3,Ortorombik
1537753_15,20560,U4 Rh4 S12,Rh S U ,Pnma,62,2,7.119,8.618,5.978,90.0,90.0,90.0,True,ABX3,Ortorombik
1537753_16,20560,U4 Rh4 S12,Rh S U ,Pnma,62,2,7.119,8.618,5.978,90.0,90.0,90.0,True,ABX3,Ortorombik
1537753_17,20560,U4 Rh4 S12,Rh S U ,Pnma,62,2,7.119,8.618,5.978,90.0,90.0,90.0,True,ABX3,Ortorombik
1537753_18,20560,U4 Rh4 S12,Rh S U ,Pnma,62,2,7.119,8.618,5.978,90.0,90.0,90.0,True,ABX3,Ortorombik
1537753_19,20560,U4 Rh4 S12,Rh S U ,Pnma,62,2,7.119,8.618,5.978,90.0,90.0,90.0,True,ABX3,Ortorombik
1537753_20,20560,U4 Rh4 S12,Rh S U ,Pnma,62,2,7.119,8.618,5.978,90.0,90.0,90.0,True,ABX3,Ortorombik
1537753_21,20560,U4 Rh4 S12,Rh S U ,Pnma,62,2,7.119,8.618,5.978,90.0,90.0,90.0,True,ABX3,Ortorombik
1537753_22,20560,U4 Rh4 S12,Rh S U ,Pnma,62,2,7.119,8.618,5.978,90.0,90.0,90.0,True,ABX3,Ortorombik
1537753_23,20560,U4 Rh4 S12,Rh S U ,Pnma,62,2,7.119,8.618,5.978,90.0,90.0,90.0,True,ABX3,Ortorombik
1537753_24,20560,U4 Rh4 S12,Rh S U ,Pnma,62,2,7.119,8.618,5.978,90.0,90.0,90.0,True,ABX3,Ortorombik
7221403_1,20629,Er4 Co4 O12,Co Er O ,Pnma,62,2,5.1212,5.4191,7.3519,90.0,90.0,90.0,True,ABX3,Ortorombik
7221403_2,20629,Er4 Co4 O12,Co Er O ,Pnma,62,2,5.1212,5.4191,7.3519,90.0,90.0,90.0,True,ABX3,Ortorombik
7221403_3,20629,Er4 Co4 O12,Co Er O ,Pnma,62,2,5.1212,5.4191,7.3519,90.0,90.0,90.0,True,ABX3,Ortorombik
7221403_4,20629,Er4 Co4 O12,Co Er O ,Pnma,62,2,5.1212,5.4191,7.3519,90.0,90.0,90.0,True,ABX3,Ortorombik
7221403_5,20629,Er4 Co4 O12,Co Er O ,Pnma,62,2,5.1212,5.4191,7.3519,90.0,90.0,90.0,True,ABX3,Ortorombik
7221403_6,20629,Er4 Co4 O12,Co Er O ,Pnma,62,2,5.1212,5.4191,7.3519,90.0,90.0,90.0,True,ABX3,Ortorombik
7221403_7,20629,Er4 Co4 O12,Co Er O ,Pnma,62,2,5.1212,5.4191,7.3519,90.0,90.0,90.0,True,ABX3,Ortorombik
7221403_8,20629,Er4 Co4 O12,Co Er O ,Pnma,62,2,5.1212,5.4191,7.3519,90.0,90.0,90.0,True,ABX3,Ortorombik
7221403_9,20629,Er4 Co4 O12,Co Er O ,Pnma,62,2,5.1212,5.4191,7.3519,90.0,90.0,90.0,True,ABX3,Ortorombik
7221403_10,20629,Er4 Co4 O12,Co Er O ,Pnma,62,2,5.1212,5.4191,7.3519,90.0,90.0,90.0,True,ABX3,Ortorombik
7221403_11,20629,Er4 Co4 O12,Co Er O ,Pnma,62,2,5.1212,5.4191,7.3519,90.0,90.0,90.0,True,ABX3,Ortorombik
7221403_12,20629,Er4 Co4 O12,Co Er O ,Pnma,62,2,5.1212,5.4191,7.3519,90.0,90.0,90.0,True,ABX3,Ortorombik
7221403_13,20629,Er4 Co4 O12,Co Er O ,Pnma,62,2,5.1212,5.4191,7.3519,90.0,90.0,90.0,True,ABX3,Ortorombik
7221403_14,20629,Er4 Co4 O12,Co Er O ,Pnma,62,2,5.1212,5.4191,7.3519,90.0,90.0,90.0,True,ABX3,Ortorombik
7221403_15,20629,Er4 Co4 O12,Co Er O ,Pnma,62,2,5.1212,5.4191,7.3519,90.0,90.0,90.0,True,ABX3,Ortorombik
7221403_16,20629,Er4 Co4 O12,Co Er O ,Pnma,62,2,5.1212,5.4191,7.3519,90.0,90.0,90.0,True,ABX3,Ortorombik
7221403_17,20629,Er4 Co4 O12,Co Er O ,Pnma,62,2,5.1212,5.4191,7.3519,90.0,90.0,90.0,True,ABX3,Ortorombik
7221403_18,20629,Er4 Co4 O12,Co Er O ,Pnma,62,2,5.1212,5.4191,7.3519,90.0,90.0,90.0,True,ABX3,Ortorombik
7221403_19,20629,Er4 Co4 O12,Co Er O ,Pnma,62,2,5.1212,5.4191,7.3519,90.0,90.0,90.0,True,ABX3,Ortorombik
7221403_20,20629,Er4 Co4 O12,Co Er O ,Pnma,62,2,5.1212,5.4191,7.3519,90.0,90.0,90.0,True,ABX3,Ortorombik
7221403_21,20629,Er4 Co4 O12,Co Er O ,Pnma,62,2,5.1212,5.4191,7.3519,90.0,90.0,90.0,True,ABX3,Ortorombik
7221403_22,20629,Er4 Co4 O12,Co Er O ,Pnma,62,2,5.1212,5.4191,7.3519,90.0,90.0,90.0,True,ABX3,Ortorombik
7221403_23,20629,Er4 Co4 O12,Co Er O ,Pnma,62,2,5.1212,5.4191,7.3519,90.0,90.0,90.0,True,ABX3,Ortorombik
7221403_24,20629,Er4 Co4 O12,Co Er O ,Pnma,62,2,5.1212,5.4191,7.3519,90.0,90.0,90.0,True,ABX3,Ortorombik
8103459_1,20630,La2 B2 O6,B La O ,P2_1/m,11,5,6.347999999999999,5.084,4.186,90.0,107.89,90.0,True,ABX3,Monoklinik
8103459_2,20630,La2 B2 O6,B La O ,P2_1/m,11,5,6.347999999999999,5.084,4.186,90.0,107.89,90.0,True,ABX3,Monoklinik
8103459_3,20630,La2 B2 O6,B La O ,P2_1/m,11,5,6.347999999999999,5.084,4.186,90.0,107.89,90.0,True,ABX3,Monoklinik
8103459_4,20630,La2 B2 O6,B La O ,P2_1/m,11,5,6.347999999999999,5.084,4.186,90.0,107.89,90.0,True,ABX3,Monoklinik
8103459_5,20630,La2 B2 O6,B La O ,P2_1/m,11,5,6.347999999999999,5.084,4.186,90.0,107.89,90.0,True,ABX3,Monoklinik
8103459_6,20630,La2 B2 O6,B La O ,P2_1/m,11,5,6.347999999999999,5.084,4.186,90.0,107.89,90.0,True,ABX3,Monoklinik
8103459_7,20630,La2 B2 O6,B La O ,P2_1/m,11,5,6.347999999999999,5.084,4.186,90.0,107.89,90.0,True,ABX3,Monoklinik
8103459_8,20630,La2 B2 O6,B La O ,P2_1/m,11,5,6.347999999999999,5.084,4.186,90.0,107.89,90.0,True,ABX3,Monoklinik
8103459_9,20630,La2 B2 O6,B La O ,P2_1/m,11,5,6.347999999999999,5.084,4.186,90.0,107.89,90.0,True,ABX3,Monoklinik
8103459_10,20630,La2 B2 O6,B La O ,P2_1/m,11,5,6.347999999999999,5.084,4.186,90.0,107.89,90.0,True,ABX3,Monoklinik
8103459_11,20630,La2 B2 O6,B La O ,P2_1/m,11,5,6.347999999999999,5.084,4.186,90.0,107.89,90.0,True,ABX3,Monoklinik
8103459_12,20630,La2 B2 O6,B La O ,P2_1/m,11,5,6.347999999999999,5.084,4.186,90.0,107.89,90.0,True,ABX3,Monoklinik
8103459_13,20630,La2 B2 O6,B La O ,P2_1/m,11,5,6.347999999999999,5.084,4.186,90.0,107.89,90.0,True,ABX3,Monoklinik
8103459_14,20630,La2 B2 O6,B La O ,P2_1/m,11,5,6.347999999999999,5.084,4.186,90.0,107.89,90.0,True,ABX3,Monoklinik
8103459_15,20630,La2 B2 O6,B La O ,P2_1/m,11,5,6.347999999999999,5.084,4.186,90.0,107.89,90.0,True,ABX3,Monoklinik
8103459_16,20630,La2 B2 O6,B La O ,P2_1/m,11,5,6.347999999999999,5.084,4.186,90.0,107.89,90.0,True,ABX3,Monoklinik
8103459_17,20630,La2 B2 O6,B La O ,P2_1/m,11,5,6.347999999999999,5.084,4.186,90.0,107.89,90.0,True,ABX3,Monoklinik
8103459_18,20630,La2 B2 O6,B La O ,P2_1/m,11,5,6.347999999999999,5.084,4.186,90.0,107.89,90.0,True,ABX3,Monoklinik
8103459_19,20630,La2 B2 O6,B La O ,P2_1/m,11,5,6.347999999999999,5.084,4.186,90.0,107.89,90.0,True,ABX3,Monoklinik
8103459_20,20630,La2 B2 O6,B La O ,P2_1/m,11,5,6.347999999999999,5.084,4.186,90.0,107.89,90.0,True,ABX3,Monoklinik
8103459_21,20630,La2 B2 O6,B La O ,P2_1/m,11,5,6.347999999999999,5.084,4.186,90.0,107.89,90.0,True,ABX3,Monoklinik
8103459_22,20630,La2 B2 O6,B La O ,P2_1/m,11,5,6.347999999999999,5.084,4.186,90.0,107.89,90.0,True,ABX3,Monoklinik
8103459_23,20630,La2 B2 O6,B La O ,P2_1/m,11,5,6.347999999999999,5.084,4.186,90.0,107.89,90.0,True,ABX3,Monoklinik
8103459_24,20630,La2 B2 O6,B La O ,P2_1/m,11,5,6.347999999999999,5.084,4.186,90.0,107.89,90.0,True,ABX3,Monoklinik
7011333_1,20662,Sr4 B4 O12,B O Sr ,Pnma,62,2,6.991,5.707,6.952,90.0,90.0,90.0,True,ABX3,Ortorombik
7011333_2,20662,Sr4 B4 O12,B O Sr ,Pnma,62,2,6.991,5.707,6.952,90.0,90.0,90.0,True,ABX3,Ortorombik
7011333_3,20662,Sr4 B4 O12,B O Sr ,Pnma,62,2,6.991,5.707,6.952,90.0,90.0,90.0,True,ABX3,Ortorombik
7011333_4,20662,Sr4 B4 O12,B O Sr ,Pnma,62,2,6.991,5.707,6.952,90.0,90.0,90.0,True,ABX3,Ortorombik
7011333_5,20662,Sr4 B4 O12,B O Sr ,Pnma,62,2,6.991,5.707,6.952,90.0,90.0,90.0,True,ABX3,Ortorombik
7011333_6,20662,Sr4 B4 O12,B O Sr ,Pnma,62,2,6.991,5.707,6.952,90.0,90.0,90.0,True,ABX3,Ortorombik
7011333_7,20662,Sr4 B4 O12,B O Sr ,Pnma,62,2,6.991,5.707,6.952,90.0,90.0,90.0,True,ABX3,Ortorombik
7011333_8,20662,Sr4 B4 O12,B O Sr ,Pnma,62,2,6.991,5.707,6.952,90.0,90.0,90.0,True,ABX3,Ortorombik
7011333_9,20662,Sr4 B4 O12,B O Sr ,Pnma,62,2,6.991,5.707,6.952,90.0,90.0,90.0,True,ABX3,Ortorombik
7011333_10,20662,Sr4 B4 O12,B O Sr ,Pnma,62,2,6.991,5.707,6.952,90.0,90.0,90.0,True,ABX3,Ortorombik
7011333_11,20662,Sr4 B4 O12,B O Sr ,Pnma,62,2,6.991,5.707,6.952,90.0,90.0,90.0,True,ABX3,Ortorombik
7011333_12,20662,Sr4 B4 O12,B O Sr ,Pnma,62,2,6.991,5.707,6.952,90.0,90.0,90.0,True,ABX3,Ortorombik
7011333_13,20662,Sr4 B4 O12,B O Sr ,Pnma,62,2,6.991,5.707,6.952,90.0,90.0,90.0,True,ABX3,Ortorombik
7011333_14,20662,Sr4 B4 O12,B O Sr ,Pnma,62,2,6.991,5.707,6.952,90.0,90.0,90.0,True,ABX3,Ortorombik
7011333_15,20662,Sr4 B4 O12,B O Sr ,Pnma,62,2,6.991,5.707,6.952,90.0,90.0,90.0,True,ABX3,Ortorombik
7011333_16,20662,Sr4 B4 O12,B O Sr ,Pnma,62,2,6.991,5.707,6.952,90.0,90.0,90.0,True,ABX3,Ortorombik
7011333_17,20662,Sr4 B4 O12,B O Sr ,Pnma,62,2,6.991,5.707,6.952,90.0,90.0,90.0,True,ABX3,Ortorombik
7011333_18,20662,Sr4 B4 O12,B O Sr ,Pnma,62,2,6.991,5.707,6.952,90.0,90.0,90.0,True,ABX3,Ortorombik
7011333_19,20662,Sr4 B4 O12,B O Sr ,Pnma,62,2,6.991,5.707,6.952,90.0,90.0,90.0,True,ABX3,Ortorombik
7011333_20,20662,Sr4 B4 O12,B O Sr ,Pnma,62,2,6.991,5.707,6.952,90.0,90.0,90.0,True,ABX3,Ortorombik
7011333_21,20662,Sr4 B4 O12,B O Sr ,Pnma,62,2,6.991,5.707,6.952,90.0,90.0,90.0,True,ABX3,Ortorombik
7011333_22,20662,Sr4 B4 O12,B O Sr ,Pnma,62,2,6.991,5.707,6.952,90.0,90.0,90.0,True,ABX3,Ortorombik
7011333_23,20662,Sr4 B4 O12,B O Sr ,Pnma,62,2,6.991,5.707,6.952,90.0,90.0,90.0,True,ABX3,Ortorombik
7011333_24,20662,Sr4 B4 O12,B O Sr ,Pnma,62,2,6.991,5.707,6.952,90.0,90.0,90.0,True,ABX3,Ortorombik
2003124_1,20726,Nd4 Fe4 O12,Fe Nd O ,Pnma,62,2,5.5887,7.7619,5.4489,90.0,90.0,90.0,True,ABX3,Ortorombik
2003124_2,20726,Nd4 Fe4 O12,Fe Nd O ,Pnma,62,2,5.5887,7.7619,5.4489,90.0,90.0,90.0,True,ABX3,Ortorombik
2003124_3,20726,Nd4 Fe4 O12,Fe Nd O ,Pnma,62,2,5.5887,7.7619,5.4489,90.0,90.0,90.0,True,ABX3,Ortorombik
2003124_4,20726,Nd4 Fe4 O12,Fe Nd O ,Pnma,62,2,5.5887,7.7619,5.4489,90.0,90.0,90.0,True,ABX3,Ortorombik
2003124_5,20726,Nd4 Fe4 O12,Fe Nd O ,Pnma,62,2,5.5887,7.7619,5.4489,90.0,90.0,90.0,True,ABX3,Ortorombik
2003124_6,20726,Nd4 Fe4 O12,Fe Nd O ,Pnma,62,2,5.5887,7.7619,5.4489,90.0,90.0,90.0,True,ABX3,Ortorombik
2003124_7,20726,Nd4 Fe4 O12,Fe Nd O ,Pnma,62,2,5.5887,7.7619,5.4489,90.0,90.0,90.0,True,ABX3,Ortorombik
2003124_8,20726,Nd4 Fe4 O12,Fe Nd O ,Pnma,62,2,5.5887,7.7619,5.4489,90.0,90.0,90.0,True,ABX3,Ortorombik
2003124_9,20726,Nd4 Fe4 O12,Fe Nd O ,Pnma,62,2,5.5887,7.7619,5.4489,90.0,90.0,90.0,True,ABX3,Ortorombik
2003124_10,20726,Nd4 Fe4 O12,Fe Nd O ,Pnma,62,2,5.5887,7.7619,5.4489,90.0,90.0,90.0,True,ABX3,Ortorombik
2003124_11,20726,Nd4 Fe4 O12,Fe Nd O ,Pnma,62,2,5.5887,7.7619,5.4489,90.0,90.0,90.0,True,ABX3,Ortorombik
2003124_12,20726,Nd4 Fe4 O12,Fe Nd O ,Pnma,62,2,5.5887,7.7619,5.4489,90.0,90.0,90.0,True,ABX3,Ortorombik
2003124_13,20726,Nd4 Fe4 O12,Fe Nd O ,Pnma,62,2,5.5887,7.7619,5.4489,90.0,90.0,90.0,True,ABX3,Ortorombik
2003124_14,20726,Nd4 Fe4 O12,Fe Nd O ,Pnma,62,2,5.5887,7.7619,5.4489,90.0,90.0,90.0,True,ABX3,Ortorombik
2003124_15,20726,Nd4 Fe4 O12,Fe Nd O ,Pnma,62,2,5.5887,7.7619,5.4489,90.0,90.0,90.0,True,ABX3,Ortorombik
2003124_16,20726,Nd4 Fe4 O12,Fe Nd O ,Pnma,62,2,5.5887,7.7619,5.4489,90.0,90.0,90.0,True,ABX3,Ortorombik
2003124_17,20726,Nd4 Fe4 O12,Fe Nd O ,Pnma,62,2,5.5887,7.7619,5.4489,90.0,90.0,90.0,True,ABX3,Ortorombik
2003124_18,20726,Nd4 Fe4 O12,Fe Nd O ,Pnma,62,2,5.5887,7.7619,5.4489,90.0,90.0,90.0,True,ABX3,Ortorombik
2003124_19,20726,Nd4 Fe4 O12,Fe Nd O ,Pnma,62,2,5.5887,7.7619,5.4489,90.0,90.0,90.0,True,ABX3,Ortorombik
2003124_20,20726,Nd4 Fe4 O12,Fe Nd O ,Pnma,62,2,5.5887,7.7619,5.4489,90.0,90.0,90.0,True,ABX3,Ortorombik
2003124_21,20726,Nd4 Fe4 O12,Fe Nd O ,Pnma,62,2,5.5887,7.7619,5.4489,90.0,90.0,90.0,True,ABX3,Ortorombik
2003124_22,20726,Nd4 Fe4 O12,Fe Nd O ,Pnma,62,2,5.5887,7.7619,5.4489,90.0,90.0,90.0,True,ABX3,Ortorombik
2003124_23,20726,Nd4 Fe4 O12,Fe Nd O ,Pnma,62,2,5.5887,7.7619,5.4489,90.0,90.0,90.0,True,ABX3,Ortorombik
2003124_24,20726,Nd4 Fe4 O12,Fe Nd O ,Pnma,62,2,5.5887,7.7619,5.4489,90.0,90.0,90.0,True,ABX3,Ortorombik
4117959_1,20828,Cs4 Sn4 I12,Cs I Sn ,Pnma,62,2,8.6885,12.3775,8.6384,90.0,90.0,90.0,True,ABX3,Ortorombik
4117959_2,20828,Cs4 Sn4 I12,Cs I Sn ,Pnma,62,2,8.6885,12.3775,8.6384,90.0,90.0,90.0,True,ABX3,Ortorombik
4117959_3,20828,Cs4 Sn4 I12,Cs I Sn ,Pnma,62,2,8.6885,12.3775,8.6384,90.0,90.0,90.0,True,ABX3,Ortorombik
4117959_4,20828,Cs4 Sn4 I12,Cs I Sn ,Pnma,62,2,8.6885,12.3775,8.6384,90.0,90.0,90.0,True,ABX3,Ortorombik
4117959_5,20828,Cs4 Sn4 I12,Cs I Sn ,Pnma,62,2,8.6885,12.3775,8.6384,90.0,90.0,90.0,True,ABX3,Ortorombik
4117959_6,20828,Cs4 Sn4 I12,Cs I Sn ,Pnma,62,2,8.6885,12.3775,8.6384,90.0,90.0,90.0,True,ABX3,Ortorombik
4117959_7,20828,Cs4 Sn4 I12,Cs I Sn ,Pnma,62,2,8.6885,12.3775,8.6384,90.0,90.0,90.0,True,ABX3,Ortorombik
4117959_8,20828,Cs4 Sn4 I12,Cs I Sn ,Pnma,62,2,8.6885,12.3775,8.6384,90.0,90.0,90.0,True,ABX3,Ortorombik
4117959_9,20828,Cs4 Sn4 I12,Cs I Sn ,Pnma,62,2,8.6885,12.3775,8.6384,90.0,90.0,90.0,True,ABX3,Ortorombik
4117959_10,20828,Cs4 Sn4 I12,Cs I Sn ,Pnma,62,2,8.6885,12.3775,8.6384,90.0,90.0,90.0,True,ABX3,Ortorombik
4117959_11,20828,Cs4 Sn4 I12,Cs I Sn ,Pnma,62,2,8.6885,12.3775,8.6384,90.0,90.0,90.0,True,ABX3,Ortorombik
4117959_12,20828,Cs4 Sn4 I12,Cs I Sn ,Pnma,62,2,8.6885,12.3775,8.6384,90.0,90.0,90.0,True,ABX3,Ortorombik
4117959_13,20828,Cs4 Sn4 I12,Cs I Sn ,Pnma,62,2,8.6885,12.3775,8.6384,90.0,90.0,90.0,True,ABX3,Ortorombik
4117959_14,20828,Cs4 Sn4 I12,Cs I Sn ,Pnma,62,2,8.6885,12.3775,8.6384,90.0,90.0,90.0,True,ABX3,Ortorombik
4117959_15,20828,Cs4 Sn4 I12,Cs I Sn ,Pnma,62,2,8.6885,12.3775,8.6384,90.0,90.0,90.0,True,ABX3,Ortorombik
4117959_16,20828,Cs4 Sn4 I12,Cs I Sn ,Pnma,62,2,8.6885,12.3775,8.6384,90.0,90.0,90.0,True,ABX3,Ortorombik
4117959_17,20828,Cs4 Sn4 I12,Cs I Sn ,Pnma,62,2,8.6885,12.3775,8.6384,90.0,90.0,90.0,True,ABX3,Ortorombik
4117959_18,20828,Cs4 Sn4 I12,Cs I Sn ,Pnma,62,2,8.6885,12.3775,8.6384,90.0,90.0,90.0,True,ABX3,Ortorombik
4117959_19,20828,Cs4 Sn4 I12,Cs I Sn ,Pnma,62,2,8.6885,12.3775,8.6384,90.0,90.0,90.0,True,ABX3,Ortorombik
4117959_20,20828,Cs4 Sn4 I12,Cs I Sn ,Pnma,62,2,8.6885,12.3775,8.6384,90.0,90.0,90.0,True,ABX3,Ortorombik
4117959_21,20828,Cs4 Sn4 I12,Cs I Sn ,Pnma,62,2,8.6885,12.3775,8.6384,90.0,90.0,90.0,True,ABX3,Ortorombik
4117959_22,20828,Cs4 Sn4 I12,Cs I Sn ,Pnma,62,2,8.6885,12.3775,8.6384,90.0,90.0,90.0,True,ABX3,Ortorombik
4117959_23,20828,Cs4 Sn4 I12,Cs I Sn ,Pnma,62,2,8.6885,12.3775,8.6384,90.0,90.0,90.0,True,ABX3,Ortorombik
4117959_24,20828,Cs4 Sn4 I12,Cs I Sn ,Pnma,62,2,8.6885,12.3775,8.6384,90.0,90.0,90.0,True,ABX3,Ortorombik
7222342_1,20924,Yb4 V4 O12,O V Yb ,Pnma,62,2,5.5662,7.5446,5.232,90.0,90.0,90.0,True,ABX3,Ortorombik
7222342_2,20924,Yb4 V4 O12,O V Yb ,Pnma,62,2,5.5662,7.5446,5.232,90.0,90.0,90.0,True,ABX3,Ortorombik
7222342_3,20924,Yb4 V4 O12,O V Yb ,Pnma,62,2,5.5662,7.5446,5.232,90.0,90.0,90.0,True,ABX3,Ortorombik
7222342_4,20924,Yb4 V4 O12,O V Yb ,Pnma,62,2,5.5662,7.5446,5.232,90.0,90.0,90.0,True,ABX3,Ortorombik
7222342_5,20924,Yb4 V4 O12,O V Yb ,Pnma,62,2,5.5662,7.5446,5.232,90.0,90.0,90.0,True,ABX3,Ortorombik
7222342_6,20924,Yb4 V4 O12,O V Yb ,Pnma,62,2,5.5662,7.5446,5.232,90.0,90.0,90.0,True,ABX3,Ortorombik
7222342_7,20924,Yb4 V4 O12,O V Yb ,Pnma,62,2,5.5662,7.5446,5.232,90.0,90.0,90.0,True,ABX3,Ortorombik
7222342_8,20924,Yb4 V4 O12,O V Yb ,Pnma,62,2,5.5662,7.5446,5.232,90.0,90.0,90.0,True,ABX3,Ortorombik
7222342_9,20924,Yb4 V4 O12,O V Yb ,Pnma,62,2,5.5662,7.5446,5.232,90.0,90.0,90.0,True,ABX3,Ortorombik
7222342_10,20924,Yb4 V4 O12,O V Yb ,Pnma,62,2,5.5662,7.5446,5.232,90.0,90.0,90.0,True,ABX3,Ortorombik
7222342_11,20924,Yb4 V4 O12,O V Yb ,Pnma,62,2,5.5662,7.5446,5.232,90.0,90.0,90.0,True,ABX3,Ortorombik
7222342_12,20924,Yb4 V4 O12,O V Yb ,Pnma,62,2,5.5662,7.5446,5.232,90.0,90.0,90.0,True,ABX3,Ortorombik
7222342_13,20924,Yb4 V4 O12,O V Yb ,Pnma,62,2,5.5662,7.5446,5.232,90.0,90.0,90.0,True,ABX3,Ortorombik
7222342_14,20924,Yb4 V4 O12,O V Yb ,Pnma,62,2,5.5662,7.5446,5.232,90.0,90.0,90.0,True,ABX3,Ortorombik
7222342_15,20924,Yb4 V4 O12,O V Yb ,Pnma,62,2,5.5662,7.5446,5.232,90.0,90.0,90.0,True,ABX3,Ortorombik
7222342_16,20924,Yb4 V4 O12,O V Yb ,Pnma,62,2,5.5662,7.5446,5.232,90.0,90.0,90.0,True,ABX3,Ortorombik
7222342_17,20924,Yb4 V4 O12,O V Yb ,Pnma,62,2,5.5662,7.5446,5.232,90.0,90.0,90.0,True,ABX3,Ortorombik
7222342_18,20924,Yb4 V4 O12,O V Yb ,Pnma,62,2,5.5662,7.5446,5.232,90.0,90.0,90.0,True,ABX3,Ortorombik
7222342_19,20924,Yb4 V4 O12,O V Yb ,Pnma,62,2,5.5662,7.5446,5.232,90.0,90.0,90.0,True,ABX3,Ortorombik
7222342_20,20924,Yb4 V4 O12,O V Yb ,Pnma,62,2,5.5662,7.5446,5.232,90.0,90.0,90.0,True,ABX3,Ortorombik
7222342_21,20924,Yb4 V4 O12,O V Yb ,Pnma,62,2,5.5662,7.5446,5.232,90.0,90.0,90.0,True,ABX3,Ortorombik
7222342_22,20924,Yb4 V4 O12,O V Yb ,Pnma,62,2,5.5662,7.5446,5.232,90.0,90.0,90.0,True,ABX3,Ortorombik
7222342_23,20924,Yb4 V4 O12,O V Yb ,Pnma,62,2,5.5662,7.5446,5.232,90.0,90.0,90.0,True,ABX3,Ortorombik
7222342_24,20924,Yb4 V4 O12,O V Yb ,Pnma,62,2,5.5662,7.5446,5.232,90.0,90.0,90.0,True,ABX3,Ortorombik
4318008_1,20925,Y16 Mo16 O44,Mo O Y ,Pbam,55,2,10.6619,15.8167,5.6517,90.0,90.0,90.0,True,ABX3,Ortorombik
4318008_2,20925,Y16 Mo16 O44,Mo O Y ,Pbam,55,2,10.6619,15.8167,5.6517,90.0,90.0,90.0,True,ABX3,Ortorombik
4318008_3,20925,Y16 Mo16 O44,Mo O Y ,Pbam,55,2,10.6619,15.8167,5.6517,90.0,90.0,90.0,True,ABX3,Ortorombik
4318008_4,20925,Y16 Mo16 O44,Mo O Y ,Pbam,55,2,10.6619,15.8167,5.6517,90.0,90.0,90.0,True,ABX3,Ortorombik
4318008_5,20925,Y16 Mo16 O44,Mo O Y ,Pbam,55,2,10.6619,15.8167,5.6517,90.0,90.0,90.0,True,ABX3,Ortorombik
4318008_6,20925,Y16 Mo16 O44,Mo O Y ,Pbam,55,2,10.6619,15.8167,5.6517,90.0,90.0,90.0,True,ABX3,Ortorombik
4318008_7,20925,Y16 Mo16 O44,Mo O Y ,Pbam,55,2,10.6619,15.8167,5.6517,90.0,90.0,90.0,True,ABX3,Ortorombik
4318008_8,20925,Y16 Mo16 O44,Mo O Y ,Pbam,55,2,10.6619,15.8167,5.6517,90.0,90.0,90.0,True,ABX3,Ortorombik
4318008_9,20925,Y16 Mo16 O44,Mo O Y ,Pbam,55,2,10.6619,15.8167,5.6517,90.0,90.0,90.0,True,ABX3,Ortorombik
4318008_10,20925,Y16 Mo16 O44,Mo O Y ,Pbam,55,2,10.6619,15.8167,5.6517,90.0,90.0,90.0,True,ABX3,Ortorombik
4318008_11,20925,Y16 Mo16 O44,Mo O Y ,Pbam,55,2,10.6619,15.8167,5.6517,90.0,90.0,90.0,True,ABX3,Ortorombik
4318008_12,20925,Y16 Mo16 O44,Mo O Y ,Pbam,55,2,10.6619,15.8167,5.6517,90.0,90.0,90.0,True,ABX3,Ortorombik
4318008_13,20925,Y16 Mo16 O44,Mo O Y ,Pbam,55,2,10.6619,15.8167,5.6517,90.0,90.0,90.0,True,ABX3,Ortorombik
4318008_14,20925,Y16 Mo16 O44,Mo O Y ,Pbam,55,2,10.6619,15.8167,5.6517,90.0,90.0,90.0,True,ABX3,Ortorombik
4318008_15,20925,Y16 Mo16 O44,Mo O Y ,Pbam,55,2,10.6619,15.8167,5.6517,90.0,90.0,90.0,True,ABX3,Ortorombik
4318008_16,20925,Y16 Mo16 O44,Mo O Y ,Pbam,55,2,10.6619,15.8167,5.6517,90.0,90.0,90.0,True,ABX3,Ortorombik
4318008_17,20925,Y16 Mo16 O44,Mo O Y ,Pbam,55,2,10.6619,15.8167,5.6517,90.0,90.0,90.0,True,ABX3,Ortorombik
4318008_18,20925,Y16 Mo16 O44,Mo O Y ,Pbam,55,2,10.6619,15.8167,5.6517,90.0,90.0,90.0,True,ABX3,Ortorombik
4318008_19,20925,Y16 Mo16 O44,Mo O Y ,Pbam,55,2,10.6619,15.8167,5.6517,90.0,90.0,90.0,True,ABX3,Ortorombik
4318008_20,20925,Y16 Mo16 O44,Mo O Y ,Pbam,55,2,10.6619,15.8167,5.6517,90.0,90.0,90.0,True,ABX3,Ortorombik
4318008_21,20925,Y16 Mo16 O44,Mo O Y ,Pbam,55,2,10.6619,15.8167,5.6517,90.0,90.0,90.0,True,ABX3,Ortorombik
4318008_22,20925,Y16 Mo16 O44,Mo O Y ,Pbam,55,2,10.6619,15.8167,5.6517,90.0,90.0,90.0,True,ABX3,Ortorombik
4318008_23,20925,Y16 Mo16 O44,Mo O Y ,Pbam,55,2,10.6619,15.8167,5.6517,90.0,90.0,90.0,True,ABX3,Ortorombik
4318008_24,20925,Y16 Mo16 O44,Mo O Y ,Pbam,55,2,10.6619,15.8167,5.6517,90.0,90.0,90.0,True,ABX3,Ortorombik
4124001_1,21056,Ba12 Ir12 O36,Ba Ir O ,C2/m,12,5,10.0046,5.75362,15.1839,90.0,103.27,90.0,True,ABX3,Monoklinik
4124001_2,21056,Ba12 Ir12 O36,Ba Ir O ,C2/m,12,5,10.0046,5.75362,15.1839,90.0,103.27,90.0,True,ABX3,Monoklinik
4124001_3,21056,Ba12 Ir12 O36,Ba Ir O ,C2/m,12,5,10.0046,5.75362,15.1839,90.0,103.27,90.0,True,ABX3,Monoklinik
4124001_4,21056,Ba12 Ir12 O36,Ba Ir O ,C2/m,12,5,10.0046,5.75362,15.1839,90.0,103.27,90.0,True,ABX3,Monoklinik
4124001_5,21056,Ba12 Ir12 O36,Ba Ir O ,C2/m,12,5,10.0046,5.75362,15.1839,90.0,103.27,90.0,True,ABX3,Monoklinik
4124001_6,21056,Ba12 Ir12 O36,Ba Ir O ,C2/m,12,5,10.0046,5.75362,15.1839,90.0,103.27,90.0,True,ABX3,Monoklinik
4124001_7,21056,Ba12 Ir12 O36,Ba Ir O ,C2/m,12,5,10.0046,5.75362,15.1839,90.0,103.27,90.0,True,ABX3,Monoklinik
4124001_8,21056,Ba12 Ir12 O36,Ba Ir O ,C2/m,12,5,10.0046,5.75362,15.1839,90.0,103.27,90.0,True,ABX3,Monoklinik
4124001_9,21056,Ba12 Ir12 O36,Ba Ir O ,C2/m,12,5,10.0046,5.75362,15.1839,90.0,103.27,90.0,True,ABX3,Monoklinik
4124001_10,21056,Ba12 Ir12 O36,Ba Ir O ,C2/m,12,5,10.0046,5.75362,15.1839,90.0,103.27,90.0,True,ABX3,Monoklinik
4124001_11,21056,Ba12 Ir12 O36,Ba Ir O ,C2/m,12,5,10.0046,5.75362,15.1839,90.0,103.27,90.0,True,ABX3,Monoklinik
4124001_12,21056,Ba12 Ir12 O36,Ba Ir O ,C2/m,12,5,10.0046,5.75362,15.1839,90.0,103.27,90.0,True,ABX3,Monoklinik
4124001_13,21056,Ba12 Ir12 O36,Ba Ir O ,C2/m,12,5,10.0046,5.75362,15.1839,90.0,103.27,90.0,True,ABX3,Monoklinik
4124001_14,21056,Ba12 Ir12 O36,Ba Ir O ,C2/m,12,5,10.0046,5.75362,15.1839,90.0,103.27,90.0,True,ABX3,Monoklinik
4124001_15,21056,Ba12 Ir12 O36,Ba Ir O ,C2/m,12,5,10.0046,5.75362,15.1839,90.0,103.27,90.0,True,ABX3,Monoklinik
4124001_16,21056,Ba12 Ir12 O36,Ba Ir O ,C2/m,12,5,10.0046,5.75362,15.1839,90.0,103.27,90.0,True,ABX3,Monoklinik
4124001_17,21056,Ba12 Ir12 O36,Ba Ir O ,C2/m,12,5,10.0046,5.75362,15.1839,90.0,103.27,90.0,True,ABX3,Monoklinik
4124001_18,21056,Ba12 Ir12 O36,Ba Ir O ,C2/m,12,5,10.0046,5.75362,15.1839,90.0,103.27,90.0,True,ABX3,Monoklinik
4124001_19,21056,Ba12 Ir12 O36,Ba Ir O ,C2/m,12,5,10.0046,5.75362,15.1839,90.0,103.27,90.0,True,ABX3,Monoklinik
4124001_20,21056,Ba12 Ir12 O36,Ba Ir O ,C2/m,12,5,10.0046,5.75362,15.1839,90.0,103.27,90.0,True,ABX3,Monoklinik
4124001_21,21056,Ba12 Ir12 O36,Ba Ir O ,C2/m,12,5,10.0046,5.75362,15.1839,90.0,103.27,90.0,True,ABX3,Monoklinik
4124001_22,21056,Ba12 Ir12 O36,Ba Ir O ,C2/m,12,5,10.0046,5.75362,15.1839,90.0,103.27,90.0,True,ABX3,Monoklinik
4124001_23,21056,Ba12 Ir12 O36,Ba Ir O ,C2/m,12,5,10.0046,5.75362,15.1839,90.0,103.27,90.0,True,ABX3,Monoklinik
4124001_24,21056,Ba12 Ir12 O36,Ba Ir O ,C2/m,12,5,10.0046,5.75362,15.1839,90.0,103.27,90.0,True,ABX3,Monoklinik
5910032_1,21083,K1 Ni1 F3,F K Ni ,Pm-3m,221,0,4.0,4.0,4.0,90.0,90.0,90.0,True,ABX3,Kubik
5910032_2,21083,K1 Ni1 F3,F K Ni ,Pm-3m,221,0,4.0,4.0,4.0,90.0,90.0,90.0,True,ABX3,Kubik
5910032_3,21083,K1 Ni1 F3,F K Ni ,Pm-3m,221,0,4.0,4.0,4.0,90.0,90.0,90.0,True,ABX3,Kubik
5910032_4,21083,K1 Ni1 F3,F K Ni ,Pm-3m,221,0,4.0,4.0,4.0,90.0,90.0,90.0,True,ABX3,Kubik
5910032_5,21083,K1 Ni1 F3,F K Ni ,Pm-3m,221,0,4.0,4.0,4.0,90.0,90.0,90.0,True,ABX3,Kubik
5910032_6,21083,K1 Ni1 F3,F K Ni ,Pm-3m,221,0,4.0,4.0,4.0,90.0,90.0,90.0,True,ABX3,Kubik
5910032_7,21083,K1 Ni1 F3,F K Ni ,Pm-3m,221,0,4.0,4.0,4.0,90.0,90.0,90.0,True,ABX3,Kubik
5910032_8,21083,K1 Ni1 F3,F K Ni ,Pm-3m,221,0,4.0,4.0,4.0,90.0,90.0,90.0,True,ABX3,Kubik
5910032_9,21083,K1 Ni1 F3,F K Ni ,Pm-3m,221,0,4.0,4.0,4.0,90.0,90.0,90.0,True,ABX3,Kubik
5910032_10,21083,K1 Ni1 F3,F K Ni ,Pm-3m,221,0,4.0,4.0,4.0,90.0,90.0,90.0,True,ABX3,Kubik
5910032_11,21083,K1 Ni1 F3,F K Ni ,Pm-3m,221,0,4.0,4.0,4.0,90.0,90.0,90.0,True,ABX3,Kubik
5910032_12,21083,K1 Ni1 F3,F K Ni ,Pm-3m,221,0,4.0,4.0,4.0,90.0,90.0,90.0,True,ABX3,Kubik
5910032_13,21083,K1 Ni1 F3,F K Ni ,Pm-3m,221,0,4.0,4.0,4.0,90.0,90.0,90.0,True,ABX3,Kubik
5910032_14,21083,K1 Ni1 F3,F K Ni ,Pm-3m,221,0,4.0,4.0,4.0,90.0,90.0,90.0,True,ABX3,Kubik
5910032_15,21083,K1 Ni1 F3,F K Ni ,Pm-3m,221,0,4.0,4.0,4.0,90.0,90.0,90.0,True,ABX3,Kubik
5910032_16,21083,K1 Ni1 F3,F K Ni ,Pm-3m,221,0,4.0,4.0,4.0,90.0,90.0,90.0,True,ABX3,Kubik
5910032_17,21083,K1 Ni1 F3,F K Ni ,Pm-3m,221,0,4.0,4.0,4.0,90.0,90.0,90.0,True,ABX3,Kubik
5910032_18,21083,K1 Ni1 F3,F K Ni ,Pm-3m,221,0,4.0,4.0,4.0,90.0,90.0,90.0,True,ABX3,Kubik
5910032_19,21083,K1 Ni1 F3,F K Ni ,Pm-3m,221,0,4.0,4.0,4.0,90.0,90.0,90.0,True,ABX3,Kubik
5910032_20,21083,K1 Ni1 F3,F K Ni ,Pm-3m,221,0,4.0,4.0,4.0,90.0,90.0,90.0,True,ABX3,Kubik
5910032_21,21083,K1 Ni1 F3,F K Ni ,Pm-3m,221,0,4.0,4.0,4.0,90.0,90.0,90.0,True,ABX3,Kubik
5910032_22,21083,K1 Ni1 F3,F K Ni ,Pm-3m,221,0,4.0,4.0,4.0,90.0,90.0,90.0,True,ABX3,Kubik
5910032_23,21083,K1 Ni1 F3,F K Ni ,Pm-3m,221,0,4.0,4.0,4.0,90.0,90.0,90.0,True,ABX3,Kubik
5910032_24,21083,K1 Ni1 F3,F K Ni ,Pm-3m,221,0,4.0,4.0,4.0,90.0,90.0,90.0,True,ABX3,Kubik
4030503_1,21100,Rb16 Sn16 F47.36,F Rb Sn ,C2/c,15,5,16.011,13.586,8.233,90.0,112.6,90.0,True,ABX3,Monoklinik
4030503_2,21100,Rb16 Sn16 F47.36,F Rb Sn ,C2/c,15,5,16.011,13.586,8.233,90.0,112.6,90.0,True,ABX3,Monoklinik
4030503_3,21100,Rb16 Sn16 F47.36,F Rb Sn ,C2/c,15,5,16.011,13.586,8.233,90.0,112.6,90.0,True,ABX3,Monoklinik
4030503_4,21100,Rb16 Sn16 F47.36,F Rb Sn ,C2/c,15,5,16.011,13.586,8.233,90.0,112.6,90.0,True,ABX3,Monoklinik
4030503_5,21100,Rb16 Sn16 F47.36,F Rb Sn ,C2/c,15,5,16.011,13.586,8.233,90.0,112.6,90.0,True,ABX3,Monoklinik
4030503_6,21100,Rb16 Sn16 F47.36,F Rb Sn ,C2/c,15,5,16.011,13.586,8.233,90.0,112.6,90.0,True,ABX3,Monoklinik
4030503_7,21100,Rb16 Sn16 F47.36,F Rb Sn ,C2/c,15,5,16.011,13.586,8.233,90.0,112.6,90.0,True,ABX3,Monoklinik
4030503_8,21100,Rb16 Sn16 F47.36,F Rb Sn ,C2/c,15,5,16.011,13.586,8.233,90.0,112.6,90.0,True,ABX3,Monoklinik
4030503_9,21100,Rb16 Sn16 F47.36,F Rb Sn ,C2/c,15,5,16.011,13.586,8.233,90.0,112.6,90.0,True,ABX3,Monoklinik
4030503_10,21100,Rb16 Sn16 F47.36,F Rb Sn ,C2/c,15,5,16.011,13.586,8.233,90.0,112.6,90.0,True,ABX3,Monoklinik
4030503_11,21100,Rb16 Sn16 F47.36,F Rb Sn ,C2/c,15,5,16.011,13.586,8.233,90.0,112.6,90.0,True,ABX3,Monoklinik
4030503_12,21100,Rb16 Sn16 F47.36,F Rb Sn ,C2/c,15,5,16.011,13.586,8.233,90.0,112.6,90.0,True,ABX3,Monoklinik
4030503_13,21100,Rb16 Sn16 F47.36,F Rb Sn ,C2/c,15,5,16.011,13.586,8.233,90.0,112.6,90.0,True,ABX3,Monoklinik
4030503_14,21100,Rb16 Sn16 F47.36,F Rb Sn ,C2/c,15,5,16.011,13.586,8.233,90.0,112.6,90.0,True,ABX3,Monoklinik
4030503_15,21100,Rb16 Sn16 F47.36,F Rb Sn ,C2/c,15,5,16.011,13.586,8.233,90.0,112.6,90.0,True,ABX3,Monoklinik
4030503_16,21100,Rb16 Sn16 F47.36,F Rb Sn ,C2/c,15,5,16.011,13.586,8.233,90.0,112.6,90.0,True,ABX3,Monoklinik
4030503_17,21100,Rb16 Sn16 F47.36,F Rb Sn ,C2/c,15,5,16.011,13.586,8.233,90.0,112.6,90.0,True,ABX3,Monoklinik
4030503_18,21100,Rb16 Sn16 F47.36,F Rb Sn ,C2/c,15,5,16.011,13.586,8.233,90.0,112.6,90.0,True,ABX3,Monoklinik
4030503_19,21100,Rb16 Sn16 F47.36,F Rb Sn ,C2/c,15,5,16.011,13.586,8.233,90.0,112.6,90.0,True,ABX3,Monoklinik
4030503_20,21100,Rb16 Sn16 F47.36,F Rb Sn ,C2/c,15,5,16.011,13.586,8.233,90.0,112.6,90.0,True,ABX3,Monoklinik
4030503_21,21100,Rb16 Sn16 F47.36,F Rb Sn ,C2/c,15,5,16.011,13.586,8.233,90.0,112.6,90.0,True,ABX3,Monoklinik
4030503_22,21100,Rb16 Sn16 F47.36,F Rb Sn ,C2/c,15,5,16.011,13.586,8.233,90.0,112.6,90.0,True,ABX3,Monoklinik
4030503_23,21100,Rb16 Sn16 F47.36,F Rb Sn ,C2/c,15,5,16.011,13.586,8.233,90.0,112.6,90.0,True,ABX3,Monoklinik
4030503_24,21100,Rb16 Sn16 F47.36,F Rb Sn ,C2/c,15,5,16.011,13.586,8.233,90.0,112.6,90.0,True,ABX3,Monoklinik
7221180_1,21207,Ba8 Bi8 Se24,Ba Bi Se ,P2_12_12_1,19,2,17.24,16.0,4.37,90.0,90.0,90.0,True,ABX3,Ortorombik
7221180_2,21207,Ba8 Bi8 Se24,Ba Bi Se ,P2_12_12_1,19,2,17.24,16.0,4.37,90.0,90.0,90.0,True,ABX3,Ortorombik
7221180_3,21207,Ba8 Bi8 Se24,Ba Bi Se ,P2_12_12_1,19,2,17.24,16.0,4.37,90.0,90.0,90.0,True,ABX3,Ortorombik
7221180_4,21207,Ba8 Bi8 Se24,Ba Bi Se ,P2_12_12_1,19,2,17.24,16.0,4.37,90.0,90.0,90.0,True,ABX3,Ortorombik
7221180_5,21207,Ba8 Bi8 Se24,Ba Bi Se ,P2_12_12_1,19,2,17.24,16.0,4.37,90.0,90.0,90.0,True,ABX3,Ortorombik
7221180_6,21207,Ba8 Bi8 Se24,Ba Bi Se ,P2_12_12_1,19,2,17.24,16.0,4.37,90.0,90.0,90.0,True,ABX3,Ortorombik
7221180_7,21207,Ba8 Bi8 Se24,Ba Bi Se ,P2_12_12_1,19,2,17.24,16.0,4.37,90.0,90.0,90.0,True,ABX3,Ortorombik
7221180_8,21207,Ba8 Bi8 Se24,Ba Bi Se ,P2_12_12_1,19,2,17.24,16.0,4.37,90.0,90.0,90.0,True,ABX3,Ortorombik
7221180_9,21207,Ba8 Bi8 Se24,Ba Bi Se ,P2_12_12_1,19,2,17.24,16.0,4.37,90.0,90.0,90.0,True,ABX3,Ortorombik
7221180_10,21207,Ba8 Bi8 Se24,Ba Bi Se ,P2_12_12_1,19,2,17.24,16.0,4.37,90.0,90.0,90.0,True,ABX3,Ortorombik
7221180_11,21207,Ba8 Bi8 Se24,Ba Bi Se ,P2_12_12_1,19,2,17.24,16.0,4.37,90.0,90.0,90.0,True,ABX3,Ortorombik
7221180_12,21207,Ba8 Bi8 Se24,Ba Bi Se ,P2_12_12_1,19,2,17.24,16.0,4.37,90.0,90.0,90.0,True,ABX3,Ortorombik
7221180_13,21207,Ba8 Bi8 Se24,Ba Bi Se ,P2_12_12_1,19,2,17.24,16.0,4.37,90.0,90.0,90.0,True,ABX3,Ortorombik
7221180_14,21207,Ba8 Bi8 Se24,Ba Bi Se ,P2_12_12_1,19,2,17.24,16.0,4.37,90.0,90.0,90.0,True,ABX3,Ortorombik
7221180_15,21207,Ba8 Bi8 Se24,Ba Bi Se ,P2_12_12_1,19,2,17.24,16.0,4.37,90.0,90.0,90.0,True,ABX3,Ortorombik
7221180_16,21207,Ba8 Bi8 Se24,Ba Bi Se ,P2_12_12_1,19,2,17.24,16.0,4.37,90.0,90.0,90.0,True,ABX3,Ortorombik
7221180_17,21207,Ba8 Bi8 Se24,Ba Bi Se ,P2_12_12_1,19,2,17.24,16.0,4.37,90.0,90.0,90.0,True,ABX3,Ortorombik
7221180_18,21207,Ba8 Bi8 Se24,Ba Bi Se ,P2_12_12_1,19,2,17.24,16.0,4.37,90.0,90.0,90.0,True,ABX3,Ortorombik
7221180_19,21207,Ba8 Bi8 Se24,Ba Bi Se ,P2_12_12_1,19,2,17.24,16.0,4.37,90.0,90.0,90.0,True,ABX3,Ortorombik
7221180_20,21207,Ba8 Bi8 Se24,Ba Bi Se ,P2_12_12_1,19,2,17.24,16.0,4.37,90.0,90.0,90.0,True,ABX3,Ortorombik
7221180_21,21207,Ba8 Bi8 Se24,Ba Bi Se ,P2_12_12_1,19,2,17.24,16.0,4.37,90.0,90.0,90.0,True,ABX3,Ortorombik
7221180_22,21207,Ba8 Bi8 Se24,Ba Bi Se ,P2_12_12_1,19,2,17.24,16.0,4.37,90.0,90.0,90.0,True,ABX3,Ortorombik
7221180_23,21207,Ba8 Bi8 Se24,Ba Bi Se ,P2_12_12_1,19,2,17.24,16.0,4.37,90.0,90.0,90.0,True,ABX3,Ortorombik
7221180_24,21207,Ba8 Bi8 Se24,Ba Bi Se ,P2_12_12_1,19,2,17.24,16.0,4.37,90.0,90.0,90.0,True,ABX3,Ortorombik
7209388_1,21271,K4 Au4 I12,Au I K ,P2_1/c,14,5,7.283,9.259,11.587,90.0,93.0,90.0,True,ABX3,Monoklinik
7209388_2,21271,K4 Au4 I12,Au I K ,P2_1/c,14,5,7.283,9.259,11.587,90.0,93.0,90.0,True,ABX3,Monoklinik
7209388_3,21271,K4 Au4 I12,Au I K ,P2_1/c,14,5,7.283,9.259,11.587,90.0,93.0,90.0,True,ABX3,Monoklinik
7209388_4,21271,K4 Au4 I12,Au I K ,P2_1/c,14,5,7.283,9.259,11.587,90.0,93.0,90.0,True,ABX3,Monoklinik
7209388_5,21271,K4 Au4 I12,Au I K ,P2_1/c,14,5,7.283,9.259,11.587,90.0,93.0,90.0,True,ABX3,Monoklinik
7209388_6,21271,K4 Au4 I12,Au I K ,P2_1/c,14,5,7.283,9.259,11.587,90.0,93.0,90.0,True,ABX3,Monoklinik
7209388_7,21271,K4 Au4 I12,Au I K ,P2_1/c,14,5,7.283,9.259,11.587,90.0,93.0,90.0,True,ABX3,Monoklinik
7209388_8,21271,K4 Au4 I12,Au I K ,P2_1/c,14,5,7.283,9.259,11.587,90.0,93.0,90.0,True,ABX3,Monoklinik
7209388_9,21271,K4 Au4 I12,Au I K ,P2_1/c,14,5,7.283,9.259,11.587,90.0,93.0,90.0,True,ABX3,Monoklinik
7209388_10,21271,K4 Au4 I12,Au I K ,P2_1/c,14,5,7.283,9.259,11.587,90.0,93.0,90.0,True,ABX3,Monoklinik
7209388_11,21271,K4 Au4 I12,Au I K ,P2_1/c,14,5,7.283,9.259,11.587,90.0,93.0,90.0,True,ABX3,Monoklinik
7209388_12,21271,K4 Au4 I12,Au I K ,P2_1/c,14,5,7.283,9.259,11.587,90.0,93.0,90.0,True,ABX3,Monoklinik
7209388_13,21271,K4 Au4 I12,Au I K ,P2_1/c,14,5,7.283,9.259,11.587,90.0,93.0,90.0,True,ABX3,Monoklinik
7209388_14,21271,K4 Au4 I12,Au I K ,P2_1/c,14,5,7.283,9.259,11.587,90.0,93.0,90.0,True,ABX3,Monoklinik
7209388_15,21271,K4 Au4 I12,Au I K ,P2_1/c,14,5,7.283,9.259,11.587,90.0,93.0,90.0,True,ABX3,Monoklinik
7209388_16,21271,K4 Au4 I12,Au I K ,P2_1/c,14,5,7.283,9.259,11.587,90.0,93.0,90.0,True,ABX3,Monoklinik
7209388_17,21271,K4 Au4 I12,Au I K ,P2_1/c,14,5,7.283,9.259,11.587,90.0,93.0,90.0,True,ABX3,Monoklinik
7209388_18,21271,K4 Au4 I12,Au I K ,P2_1/c,14,5,7.283,9.259,11.587,90.0,93.0,90.0,True,ABX3,Monoklinik
7209388_19,21271,K4 Au4 I12,Au I K ,P2_1/c,14,5,7.283,9.259,11.587,90.0,93.0,90.0,True,ABX3,Monoklinik
7209388_20,21271,K4 Au4 I12,Au I K ,P2_1/c,14,5,7.283,9.259,11.587,90.0,93.0,90.0,True,ABX3,Monoklinik
7209388_21,21271,K4 Au4 I12,Au I K ,P2_1/c,14,5,7.283,9.259,11.587,90.0,93.0,90.0,True,ABX3,Monoklinik
7209388_22,21271,K4 Au4 I12,Au I K ,P2_1/c,14,5,7.283,9.259,11.587,90.0,93.0,90.0,True,ABX3,Monoklinik
7209388_23,21271,K4 Au4 I12,Au I K ,P2_1/c,14,5,7.283,9.259,11.587,90.0,93.0,90.0,True,ABX3,Monoklinik
7209388_24,21271,K4 Au4 I12,Au I K ,P2_1/c,14,5,7.283,9.259,11.587,90.0,93.0,90.0,True,ABX3,Monoklinik
7200990_1,21343,K4 Ag4 F12,Ag F K ,Pnma,62,2,6.2689,8.3015,6.1844,90.0,90.0,90.0,True,ABX3,Ortorombik
7200990_2,21343,K4 Ag4 F12,Ag F K ,Pnma,62,2,6.2689,8.3015,6.1844,90.0,90.0,90.0,True,ABX3,Ortorombik
7200990_3,21343,K4 Ag4 F12,Ag F K ,Pnma,62,2,6.2689,8.3015,6.1844,90.0,90.0,90.0,True,ABX3,Ortorombik
7200990_4,21343,K4 Ag4 F12,Ag F K ,Pnma,62,2,6.2689,8.3015,6.1844,90.0,90.0,90.0,True,ABX3,Ortorombik
7200990_5,21343,K4 Ag4 F12,Ag F K ,Pnma,62,2,6.2689,8.3015,6.1844,90.0,90.0,90.0,True,ABX3,Ortorombik
7200990_6,21343,K4 Ag4 F12,Ag F K ,Pnma,62,2,6.2689,8.3015,6.1844,90.0,90.0,90.0,True,ABX3,Ortorombik
7200990_7,21343,K4 Ag4 F12,Ag F K ,Pnma,62,2,6.2689,8.3015,6.1844,90.0,90.0,90.0,True,ABX3,Ortorombik
7200990_8,21343,K4 Ag4 F12,Ag F K ,Pnma,62,2,6.2689,8.3015,6.1844,90.0,90.0,90.0,True,ABX3,Ortorombik
7200990_9,21343,K4 Ag4 F12,Ag F K ,Pnma,62,2,6.2689,8.3015,6.1844,90.0,90.0,90.0,True,ABX3,Ortorombik
7200990_10,21343,K4 Ag4 F12,Ag F K ,Pnma,62,2,6.2689,8.3015,6.1844,90.0,90.0,90.0,True,ABX3,Ortorombik
7200990_11,21343,K4 Ag4 F12,Ag F K ,Pnma,62,2,6.2689,8.3015,6.1844,90.0,90.0,90.0,True,ABX3,Ortorombik
7200990_12,21343,K4 Ag4 F12,Ag F K ,Pnma,62,2,6.2689,8.3015,6.1844,90.0,90.0,90.0,True,ABX3,Ortorombik
7200990_13,21343,K4 Ag4 F12,Ag F K ,Pnma,62,2,6.2689,8.3015,6.1844,90.0,90.0,90.0,True,ABX3,Ortorombik
7200990_14,21343,K4 Ag4 F12,Ag F K ,Pnma,62,2,6.2689,8.3015,6.1844,90.0,90.0,90.0,True,ABX3,Ortorombik
7200990_15,21343,K4 Ag4 F12,Ag F K ,Pnma,62,2,6.2689,8.3015,6.1844,90.0,90.0,90.0,True,ABX3,Ortorombik
7200990_16,21343,K4 Ag4 F12,Ag F K ,Pnma,62,2,6.2689,8.3015,6.1844,90.0,90.0,90.0,True,ABX3,Ortorombik
7200990_17,21343,K4 Ag4 F12,Ag F K ,Pnma,62,2,6.2689,8.3015,6.1844,90.0,90.0,90.0,True,ABX3,Ortorombik
7200990_18,21343,K4 Ag4 F12,Ag F K ,Pnma,62,2,6.2689,8.3015,6.1844,90.0,90.0,90.0,True,ABX3,Ortorombik
7200990_19,21343,K4 Ag4 F12,Ag F K ,Pnma,62,2,6.2689,8.3015,6.1844,90.0,90.0,90.0,True,ABX3,Ortorombik
7200990_20,21343,K4 Ag4 F12,Ag F K ,Pnma,62,2,6.2689,8.3015,6.1844,90.0,90.0,90.0,True,ABX3,Ortorombik
7200990_21,21343,K4 Ag4 F12,Ag F K ,Pnma,62,2,6.2689,8.3015,6.1844,90.0,90.0,90.0,True,ABX3,Ortorombik
7200990_22,21343,K4 Ag4 F12,Ag F K ,Pnma,62,2,6.2689,8.3015,6.1844,90.0,90.0,90.0,True,ABX3,Ortorombik
7200990_23,21343,K4 Ag4 F12,Ag F K ,Pnma,62,2,6.2689,8.3015,6.1844,90.0,90.0,90.0,True,ABX3,Ortorombik
7200990_24,21343,K4 Ag4 F12,Ag F K ,Pnma,62,2,6.2689,8.3015,6.1844,90.0,90.0,90.0,True,ABX3,Ortorombik
2107084_1,21477,Pr4 Fe4 O12,Fe O Pr ,Pnma,62,2,5.482,5.578,7.786,90.0,90.0,90.0,True,ABX3,Ortorombik
2107084_2,21477,Pr4 Fe4 O12,Fe O Pr ,Pnma,62,2,5.482,5.578,7.786,90.0,90.0,90.0,True,ABX3,Ortorombik
2107084_3,21477,Pr4 Fe4 O12,Fe O Pr ,Pnma,62,2,5.482,5.578,7.786,90.0,90.0,90.0,True,ABX3,Ortorombik
2107084_4,21477,Pr4 Fe4 O12,Fe O Pr ,Pnma,62,2,5.482,5.578,7.786,90.0,90.0,90.0,True,ABX3,Ortorombik
2107084_5,21477,Pr4 Fe4 O12,Fe O Pr ,Pnma,62,2,5.482,5.578,7.786,90.0,90.0,90.0,True,ABX3,Ortorombik
2107084_6,21477,Pr4 Fe4 O12,Fe O Pr ,Pnma,62,2,5.482,5.578,7.786,90.0,90.0,90.0,True,ABX3,Ortorombik
2107084_7,21477,Pr4 Fe4 O12,Fe O Pr ,Pnma,62,2,5.482,5.578,7.786,90.0,90.0,90.0,True,ABX3,Ortorombik
2107084_8,21477,Pr4 Fe4 O12,Fe O Pr ,Pnma,62,2,5.482,5.578,7.786,90.0,90.0,90.0,True,ABX3,Ortorombik
2107084_9,21477,Pr4 Fe4 O12,Fe O Pr ,Pnma,62,2,5.482,5.578,7.786,90.0,90.0,90.0,True,ABX3,Ortorombik
2107084_10,21477,Pr4 Fe4 O12,Fe O Pr ,Pnma,62,2,5.482,5.578,7.786,90.0,90.0,90.0,True,ABX3,Ortorombik
2107084_11,21477,Pr4 Fe4 O12,Fe O Pr ,Pnma,62,2,5.482,5.578,7.786,90.0,90.0,90.0,True,ABX3,Ortorombik
2107084_12,21477,Pr4 Fe4 O12,Fe O Pr ,Pnma,62,2,5.482,5.578,7.786,90.0,90.0,90.0,True,ABX3,Ortorombik
2107084_13,21477,Pr4 Fe4 O12,Fe O Pr ,Pnma,62,2,5.482,5.578,7.786,90.0,90.0,90.0,True,ABX3,Ortorombik
2107084_14,21477,Pr4 Fe4 O12,Fe O Pr ,Pnma,62,2,5.482,5.578,7.786,90.0,90.0,90.0,True,ABX3,Ortorombik
2107084_15,21477,Pr4 Fe4 O12,Fe O Pr ,Pnma,62,2,5.482,5.578,7.786,90.0,90.0,90.0,True,ABX3,Ortorombik
2107084_16,21477,Pr4 Fe4 O12,Fe O Pr ,Pnma,62,2,5.482,5.578,7.786,90.0,90.0,90.0,True,ABX3,Ortorombik
2107084_17,21477,Pr4 Fe4 O12,Fe O Pr ,Pnma,62,2,5.482,5.578,7.786,90.0,90.0,90.0,True,ABX3,Ortorombik
2107084_18,21477,Pr4 Fe4 O12,Fe O Pr ,Pnma,62,2,5.482,5.578,7.786,90.0,90.0,90.0,True,ABX3,Ortorombik
2107084_19,21477,Pr4 Fe4 O12,Fe O Pr ,Pnma,62,2,5.482,5.578,7.786,90.0,90.0,90.0,True,ABX3,Ortorombik
2107084_20,21477,Pr4 Fe4 O12,Fe O Pr ,Pnma,62,2,5.482,5.578,7.786,90.0,90.0,90.0,True,ABX3,Ortorombik
2107084_21,21477,Pr4 Fe4 O12,Fe O Pr ,Pnma,62,2,5.482,5.578,7.786,90.0,90.0,90.0,True,ABX3,Ortorombik
2107084_22,21477,Pr4 Fe4 O12,Fe O Pr ,Pnma,62,2,5.482,5.578,7.786,90.0,90.0,90.0,True,ABX3,Ortorombik
2107084_23,21477,Pr4 Fe4 O12,Fe O Pr ,Pnma,62,2,5.482,5.578,7.786,90.0,90.0,90.0,True,ABX3,Ortorombik
2107084_24,21477,Pr4 Fe4 O12,Fe O Pr ,Pnma,62,2,5.482,5.578,7.786,90.0,90.0,90.0,True,ABX3,Ortorombik
1528608_1,21479,Gd4 Sc4 S12,Gd S Sc ,Pnma,62,2,7.0361,9.4574,6.3833,90.0,90.0,90.0,True,ABX3,Ortorombik
1528608_2,21479,Gd4 Sc4 S12,Gd S Sc ,Pnma,62,2,7.0361,9.4574,6.3833,90.0,90.0,90.0,True,ABX3,Ortorombik
1528608_3,21479,Gd4 Sc4 S12,Gd S Sc ,Pnma,62,2,7.0361,9.4574,6.3833,90.0,90.0,90.0,True,ABX3,Ortorombik
1528608_4,21479,Gd4 Sc4 S12,Gd S Sc ,Pnma,62,2,7.0361,9.4574,6.3833,90.0,90.0,90.0,True,ABX3,Ortorombik
1528608_5,21479,Gd4 Sc4 S12,Gd S Sc ,Pnma,62,2,7.0361,9.4574,6.3833,90.0,90.0,90.0,True,ABX3,Ortorombik
1528608_6,21479,Gd4 Sc4 S12,Gd S Sc ,Pnma,62,2,7.0361,9.4574,6.3833,90.0,90.0,90.0,True,ABX3,Ortorombik
1528608_7,21479,Gd4 Sc4 S12,Gd S Sc ,Pnma,62,2,7.0361,9.4574,6.3833,90.0,90.0,90.0,True,ABX3,Ortorombik
1528608_8,21479,Gd4 Sc4 S12,Gd S Sc ,Pnma,62,2,7.0361,9.4574,6.3833,90.0,90.0,90.0,True,ABX3,Ortorombik
1528608_9,21479,Gd4 Sc4 S12,Gd S Sc ,Pnma,62,2,7.0361,9.4574,6.3833,90.0,90.0,90.0,True,ABX3,Ortorombik
1528608_10,21479,Gd4 Sc4 S12,Gd S Sc ,Pnma,62,2,7.0361,9.4574,6.3833,90.0,90.0,90.0,True,ABX3,Ortorombik
1528608_11,21479,Gd4 Sc4 S12,Gd S Sc ,Pnma,62,2,7.0361,9.4574,6.3833,90.0,90.0,90.0,True,ABX3,Ortorombik
1528608_12,21479,Gd4 Sc4 S12,Gd S Sc ,Pnma,62,2,7.0361,9.4574,6.3833,90.0,90.0,90.0,True,ABX3,Ortorombik
1528608_13,21479,Gd4 Sc4 S12,Gd S Sc ,Pnma,62,2,7.0361,9.4574,6.3833,90.0,90.0,90.0,True,ABX3,Ortorombik
1528608_14,21479,Gd4 Sc4 S12,Gd S Sc ,Pnma,62,2,7.0361,9.4574,6.3833,90.0,90.0,90.0,True,ABX3,Ortorombik
1528608_15,21479,Gd4 Sc4 S12,Gd S Sc ,Pnma,62,2,7.0361,9.4574,6.3833,90.0,90.0,90.0,True,ABX3,Ortorombik
1528608_16,21479,Gd4 Sc4 S12,Gd S Sc ,Pnma,62,2,7.0361,9.4574,6.3833,90.0,90.0,90.0,True,ABX3,Ortorombik
1528608_17,21479,Gd4 Sc4 S12,Gd S Sc ,Pnma,62,2,7.0361,9.4574,6.3833,90.0,90.0,90.0,True,ABX3,Ortorombik
1528608_18,21479,Gd4 Sc4 S12,Gd S Sc ,Pnma,62,2,7.0361,9.4574,6.3833,90.0,90.0,90.0,True,ABX3,Ortorombik
1528608_19,21479,Gd4 Sc4 S12,Gd S Sc ,Pnma,62,2,7.0361,9.4574,6.3833,90.0,90.0,90.0,True,ABX3,Ortorombik
1528608_20,21479,Gd4 Sc4 S12,Gd S Sc ,Pnma,62,2,7.0361,9.4574,6.3833,90.0,90.0,90.0,True,ABX3,Ortorombik
1528608_21,21479,Gd4 Sc4 S12,Gd S Sc ,Pnma,62,2,7.0361,9.4574,6.3833,90.0,90.0,90.0,True,ABX3,Ortorombik
1528608_22,21479,Gd4 Sc4 S12,Gd S Sc ,Pnma,62,2,7.0361,9.4574,6.3833,90.0,90.0,90.0,True,ABX3,Ortorombik
1528608_23,21479,Gd4 Sc4 S12,Gd S Sc ,Pnma,62,2,7.0361,9.4574,6.3833,90.0,90.0,90.0,True,ABX3,Ortorombik
1528608_24,21479,Gd4 Sc4 S12,Gd S Sc ,Pnma,62,2,7.0361,9.4574,6.3833,90.0,90.0,90.0,True,ABX3,Ortorombik
7707083_1,21599,La4 Si4 P12,La P Si ,P2_1/c,14,5,4.316199999999999,12.809,7.8719,90.0,93.67100000000002,90.0,True,ABX3,Monoklinik
7707083_2,21599,La4 Si4 P12,La P Si ,P2_1/c,14,5,4.316199999999999,12.809,7.8719,90.0,93.67100000000002,90.0,True,ABX3,Monoklinik
7707083_3,21599,La4 Si4 P12,La P Si ,P2_1/c,14,5,4.316199999999999,12.809,7.8719,90.0,93.67100000000002,90.0,True,ABX3,Monoklinik
7707083_4,21599,La4 Si4 P12,La P Si ,P2_1/c,14,5,4.316199999999999,12.809,7.8719,90.0,93.67100000000002,90.0,True,ABX3,Monoklinik
7707083_5,21599,La4 Si4 P12,La P Si ,P2_1/c,14,5,4.316199999999999,12.809,7.8719,90.0,93.67100000000002,90.0,True,ABX3,Monoklinik
7707083_6,21599,La4 Si4 P12,La P Si ,P2_1/c,14,5,4.316199999999999,12.809,7.8719,90.0,93.67100000000002,90.0,True,ABX3,Monoklinik
7707083_7,21599,La4 Si4 P12,La P Si ,P2_1/c,14,5,4.316199999999999,12.809,7.8719,90.0,93.67100000000002,90.0,True,ABX3,Monoklinik
7707083_8,21599,La4 Si4 P12,La P Si ,P2_1/c,14,5,4.316199999999999,12.809,7.8719,90.0,93.67100000000002,90.0,True,ABX3,Monoklinik
7707083_9,21599,La4 Si4 P12,La P Si ,P2_1/c,14,5,4.316199999999999,12.809,7.8719,90.0,93.67100000000002,90.0,True,ABX3,Monoklinik
7707083_10,21599,La4 Si4 P12,La P Si ,P2_1/c,14,5,4.316199999999999,12.809,7.8719,90.0,93.67100000000002,90.0,True,ABX3,Monoklinik
7707083_11,21599,La4 Si4 P12,La P Si ,P2_1/c,14,5,4.316199999999999,12.809,7.8719,90.0,93.67100000000002,90.0,True,ABX3,Monoklinik
7707083_12,21599,La4 Si4 P12,La P Si ,P2_1/c,14,5,4.316199999999999,12.809,7.8719,90.0,93.67100000000002,90.0,True,ABX3,Monoklinik
7707083_13,21599,La4 Si4 P12,La P Si ,P2_1/c,14,5,4.316199999999999,12.809,7.8719,90.0,93.67100000000002,90.0,True,ABX3,Monoklinik
7707083_14,21599,La4 Si4 P12,La P Si ,P2_1/c,14,5,4.316199999999999,12.809,7.8719,90.0,93.67100000000002,90.0,True,ABX3,Monoklinik
7707083_15,21599,La4 Si4 P12,La P Si ,P2_1/c,14,5,4.316199999999999,12.809,7.8719,90.0,93.67100000000002,90.0,True,ABX3,Monoklinik
7707083_16,21599,La4 Si4 P12,La P Si ,P2_1/c,14,5,4.316199999999999,12.809,7.8719,90.0,93.67100000000002,90.0,True,ABX3,Monoklinik
7707083_17,21599,La4 Si4 P12,La P Si ,P2_1/c,14,5,4.316199999999999,12.809,7.8719,90.0,93.67100000000002,90.0,True,ABX3,Monoklinik
7707083_18,21599,La4 Si4 P12,La P Si ,P2_1/c,14,5,4.316199999999999,12.809,7.8719,90.0,93.67100000000002,90.0,True,ABX3,Monoklinik
7707083_19,21599,La4 Si4 P12,La P Si ,P2_1/c,14,5,4.316199999999999,12.809,7.8719,90.0,93.67100000000002,90.0,True,ABX3,Monoklinik
7707083_20,21599,La4 Si4 P12,La P Si ,P2_1/c,14,5,4.316199999999999,12.809,7.8719,90.0,93.67100000000002,90.0,True,ABX3,Monoklinik
7707083_21,21599,La4 Si4 P12,La P Si ,P2_1/c,14,5,4.316199999999999,12.809,7.8719,90.0,93.67100000000002,90.0,True,ABX3,Monoklinik
7707083_22,21599,La4 Si4 P12,La P Si ,P2_1/c,14,5,4.316199999999999,12.809,7.8719,90.0,93.67100000000002,90.0,True,ABX3,Monoklinik
7707083_23,21599,La4 Si4 P12,La P Si ,P2_1/c,14,5,4.316199999999999,12.809,7.8719,90.0,93.67100000000002,90.0,True,ABX3,Monoklinik
7707083_24,21599,La4 Si4 P12,La P Si ,P2_1/c,14,5,4.316199999999999,12.809,7.8719,90.0,93.67100000000002,90.0,True,ABX3,Monoklinik
1563344_1,21644,Er12 B12 O36,B Er O ,C2/c,15,5,11.284000000000002,6.5264,9.5399,90.0,112.81,90.0,True,ABX3,Monoklinik
1563344_2,21644,Er12 B12 O36,B Er O ,C2/c,15,5,11.284000000000002,6.5264,9.5399,90.0,112.81,90.0,True,ABX3,Monoklinik
1563344_3,21644,Er12 B12 O36,B Er O ,C2/c,15,5,11.284000000000002,6.5264,9.5399,90.0,112.81,90.0,True,ABX3,Monoklinik
1563344_4,21644,Er12 B12 O36,B Er O ,C2/c,15,5,11.284000000000002,6.5264,9.5399,90.0,112.81,90.0,True,ABX3,Monoklinik
1563344_5,21644,Er12 B12 O36,B Er O ,C2/c,15,5,11.284000000000002,6.5264,9.5399,90.0,112.81,90.0,True,ABX3,Monoklinik
1563344_6,21644,Er12 B12 O36,B Er O ,C2/c,15,5,11.284000000000002,6.5264,9.5399,90.0,112.81,90.0,True,ABX3,Monoklinik
1563344_7,21644,Er12 B12 O36,B Er O ,C2/c,15,5,11.284000000000002,6.5264,9.5399,90.0,112.81,90.0,True,ABX3,Monoklinik
1563344_8,21644,Er12 B12 O36,B Er O ,C2/c,15,5,11.284000000000002,6.5264,9.5399,90.0,112.81,90.0,True,ABX3,Monoklinik
1563344_9,21644,Er12 B12 O36,B Er O ,C2/c,15,5,11.284000000000002,6.5264,9.5399,90.0,112.81,90.0,True,ABX3,Monoklinik
1563344_10,21644,Er12 B12 O36,B Er O ,C2/c,15,5,11.284000000000002,6.5264,9.5399,90.0,112.81,90.0,True,ABX3,Monoklinik
1563344_11,21644,Er12 B12 O36,B Er O ,C2/c,15,5,11.284000000000002,6.5264,9.5399,90.0,112.81,90.0,True,ABX3,Monoklinik
1563344_12,21644,Er12 B12 O36,B Er O ,C2/c,15,5,11.284000000000002,6.5264,9.5399,90.0,112.81,90.0,True,ABX3,Monoklinik
1563344_13,21644,Er12 B12 O36,B Er O ,C2/c,15,5,11.284000000000002,6.5264,9.5399,90.0,112.81,90.0,True,ABX3,Monoklinik
1563344_14,21644,Er12 B12 O36,B Er O ,C2/c,15,5,11.284000000000002,6.5264,9.5399,90.0,112.81,90.0,True,ABX3,Monoklinik
1563344_15,21644,Er12 B12 O36,B Er O ,C2/c,15,5,11.284000000000002,6.5264,9.5399,90.0,112.81,90.0,True,ABX3,Monoklinik
1563344_16,21644,Er12 B12 O36,B Er O ,C2/c,15,5,11.284000000000002,6.5264,9.5399,90.0,112.81,90.0,True,ABX3,Monoklinik
1563344_17,21644,Er12 B12 O36,B Er O ,C2/c,15,5,11.284000000000002,6.5264,9.5399,90.0,112.81,90.0,True,ABX3,Monoklinik
1563344_18,21644,Er12 B12 O36,B Er O ,C2/c,15,5,11.284000000000002,6.5264,9.5399,90.0,112.81,90.0,True,ABX3,Monoklinik
1563344_19,21644,Er12 B12 O36,B Er O ,C2/c,15,5,11.284000000000002,6.5264,9.5399,90.0,112.81,90.0,True,ABX3,Monoklinik
1563344_20,21644,Er12 B12 O36,B Er O ,C2/c,15,5,11.284000000000002,6.5264,9.5399,90.0,112.81,90.0,True,ABX3,Monoklinik
1563344_21,21644,Er12 B12 O36,B Er O ,C2/c,15,5,11.284000000000002,6.5264,9.5399,90.0,112.81,90.0,True,ABX3,Monoklinik
1563344_22,21644,Er12 B12 O36,B Er O ,C2/c,15,5,11.284000000000002,6.5264,9.5399,90.0,112.81,90.0,True,ABX3,Monoklinik
1563344_23,21644,Er12 B12 O36,B Er O ,C2/c,15,5,11.284000000000002,6.5264,9.5399,90.0,112.81,90.0,True,ABX3,Monoklinik
1563344_24,21644,Er12 B12 O36,B Er O ,C2/c,15,5,11.284000000000002,6.5264,9.5399,90.0,112.81,90.0,True,ABX3,Monoklinik
1510105_1,21737,Cs4 Au4 Se12,Au Cs Se ,C2/c,15,5,6.483,13.789,7.651,90.0,112.17,90.0,True,ABX3,Monoklinik
1510105_2,21737,Cs4 Au4 Se12,Au Cs Se ,C2/c,15,5,6.483,13.789,7.651,90.0,112.17,90.0,True,ABX3,Monoklinik
1510105_3,21737,Cs4 Au4 Se12,Au Cs Se ,C2/c,15,5,6.483,13.789,7.651,90.0,112.17,90.0,True,ABX3,Monoklinik
1510105_4,21737,Cs4 Au4 Se12,Au Cs Se ,C2/c,15,5,6.483,13.789,7.651,90.0,112.17,90.0,True,ABX3,Monoklinik
1510105_5,21737,Cs4 Au4 Se12,Au Cs Se ,C2/c,15,5,6.483,13.789,7.651,90.0,112.17,90.0,True,ABX3,Monoklinik
1510105_6,21737,Cs4 Au4 Se12,Au Cs Se ,C2/c,15,5,6.483,13.789,7.651,90.0,112.17,90.0,True,ABX3,Monoklinik
1510105_7,21737,Cs4 Au4 Se12,Au Cs Se ,C2/c,15,5,6.483,13.789,7.651,90.0,112.17,90.0,True,ABX3,Monoklinik
1510105_8,21737,Cs4 Au4 Se12,Au Cs Se ,C2/c,15,5,6.483,13.789,7.651,90.0,112.17,90.0,True,ABX3,Monoklinik
1510105_9,21737,Cs4 Au4 Se12,Au Cs Se ,C2/c,15,5,6.483,13.789,7.651,90.0,112.17,90.0,True,ABX3,Monoklinik
1510105_10,21737,Cs4 Au4 Se12,Au Cs Se ,C2/c,15,5,6.483,13.789,7.651,90.0,112.17,90.0,True,ABX3,Monoklinik
1510105_11,21737,Cs4 Au4 Se12,Au Cs Se ,C2/c,15,5,6.483,13.789,7.651,90.0,112.17,90.0,True,ABX3,Monoklinik
1510105_12,21737,Cs4 Au4 Se12,Au Cs Se ,C2/c,15,5,6.483,13.789,7.651,90.0,112.17,90.0,True,ABX3,Monoklinik
1510105_13,21737,Cs4 Au4 Se12,Au Cs Se ,C2/c,15,5,6.483,13.789,7.651,90.0,112.17,90.0,True,ABX3,Monoklinik
1510105_14,21737,Cs4 Au4 Se12,Au Cs Se ,C2/c,15,5,6.483,13.789,7.651,90.0,112.17,90.0,True,ABX3,Monoklinik
1510105_15,21737,Cs4 Au4 Se12,Au Cs Se ,C2/c,15,5,6.483,13.789,7.651,90.0,112.17,90.0,True,ABX3,Monoklinik
1510105_16,21737,Cs4 Au4 Se12,Au Cs Se ,C2/c,15,5,6.483,13.789,7.651,90.0,112.17,90.0,True,ABX3,Monoklinik
1510105_17,21737,Cs4 Au4 Se12,Au Cs Se ,C2/c,15,5,6.483,13.789,7.651,90.0,112.17,90.0,True,ABX3,Monoklinik
1510105_18,21737,Cs4 Au4 Se12,Au Cs Se ,C2/c,15,5,6.483,13.789,7.651,90.0,112.17,90.0,True,ABX3,Monoklinik
1510105_19,21737,Cs4 Au4 Se12,Au Cs Se ,C2/c,15,5,6.483,13.789,7.651,90.0,112.17,90.0,True,ABX3,Monoklinik
1510105_20,21737,Cs4 Au4 Se12,Au Cs Se ,C2/c,15,5,6.483,13.789,7.651,90.0,112.17,90.0,True,ABX3,Monoklinik
1510105_21,21737,Cs4 Au4 Se12,Au Cs Se ,C2/c,15,5,6.483,13.789,7.651,90.0,112.17,90.0,True,ABX3,Monoklinik
1510105_22,21737,Cs4 Au4 Se12,Au Cs Se ,C2/c,15,5,6.483,13.789,7.651,90.0,112.17,90.0,True,ABX3,Monoklinik
1510105_23,21737,Cs4 Au4 Se12,Au Cs Se ,C2/c,15,5,6.483,13.789,7.651,90.0,112.17,90.0,True,ABX3,Monoklinik
1510105_24,21737,Cs4 Au4 Se12,Au Cs Se ,C2/c,15,5,6.483,13.789,7.651,90.0,112.17,90.0,True,ABX3,Monoklinik
1528359_1,22074,Gd4 Fe4 O12,Fe Gd O ,Pnma,62,2,5.349,5.6089,7.6687,90.0,90.0,90.0,True,ABX3,Ortorombik
1528359_2,22074,Gd4 Fe4 O12,Fe Gd O ,Pnma,62,2,5.349,5.6089,7.6687,90.0,90.0,90.0,True,ABX3,Ortorombik
1528359_3,22074,Gd4 Fe4 O12,Fe Gd O ,Pnma,62,2,5.349,5.6089,7.6687,90.0,90.0,90.0,True,ABX3,Ortorombik
1528359_4,22074,Gd4 Fe4 O12,Fe Gd O ,Pnma,62,2,5.349,5.6089,7.6687,90.0,90.0,90.0,True,ABX3,Ortorombik
1528359_5,22074,Gd4 Fe4 O12,Fe Gd O ,Pnma,62,2,5.349,5.6089,7.6687,90.0,90.0,90.0,True,ABX3,Ortorombik
1528359_6,22074,Gd4 Fe4 O12,Fe Gd O ,Pnma,62,2,5.349,5.6089,7.6687,90.0,90.0,90.0,True,ABX3,Ortorombik
1528359_7,22074,Gd4 Fe4 O12,Fe Gd O ,Pnma,62,2,5.349,5.6089,7.6687,90.0,90.0,90.0,True,ABX3,Ortorombik
1528359_8,22074,Gd4 Fe4 O12,Fe Gd O ,Pnma,62,2,5.349,5.6089,7.6687,90.0,90.0,90.0,True,ABX3,Ortorombik
1528359_9,22074,Gd4 Fe4 O12,Fe Gd O ,Pnma,62,2,5.349,5.6089,7.6687,90.0,90.0,90.0,True,ABX3,Ortorombik
1528359_10,22074,Gd4 Fe4 O12,Fe Gd O ,Pnma,62,2,5.349,5.6089,7.6687,90.0,90.0,90.0,True,ABX3,Ortorombik
1528359_11,22074,Gd4 Fe4 O12,Fe Gd O ,Pnma,62,2,5.349,5.6089,7.6687,90.0,90.0,90.0,True,ABX3,Ortorombik
1528359_12,22074,Gd4 Fe4 O12,Fe Gd O ,Pnma,62,2,5.349,5.6089,7.6687,90.0,90.0,90.0,True,ABX3,Ortorombik
1528359_13,22074,Gd4 Fe4 O12,Fe Gd O ,Pnma,62,2,5.349,5.6089,7.6687,90.0,90.0,90.0,True,ABX3,Ortorombik
1528359_14,22074,Gd4 Fe4 O12,Fe Gd O ,Pnma,62,2,5.349,5.6089,7.6687,90.0,90.0,90.0,True,ABX3,Ortorombik
1528359_15,22074,Gd4 Fe4 O12,Fe Gd O ,Pnma,62,2,5.349,5.6089,7.6687,90.0,90.0,90.0,True,ABX3,Ortorombik
1528359_16,22074,Gd4 Fe4 O12,Fe Gd O ,Pnma,62,2,5.349,5.6089,7.6687,90.0,90.0,90.0,True,ABX3,Ortorombik
1528359_17,22074,Gd4 Fe4 O12,Fe Gd O ,Pnma,62,2,5.349,5.6089,7.6687,90.0,90.0,90.0,True,ABX3,Ortorombik
1528359_18,22074,Gd4 Fe4 O12,Fe Gd O ,Pnma,62,2,5.349,5.6089,7.6687,90.0,90.0,90.0,True,ABX3,Ortorombik
1528359_19,22074,Gd4 Fe4 O12,Fe Gd O ,Pnma,62,2,5.349,5.6089,7.6687,90.0,90.0,90.0,True,ABX3,Ortorombik
1528359_20,22074,Gd4 Fe4 O12,Fe Gd O ,Pnma,62,2,5.349,5.6089,7.6687,90.0,90.0,90.0,True,ABX3,Ortorombik
1528359_21,22074,Gd4 Fe4 O12,Fe Gd O ,Pnma,62,2,5.349,5.6089,7.6687,90.0,90.0,90.0,True,ABX3,Ortorombik
1528359_22,22074,Gd4 Fe4 O12,Fe Gd O ,Pnma,62,2,5.349,5.6089,7.6687,90.0,90.0,90.0,True,ABX3,Ortorombik
1528359_23,22074,Gd4 Fe4 O12,Fe Gd O ,Pnma,62,2,5.349,5.6089,7.6687,90.0,90.0,90.0,True,ABX3,Ortorombik
1528359_24,22074,Gd4 Fe4 O12,Fe Gd O ,Pnma,62,2,5.349,5.6089,7.6687,90.0,90.0,90.0,True,ABX3,Ortorombik
7055831_1,22100,Eu4 Zr4 S12,Eu S Zr ,Pnma,62,2,8.465,3.8075,13.823,90.0,90.0,90.0,True,ABX3,Ortorombik
7055831_2,22100,Eu4 Zr4 S12,Eu S Zr ,Pnma,62,2,8.465,3.8075,13.823,90.0,90.0,90.0,True,ABX3,Ortorombik
7055831_3,22100,Eu4 Zr4 S12,Eu S Zr ,Pnma,62,2,8.465,3.8075,13.823,90.0,90.0,90.0,True,ABX3,Ortorombik
7055831_4,22100,Eu4 Zr4 S12,Eu S Zr ,Pnma,62,2,8.465,3.8075,13.823,90.0,90.0,90.0,True,ABX3,Ortorombik
7055831_5,22100,Eu4 Zr4 S12,Eu S Zr ,Pnma,62,2,8.465,3.8075,13.823,90.0,90.0,90.0,True,ABX3,Ortorombik
7055831_6,22100,Eu4 Zr4 S12,Eu S Zr ,Pnma,62,2,8.465,3.8075,13.823,90.0,90.0,90.0,True,ABX3,Ortorombik
7055831_7,22100,Eu4 Zr4 S12,Eu S Zr ,Pnma,62,2,8.465,3.8075,13.823,90.0,90.0,90.0,True,ABX3,Ortorombik
7055831_8,22100,Eu4 Zr4 S12,Eu S Zr ,Pnma,62,2,8.465,3.8075,13.823,90.0,90.0,90.0,True,ABX3,Ortorombik
7055831_9,22100,Eu4 Zr4 S12,Eu S Zr ,Pnma,62,2,8.465,3.8075,13.823,90.0,90.0,90.0,True,ABX3,Ortorombik
7055831_10,22100,Eu4 Zr4 S12,Eu S Zr ,Pnma,62,2,8.465,3.8075,13.823,90.0,90.0,90.0,True,ABX3,Ortorombik
7055831_11,22100,Eu4 Zr4 S12,Eu S Zr ,Pnma,62,2,8.465,3.8075,13.823,90.0,90.0,90.0,True,ABX3,Ortorombik
7055831_12,22100,Eu4 Zr4 S12,Eu S Zr ,Pnma,62,2,8.465,3.8075,13.823,90.0,90.0,90.0,True,ABX3,Ortorombik
7055831_13,22100,Eu4 Zr4 S12,Eu S Zr ,Pnma,62,2,8.465,3.8075,13.823,90.0,90.0,90.0,True,ABX3,Ortorombik
7055831_14,22100,Eu4 Zr4 S12,Eu S Zr ,Pnma,62,2,8.465,3.8075,13.823,90.0,90.0,90.0,True,ABX3,Ortorombik
7055831_15,22100,Eu4 Zr4 S12,Eu S Zr ,Pnma,62,2,8.465,3.8075,13.823,90.0,90.0,90.0,True,ABX3,Ortorombik
7055831_16,22100,Eu4 Zr4 S12,Eu S Zr ,Pnma,62,2,8.465,3.8075,13.823,90.0,90.0,90.0,True,ABX3,Ortorombik
7055831_17,22100,Eu4 Zr4 S12,Eu S Zr ,Pnma,62,2,8.465,3.8075,13.823,90.0,90.0,90.0,True,ABX3,Ortorombik
7055831_18,22100,Eu4 Zr4 S12,Eu S Zr ,Pnma,62,2,8.465,3.8075,13.823,90.0,90.0,90.0,True,ABX3,Ortorombik
7055831_19,22100,Eu4 Zr4 S12,Eu S Zr ,Pnma,62,2,8.465,3.8075,13.823,90.0,90.0,90.0,True,ABX3,Ortorombik
7055831_20,22100,Eu4 Zr4 S12,Eu S Zr ,Pnma,62,2,8.465,3.8075,13.823,90.0,90.0,90.0,True,ABX3,Ortorombik
7055831_21,22100,Eu4 Zr4 S12,Eu S Zr ,Pnma,62,2,8.465,3.8075,13.823,90.0,90.0,90.0,True,ABX3,Ortorombik
7055831_22,22100,Eu4 Zr4 S12,Eu S Zr ,Pnma,62,2,8.465,3.8075,13.823,90.0,90.0,90.0,True,ABX3,Ortorombik
7055831_23,22100,Eu4 Zr4 S12,Eu S Zr ,Pnma,62,2,8.465,3.8075,13.823,90.0,90.0,90.0,True,ABX3,Ortorombik
7055831_24,22100,Eu4 Zr4 S12,Eu S Zr ,Pnma,62,2,8.465,3.8075,13.823,90.0,90.0,90.0,True,ABX3,Ortorombik
1533847_1,22156,Tb4 Fe4 O12,Fe O Tb ,Pnma,62,2,5.32684,5.59791,7.64067,90.0,90.0,90.0,True,ABX3,Ortorombik
1533847_2,22156,Tb4 Fe4 O12,Fe O Tb ,Pnma,62,2,5.32684,5.59791,7.64067,90.0,90.0,90.0,True,ABX3,Ortorombik
1533847_3,22156,Tb4 Fe4 O12,Fe O Tb ,Pnma,62,2,5.32684,5.59791,7.64067,90.0,90.0,90.0,True,ABX3,Ortorombik
1533847_4,22156,Tb4 Fe4 O12,Fe O Tb ,Pnma,62,2,5.32684,5.59791,7.64067,90.0,90.0,90.0,True,ABX3,Ortorombik
1533847_5,22156,Tb4 Fe4 O12,Fe O Tb ,Pnma,62,2,5.32684,5.59791,7.64067,90.0,90.0,90.0,True,ABX3,Ortorombik
1533847_6,22156,Tb4 Fe4 O12,Fe O Tb ,Pnma,62,2,5.32684,5.59791,7.64067,90.0,90.0,90.0,True,ABX3,Ortorombik
1533847_7,22156,Tb4 Fe4 O12,Fe O Tb ,Pnma,62,2,5.32684,5.59791,7.64067,90.0,90.0,90.0,True,ABX3,Ortorombik
1533847_8,22156,Tb4 Fe4 O12,Fe O Tb ,Pnma,62,2,5.32684,5.59791,7.64067,90.0,90.0,90.0,True,ABX3,Ortorombik
1533847_9,22156,Tb4 Fe4 O12,Fe O Tb ,Pnma,62,2,5.32684,5.59791,7.64067,90.0,90.0,90.0,True,ABX3,Ortorombik
1533847_10,22156,Tb4 Fe4 O12,Fe O Tb ,Pnma,62,2,5.32684,5.59791,7.64067,90.0,90.0,90.0,True,ABX3,Ortorombik
1533847_11,22156,Tb4 Fe4 O12,Fe O Tb ,Pnma,62,2,5.32684,5.59791,7.64067,90.0,90.0,90.0,True,ABX3,Ortorombik
1533847_12,22156,Tb4 Fe4 O12,Fe O Tb ,Pnma,62,2,5.32684,5.59791,7.64067,90.0,90.0,90.0,True,ABX3,Ortorombik
1533847_13,22156,Tb4 Fe4 O12,Fe O Tb ,Pnma,62,2,5.32684,5.59791,7.64067,90.0,90.0,90.0,True,ABX3,Ortorombik
1533847_14,22156,Tb4 Fe4 O12,Fe O Tb ,Pnma,62,2,5.32684,5.59791,7.64067,90.0,90.0,90.0,True,ABX3,Ortorombik
1533847_15,22156,Tb4 Fe4 O12,Fe O Tb ,Pnma,62,2,5.32684,5.59791,7.64067,90.0,90.0,90.0,True,ABX3,Ortorombik
1533847_16,22156,Tb4 Fe4 O12,Fe O Tb ,Pnma,62,2,5.32684,5.59791,7.64067,90.0,90.0,90.0,True,ABX3,Ortorombik
1533847_17,22156,Tb4 Fe4 O12,Fe O Tb ,Pnma,62,2,5.32684,5.59791,7.64067,90.0,90.0,90.0,True,ABX3,Ortorombik
1533847_18,22156,Tb4 Fe4 O12,Fe O Tb ,Pnma,62,2,5.32684,5.59791,7.64067,90.0,90.0,90.0,True,ABX3,Ortorombik
1533847_19,22156,Tb4 Fe4 O12,Fe O Tb ,Pnma,62,2,5.32684,5.59791,7.64067,90.0,90.0,90.0,True,ABX3,Ortorombik
1533847_20,22156,Tb4 Fe4 O12,Fe O Tb ,Pnma,62,2,5.32684,5.59791,7.64067,90.0,90.0,90.0,True,ABX3,Ortorombik
1533847_21,22156,Tb4 Fe4 O12,Fe O Tb ,Pnma,62,2,5.32684,5.59791,7.64067,90.0,90.0,90.0,True,ABX3,Ortorombik
1533847_22,22156,Tb4 Fe4 O12,Fe O Tb ,Pnma,62,2,5.32684,5.59791,7.64067,90.0,90.0,90.0,True,ABX3,Ortorombik
1533847_23,22156,Tb4 Fe4 O12,Fe O Tb ,Pnma,62,2,5.32684,5.59791,7.64067,90.0,90.0,90.0,True,ABX3,Ortorombik
1533847_24,22156,Tb4 Fe4 O12,Fe O Tb ,Pnma,62,2,5.32684,5.59791,7.64067,90.0,90.0,90.0,True,ABX3,Ortorombik
4318002_1,22261,Eu16 Mo16 O44,Eu Mo O ,Pbam,55,2,10.8351,16.0477,5.7042,90.0,90.0,90.0,True,ABX3,Ortorombik
4318002_2,22261,Eu16 Mo16 O44,Eu Mo O ,Pbam,55,2,10.8351,16.0477,5.7042,90.0,90.0,90.0,True,ABX3,Ortorombik
4318002_3,22261,Eu16 Mo16 O44,Eu Mo O ,Pbam,55,2,10.8351,16.0477,5.7042,90.0,90.0,90.0,True,ABX3,Ortorombik
4318002_4,22261,Eu16 Mo16 O44,Eu Mo O ,Pbam,55,2,10.8351,16.0477,5.7042,90.0,90.0,90.0,True,ABX3,Ortorombik
4318002_5,22261,Eu16 Mo16 O44,Eu Mo O ,Pbam,55,2,10.8351,16.0477,5.7042,90.0,90.0,90.0,True,ABX3,Ortorombik
4318002_6,22261,Eu16 Mo16 O44,Eu Mo O ,Pbam,55,2,10.8351,16.0477,5.7042,90.0,90.0,90.0,True,ABX3,Ortorombik
4318002_7,22261,Eu16 Mo16 O44,Eu Mo O ,Pbam,55,2,10.8351,16.0477,5.7042,90.0,90.0,90.0,True,ABX3,Ortorombik
4318002_8,22261,Eu16 Mo16 O44,Eu Mo O ,Pbam,55,2,10.8351,16.0477,5.7042,90.0,90.0,90.0,True,ABX3,Ortorombik
4318002_9,22261,Eu16 Mo16 O44,Eu Mo O ,Pbam,55,2,10.8351,16.0477,5.7042,90.0,90.0,90.0,True,ABX3,Ortorombik
4318002_10,22261,Eu16 Mo16 O44,Eu Mo O ,Pbam,55,2,10.8351,16.0477,5.7042,90.0,90.0,90.0,True,ABX3,Ortorombik
4318002_11,22261,Eu16 Mo16 O44,Eu Mo O ,Pbam,55,2,10.8351,16.0477,5.7042,90.0,90.0,90.0,True,ABX3,Ortorombik
4318002_12,22261,Eu16 Mo16 O44,Eu Mo O ,Pbam,55,2,10.8351,16.0477,5.7042,90.0,90.0,90.0,True,ABX3,Ortorombik
4318002_13,22261,Eu16 Mo16 O44,Eu Mo O ,Pbam,55,2,10.8351,16.0477,5.7042,90.0,90.0,90.0,True,ABX3,Ortorombik
4318002_14,22261,Eu16 Mo16 O44,Eu Mo O ,Pbam,55,2,10.8351,16.0477,5.7042,90.0,90.0,90.0,True,ABX3,Ortorombik
4318002_15,22261,Eu16 Mo16 O44,Eu Mo O ,Pbam,55,2,10.8351,16.0477,5.7042,90.0,90.0,90.0,True,ABX3,Ortorombik
4318002_16,22261,Eu16 Mo16 O44,Eu Mo O ,Pbam,55,2,10.8351,16.0477,5.7042,90.0,90.0,90.0,True,ABX3,Ortorombik
4318002_17,22261,Eu16 Mo16 O44,Eu Mo O ,Pbam,55,2,10.8351,16.0477,5.7042,90.0,90.0,90.0,True,ABX3,Ortorombik
4318002_18,22261,Eu16 Mo16 O44,Eu Mo O ,Pbam,55,2,10.8351,16.0477,5.7042,90.0,90.0,90.0,True,ABX3,Ortorombik
4318002_19,22261,Eu16 Mo16 O44,Eu Mo O ,Pbam,55,2,10.8351,16.0477,5.7042,90.0,90.0,90.0,True,ABX3,Ortorombik
4318002_20,22261,Eu16 Mo16 O44,Eu Mo O ,Pbam,55,2,10.8351,16.0477,5.7042,90.0,90.0,90.0,True,ABX3,Ortorombik
4318002_21,22261,Eu16 Mo16 O44,Eu Mo O ,Pbam,55,2,10.8351,16.0477,5.7042,90.0,90.0,90.0,True,ABX3,Ortorombik
4318002_22,22261,Eu16 Mo16 O44,Eu Mo O ,Pbam,55,2,10.8351,16.0477,5.7042,90.0,90.0,90.0,True,ABX3,Ortorombik
4318002_23,22261,Eu16 Mo16 O44,Eu Mo O ,Pbam,55,2,10.8351,16.0477,5.7042,90.0,90.0,90.0,True,ABX3,Ortorombik
4318002_24,22261,Eu16 Mo16 O44,Eu Mo O ,Pbam,55,2,10.8351,16.0477,5.7042,90.0,90.0,90.0,True,ABX3,Ortorombik
1510367_1,22323,Rb4 Au4 Br12,Au Br Rb ,C2/m,12,5,8.52,7.243,11.21,90.0,101.24,90.0,True,ABX3,Monoklinik
1510367_2,22323,Rb4 Au4 Br12,Au Br Rb ,C2/m,12,5,8.52,7.243,11.21,90.0,101.24,90.0,True,ABX3,Monoklinik
1510367_3,22323,Rb4 Au4 Br12,Au Br Rb ,C2/m,12,5,8.52,7.243,11.21,90.0,101.24,90.0,True,ABX3,Monoklinik
1510367_4,22323,Rb4 Au4 Br12,Au Br Rb ,C2/m,12,5,8.52,7.243,11.21,90.0,101.24,90.0,True,ABX3,Monoklinik
1510367_5,22323,Rb4 Au4 Br12,Au Br Rb ,C2/m,12,5,8.52,7.243,11.21,90.0,101.24,90.0,True,ABX3,Monoklinik
1510367_6,22323,Rb4 Au4 Br12,Au Br Rb ,C2/m,12,5,8.52,7.243,11.21,90.0,101.24,90.0,True,ABX3,Monoklinik
1510367_7,22323,Rb4 Au4 Br12,Au Br Rb ,C2/m,12,5,8.52,7.243,11.21,90.0,101.24,90.0,True,ABX3,Monoklinik
1510367_8,22323,Rb4 Au4 Br12,Au Br Rb ,C2/m,12,5,8.52,7.243,11.21,90.0,101.24,90.0,True,ABX3,Monoklinik
1510367_9,22323,Rb4 Au4 Br12,Au Br Rb ,C2/m,12,5,8.52,7.243,11.21,90.0,101.24,90.0,True,ABX3,Monoklinik
1510367_10,22323,Rb4 Au4 Br12,Au Br Rb ,C2/m,12,5,8.52,7.243,11.21,90.0,101.24,90.0,True,ABX3,Monoklinik
1510367_11,22323,Rb4 Au4 Br12,Au Br Rb ,C2/m,12,5,8.52,7.243,11.21,90.0,101.24,90.0,True,ABX3,Monoklinik
1510367_12,22323,Rb4 Au4 Br12,Au Br Rb ,C2/m,12,5,8.52,7.243,11.21,90.0,101.24,90.0,True,ABX3,Monoklinik
1510367_13,22323,Rb4 Au4 Br12,Au Br Rb ,C2/m,12,5,8.52,7.243,11.21,90.0,101.24,90.0,True,ABX3,Monoklinik
1510367_14,22323,Rb4 Au4 Br12,Au Br Rb ,C2/m,12,5,8.52,7.243,11.21,90.0,101.24,90.0,True,ABX3,Monoklinik
1510367_15,22323,Rb4 Au4 Br12,Au Br Rb ,C2/m,12,5,8.52,7.243,11.21,90.0,101.24,90.0,True,ABX3,Monoklinik
1510367_16,22323,Rb4 Au4 Br12,Au Br Rb ,C2/m,12,5,8.52,7.243,11.21,90.0,101.24,90.0,True,ABX3,Monoklinik
1510367_17,22323,Rb4 Au4 Br12,Au Br Rb ,C2/m,12,5,8.52,7.243,11.21,90.0,101.24,90.0,True,ABX3,Monoklinik
1510367_18,22323,Rb4 Au4 Br12,Au Br Rb ,C2/m,12,5,8.52,7.243,11.21,90.0,101.24,90.0,True,ABX3,Monoklinik
1510367_19,22323,Rb4 Au4 Br12,Au Br Rb ,C2/m,12,5,8.52,7.243,11.21,90.0,101.24,90.0,True,ABX3,Monoklinik
1510367_20,22323,Rb4 Au4 Br12,Au Br Rb ,C2/m,12,5,8.52,7.243,11.21,90.0,101.24,90.0,True,ABX3,Monoklinik
1510367_21,22323,Rb4 Au4 Br12,Au Br Rb ,C2/m,12,5,8.52,7.243,11.21,90.0,101.24,90.0,True,ABX3,Monoklinik
1510367_22,22323,Rb4 Au4 Br12,Au Br Rb ,C2/m,12,5,8.52,7.243,11.21,90.0,101.24,90.0,True,ABX3,Monoklinik
1510367_23,22323,Rb4 Au4 Br12,Au Br Rb ,C2/m,12,5,8.52,7.243,11.21,90.0,101.24,90.0,True,ABX3,Monoklinik
1510367_24,22323,Rb4 Au4 Br12,Au Br Rb ,C2/m,12,5,8.52,7.243,11.21,90.0,101.24,90.0,True,ABX3,Monoklinik
8103048_1,22406,Sm4 B4 S12,B S Sm ,Pna2_1,33,2,7.3657,6.0272,8.8004,90.0,90.0,90.0,True,ABX3,Ortorombik
8103048_2,22406,Sm4 B4 S12,B S Sm ,Pna2_1,33,2,7.3657,6.0272,8.8004,90.0,90.0,90.0,True,ABX3,Ortorombik
8103048_3,22406,Sm4 B4 S12,B S Sm ,Pna2_1,33,2,7.3657,6.0272,8.8004,90.0,90.0,90.0,True,ABX3,Ortorombik
8103048_4,22406,Sm4 B4 S12,B S Sm ,Pna2_1,33,2,7.3657,6.0272,8.8004,90.0,90.0,90.0,True,ABX3,Ortorombik
8103048_5,22406,Sm4 B4 S12,B S Sm ,Pna2_1,33,2,7.3657,6.0272,8.8004,90.0,90.0,90.0,True,ABX3,Ortorombik
8103048_6,22406,Sm4 B4 S12,B S Sm ,Pna2_1,33,2,7.3657,6.0272,8.8004,90.0,90.0,90.0,True,ABX3,Ortorombik
8103048_7,22406,Sm4 B4 S12,B S Sm ,Pna2_1,33,2,7.3657,6.0272,8.8004,90.0,90.0,90.0,True,ABX3,Ortorombik
8103048_8,22406,Sm4 B4 S12,B S Sm ,Pna2_1,33,2,7.3657,6.0272,8.8004,90.0,90.0,90.0,True,ABX3,Ortorombik
8103048_9,22406,Sm4 B4 S12,B S Sm ,Pna2_1,33,2,7.3657,6.0272,8.8004,90.0,90.0,90.0,True,ABX3,Ortorombik
8103048_10,22406,Sm4 B4 S12,B S Sm ,Pna2_1,33,2,7.3657,6.0272,8.8004,90.0,90.0,90.0,True,ABX3,Ortorombik
8103048_11,22406,Sm4 B4 S12,B S Sm ,Pna2_1,33,2,7.3657,6.0272,8.8004,90.0,90.0,90.0,True,ABX3,Ortorombik
8103048_12,22406,Sm4 B4 S12,B S Sm ,Pna2_1,33,2,7.3657,6.0272,8.8004,90.0,90.0,90.0,True,ABX3,Ortorombik
8103048_13,22406,Sm4 B4 S12,B S Sm ,Pna2_1,33,2,7.3657,6.0272,8.8004,90.0,90.0,90.0,True,ABX3,Ortorombik
8103048_14,22406,Sm4 B4 S12,B S Sm ,Pna2_1,33,2,7.3657,6.0272,8.8004,90.0,90.0,90.0,True,ABX3,Ortorombik
8103048_15,22406,Sm4 B4 S12,B S Sm ,Pna2_1,33,2,7.3657,6.0272,8.8004,90.0,90.0,90.0,True,ABX3,Ortorombik
8103048_16,22406,Sm4 B4 S12,B S Sm ,Pna2_1,33,2,7.3657,6.0272,8.8004,90.0,90.0,90.0,True,ABX3,Ortorombik
8103048_17,22406,Sm4 B4 S12,B S Sm ,Pna2_1,33,2,7.3657,6.0272,8.8004,90.0,90.0,90.0,True,ABX3,Ortorombik
8103048_18,22406,Sm4 B4 S12,B S Sm ,Pna2_1,33,2,7.3657,6.0272,8.8004,90.0,90.0,90.0,True,ABX3,Ortorombik
8103048_19,22406,Sm4 B4 S12,B S Sm ,Pna2_1,33,2,7.3657,6.0272,8.8004,90.0,90.0,90.0,True,ABX3,Ortorombik
8103048_20,22406,Sm4 B4 S12,B S Sm ,Pna2_1,33,2,7.3657,6.0272,8.8004,90.0,90.0,90.0,True,ABX3,Ortorombik
8103048_21,22406,Sm4 B4 S12,B S Sm ,Pna2_1,33,2,7.3657,6.0272,8.8004,90.0,90.0,90.0,True,ABX3,Ortorombik
8103048_22,22406,Sm4 B4 S12,B S Sm ,Pna2_1,33,2,7.3657,6.0272,8.8004,90.0,90.0,90.0,True,ABX3,Ortorombik
8103048_23,22406,Sm4 B4 S12,B S Sm ,Pna2_1,33,2,7.3657,6.0272,8.8004,90.0,90.0,90.0,True,ABX3,Ortorombik
8103048_24,22406,Sm4 B4 S12,B S Sm ,Pna2_1,33,2,7.3657,6.0272,8.8004,90.0,90.0,90.0,True,ABX3,Ortorombik
1525370_1,22447,Ce1 Al1 O3,Al Ce O ,P4/mmm,123,1,3.7669,3.7669,3.7967,90.0,90.0,90.0,True,ABX3,Tetragonal
1525370_2,22447,Ce1 Al1 O3,Al Ce O ,P4/mmm,123,1,3.7669,3.7669,3.7967,90.0,90.0,90.0,True,ABX3,Tetragonal
1525370_3,22447,Ce1 Al1 O3,Al Ce O ,P4/mmm,123,1,3.7669,3.7669,3.7967,90.0,90.0,90.0,True,ABX3,Tetragonal
1525370_4,22447,Ce1 Al1 O3,Al Ce O ,P4/mmm,123,1,3.7669,3.7669,3.7967,90.0,90.0,90.0,True,ABX3,Tetragonal
1525370_5,22447,Ce1 Al1 O3,Al Ce O ,P4/mmm,123,1,3.7669,3.7669,3.7967,90.0,90.0,90.0,True,ABX3,Tetragonal
1525370_6,22447,Ce1 Al1 O3,Al Ce O ,P4/mmm,123,1,3.7669,3.7669,3.7967,90.0,90.0,90.0,True,ABX3,Tetragonal
1525370_7,22447,Ce1 Al1 O3,Al Ce O ,P4/mmm,123,1,3.7669,3.7669,3.7967,90.0,90.0,90.0,True,ABX3,Tetragonal
1525370_8,22447,Ce1 Al1 O3,Al Ce O ,P4/mmm,123,1,3.7669,3.7669,3.7967,90.0,90.0,90.0,True,ABX3,Tetragonal
1525370_9,22447,Ce1 Al1 O3,Al Ce O ,P4/mmm,123,1,3.7669,3.7669,3.7967,90.0,90.0,90.0,True,ABX3,Tetragonal
1525370_10,22447,Ce1 Al1 O3,Al Ce O ,P4/mmm,123,1,3.7669,3.7669,3.7967,90.0,90.0,90.0,True,ABX3,Tetragonal
1525370_11,22447,Ce1 Al1 O3,Al Ce O ,P4/mmm,123,1,3.7669,3.7669,3.7967,90.0,90.0,90.0,True,ABX3,Tetragonal
1525370_12,22447,Ce1 Al1 O3,Al Ce O ,P4/mmm,123,1,3.7669,3.7669,3.7967,90.0,90.0,90.0,True,ABX3,Tetragonal
1525370_13,22447,Ce1 Al1 O3,Al Ce O ,P4/mmm,123,1,3.7669,3.7669,3.7967,90.0,90.0,90.0,True,ABX3,Tetragonal
1525370_14,22447,Ce1 Al1 O3,Al Ce O ,P4/mmm,123,1,3.7669,3.7669,3.7967,90.0,90.0,90.0,True,ABX3,Tetragonal
1525370_15,22447,Ce1 Al1 O3,Al Ce O ,P4/mmm,123,1,3.7669,3.7669,3.7967,90.0,90.0,90.0,True,ABX3,Tetragonal
1525370_16,22447,Ce1 Al1 O3,Al Ce O ,P4/mmm,123,1,3.7669,3.7669,3.7967,90.0,90.0,90.0,True,ABX3,Tetragonal
1525370_17,22447,Ce1 Al1 O3,Al Ce O ,P4/mmm,123,1,3.7669,3.7669,3.7967,90.0,90.0,90.0,True,ABX3,Tetragonal
1525370_18,22447,Ce1 Al1 O3,Al Ce O ,P4/mmm,123,1,3.7669,3.7669,3.7967,90.0,90.0,90.0,True,ABX3,Tetragonal
1525370_19,22447,Ce1 Al1 O3,Al Ce O ,P4/mmm,123,1,3.7669,3.7669,3.7967,90.0,90.0,90.0,True,ABX3,Tetragonal
1525370_20,22447,Ce1 Al1 O3,Al Ce O ,P4/mmm,123,1,3.7669,3.7669,3.7967,90.0,90.0,90.0,True,ABX3,Tetragonal
1525370_21,22447,Ce1 Al1 O3,Al Ce O ,P4/mmm,123,1,3.7669,3.7669,3.7967,90.0,90.0,90.0,True,ABX3,Tetragonal
1525370_22,22447,Ce1 Al1 O3,Al Ce O ,P4/mmm,123,1,3.7669,3.7669,3.7967,90.0,90.0,90.0,True,ABX3,Tetragonal
1525370_23,22447,Ce1 Al1 O3,Al Ce O ,P4/mmm,123,1,3.7669,3.7669,3.7967,90.0,90.0,90.0,True,ABX3,Tetragonal
1525370_24,22447,Ce1 Al1 O3,Al Ce O ,P4/mmm,123,1,3.7669,3.7669,3.7967,90.0,90.0,90.0,True,ABX3,Tetragonal
1526633_1,22456,Tl4 Fe4 O12,Fe O Tl ,Pnma,62,2,5.3172,5.4465,7.7927,90.0,90.0,90.0,True,ABX3,Ortorombik
1526633_2,22456,Tl4 Fe4 O12,Fe O Tl ,Pnma,62,2,5.3172,5.4465,7.7927,90.0,90.0,90.0,True,ABX3,Ortorombik
1526633_3,22456,Tl4 Fe4 O12,Fe O Tl ,Pnma,62,2,5.3172,5.4465,7.7927,90.0,90.0,90.0,True,ABX3,Ortorombik
1526633_4,22456,Tl4 Fe4 O12,Fe O Tl ,Pnma,62,2,5.3172,5.4465,7.7927,90.0,90.0,90.0,True,ABX3,Ortorombik
1526633_5,22456,Tl4 Fe4 O12,Fe O Tl ,Pnma,62,2,5.3172,5.4465,7.7927,90.0,90.0,90.0,True,ABX3,Ortorombik
1526633_6,22456,Tl4 Fe4 O12,Fe O Tl ,Pnma,62,2,5.3172,5.4465,7.7927,90.0,90.0,90.0,True,ABX3,Ortorombik
1526633_7,22456,Tl4 Fe4 O12,Fe O Tl ,Pnma,62,2,5.3172,5.4465,7.7927,90.0,90.0,90.0,True,ABX3,Ortorombik
1526633_8,22456,Tl4 Fe4 O12,Fe O Tl ,Pnma,62,2,5.3172,5.4465,7.7927,90.0,90.0,90.0,True,ABX3,Ortorombik
1526633_9,22456,Tl4 Fe4 O12,Fe O Tl ,Pnma,62,2,5.3172,5.4465,7.7927,90.0,90.0,90.0,True,ABX3,Ortorombik
1526633_10,22456,Tl4 Fe4 O12,Fe O Tl ,Pnma,62,2,5.3172,5.4465,7.7927,90.0,90.0,90.0,True,ABX3,Ortorombik
1526633_11,22456,Tl4 Fe4 O12,Fe O Tl ,Pnma,62,2,5.3172,5.4465,7.7927,90.0,90.0,90.0,True,ABX3,Ortorombik
1526633_12,22456,Tl4 Fe4 O12,Fe O Tl ,Pnma,62,2,5.3172,5.4465,7.7927,90.0,90.0,90.0,True,ABX3,Ortorombik
1526633_13,22456,Tl4 Fe4 O12,Fe O Tl ,Pnma,62,2,5.3172,5.4465,7.7927,90.0,90.0,90.0,True,ABX3,Ortorombik
1526633_14,22456,Tl4 Fe4 O12,Fe O Tl ,Pnma,62,2,5.3172,5.4465,7.7927,90.0,90.0,90.0,True,ABX3,Ortorombik
1526633_15,22456,Tl4 Fe4 O12,Fe O Tl ,Pnma,62,2,5.3172,5.4465,7.7927,90.0,90.0,90.0,True,ABX3,Ortorombik
1526633_16,22456,Tl4 Fe4 O12,Fe O Tl ,Pnma,62,2,5.3172,5.4465,7.7927,90.0,90.0,90.0,True,ABX3,Ortorombik
1526633_17,22456,Tl4 Fe4 O12,Fe O Tl ,Pnma,62,2,5.3172,5.4465,7.7927,90.0,90.0,90.0,True,ABX3,Ortorombik
1526633_18,22456,Tl4 Fe4 O12,Fe O Tl ,Pnma,62,2,5.3172,5.4465,7.7927,90.0,90.0,90.0,True,ABX3,Ortorombik
1526633_19,22456,Tl4 Fe4 O12,Fe O Tl ,Pnma,62,2,5.3172,5.4465,7.7927,90.0,90.0,90.0,True,ABX3,Ortorombik
1526633_20,22456,Tl4 Fe4 O12,Fe O Tl ,Pnma,62,2,5.3172,5.4465,7.7927,90.0,90.0,90.0,True,ABX3,Ortorombik
1526633_21,22456,Tl4 Fe4 O12,Fe O Tl ,Pnma,62,2,5.3172,5.4465,7.7927,90.0,90.0,90.0,True,ABX3,Ortorombik
1526633_22,22456,Tl4 Fe4 O12,Fe O Tl ,Pnma,62,2,5.3172,5.4465,7.7927,90.0,90.0,90.0,True,ABX3,Ortorombik
1526633_23,22456,Tl4 Fe4 O12,Fe O Tl ,Pnma,62,2,5.3172,5.4465,7.7927,90.0,90.0,90.0,True,ABX3,Ortorombik
1526633_24,22456,Tl4 Fe4 O12,Fe O Tl ,Pnma,62,2,5.3172,5.4465,7.7927,90.0,90.0,90.0,True,ABX3,Ortorombik
7221401_1,22518,Dy4 Co4 O12,Co Dy O ,Pnma,62,2,5.16983,5.4104,7.397,90.0,90.0,90.0,True,ABX3,Ortorombik
7221401_2,22518,Dy4 Co4 O12,Co Dy O ,Pnma,62,2,5.16983,5.4104,7.397,90.0,90.0,90.0,True,ABX3,Ortorombik
7221401_3,22518,Dy4 Co4 O12,Co Dy O ,Pnma,62,2,5.16983,5.4104,7.397,90.0,90.0,90.0,True,ABX3,Ortorombik
7221401_4,22518,Dy4 Co4 O12,Co Dy O ,Pnma,62,2,5.16983,5.4104,7.397,90.0,90.0,90.0,True,ABX3,Ortorombik
7221401_5,22518,Dy4 Co4 O12,Co Dy O ,Pnma,62,2,5.16983,5.4104,7.397,90.0,90.0,90.0,True,ABX3,Ortorombik
7221401_6,22518,Dy4 Co4 O12,Co Dy O ,Pnma,62,2,5.16983,5.4104,7.397,90.0,90.0,90.0,True,ABX3,Ortorombik
7221401_7,22518,Dy4 Co4 O12,Co Dy O ,Pnma,62,2,5.16983,5.4104,7.397,90.0,90.0,90.0,True,ABX3,Ortorombik
7221401_8,22518,Dy4 Co4 O12,Co Dy O ,Pnma,62,2,5.16983,5.4104,7.397,90.0,90.0,90.0,True,ABX3,Ortorombik
7221401_9,22518,Dy4 Co4 O12,Co Dy O ,Pnma,62,2,5.16983,5.4104,7.397,90.0,90.0,90.0,True,ABX3,Ortorombik
7221401_10,22518,Dy4 Co4 O12,Co Dy O ,Pnma,62,2,5.16983,5.4104,7.397,90.0,90.0,90.0,True,ABX3,Ortorombik
7221401_11,22518,Dy4 Co4 O12,Co Dy O ,Pnma,62,2,5.16983,5.4104,7.397,90.0,90.0,90.0,True,ABX3,Ortorombik
7221401_12,22518,Dy4 Co4 O12,Co Dy O ,Pnma,62,2,5.16983,5.4104,7.397,90.0,90.0,90.0,True,ABX3,Ortorombik
7221401_13,22518,Dy4 Co4 O12,Co Dy O ,Pnma,62,2,5.16983,5.4104,7.397,90.0,90.0,90.0,True,ABX3,Ortorombik
7221401_14,22518,Dy4 Co4 O12,Co Dy O ,Pnma,62,2,5.16983,5.4104,7.397,90.0,90.0,90.0,True,ABX3,Ortorombik
7221401_15,22518,Dy4 Co4 O12,Co Dy O ,Pnma,62,2,5.16983,5.4104,7.397,90.0,90.0,90.0,True,ABX3,Ortorombik
7221401_16,22518,Dy4 Co4 O12,Co Dy O ,Pnma,62,2,5.16983,5.4104,7.397,90.0,90.0,90.0,True,ABX3,Ortorombik
7221401_17,22518,Dy4 Co4 O12,Co Dy O ,Pnma,62,2,5.16983,5.4104,7.397,90.0,90.0,90.0,True,ABX3,Ortorombik
7221401_18,22518,Dy4 Co4 O12,Co Dy O ,Pnma,62,2,5.16983,5.4104,7.397,90.0,90.0,90.0,True,ABX3,Ortorombik
7221401_19,22518,Dy4 Co4 O12,Co Dy O ,Pnma,62,2,5.16983,5.4104,7.397,90.0,90.0,90.0,True,ABX3,Ortorombik
7221401_20,22518,Dy4 Co4 O12,Co Dy O ,Pnma,62,2,5.16983,5.4104,7.397,90.0,90.0,90.0,True,ABX3,Ortorombik
7221401_21,22518,Dy4 Co4 O12,Co Dy O ,Pnma,62,2,5.16983,5.4104,7.397,90.0,90.0,90.0,True,ABX3,Ortorombik
7221401_22,22518,Dy4 Co4 O12,Co Dy O ,Pnma,62,2,5.16983,5.4104,7.397,90.0,90.0,90.0,True,ABX3,Ortorombik
7221401_23,22518,Dy4 Co4 O12,Co Dy O ,Pnma,62,2,5.16983,5.4104,7.397,90.0,90.0,90.0,True,ABX3,Ortorombik
7221401_24,22518,Dy4 Co4 O12,Co Dy O ,Pnma,62,2,5.16983,5.4104,7.397,90.0,90.0,90.0,True,ABX3,Ortorombik
4330789_1,22676,Ca4 Ti4 O11.712,Ca O Ti ,Pnma,62,2,5.3882,5.44716,7.65383,90.0,90.0,90.0,True,ABX3,Ortorombik
4330789_2,22676,Ca4 Ti4 O11.712,Ca O Ti ,Pnma,62,2,5.3882,5.44716,7.65383,90.0,90.0,90.0,True,ABX3,Ortorombik
4330789_3,22676,Ca4 Ti4 O11.712,Ca O Ti ,Pnma,62,2,5.3882,5.44716,7.65383,90.0,90.0,90.0,True,ABX3,Ortorombik
4330789_4,22676,Ca4 Ti4 O11.712,Ca O Ti ,Pnma,62,2,5.3882,5.44716,7.65383,90.0,90.0,90.0,True,ABX3,Ortorombik
4330789_5,22676,Ca4 Ti4 O11.712,Ca O Ti ,Pnma,62,2,5.3882,5.44716,7.65383,90.0,90.0,90.0,True,ABX3,Ortorombik
4330789_6,22676,Ca4 Ti4 O11.712,Ca O Ti ,Pnma,62,2,5.3882,5.44716,7.65383,90.0,90.0,90.0,True,ABX3,Ortorombik
4330789_7,22676,Ca4 Ti4 O11.712,Ca O Ti ,Pnma,62,2,5.3882,5.44716,7.65383,90.0,90.0,90.0,True,ABX3,Ortorombik
4330789_8,22676,Ca4 Ti4 O11.712,Ca O Ti ,Pnma,62,2,5.3882,5.44716,7.65383,90.0,90.0,90.0,True,ABX3,Ortorombik
4330789_9,22676,Ca4 Ti4 O11.712,Ca O Ti ,Pnma,62,2,5.3882,5.44716,7.65383,90.0,90.0,90.0,True,ABX3,Ortorombik
4330789_10,22676,Ca4 Ti4 O11.712,Ca O Ti ,Pnma,62,2,5.3882,5.44716,7.65383,90.0,90.0,90.0,True,ABX3,Ortorombik
4330789_11,22676,Ca4 Ti4 O11.712,Ca O Ti ,Pnma,62,2,5.3882,5.44716,7.65383,90.0,90.0,90.0,True,ABX3,Ortorombik
4330789_12,22676,Ca4 Ti4 O11.712,Ca O Ti ,Pnma,62,2,5.3882,5.44716,7.65383,90.0,90.0,90.0,True,ABX3,Ortorombik
4330789_13,22676,Ca4 Ti4 O11.712,Ca O Ti ,Pnma,62,2,5.3882,5.44716,7.65383,90.0,90.0,90.0,True,ABX3,Ortorombik
4330789_14,22676,Ca4 Ti4 O11.712,Ca O Ti ,Pnma,62,2,5.3882,5.44716,7.65383,90.0,90.0,90.0,True,ABX3,Ortorombik
4330789_15,22676,Ca4 Ti4 O11.712,Ca O Ti ,Pnma,62,2,5.3882,5.44716,7.65383,90.0,90.0,90.0,True,ABX3,Ortorombik
4330789_16,22676,Ca4 Ti4 O11.712,Ca O Ti ,Pnma,62,2,5.3882,5.44716,7.65383,90.0,90.0,90.0,True,ABX3,Ortorombik
4330789_17,22676,Ca4 Ti4 O11.712,Ca O Ti ,Pnma,62,2,5.3882,5.44716,7.65383,90.0,90.0,90.0,True,ABX3,Ortorombik
4330789_18,22676,Ca4 Ti4 O11.712,Ca O Ti ,Pnma,62,2,5.3882,5.44716,7.65383,90.0,90.0,90.0,True,ABX3,Ortorombik
4330789_19,22676,Ca4 Ti4 O11.712,Ca O Ti ,Pnma,62,2,5.3882,5.44716,7.65383,90.0,90.0,90.0,True,ABX3,Ortorombik
4330789_20,22676,Ca4 Ti4 O11.712,Ca O Ti ,Pnma,62,2,5.3882,5.44716,7.65383,90.0,90.0,90.0,True,ABX3,Ortorombik
4330789_21,22676,Ca4 Ti4 O11.712,Ca O Ti ,Pnma,62,2,5.3882,5.44716,7.65383,90.0,90.0,90.0,True,ABX3,Ortorombik
4330789_22,22676,Ca4 Ti4 O11.712,Ca O Ti ,Pnma,62,2,5.3882,5.44716,7.65383,90.0,90.0,90.0,True,ABX3,Ortorombik
4330789_23,22676,Ca4 Ti4 O11.712,Ca O Ti ,Pnma,62,2,5.3882,5.44716,7.65383,90.0,90.0,90.0,True,ABX3,Ortorombik
4330789_24,22676,Ca4 Ti4 O11.712,Ca O Ti ,Pnma,62,2,5.3882,5.44716,7.65383,90.0,90.0,90.0,True,ABX3,Ortorombik
7221404_1,22721,Tm4 Co4 O12,Co O Tm ,Pnma,62,2,5.1049,5.4135,7.3282,90.0,90.0,90.0,True,ABX3,Ortorombik
7221404_2,22721,Tm4 Co4 O12,Co O Tm ,Pnma,62,2,5.1049,5.4135,7.3282,90.0,90.0,90.0,True,ABX3,Ortorombik
7221404_3,22721,Tm4 Co4 O12,Co O Tm ,Pnma,62,2,5.1049,5.4135,7.3282,90.0,90.0,90.0,True,ABX3,Ortorombik
7221404_4,22721,Tm4 Co4 O12,Co O Tm ,Pnma,62,2,5.1049,5.4135,7.3282,90.0,90.0,90.0,True,ABX3,Ortorombik
7221404_5,22721,Tm4 Co4 O12,Co O Tm ,Pnma,62,2,5.1049,5.4135,7.3282,90.0,90.0,90.0,True,ABX3,Ortorombik
7221404_6,22721,Tm4 Co4 O12,Co O Tm ,Pnma,62,2,5.1049,5.4135,7.3282,90.0,90.0,90.0,True,ABX3,Ortorombik
7221404_7,22721,Tm4 Co4 O12,Co O Tm ,Pnma,62,2,5.1049,5.4135,7.3282,90.0,90.0,90.0,True,ABX3,Ortorombik
7221404_8,22721,Tm4 Co4 O12,Co O Tm ,Pnma,62,2,5.1049,5.4135,7.3282,90.0,90.0,90.0,True,ABX3,Ortorombik
7221404_9,22721,Tm4 Co4 O12,Co O Tm ,Pnma,62,2,5.1049,5.4135,7.3282,90.0,90.0,90.0,True,ABX3,Ortorombik
7221404_10,22721,Tm4 Co4 O12,Co O Tm ,Pnma,62,2,5.1049,5.4135,7.3282,90.0,90.0,90.0,True,ABX3,Ortorombik
7221404_11,22721,Tm4 Co4 O12,Co O Tm ,Pnma,62,2,5.1049,5.4135,7.3282,90.0,90.0,90.0,True,ABX3,Ortorombik
7221404_12,22721,Tm4 Co4 O12,Co O Tm ,Pnma,62,2,5.1049,5.4135,7.3282,90.0,90.0,90.0,True,ABX3,Ortorombik
7221404_13,22721,Tm4 Co4 O12,Co O Tm ,Pnma,62,2,5.1049,5.4135,7.3282,90.0,90.0,90.0,True,ABX3,Ortorombik
7221404_14,22721,Tm4 Co4 O12,Co O Tm ,Pnma,62,2,5.1049,5.4135,7.3282,90.0,90.0,90.0,True,ABX3,Ortorombik
7221404_15,22721,Tm4 Co4 O12,Co O Tm ,Pnma,62,2,5.1049,5.4135,7.3282,90.0,90.0,90.0,True,ABX3,Ortorombik
7221404_16,22721,Tm4 Co4 O12,Co O Tm ,Pnma,62,2,5.1049,5.4135,7.3282,90.0,90.0,90.0,True,ABX3,Ortorombik
7221404_17,22721,Tm4 Co4 O12,Co O Tm ,Pnma,62,2,5.1049,5.4135,7.3282,90.0,90.0,90.0,True,ABX3,Ortorombik
7221404_18,22721,Tm4 Co4 O12,Co O Tm ,Pnma,62,2,5.1049,5.4135,7.3282,90.0,90.0,90.0,True,ABX3,Ortorombik
7221404_19,22721,Tm4 Co4 O12,Co O Tm ,Pnma,62,2,5.1049,5.4135,7.3282,90.0,90.0,90.0,True,ABX3,Ortorombik
7221404_20,22721,Tm4 Co4 O12,Co O Tm ,Pnma,62,2,5.1049,5.4135,7.3282,90.0,90.0,90.0,True,ABX3,Ortorombik
7221404_21,22721,Tm4 Co4 O12,Co O Tm ,Pnma,62,2,5.1049,5.4135,7.3282,90.0,90.0,90.0,True,ABX3,Ortorombik
7221404_22,22721,Tm4 Co4 O12,Co O Tm ,Pnma,62,2,5.1049,5.4135,7.3282,90.0,90.0,90.0,True,ABX3,Ortorombik
7221404_23,22721,Tm4 Co4 O12,Co O Tm ,Pnma,62,2,5.1049,5.4135,7.3282,90.0,90.0,90.0,True,ABX3,Ortorombik
7221404_24,22721,Tm4 Co4 O12,Co O Tm ,Pnma,62,2,5.1049,5.4135,7.3282,90.0,90.0,90.0,True,ABX3,Ortorombik
4002392_1,22755,Yb4 Mn4 O12,Mn O Yb ,Pnma,62,2,5.216,5.803,7.2816,90.0,90.0,90.0,True,ABX3,Ortorombik
4002392_2,22755,Yb4 Mn4 O12,Mn O Yb ,Pnma,62,2,5.216,5.803,7.2816,90.0,90.0,90.0,True,ABX3,Ortorombik
4002392_3,22755,Yb4 Mn4 O12,Mn O Yb ,Pnma,62,2,5.216,5.803,7.2816,90.0,90.0,90.0,True,ABX3,Ortorombik
4002392_4,22755,Yb4 Mn4 O12,Mn O Yb ,Pnma,62,2,5.216,5.803,7.2816,90.0,90.0,90.0,True,ABX3,Ortorombik
4002392_5,22755,Yb4 Mn4 O12,Mn O Yb ,Pnma,62,2,5.216,5.803,7.2816,90.0,90.0,90.0,True,ABX3,Ortorombik
4002392_6,22755,Yb4 Mn4 O12,Mn O Yb ,Pnma,62,2,5.216,5.803,7.2816,90.0,90.0,90.0,True,ABX3,Ortorombik
4002392_7,22755,Yb4 Mn4 O12,Mn O Yb ,Pnma,62,2,5.216,5.803,7.2816,90.0,90.0,90.0,True,ABX3,Ortorombik
4002392_8,22755,Yb4 Mn4 O12,Mn O Yb ,Pnma,62,2,5.216,5.803,7.2816,90.0,90.0,90.0,True,ABX3,Ortorombik
4002392_9,22755,Yb4 Mn4 O12,Mn O Yb ,Pnma,62,2,5.216,5.803,7.2816,90.0,90.0,90.0,True,ABX3,Ortorombik
4002392_10,22755,Yb4 Mn4 O12,Mn O Yb ,Pnma,62,2,5.216,5.803,7.2816,90.0,90.0,90.0,True,ABX3,Ortorombik
4002392_11,22755,Yb4 Mn4 O12,Mn O Yb ,Pnma,62,2,5.216,5.803,7.2816,90.0,90.0,90.0,True,ABX3,Ortorombik
4002392_12,22755,Yb4 Mn4 O12,Mn O Yb ,Pnma,62,2,5.216,5.803,7.2816,90.0,90.0,90.0,True,ABX3,Ortorombik
4002392_13,22755,Yb4 Mn4 O12,Mn O Yb ,Pnma,62,2,5.216,5.803,7.2816,90.0,90.0,90.0,True,ABX3,Ortorombik
4002392_14,22755,Yb4 Mn4 O12,Mn O Yb ,Pnma,62,2,5.216,5.803,7.2816,90.0,90.0,90.0,True,ABX3,Ortorombik
4002392_15,22755,Yb4 Mn4 O12,Mn O Yb ,Pnma,62,2,5.216,5.803,7.2816,90.0,90.0,90.0,True,ABX3,Ortorombik
4002392_16,22755,Yb4 Mn4 O12,Mn O Yb ,Pnma,62,2,5.216,5.803,7.2816,90.0,90.0,90.0,True,ABX3,Ortorombik
4002392_17,22755,Yb4 Mn4 O12,Mn O Yb ,Pnma,62,2,5.216,5.803,7.2816,90.0,90.0,90.0,True,ABX3,Ortorombik
4002392_18,22755,Yb4 Mn4 O12,Mn O Yb ,Pnma,62,2,5.216,5.803,7.2816,90.0,90.0,90.0,True,ABX3,Ortorombik
4002392_19,22755,Yb4 Mn4 O12,Mn O Yb ,Pnma,62,2,5.216,5.803,7.2816,90.0,90.0,90.0,True,ABX3,Ortorombik
4002392_20,22755,Yb4 Mn4 O12,Mn O Yb ,Pnma,62,2,5.216,5.803,7.2816,90.0,90.0,90.0,True,ABX3,Ortorombik
4002392_21,22755,Yb4 Mn4 O12,Mn O Yb ,Pnma,62,2,5.216,5.803,7.2816,90.0,90.0,90.0,True,ABX3,Ortorombik
4002392_22,22755,Yb4 Mn4 O12,Mn O Yb ,Pnma,62,2,5.216,5.803,7.2816,90.0,90.0,90.0,True,ABX3,Ortorombik
4002392_23,22755,Yb4 Mn4 O12,Mn O Yb ,Pnma,62,2,5.216,5.803,7.2816,90.0,90.0,90.0,True,ABX3,Ortorombik
4002392_24,22755,Yb4 Mn4 O12,Mn O Yb ,Pnma,62,2,5.216,5.803,7.2816,90.0,90.0,90.0,True,ABX3,Ortorombik
2003493_1,22761,Y1 Ru1 O3,O Ru Y ,P4mm,99,0,10.1429,10.1429,10.1429,90.0,90.0,90.0,True,ABX3,Kubik
2003493_2,22761,Y1 Ru1 O3,O Ru Y ,P4mm,99,0,10.1429,10.1429,10.1429,90.0,90.0,90.0,True,ABX3,Kubik
2003493_3,22761,Y1 Ru1 O3,O Ru Y ,P4mm,99,0,10.1429,10.1429,10.1429,90.0,90.0,90.0,True,ABX3,Kubik
2003493_4,22761,Y1 Ru1 O3,O Ru Y ,P4mm,99,0,10.1429,10.1429,10.1429,90.0,90.0,90.0,True,ABX3,Kubik
2003493_5,22761,Y1 Ru1 O3,O Ru Y ,P4mm,99,0,10.1429,10.1429,10.1429,90.0,90.0,90.0,True,ABX3,Kubik
2003493_6,22761,Y1 Ru1 O3,O Ru Y ,P4mm,99,0,10.1429,10.1429,10.1429,90.0,90.0,90.0,True,ABX3,Kubik
2003493_7,22761,Y1 Ru1 O3,O Ru Y ,P4mm,99,0,10.1429,10.1429,10.1429,90.0,90.0,90.0,True,ABX3,Kubik
2003493_8,22761,Y1 Ru1 O3,O Ru Y ,P4mm,99,0,10.1429,10.1429,10.1429,90.0,90.0,90.0,True,ABX3,Kubik
2003493_9,22761,Y1 Ru1 O3,O Ru Y ,P4mm,99,0,10.1429,10.1429,10.1429,90.0,90.0,90.0,True,ABX3,Kubik
2003493_10,22761,Y1 Ru1 O3,O Ru Y ,P4mm,99,0,10.1429,10.1429,10.1429,90.0,90.0,90.0,True,ABX3,Kubik
2003493_11,22761,Y1 Ru1 O3,O Ru Y ,P4mm,99,0,10.1429,10.1429,10.1429,90.0,90.0,90.0,True,ABX3,Kubik
2003493_12,22761,Y1 Ru1 O3,O Ru Y ,P4mm,99,0,10.1429,10.1429,10.1429,90.0,90.0,90.0,True,ABX3,Kubik
2003493_13,22761,Y1 Ru1 O3,O Ru Y ,P4mm,99,0,10.1429,10.1429,10.1429,90.0,90.0,90.0,True,ABX3,Kubik
2003493_14,22761,Y1 Ru1 O3,O Ru Y ,P4mm,99,0,10.1429,10.1429,10.1429,90.0,90.0,90.0,True,ABX3,Kubik
2003493_15,22761,Y1 Ru1 O3,O Ru Y ,P4mm,99,0,10.1429,10.1429,10.1429,90.0,90.0,90.0,True,ABX3,Kubik
2003493_16,22761,Y1 Ru1 O3,O Ru Y ,P4mm,99,0,10.1429,10.1429,10.1429,90.0,90.0,90.0,True,ABX3,Kubik
2003493_17,22761,Y1 Ru1 O3,O Ru Y ,P4mm,99,0,10.1429,10.1429,10.1429,90.0,90.0,90.0,True,ABX3,Kubik
2003493_18,22761,Y1 Ru1 O3,O Ru Y ,P4mm,99,0,10.1429,10.1429,10.1429,90.0,90.0,90.0,True,ABX3,Kubik
2003493_19,22761,Y1 Ru1 O3,O Ru Y ,P4mm,99,0,10.1429,10.1429,10.1429,90.0,90.0,90.0,True,ABX3,Kubik
2003493_20,22761,Y1 Ru1 O3,O Ru Y ,P4mm,99,0,10.1429,10.1429,10.1429,90.0,90.0,90.0,True,ABX3,Kubik
2003493_21,22761,Y1 Ru1 O3,O Ru Y ,P4mm,99,0,10.1429,10.1429,10.1429,90.0,90.0,90.0,True,ABX3,Kubik
2003493_22,22761,Y1 Ru1 O3,O Ru Y ,P4mm,99,0,10.1429,10.1429,10.1429,90.0,90.0,90.0,True,ABX3,Kubik
2003493_23,22761,Y1 Ru1 O3,O Ru Y ,P4mm,99,0,10.1429,10.1429,10.1429,90.0,90.0,90.0,True,ABX3,Kubik
2003493_24,22761,Y1 Ru1 O3,O Ru Y ,P4mm,99,0,10.1429,10.1429,10.1429,90.0,90.0,90.0,True,ABX3,Kubik
2206091_1,22865,Cs4 Au4 Br12,Au Br Cs ,I4/mmm,139,1,7.7592,7.7592,11.3079,90.0,90.0,90.0,True,ABX3,Tetragonal
2206091_2,22865,Cs4 Au4 Br12,Au Br Cs ,I4/mmm,139,1,7.7592,7.7592,11.3079,90.0,90.0,90.0,True,ABX3,Tetragonal
2206091_3,22865,Cs4 Au4 Br12,Au Br Cs ,I4/mmm,139,1,7.7592,7.7592,11.3079,90.0,90.0,90.0,True,ABX3,Tetragonal
2206091_4,22865,Cs4 Au4 Br12,Au Br Cs ,I4/mmm,139,1,7.7592,7.7592,11.3079,90.0,90.0,90.0,True,ABX3,Tetragonal
2206091_5,22865,Cs4 Au4 Br12,Au Br Cs ,I4/mmm,139,1,7.7592,7.7592,11.3079,90.0,90.0,90.0,True,ABX3,Tetragonal
2206091_6,22865,Cs4 Au4 Br12,Au Br Cs ,I4/mmm,139,1,7.7592,7.7592,11.3079,90.0,90.0,90.0,True,ABX3,Tetragonal
2206091_7,22865,Cs4 Au4 Br12,Au Br Cs ,I4/mmm,139,1,7.7592,7.7592,11.3079,90.0,90.0,90.0,True,ABX3,Tetragonal
2206091_8,22865,Cs4 Au4 Br12,Au Br Cs ,I4/mmm,139,1,7.7592,7.7592,11.3079,90.0,90.0,90.0,True,ABX3,Tetragonal
2206091_9,22865,Cs4 Au4 Br12,Au Br Cs ,I4/mmm,139,1,7.7592,7.7592,11.3079,90.0,90.0,90.0,True,ABX3,Tetragonal
2206091_10,22865,Cs4 Au4 Br12,Au Br Cs ,I4/mmm,139,1,7.7592,7.7592,11.3079,90.0,90.0,90.0,True,ABX3,Tetragonal
2206091_11,22865,Cs4 Au4 Br12,Au Br Cs ,I4/mmm,139,1,7.7592,7.7592,11.3079,90.0,90.0,90.0,True,ABX3,Tetragonal
2206091_12,22865,Cs4 Au4 Br12,Au Br Cs ,I4/mmm,139,1,7.7592,7.7592,11.3079,90.0,90.0,90.0,True,ABX3,Tetragonal
2206091_13,22865,Cs4 Au4 Br12,Au Br Cs ,I4/mmm,139,1,7.7592,7.7592,11.3079,90.0,90.0,90.0,True,ABX3,Tetragonal
2206091_14,22865,Cs4 Au4 Br12,Au Br Cs ,I4/mmm,139,1,7.7592,7.7592,11.3079,90.0,90.0,90.0,True,ABX3,Tetragonal
2206091_15,22865,Cs4 Au4 Br12,Au Br Cs ,I4/mmm,139,1,7.7592,7.7592,11.3079,90.0,90.0,90.0,True,ABX3,Tetragonal
2206091_16,22865,Cs4 Au4 Br12,Au Br Cs ,I4/mmm,139,1,7.7592,7.7592,11.3079,90.0,90.0,90.0,True,ABX3,Tetragonal
2206091_17,22865,Cs4 Au4 Br12,Au Br Cs ,I4/mmm,139,1,7.7592,7.7592,11.3079,90.0,90.0,90.0,True,ABX3,Tetragonal
2206091_18,22865,Cs4 Au4 Br12,Au Br Cs ,I4/mmm,139,1,7.7592,7.7592,11.3079,90.0,90.0,90.0,True,ABX3,Tetragonal
2206091_19,22865,Cs4 Au4 Br12,Au Br Cs ,I4/mmm,139,1,7.7592,7.7592,11.3079,90.0,90.0,90.0,True,ABX3,Tetragonal
2206091_20,22865,Cs4 Au4 Br12,Au Br Cs ,I4/mmm,139,1,7.7592,7.7592,11.3079,90.0,90.0,90.0,True,ABX3,Tetragonal
2206091_21,22865,Cs4 Au4 Br12,Au Br Cs ,I4/mmm,139,1,7.7592,7.7592,11.3079,90.0,90.0,90.0,True,ABX3,Tetragonal
2206091_22,22865,Cs4 Au4 Br12,Au Br Cs ,I4/mmm,139,1,7.7592,7.7592,11.3079,90.0,90.0,90.0,True,ABX3,Tetragonal
2206091_23,22865,Cs4 Au4 Br12,Au Br Cs ,I4/mmm,139,1,7.7592,7.7592,11.3079,90.0,90.0,90.0,True,ABX3,Tetragonal
2206091_24,22865,Cs4 Au4 Br12,Au Br Cs ,I4/mmm,139,1,7.7592,7.7592,11.3079,90.0,90.0,90.0,True,ABX3,Tetragonal
1511025_1,23048,Ce4 B4 O12,B Ce O ,Pnma,62,2,5.8125,5.07801,8.1947,90.0,90.0,90.0,True,ABX3,Ortorombik
1511025_2,23048,Ce4 B4 O12,B Ce O ,Pnma,62,2,5.8125,5.07801,8.1947,90.0,90.0,90.0,True,ABX3,Ortorombik
1511025_3,23048,Ce4 B4 O12,B Ce O ,Pnma,62,2,5.8125,5.07801,8.1947,90.0,90.0,90.0,True,ABX3,Ortorombik
1511025_4,23048,Ce4 B4 O12,B Ce O ,Pnma,62,2,5.8125,5.07801,8.1947,90.0,90.0,90.0,True,ABX3,Ortorombik
1511025_5,23048,Ce4 B4 O12,B Ce O ,Pnma,62,2,5.8125,5.07801,8.1947,90.0,90.0,90.0,True,ABX3,Ortorombik
1511025_6,23048,Ce4 B4 O12,B Ce O ,Pnma,62,2,5.8125,5.07801,8.1947,90.0,90.0,90.0,True,ABX3,Ortorombik
1511025_7,23048,Ce4 B4 O12,B Ce O ,Pnma,62,2,5.8125,5.07801,8.1947,90.0,90.0,90.0,True,ABX3,Ortorombik
1511025_8,23048,Ce4 B4 O12,B Ce O ,Pnma,62,2,5.8125,5.07801,8.1947,90.0,90.0,90.0,True,ABX3,Ortorombik
1511025_9,23048,Ce4 B4 O12,B Ce O ,Pnma,62,2,5.8125,5.07801,8.1947,90.0,90.0,90.0,True,ABX3,Ortorombik
1511025_10,23048,Ce4 B4 O12,B Ce O ,Pnma,62,2,5.8125,5.07801,8.1947,90.0,90.0,90.0,True,ABX3,Ortorombik
1511025_11,23048,Ce4 B4 O12,B Ce O ,Pnma,62,2,5.8125,5.07801,8.1947,90.0,90.0,90.0,True,ABX3,Ortorombik
1511025_12,23048,Ce4 B4 O12,B Ce O ,Pnma,62,2,5.8125,5.07801,8.1947,90.0,90.0,90.0,True,ABX3,Ortorombik
1511025_13,23048,Ce4 B4 O12,B Ce O ,Pnma,62,2,5.8125,5.07801,8.1947,90.0,90.0,90.0,True,ABX3,Ortorombik
1511025_14,23048,Ce4 B4 O12,B Ce O ,Pnma,62,2,5.8125,5.07801,8.1947,90.0,90.0,90.0,True,ABX3,Ortorombik
1511025_15,23048,Ce4 B4 O12,B Ce O ,Pnma,62,2,5.8125,5.07801,8.1947,90.0,90.0,90.0,True,ABX3,Ortorombik
1511025_16,23048,Ce4 B4 O12,B Ce O ,Pnma,62,2,5.8125,5.07801,8.1947,90.0,90.0,90.0,True,ABX3,Ortorombik
1511025_17,23048,Ce4 B4 O12,B Ce O ,Pnma,62,2,5.8125,5.07801,8.1947,90.0,90.0,90.0,True,ABX3,Ortorombik
1511025_18,23048,Ce4 B4 O12,B Ce O ,Pnma,62,2,5.8125,5.07801,8.1947,90.0,90.0,90.0,True,ABX3,Ortorombik
1511025_19,23048,Ce4 B4 O12,B Ce O ,Pnma,62,2,5.8125,5.07801,8.1947,90.0,90.0,90.0,True,ABX3,Ortorombik
1511025_20,23048,Ce4 B4 O12,B Ce O ,Pnma,62,2,5.8125,5.07801,8.1947,90.0,90.0,90.0,True,ABX3,Ortorombik
1511025_21,23048,Ce4 B4 O12,B Ce O ,Pnma,62,2,5.8125,5.07801,8.1947,90.0,90.0,90.0,True,ABX3,Ortorombik
1511025_22,23048,Ce4 B4 O12,B Ce O ,Pnma,62,2,5.8125,5.07801,8.1947,90.0,90.0,90.0,True,ABX3,Ortorombik
1511025_23,23048,Ce4 B4 O12,B Ce O ,Pnma,62,2,5.8125,5.07801,8.1947,90.0,90.0,90.0,True,ABX3,Ortorombik
1511025_24,23048,Ce4 B4 O12,B Ce O ,Pnma,62,2,5.8125,5.07801,8.1947,90.0,90.0,90.0,True,ABX3,Ortorombik
7221181_1,23066,Ba8 Sb8 Te24,Ba Sb Te ,P2_12_12_1,19,2,18.09,16.94,4.635,90.0,90.0,90.0,True,ABX3,Ortorombik
7221181_2,23066,Ba8 Sb8 Te24,Ba Sb Te ,P2_12_12_1,19,2,18.09,16.94,4.635,90.0,90.0,90.0,True,ABX3,Ortorombik
7221181_3,23066,Ba8 Sb8 Te24,Ba Sb Te ,P2_12_12_1,19,2,18.09,16.94,4.635,90.0,90.0,90.0,True,ABX3,Ortorombik
7221181_4,23066,Ba8 Sb8 Te24,Ba Sb Te ,P2_12_12_1,19,2,18.09,16.94,4.635,90.0,90.0,90.0,True,ABX3,Ortorombik
7221181_5,23066,Ba8 Sb8 Te24,Ba Sb Te ,P2_12_12_1,19,2,18.09,16.94,4.635,90.0,90.0,90.0,True,ABX3,Ortorombik
7221181_6,23066,Ba8 Sb8 Te24,Ba Sb Te ,P2_12_12_1,19,2,18.09,16.94,4.635,90.0,90.0,90.0,True,ABX3,Ortorombik
7221181_7,23066,Ba8 Sb8 Te24,Ba Sb Te ,P2_12_12_1,19,2,18.09,16.94,4.635,90.0,90.0,90.0,True,ABX3,Ortorombik
7221181_8,23066,Ba8 Sb8 Te24,Ba Sb Te ,P2_12_12_1,19,2,18.09,16.94,4.635,90.0,90.0,90.0,True,ABX3,Ortorombik
7221181_9,23066,Ba8 Sb8 Te24,Ba Sb Te ,P2_12_12_1,19,2,18.09,16.94,4.635,90.0,90.0,90.0,True,ABX3,Ortorombik
7221181_10,23066,Ba8 Sb8 Te24,Ba Sb Te ,P2_12_12_1,19,2,18.09,16.94,4.635,90.0,90.0,90.0,True,ABX3,Ortorombik
7221181_11,23066,Ba8 Sb8 Te24,Ba Sb Te ,P2_12_12_1,19,2,18.09,16.94,4.635,90.0,90.0,90.0,True,ABX3,Ortorombik
7221181_12,23066,Ba8 Sb8 Te24,Ba Sb Te ,P2_12_12_1,19,2,18.09,16.94,4.635,90.0,90.0,90.0,True,ABX3,Ortorombik
7221181_13,23066,Ba8 Sb8 Te24,Ba Sb Te ,P2_12_12_1,19,2,18.09,16.94,4.635,90.0,90.0,90.0,True,ABX3,Ortorombik
7221181_14,23066,Ba8 Sb8 Te24,Ba Sb Te ,P2_12_12_1,19,2,18.09,16.94,4.635,90.0,90.0,90.0,True,ABX3,Ortorombik
7221181_15,23066,Ba8 Sb8 Te24,Ba Sb Te ,P2_12_12_1,19,2,18.09,16.94,4.635,90.0,90.0,90.0,True,ABX3,Ortorombik
7221181_16,23066,Ba8 Sb8 Te24,Ba Sb Te ,P2_12_12_1,19,2,18.09,16.94,4.635,90.0,90.0,90.0,True,ABX3,Ortorombik
7221181_17,23066,Ba8 Sb8 Te24,Ba Sb Te ,P2_12_12_1,19,2,18.09,16.94,4.635,90.0,90.0,90.0,True,ABX3,Ortorombik
7221181_18,23066,Ba8 Sb8 Te24,Ba Sb Te ,P2_12_12_1,19,2,18.09,16.94,4.635,90.0,90.0,90.0,True,ABX3,Ortorombik
7221181_19,23066,Ba8 Sb8 Te24,Ba Sb Te ,P2_12_12_1,19,2,18.09,16.94,4.635,90.0,90.0,90.0,True,ABX3,Ortorombik
7221181_20,23066,Ba8 Sb8 Te24,Ba Sb Te ,P2_12_12_1,19,2,18.09,16.94,4.635,90.0,90.0,90.0,True,ABX3,Ortorombik
7221181_21,23066,Ba8 Sb8 Te24,Ba Sb Te ,P2_12_12_1,19,2,18.09,16.94,4.635,90.0,90.0,90.0,True,ABX3,Ortorombik
7221181_22,23066,Ba8 Sb8 Te24,Ba Sb Te ,P2_12_12_1,19,2,18.09,16.94,4.635,90.0,90.0,90.0,True,ABX3,Ortorombik
7221181_23,23066,Ba8 Sb8 Te24,Ba Sb Te ,P2_12_12_1,19,2,18.09,16.94,4.635,90.0,90.0,90.0,True,ABX3,Ortorombik
7221181_24,23066,Ba8 Sb8 Te24,Ba Sb Te ,P2_12_12_1,19,2,18.09,16.94,4.635,90.0,90.0,90.0,True,ABX3,Ortorombik
