tsne_1,tsne_2,tsne_3,label_encoded,label_name,model
3.6135933,-11.335958,9.172333,2,Orthorombic,CNN
2.2830055,-18.175085,6.0824723,2,Orthorombic,CNN
-2.007689,-6.7544756,4.8379645,2,Orthorombic,CNN
0.75876606,-3.749237,10.388921,2,Orthorombic,CNN
-0.95733386,14.960068,-5.2272882,0,Cubic,CNN
13.152029,10.230958,-2.689146,3,Monoclinic,CNN
-3.7453573,-15.774327,-3.9144816,2,Orthorombic,CNN
-1.8420825,7.72762,7.294585,2,Orthorombic,CNN
4.1212935,17.521885,4.730655,2,Orthorombic,CNN
1.0316979,-14.722777,7.9671326,2,Orthorombic,CNN
-2.7635713,-5.895151,14.603633,2,Orthorombic,CNN
-0.17421558,17.793257,5.1108403,2,Orthorombic,CNN
-3.0866404,17.43121,-6.3556356,0,Cubic,CNN
-5.056397,-6.90188,-14.805337,2,Orthorombic,CNN
-14.69324,-4.3953533,-9.747586,1,Tetragonal,CNN
-3.2085414,13.788626,9.414393,2,Orthorombic,CNN
-0.17849782,-2.635725,11.774326,2,Orthorombic,CNN
-2.7055702,-15.099035,0.019709876,2,Orthorombic,CNN
-2.382472,-15.872061,-3.4793515,2,Orthorombic,CNN
7.8130307,-7.1029644,-8.882009,3,Monoclinic,CNN
1.7477804,14.040943,6.038951,2,Orthorombic,CNN
1.3551295,13.953669,6.231668,2,Orthorombic,CNN
0.8075322,4.1265483,17.784018,2,Orthorombic,CNN
0.9490797,-5.6455107,-9.428246,3,Monoclinic,CNN
10.088207,22.650085,5.502239,2,Orthorombic,CNN
-2.3700392,-13.16249,-1.7716796,2,Orthorombic,CNN
-2.3364875,-15.184551,0.42106074,2,Orthorombic,CNN
-8.362745,3.1461098,1.2422016,0,Cubic,CNN
-10.110237,14.634346,-5.7287107,0,Cubic,CNN
-12.3588705,7.7372184,-1.2734213,0,Cubic,CNN
5.177606,-0.73863226,3.779698,2,Orthorombic,CNN
-2.397134,-8.864562,13.261434,2,Orthorombic,CNN
1.6395701,-6.3598714,-8.305827,3,Monoclinic,CNN
9.094425,20.634428,8.302761,2,Orthorombic,CNN
6.0774007,-5.717234,-10.183953,3,Monoclinic,CNN
2.490704,3.8165436,6.283311,2,Orthorombic,CNN
3.1572435,-11.269441,9.32882,2,Orthorombic,CNN
2.4198053,3.272302,6.6046343,2,Orthorombic,CNN
3.670874,18.50015,7.676189,2,Orthorombic,CNN
3.0594559,10.055497,9.1575365,2,Orthorombic,CNN
4.34104,-6.814067,-7.216269,3,Monoclinic,CNN
-2.382465,-5.638388,12.802583,2,Orthorombic,CNN
9.138132,-6.4887624,-10.021179,3,Monoclinic,CNN
-4.153429,-8.890182,-12.032484,2,Orthorombic,CNN
12.913014,-5.7129474,-7.8043723,3,Monoclinic,CNN
9.635092,22.45782,7.906602,2,Orthorombic,CNN
15.030565,3.8902178,-10.365951,3,Monoclinic,CNN
-18.826656,-8.436931,-7.0264196,1,Tetragonal,CNN
15.942355,14.191602,-1.1796062,3,Monoclinic,CNN
13.373846,6.5250273,-1.7268853,3,Monoclinic,CNN
13.39347,5.088269,-4.81348,3,Monoclinic,CNN
-3.6646981,-12.769395,-7.596859,2,Orthorombic,CNN
-7.5363255,-1.7373172,-4.8968887,2,Orthorombic,CNN
-2.193678,-7.9940915,4.0757146,2,Orthorombic,CNN
-14.668709,-7.658211,-9.198559,1,Tetragonal,CNN
-12.321675,11.699907,-3.6719465,0,Cubic,CNN
0.43338615,-10.940044,-0.101634786,2,Orthorombic,CNN
-3.7290802,-14.688046,-1.857571,2,Orthorombic,CNN
-5.808064,-14.2742405,-5.3496027,0,Cubic,CNN
-7.30561,5.286805,0.55204606,0,Cubic,CNN
-13.248783,2.628227,-1.0003837,0,Cubic,CNN
1.3617017,3.3309715,13.483818,2,Orthorombic,CNN
-6.715381,-1.536871,-11.775915,1,Tetragonal,CNN
1.1254312,-14.898094,6.743513,2,Orthorombic,CNN
5.660525,-6.16285,-9.2113,2,Orthorombic,CNN
12.798312,5.934237,-10.409035,3,Monoclinic,CNN
-12.276229,-0.32944643,-6.136956,0,Cubic,CNN
1.0347352,9.671877,9.713669,2,Orthorombic,CNN
-19.800674,-8.708103,-7.318909,1,Tetragonal,CNN
-1.0701452,-7.5285983,10.426577,2,Orthorombic,CNN
0.7275986,-4.48234,10.320274,2,Orthorombic,CNN
5.06761,-7.0071445,-6.420053,3,Monoclinic,CNN
-6.788051,7.8234863,-1.2869288,0,Cubic,CNN
-3.3371634,-7.1152773,13.634234,2,Orthorombic,CNN
2.091608,-18.89788,6.0877056,2,Orthorombic,CNN
-1.3488822,-9.496773,14.393084,2,Orthorombic,CNN
-4.315103,-10.767852,-9.706769,2,Orthorombic,CNN
0.24418752,4.435823,17.120235,2,Orthorombic,CNN
-22.369696,-10.716798,-7.5115275,1,Tetragonal,CNN
-7.316024,5.1310973,0.6557187,2,Orthorombic,CNN
-13.836395,0.48348713,-3.3463736,0,Cubic,CNN
-7.604196,-3.538161,-2.1920266,2,Orthorombic,CNN
-8.841046,-1.0122467,-5.74406,0,Cubic,CNN
3.039681,-11.634371,5.7301145,2,Orthorombic,CNN
4.61958,12.781481,3.3843842,2,Orthorombic,CNN
-8.261557,1.7335383,1.2149675,0,Cubic,CNN
-10.364395,-0.5748495,-6.7502713,0,Cubic,CNN
-13.270949,9.762032,-4.114277,0,Cubic,CNN
-0.40472242,9.251251,12.68935,2,Orthorombic,CNN
15.97778,14.2144165,-1.116247,3,Monoclinic,CNN
-8.541751,11.2457075,-4.5594134,0,Cubic,CNN
15.786103,-0.3885074,-8.721795,3,Monoclinic,CNN
4.9261622,-7.144613,-6.110734,2,Orthorombic,CNN
-5.0194225,-14.139296,-7.0068507,2,Orthorombic,CNN
-17.08197,-7.7741137,-8.4989,1,Tetragonal,CNN
-1.9784403,-15.226674,0.45020425,2,Orthorombic,CNN
2.7218294,15.773297,5.7082667,2,Orthorombic,CNN
2.3527126,-10.4721985,1.9185748,2,Orthorombic,CNN
-5.533701,17.081736,-6.4988036,0,Cubic,CNN
15.350808,-3.5582948,-6.07176,2,Orthorombic,CNN
12.832906,4.0291004,-6.552435,3,Monoclinic,CNN
14.49712,2.68725,-5.3257246,3,Monoclinic,CNN
-7.3273973,5.039737,0.70999604,2,Orthorombic,CNN
-19.727196,-8.752229,-6.222695,1,Tetragonal,CNN
14.321741,3.5739653,-4.1522436,3,Monoclinic,CNN
-11.237033,-0.21274947,-2.1415095,0,Cubic,CNN
3.663701,-13.373946,9.251378,2,Orthorombic,CNN
5.8356304,-7.2598066,0.49510625,2,Orthorombic,CNN
3.6355443,-11.541087,0.9329603,2,Orthorombic,CNN
-2.128936,6.544373,12.499588,2,Orthorombic,CNN
-13.17353,-1.1784356,-7.9271574,0,Cubic,CNN
3.1730754,9.141541,12.126358,2,Orthorombic,CNN
2.3367183,-10.552247,1.6822766,2,Orthorombic,CNN
3.8065453,11.980796,5.179664,2,Orthorombic,CNN
-0.6698854,8.214765,7.9696,2,Orthorombic,CNN
15.834534,4.3461933,-8.687305,3,Monoclinic,CNN
5.8213162,-0.08605174,8.034239,2,Orthorombic,CNN
-8.750507,15.995595,-6.060673,0,Cubic,CNN
-1.6820844,15.854996,-5.024353,0,Cubic,CNN
-1.9022644,7.477689,7.3317533,2,Orthorombic,CNN
4.1939464,16.678501,4.0091276,2,Orthorombic,CNN
-3.5655525,-12.175708,-7.0656967,2,Orthorombic,CNN
-8.592948,-1.3878698,-11.189901,1,Tetragonal,CNN
14.378065,2.3806932,-8.616866,3,Monoclinic,CNN
-8.523809,11.141937,-4.4653864,0,Cubic,CNN
-13.794996,5.3367996,-0.8720091,0,Cubic,CNN
2.9537303,10.4498625,10.95213,2,Orthorombic,CNN
-1.1330136,-18.06484,0.25568393,2,Orthorombic,CNN
5.3331513,15.329568,4.240357,2,Orthorombic,CNN
0.42322937,-13.44207,-2.8287868,2,Orthorombic,CNN
-0.56263256,-6.125507,11.671815,2,Orthorombic,CNN
-1.8744696,15.073851,-4.807167,0,Cubic,CNN
-6.8119636,8.78832,-2.1259851,0,Cubic,CNN
-2.87923,-14.49786,3.1858783,2,Orthorombic,CNN
-5.553109,-10.422208,-9.224027,2,Orthorombic,CNN
-3.2348828,16.918205,-6.253509,0,Cubic,CNN
-12.190464,0.43732607,-2.7719276,0,Cubic,CNN
-11.67791,9.183026,-2.2886126,0,Cubic,CNN
12.313547,-5.744154,-9.052172,3,Monoclinic,CNN
14.230832,12.078744,-1.1891084,3,Monoclinic,CNN
7.8688726,-5.7231865,12.062737,2,Orthorombic,CNN
13.088209,5.6609735,-10.937973,3,Monoclinic,CNN
13.874927,10.96853,-0.49836725,3,Monoclinic,CNN
5.5930023,-6.9216747,11.58226,2,Orthorombic,CNN
2.4830062,-13.090289,-0.19911352,3,Monoclinic,CNN
-3.5621436,-10.481099,4.7887673,2,Orthorombic,CNN
2.3302224,9.195792,6.7439013,2,Orthorombic,CNN
1.1795441,-14.5617485,1.2639552,2,Orthorombic,CNN
-3.7667806,-10.448802,4.0418534,2,Orthorombic,CNN
-1.0223794,15.565666,-5.3930116,0,Cubic,CNN
-1.2435143,-10.141241,12.520715,2,Orthorombic,CNN
2.1681752,-17.304285,5.1362376,2,Orthorombic,CNN
5.871676,-5.982804,1.3968081,2,Orthorombic,CNN
3.6067026,-10.403565,-2.9075804,2,Orthorombic,CNN
-14.039554,-5.593692,-9.995283,1,Tetragonal,CNN
-15.198945,-4.691002,-9.640813,1,Tetragonal,CNN
4.9192314,13.403155,5.58452,2,Orthorombic,CNN
6.140659,-9.351924,5.5780616,2,Orthorombic,CNN
1.2556056,-6.002625,-8.877621,3,Monoclinic,CNN
-11.732728,8.482943,-1.7227169,0,Cubic,CNN
13.808139,10.999391,-0.6589841,3,Monoclinic,CNN
-2.443963,-14.932073,3.4211895,2,Orthorombic,CNN
-5.1608605,-11.018226,-10.672429,2,Orthorombic,CNN
-12.616976,9.582401,-3.796954,0,Cubic,CNN
-14.946269,4.6873903,-2.072641,0,Cubic,CNN
0.682239,2.4914749,7.91207,2,Orthorombic,CNN
2.9679642,11.023613,6.1898613,2,Orthorombic,CNN
0.028372278,11.876068,6.7211914,2,Orthorombic,CNN
-11.017809,-0.32127118,-1.9430561,0,Cubic,CNN
7.8429413,-5.653919,12.064077,2,Orthorombic,CNN
-1.9471979,-9.558828,12.472989,2,Orthorombic,CNN
-6.2021594,-11.50167,-5.876215,2,Orthorombic,CNN
3.2178123,-7.374527,-6.319652,2,Orthorombic,CNN
14.345865,3.157883,-7.85416,3,Monoclinic,CNN
-0.48214972,-13.792127,-2.5946403,3,Monoclinic,CNN
13.206406,22.7659,9.28916,2,Orthorombic,CNN
-4.1333265,17.137617,-6.3419075,0,Cubic,CNN
-0.16287704,-16.363853,2.1302927,2,Orthorombic,CNN
5.975272,21.47914,3.4527829,2,Orthorombic,CNN
0.87839526,-8.129872,6.227041,2,Orthorombic,CNN
8.4615755,-4.9286757,-12.1838875,3,Monoclinic,CNN
3.5694323,-0.39822102,6.52208,2,Orthorombic,CNN
14.897461,0.105194256,-10.127489,3,Monoclinic,CNN
-3.8951023,-5.471093,-13.618178,2,Orthorombic,CNN
-7.339148,-5.5722284,-2.2324185,2,Orthorombic,CNN
-14.902974,4.4649167,-2.0568705,0,Cubic,CNN
12.535335,6.023519,-6.661744,3,Monoclinic,CNN
5.8466406,-6.378404,1.2521632,3,Monoclinic,CNN
-3.4923525,-3.6499686,-11.613412,3,Monoclinic,CNN
13.506459,-1.5432516,-11.537471,3,Monoclinic,CNN
-15.921295,-8.524818,-8.58054,1,Tetragonal,CNN
10.404166,-4.967786,-11.798287,3,Monoclinic,CNN
-0.87803215,15.947912,5.773791,2,Orthorombic,CNN
7.9248433,18.330824,7.633269,2,Orthorombic,CNN
4.9385376,-1.6506383,3.5704603,2,Orthorombic,CNN
3.2783496,5.1119723,14.053365,2,Orthorombic,CNN
-6.4780765,-1.2928592,-12.88853,2,Orthorombic,CNN
0.21530575,12.444966,6.5062556,2,Orthorombic,CNN
3.2813005,-11.393638,5.712371,2,Orthorombic,CNN
-11.022517,1.533186,-0.06964488,0,Cubic,CNN
-5.4439764,12.220433,-3.9624906,0,Cubic,CNN
1.8144424,-12.229264,-6.6668024,3,Monoclinic,CNN
-1.3399779,17.581266,-5.9855695,0,Cubic,CNN
5.444705,-0.30589414,3.9353697,2,Orthorombic,CNN
-12.30034,12.705642,-4.8023396,0,Cubic,CNN
3.7016652,-2.1778443,4.938283,2,Orthorombic,CNN
6.3651896,-0.62017375,4.8166094,2,Orthorombic,CNN
5.9060245,20.869793,3.701677,2,Orthorombic,CNN
-8.721639,0.42813382,0.5037274,0,Cubic,CNN
13.190155,-2.6455288,-11.451739,3,Monoclinic,CNN
12.824943,-3.8528795,-11.588449,3,Monoclinic,CNN
13.1882,10.456406,-2.711793,3,Monoclinic,CNN
-7.278116,13.545983,-4.96138,0,Cubic,CNN
6.0467315,-3.461408,2.6669767,2,Orthorombic,CNN
2.8513017,-11.831809,5.8335624,2,Orthorombic,CNN
15.359781,4.07893,-9.998566,3,Monoclinic,CNN
-0.03141485,-15.268309,2.9835393,2,Orthorombic,CNN
-7.1333704,-1.3810971,-11.891551,0,Cubic,CNN
4.285786,12.304981,4.884242,2,Orthorombic,CNN
14.789804,2.7509,-4.1949816,3,Monoclinic,CNN
-14.042817,6.165812,-1.1341479,0,Cubic,CNN
13.56554,3.4159694,-5.9879093,3,Monoclinic,CNN
-12.312966,0.9176969,-1.8565773,0,Cubic,CNN
-2.98974,-8.216043,5.2087235,2,Orthorombic,CNN
-10.996481,-1.8262064,-10.608021,1,Tetragonal,CNN
3.7096996,8.208245,12.315221,2,Orthorombic,CNN
1.9142106,16.17811,5.7554493,2,Orthorombic,CNN
-0.19482175,-2.4939964,9.859448,2,Orthorombic,CNN
-11.217462,-0.5071675,-6.9899197,0,Cubic,CNN
-2.2947538,-15.213754,3.7868564,2,Orthorombic,CNN
-7.52364,11.847527,-4.567195,0,Cubic,CNN
5.0287814,-13.287994,7.0495815,2,Orthorombic,CNN
0.1784726,3.375267,8.633545,2,Orthorombic,CNN
12.887974,-5.7665935,-7.6947837,3,Monoclinic,CNN
4.0481534,-4.3955035,6.835469,2,Orthorombic,CNN
-7.9621882,2.6224558,1.7921207,0,Cubic,CNN
11.853492,22.490288,9.354794,2,Orthorombic,CNN
10.23492,-5.849922,-10.789377,3,Monoclinic,CNN
-6.564823,-2.5841835,-4.52804,2,Orthorombic,CNN
1.8438265,-5.5198965,5.6098332,2,Orthorombic,CNN
-4.8173933,-13.320273,-2.8726404,2,Orthorombic,CNN
-7.8298917,3.4189122,1.406823,0,Cubic,CNN
0.7166743,-16.165468,-1.7615533,2,Orthorombic,CNN
-2.7089758,-7.7016134,-12.099287,3,Monoclinic,CNN
15.855499,-0.30629128,-8.252789,3,Monoclinic,CNN
-6.520678,-10.7145195,-7.0920496,1,Tetragonal,CNN
-6.114591,-10.904109,-6.2675,2,Orthorombic,CNN
-1.029014,-14.814227,5.6728,2,Orthorombic,CNN
-14.092173,2.2476025,-2.0852315,0,Cubic,CNN
-13.795954,2.5844555,-1.4928504,0,Cubic,CNN
-0.9295286,-16.544374,-1.2708799,2,Orthorombic,CNN
12.556011,-5.642713,-8.6593685,3,Monoclinic,CNN
-0.42483047,3.492777,9.899696,2,Orthorombic,CNN
6.0871305,-7.4477725,5.434346,2,Orthorombic,CNN
-3.1227367,-13.396232,-1.9809159,2,Orthorombic,CNN
1.558503,-11.94455,-5.514238,2,Orthorombic,CNN
0.30430266,12.614425,6.4856844,2,Orthorombic,CNN
3.1229737,-4.985349,7.044328,2,Orthorombic,CNN
3.8088608,18.628305,7.4818006,2,Orthorombic,CNN
4.634386,-7.6960583,-4.9185534,2,Orthorombic,CNN
0.8628131,5.7839713,11.606689,2,Orthorombic,CNN
8.813354,-6.968799,-10.752312,3,Monoclinic,CNN
-13.207927,-1.5384804,-8.506565,1,Tetragonal,CNN
6.1076946,-5.7731004,-10.106442,3,Monoclinic,CNN
11.1257925,21.182787,9.3518305,2,Orthorombic,CNN
-0.05301392,4.9548283,11.288959,2,Orthorombic,CNN
-4.6219583,-13.71955,-7.0674357,2,Orthorombic,CNN
2.547191,-17.02805,6.108766,2,Orthorombic,CNN
-12.046703,-0.6144362,-6.9399743,0,Cubic,CNN
-0.35120708,5.367667,11.856163,2,Orthorombic,CNN
-7.3496046,2.9904895,1.6838896,0,Cubic,CNN
3.3805082,8.616243,5.1203327,2,Orthorombic,CNN
-1.534384,-9.724412,13.202349,2,Orthorombic,CNN
-6.391786,9.182201,-2.269787,0,Cubic,CNN
-12.700684,-2.3961463,-10.02879,0,Cubic,CNN
0.35655308,-3.3555503,11.108668,2,Orthorombic,CNN
-2.4334588,-17.12812,-3.4937565,2,Orthorombic,CNN
-0.32787618,17.502235,5.2254987,2,Orthorombic,CNN
-1.5560142,11.353548,9.569186,2,Orthorombic,CNN
-13.654806,-2.9948335,-9.691125,1,Tetragonal,CNN
-11.218368,-0.3425881,-4.374601,0,Cubic,CNN
-0.13704807,14.138777,4.5525994,2,Orthorombic,CNN
3.3479085,-10.955644,-1.9896362,2,Orthorombic,CNN
12.305169,-4.324793,-11.259595,3,Monoclinic,CNN
13.928538,-0.73020226,-11.255998,3,Monoclinic,CNN
0.28327894,-14.319644,2.875258,2,Orthorombic,CNN
-5.6258984,-12.591443,-5.0760446,2,Orthorombic,CNN
4.063398,14.727168,7.475673,2,Orthorombic,CNN
-7.2545958,-3.1590898,-2.9485338,2,Orthorombic,CNN
-6.846542,-8.88596,-4.823257,1,Tetragonal,CNN
-0.7327311,-2.4545293,9.5345745,2,Orthorombic,CNN
4.5796347,-4.2874618,8.541544,2,Orthorombic,CNN
14.18617,-5.096139,-5.9530706,3,Monoclinic,CNN
4.812757,-3.923651,9.221108,2,Orthorombic,CNN
2.3554354,15.9539175,-7.0909023,0,Cubic,CNN
-1.1655042,13.740327,-4.911085,0,Cubic,CNN
-15.679739,-7.6022077,-8.97475,1,Tetragonal,CNN
3.9405055,15.258969,7.4767466,2,Orthorombic,CNN
-5.7383475,-13.1849985,-5.1000853,2,Orthorombic,CNN
-0.7351641,-18.34908,1.6122254,2,Orthorombic,CNN
-15.942998,-7.669173,-8.88605,1,Tetragonal,CNN
-2.7555792,-16.153555,-3.6606352,2,Orthorombic,CNN
-3.6405816,13.487887,-4.413702,0,Cubic,CNN
-15.00623,11.404834,-4.992929,0,Cubic,CNN
-0.26456878,-0.4281574,10.69547,2,Orthorombic,CNN
-16.62794,-8.7504015,-8.286224,1,Tetragonal,CNN
-14.03272,2.6706722,-1.6223289,0,Cubic,CNN
0.78533554,-12.055369,-6.797269,2,Orthorombic,CNN
-3.366756,-5.568767,12.9017935,2,Orthorombic,CNN
12.622166,7.006886,-5.303092,3,Monoclinic,CNN
-9.635425,-1.543152,-10.9883375,2,Orthorombic,CNN
-13.234538,0.47720668,-3.81023,0,Cubic,CNN
-1.7866101,8.895429,11.12275,2,Orthorombic,CNN
-2.347565,14.388982,-4.6764717,0,Cubic,CNN
8.766455,-6.985381,-10.701706,3,Monoclinic,CNN
1.6376569,-12.408014,-4.791073,2,Orthorombic,CNN
-9.203239,-1.8243781,-1.6415858,0,Cubic,CNN
4.9202824,19.587942,6.7458706,2,Orthorombic,CNN
-3.022578,-4.8316126,10.078516,2,Orthorombic,CNN
6.36949,-8.461334,5.3850627,2,Orthorombic,CNN
1.908451,-10.408556,9.605125,2,Orthorombic,CNN
12.48168,6.2391973,-6.550259,3,Monoclinic,CNN
-7.640691,-3.7408268,-2.1060665,2,Orthorombic,CNN
-15.545992,-7.6555014,-8.980299,1,Tetragonal,CNN
3.753213,9.32044,4.5462976,2,Orthorombic,CNN
13.53712,7.541281,-0.44878405,3,Monoclinic,CNN
-11.827418,-0.15486848,-3.5751634,0,Cubic,CNN
-11.538712,-1.9808722,-10.480096,0,Cubic,CNN
3.2289562,8.621929,8.0236435,2,Orthorombic,CNN
-3.405565,13.605227,-4.459021,0,Cubic,CNN
-2.6268623,6.4608703,12.7024975,2,Orthorombic,CNN
-14.33918,9.585035,-3.9540212,0,Cubic,CNN
4.7887287,-4.146599,9.602608,2,Orthorombic,CNN
3.8857296,0.48468864,4.9501004,2,Orthorombic,CNN
1.898516,-4.575582,7.202034,2,Orthorombic,CNN
9.485387,-7.176089,-9.33437,3,Monoclinic,CNN
7.206689,-7.017857,-8.67134,3,Monoclinic,CNN
3.3163295,2.5040398,15.048141,2,Orthorombic,CNN
-6.2573967,-12.810192,-8.078158,2,Orthorombic,CNN
5.645682,-6.693672,11.499587,2,Orthorombic,CNN
6.1351604,0.455716,7.9870696,2,Orthorombic,CNN
-14.321525,9.653762,-4.009538,0,Cubic,CNN
5.9422503,20.693363,3.6859899,2,Orthorombic,CNN
13.431975,5.113602,-4.310609,3,Monoclinic,CNN
5.596269,-8.027812,7.703592,2,Orthorombic,CNN
-13.890223,1.9700818,-2.2031143,0,Cubic,CNN
5.8532143,0.20002705,8.052482,2,Orthorombic,CNN
-7.494665,-3.3170307,-2.5233355,0,Cubic,CNN
3.3430693,13.581999,5.014137,2,Orthorombic,CNN
12.602244,-3.5546954,-11.107117,3,Monoclinic,CNN
-6.889498,-1.4862373,-11.774888,2,Orthorombic,CNN
2.6243517,-6.8885064,-7.251017,3,Monoclinic,CNN
-0.852836,-14.238002,7.652313,2,Orthorombic,CNN
10.354378,21.697351,8.986534,2,Orthorombic,CNN
15.525082,-2.4787905,-9.822585,3,Monoclinic,CNN
2.2976542,10.553971,6.1267657,2,Orthorombic,CNN
15.036612,-3.9601963,-5.799389,2,Orthorombic,CNN
-3.0878193,-9.229213,-11.1217165,2,Orthorombic,CNN
1.8171144,-10.773752,6.55359,2,Orthorombic,CNN
4.6049438,7.882143,11.173825,2,Orthorombic,CNN
0.75789076,-13.242249,-2.8367007,2,Orthorombic,CNN
-12.250977,-1.8504308,-9.883949,0,Cubic,CNN
3.3900077,8.477253,12.452575,2,Orthorombic,CNN
-4.7237334,-13.397431,-1.5812613,2,Orthorombic,CNN
-7.7831435,8.731745,-2.4590182,0,Cubic,CNN
-2.2868938,-17.41462,3.3261395,2,Orthorombic,CNN
-2.7523048,-4.013308,8.915803,2,Orthorombic,CNN
3.7924302,-4.7613616,7.3412075,2,Orthorombic,CNN
-0.37486503,8.464928,8.223475,2,Orthorombic,CNN
0.67113453,-14.655931,8.028198,2,Orthorombic,CNN
9.012789,20.611214,8.269277,2,Orthorombic,CNN
-19.456135,-7.819326,-7.9528437,1,Tetragonal,CNN
-9.560472,10.365191,-5.4407296,0,Cubic,CNN
-1.2677879,-12.689856,5.4417424,2,Orthorombic,CNN
1.500026,-12.5568695,-4.609165,2,Orthorombic,CNN
8.277172,19.09195,3.5026817,2,Orthorombic,CNN
6.124698,-3.6964602,11.722081,2,Orthorombic,CNN
-15.387671,6.003295,-2.6861048,0,Cubic,CNN
-1.1237395,-17.680748,-0.28260893,2,Orthorombic,CNN
-0.6059989,-10.094108,-9.965212,2,Orthorombic,CNN
-3.6208248,-4.1067553,-12.475954,3,Monoclinic,CNN
-6.9677434,-2.3446112,-4.4455256,2,Orthorombic,CNN
5.8508353,-3.3728735,11.714314,2,Orthorombic,CNN
-12.986019,-2.1597419,-9.532542,1,Tetragonal,CNN
13.145987,-2.5727224,-11.435378,3,Monoclinic,CNN
-1.3986226,1.9427412,10.196022,2,Orthorombic,CNN
-2.351505,11.355754,9.583753,2,Orthorombic,CNN
5.6739645,-5.8376403,11.366809,2,Orthorombic,CNN
-14.063441,-7.243153,-9.45002,1,Tetragonal,CNN
-22.353472,-10.699702,-7.5145464,1,Tetragonal,CNN
3.7401936,2.6595113,8.351583,2,Orthorombic,CNN
-8.3580265,16.27619,-5.5213313,0,Cubic,CNN
-4.523144,-13.185217,-7.2440014,2,Orthorombic,CNN
0.80487555,5.684357,10.6284895,2,Orthorombic,CNN
-2.2705233,-17.360897,3.4097893,2,Orthorombic,CNN
-13.2995205,7.1712236,-0.8632933,0,Cubic,CNN
13.034365,5.5656075,-5.6973724,3,Monoclinic,CNN
14.555794,0.082954,-10.599903,3,Monoclinic,CNN
0.88770866,-8.190925,6.2324486,2,Orthorombic,CNN
1.7127302,5.534223,11.338709,2,Orthorombic,CNN
4.174303,-8.759876,-3.698408,2,Orthorombic,CNN
-0.5361635,-11.200527,8.701664,2,Orthorombic,CNN
-18.848806,-8.386919,-7.687866,1,Tetragonal,CNN
1.8089024,-12.199032,-2.114623,2,Orthorombic,CNN
-0.013244548,14.524222,-5.5197372,0,Cubic,CNN
12.439808,-4.2082353,-11.612619,3,Monoclinic,CNN
-11.944129,11.426996,-3.412756,0,Cubic,CNN
5.6086946,-10.215155,7.960371,2,Orthorombic,CNN
11.503352,-4.573853,-12.281008,3,Monoclinic,CNN
-5.0930233,10.451882,-2.721789,0,Cubic,CNN
8.285885,19.402988,3.555792,2,Orthorombic,CNN
-5.3155837,10.144195,-2.5757904,0,Cubic,CNN
-5.5520835,16.895504,-6.074074,0,Cubic,CNN
0.6066467,-14.921018,7.1324844,2,Orthorombic,CNN
-4.792433,-10.960047,-6.71074,2,Orthorombic,CNN
-0.7945949,16.381037,5.646529,2,Orthorombic,CNN
4.089426,0.43409383,6.2343984,2,Orthorombic,CNN
3.1359997,16.066694,5.2984495,2,Orthorombic,CNN
-10.470184,11.037782,-6.1260157,0,Cubic,CNN
-0.79299355,-18.318104,1.4229378,2,Orthorombic,CNN
-9.840132,-0.804787,-8.235553,0,Cubic,CNN
-19.098883,-7.4470835,-8.229246,1,Tetragonal,CNN
-2.6287978,-8.967764,-11.275481,2,Orthorombic,CNN
2.3391652,15.482816,6.413893,2,Orthorombic,CNN
-1.3299232,-4.9748626,-10.5486,2,Orthorombic,CNN
-14.4730835,-4.5059958,-9.775146,1,Tetragonal,CNN
-2.7100458,17.311222,-6.3257446,0,Cubic,CNN
7.9183083,18.353418,7.719757,2,Orthorombic,CNN
3.3435585,-11.801629,10.014773,2,Orthorombic,CNN
5.896829,-6.3623853,-8.976589,3,Monoclinic,CNN
-12.123248,-2.0812836,-10.193536,0,Cubic,CNN
-6.397522,16.77043,-6.5702605,0,Cubic,CNN
-16.059153,-7.8839536,-8.777686,1,Tetragonal,CNN
-11.243806,11.544544,-3.512284,0,Cubic,CNN
-0.9364123,15.772668,5.912209,2,Orthorombic,CNN
4.0256586,18.817602,7.269882,2,Orthorombic,CNN
-0.058603875,-12.566811,9.473353,2,Orthorombic,CNN
3.525511,9.238517,4.8046207,2,Orthorombic,CNN
5.638835,-6.219471,-9.039325,3,Monoclinic,CNN
-8.603932,2.0451627,1.1227609,0,Cubic,CNN
0.5144581,-4.751889,12.6651125,2,Orthorombic,CNN
-4.0299215,-5.803346,-13.829914,2,Orthorombic,CNN
-8.02687,2.4254384,1.634493,2,Orthorombic,CNN
-5.2827153,12.068644,-3.834258,0,Cubic,CNN
-5.5081596,-2.0811052,-11.575866,2,Orthorombic,CNN
2.4059741,-10.721195,8.293072,2,Orthorombic,CNN
6.6850896,-5.340032,-11.021051,3,Monoclinic,CNN
-8.520696,10.258673,-4.082366,0,Cubic,CNN
3.8934114,2.575276,8.368425,2,Orthorombic,CNN
-1.1499352,-11.093068,10.392702,2,Orthorombic,CNN
-4.2913866,12.933058,-4.2147474,0,Cubic,CNN
4.6232877,-5.8876176,-9.520165,3,Monoclinic,CNN
13.558271,-6.121308,-5.522012,2,Orthorombic,CNN
1.3397388,-12.676346,-4.6176715,2,Orthorombic,CNN
-2.5336425,-8.822863,13.178374,2,Orthorombic,CNN
2.0553162,-5.2194924,5.460085,2,Orthorombic,CNN
8.1902275,21.316452,4.1782575,2,Orthorombic,CNN
4.1350603,17.420614,4.93213,2,Orthorombic,CNN
2.5745542,3.0481577,7.051413,2,Orthorombic,CNN
-5.769868,-1.9010873,-11.846758,0,Cubic,CNN
-6.404574,-9.464283,-6.3940573,2,Orthorombic,CNN
-21.064701,-9.461998,-7.5785513,1,Tetragonal,CNN
15.217614,-3.8421803,-6.2164207,2,Orthorombic,CNN
3.0913088,10.636393,11.008549,2,Orthorombic,CNN
-7.781515,-3.2480376,-2.1824903,0,Cubic,CNN
-0.24670772,-1.6370481,11.088386,2,Orthorombic,CNN
-7.514752,16.766394,-5.3465533,0,Cubic,CNN
-2.3886333,-7.21731,9.083787,2,Orthorombic,CNN
-17.7235,-5.2916737,-9.083081,1,Tetragonal,CNN
13.257699,10.469393,-2.3834407,3,Monoclinic,CNN
-4.963166,-12.317618,-0.9487113,0,Cubic,CNN
15.676478,-1.275209,-5.021274,3,Monoclinic,CNN
-1.070304,-12.41157,5.1757836,2,Orthorombic,CNN
9.002649,-7.112428,-10.266812,3,Monoclinic,CNN
-0.40348092,-5.3450985,-9.962412,3,Monoclinic,CNN
6.2116785,-7.05701,4.805745,2,Orthorombic,CNN
-0.68118393,2.104932,6.9841638,2,Orthorombic,CNN
-17.835472,-5.4696183,-9.009111,1,Tetragonal,CNN
-5.351252,-2.194497,-14.000307,2,Orthorombic,CNN
0.21570574,8.964939,8.773672,2,Orthorombic,CNN
2.6105018,-16.140398,6.3548007,2,Orthorombic,CNN
-0.908229,2.0088508,6.8866963,2,Orthorombic,CNN
-7.6995044,-2.8508656,-2.6630266,0,Cubic,CNN
1.1524786,16.093884,-6.67299,0,Cubic,CNN
1.6331204,-5.8110166,5.6461287,2,Orthorombic,CNN
7.7848377,21.061806,3.8741808,2,Orthorombic,CNN
3.1471353,5.0408025,14.093138,2,Orthorombic,CNN
-0.26223466,-15.085812,1.4809558,2,Orthorombic,CNN
-17.92058,-7.3722363,-8.391005,1,Tetragonal,CNN
16.003746,14.238801,-1.1014788,3,Monoclinic,CNN
-15.971716,5.4818754,-3.3278763,0,Cubic,CNN
10.066325,22.548914,5.622184,2,Orthorombic,CNN
0.7432088,5.8338647,9.930276,2,Orthorombic,CNN
-1.1066158,-14.011402,-2.5188153,2,Orthorombic,CNN
13.146478,5.673197,-4.930049,3,Monoclinic,CNN
-2.6153853,-6.512202,9.186816,2,Orthorombic,CNN
-0.5926047,-4.131422,8.422203,2,Orthorombic,CNN
12.170695,-5.660863,-9.169792,3,Monoclinic,CNN
-7.7649755,2.5377734,1.3072542,0,Cubic,CNN
-6.7314677,7.7019963,-1.158439,0,Cubic,CNN
-1.5813671,9.017162,11.188605,2,Orthorombic,CNN
-11.925871,-0.45459002,-6.553268,0,Cubic,CNN
6.366238,-10.03817,11.573173,2,Orthorombic,CNN
-11.604168,10.518478,-3.0602686,0,Cubic,CNN
-15.142453,6.838522,-2.5903702,0,Cubic,CNN
-2.8594155,-6.932363,14.097167,2,Orthorombic,CNN
6.1821246,-2.9153755,2.9346013,2,Orthorombic,CNN
-6.575329,-9.953787,-4.2899523,0,Cubic,CNN
-3.674801,17.08385,-6.283341,0,Cubic,CNN
12.035627,22.242834,9.463095,2,Orthorombic,CNN
-15.821219,3.587945,-3.797016,0,Cubic,CNN
-0.8812861,-9.144699,9.026201,2,Orthorombic,CNN
15.0717,13.534431,-2.458433,3,Monoclinic,CNN
4.837938,7.427781,10.28357,2,Orthorombic,CNN
0.6327065,4.2665987,17.531902,2,Orthorombic,CNN
-7.5888596,-4.824703,-1.8429301,2,Orthorombic,CNN
-1.1000829,-9.204903,8.973105,2,Orthorombic,CNN
-14.3142185,12.27801,-5.0470085,0,Cubic,CNN
-5.8985868,-12.8052635,-5.260605,2,Orthorombic,CNN
-1.0965093,-4.088258,8.044973,2,Orthorombic,CNN
12.9893675,6.6338544,-3.7392921,3,Monoclinic,CNN
6.250372,-9.576362,12.209296,2,Orthorombic,CNN
-17.762094,-5.29064,-9.080551,1,Tetragonal,CNN
-10.521173,-0.5501564,-6.814543,0,Cubic,CNN
-14.453946,-4.337025,-9.779082,1,Tetragonal,CNN
5.874031,-3.0770292,11.923965,2,Orthorombic,CNN
5.003169,13.5349245,5.527439,2,Orthorombic,CNN
3.2720654,2.5404353,14.998414,2,Orthorombic,CNN
5.990251,21.17382,3.647883,2,Orthorombic,CNN
-4.398212,8.700175,6.2357354,2,Orthorombic,CNN
5.3612413,-7.5096273,7.8844624,2,Orthorombic,CNN
-2.5852902,10.016171,9.904025,2,Orthorombic,CNN
4.470135,-10.5953245,1.6214261,2,Orthorombic,CNN
4.083463,-1.1543947,5.021826,2,Orthorombic,CNN
-4.4279795,-9.423772,-11.066793,2,Orthorombic,CNN
-1.7582207,-3.943783,15.938728,2,Orthorombic,CNN
-1.4226719,-11.295636,-9.183361,2,Orthorombic,CNN
2.552618,-10.826808,7.216003,2,Orthorombic,CNN
9.751131,-5.7518816,-10.780414,3,Monoclinic,CNN
-0.49487212,3.6656897,10.274008,2,Orthorombic,CNN
-9.100941,9.931517,-4.9121394,0,Cubic,CNN
-1.9049535,-3.978549,15.9684925,2,Orthorombic,CNN
0.1557846,6.0666842,10.41206,2,Orthorombic,CNN
-6.9876447,-8.377848,-4.46634,0,Cubic,CNN
-9.911831,14.704112,-5.715155,0,Cubic,CNN
-11.987595,-0.07572082,-4.08778,0,Cubic,CNN
-2.5582151,-6.644885,9.213704,2,Orthorombic,CNN
-2.2455204,-15.361623,-3.316881,2,Orthorombic,CNN
4.4074364,-0.39642975,7.3991823,2,Orthorombic,CNN
-0.7403185,9.31385,11.717339,2,Orthorombic,CNN
-0.44012076,-6.0575833,11.701571,2,Orthorombic,CNN
2.8875585,9.718794,9.116913,2,Orthorombic,CNN
-7.1377926,2.5792532,1.7678547,2,Orthorombic,CNN
6.0328856,-3.5913653,11.706701,2,Orthorombic,CNN
15.976894,-1.1370234,-8.754589,3,Monoclinic,CNN
-4.249466,-11.033671,-9.410142,2,Orthorombic,CNN
-8.7106085,0.5548123,0.58470553,2,Orthorombic,CNN
6.218889,-10.693176,11.150942,2,Orthorombic,CNN
-2.2677307,-8.011847,8.541353,2,Orthorombic,CNN
3.7892861,0.654007,4.4846597,2,Orthorombic,CNN
15.34996,2.5559947,-8.15672,3,Monoclinic,CNN
3.2839944,7.071261,13.967008,2,Orthorombic,CNN
-14.5301695,11.999019,-4.9348974,0,Cubic,CNN
8.115038,18.908104,8.574286,2,Orthorombic,CNN
-6.833586,8.913469,-2.2376215,0,Cubic,CNN
13.092627,4.5902896,-8.055864,3,Monoclinic,CNN
12.0943,4.3454695,-6.720701,3,Monoclinic,CNN
3.1032841,9.502906,11.759365,2,Orthorombic,CNN
-11.775517,9.397339,-2.63991,0,Cubic,CNN
-2.4384282,8.637911,10.865431,2,Orthorombic,CNN
14.575994,12.347574,-0.75636524,3,Monoclinic,CNN
-3.8851779,-10.2390375,3.2921312,2,Orthorombic,CNN
-0.62403315,-10.087487,-9.97962,2,Orthorombic,CNN
5.2998476,-7.576893,6.672896,2,Orthorombic,CNN
1.5339172,-6.2890124,-8.428541,3,Monoclinic,CNN
6.833301,-10.232178,6.159131,2,Orthorombic,CNN
-3.6440196,-8.868371,3.4581597,2,Orthorombic,CNN
-0.2815246,-2.5115504,11.758711,2,Orthorombic,CNN
3.5355587,-10.403268,-2.5027406,2,Orthorombic,CNN
1.975193,-17.306164,4.710083,2,Orthorombic,CNN
-13.32868,7.029896,-1.3572731,0,Cubic,CNN
1.4509236,-14.938127,6.7676015,2,Orthorombic,CNN
-1.9839101,-8.075862,3.7862701,2,Orthorombic,CNN
13.408318,7.0092,-1.1352735,3,Monoclinic,CNN
5.4674454,-3.1855764,2.8272524,2,Orthorombic,CNN
10.5997925,21.087658,7.7994967,2,Orthorombic,CNN
14.480206,-3.6129825,-10.984575,3,Monoclinic,CNN
15.0462675,0.13562772,-9.88049,3,Monoclinic,CNN
11.743974,22.140839,9.418514,2,Orthorombic,CNN
3.9840357,-0.7072136,5.562688,2,Orthorombic,CNN
-12.706964,11.434427,-6.3195205,0,Cubic,CNN
15.382277,2.6745558,-8.008554,3,Monoclinic,CNN
-11.94555,-0.08960602,-3.7902727,0,Cubic,CNN
4.678999,12.603768,3.4223232,2,Orthorombic,CNN
15.930649,-3.0725234,-8.009509,3,Monoclinic,CNN
-6.1932163,-0.7982163,-14.4621315,0,Cubic,CNN
-3.8949986,-12.396853,-7.113238,2,Orthorombic,CNN
-0.7046464,-13.267851,8.663265,2,Orthorombic,CNN
-2.8280787,-6.3218365,14.420433,2,Orthorombic,CNN
16.001032,-2.0064359,-8.915263,3,Monoclinic,CNN
-0.3513484,4.5957556,11.31692,2,Orthorombic,CNN
-11.881892,12.8651,-4.841496,0,Cubic,CNN
0.79202634,6.71561,17.490366,2,Orthorombic,CNN
4.4329934,-7.885453,-4.8294277,2,Orthorombic,CNN
-8.730237,-1.0803586,-5.446591,0,Cubic,CNN
-2.0044408,15.433677,-4.8022966,0,Cubic,CNN
2.3898377,10.749904,6.0436764,2,Orthorombic,CNN
-3.5500565,-4.0995717,-12.343004,2,Orthorombic,CNN
-3.6737707,14.20717,-4.6848264,0,Cubic,CNN
1.3348593,14.046664,6.139933,2,Orthorombic,CNN
-3.9114175,-12.884662,-7.435181,2,Orthorombic,CNN
3.253359,-14.499555,6.591685,2,Orthorombic,CNN
0.1567954,-14.398605,3.412702,2,Orthorombic,CNN
-11.954599,-0.24444798,-5.0276995,1,Tetragonal,CNN
6.28906,-8.890763,6.1322575,2,Orthorombic,CNN
-4.8282304,-3.119508,-14.489388,2,Orthorombic,CNN
-1.9867337,17.690956,-6.1273236,0,Cubic,CNN
-21.94402,-10.289981,-7.5467253,1,Tetragonal,CNN
1.1538266,-4.230077,7.7883687,2,Orthorombic,CNN
15.421382,-3.154142,-5.701091,3,Monoclinic,CNN
-12.583856,10.310039,-4.9053087,0,Cubic,CNN
15.969222,-2.951162,-7.9815836,3,Monoclinic,CNN
0.304347,9.283548,9.2144985,2,Orthorombic,CNN
-8.7833395,-2.205198,-1.6358652,2,Orthorombic,CNN
6.0758686,-8.353295,10.856036,2,Orthorombic,CNN
-7.153463,-1.9781688,-4.8833375,0,Cubic,CNN
-1.7011791,16.851494,-6.3734055,0,Cubic,CNN
4.8949895,-7.2251916,-5.9358864,2,Orthorombic,CNN
5.691108,14.797497,4.737629,2,Orthorombic,CNN
-1.0392234,11.955098,7.7451787,2,Orthorombic,CNN
-2.6922812,-5.2521834,9.373258,2,Orthorombic,CNN
-20.81587,-9.250527,-7.57746,1,Tetragonal,CNN
-8.420183,14.125637,-5.436038,0,Cubic,CNN
8.666181,-5.9989996,-10.332437,3,Monoclinic,CNN
4.2752943,-9.27393,8.384916,2,Orthorombic,CNN
2.3259604,15.960119,-7.0812373,0,Cubic,CNN
-6.1631737,12.81542,-4.4571457,0,Cubic,CNN
-6.6726413,8.786348,-2.0644252,0,Cubic,CNN
-13.38969,2.3331704,-1.3242118,0,Cubic,CNN
-4.0394626,-10.587096,2.9870417,2,Orthorombic,CNN
-2.8950574,3.066753,10.924147,2,Orthorombic,CNN
0.70870405,-15.418608,1.8218669,2,Orthorombic,CNN
-0.127122,10.310274,8.121577,2,Orthorombic,CNN
5.429848,-14.474931,5.637413,2,Orthorombic,CNN
14.537166,12.971159,-3.545836,3,Monoclinic,CNN
-11.238113,-1.8345637,-10.425452,0,Cubic,CNN
-6.077176,-1.1209874,-14.125783,0,Cubic,CNN
-2.408728,-8.939585,13.137887,2,Orthorombic,CNN
4.6371183,12.369744,3.6315348,2,Orthorombic,CNN
10.521117,22.60067,6.094329,2,Orthorombic,CNN
-4.6359534,-10.679016,-9.859363,2,Orthorombic,CNN
-1.3233377,16.943243,-6.3017426,0,Cubic,CNN
0.37637213,9.580002,9.59649,2,Orthorombic,CNN
16.048136,-1.3856506,-8.743333,3,Monoclinic,CNN
-4.858773,8.040455,6.353335,2,Orthorombic,CNN
-4.758496,8.168172,6.3379936,2,Orthorombic,CNN
4.816709,19.654789,4.600008,2,Orthorombic,CNN
-1.8144939,3.17218,11.718135,2,Orthorombic,CNN
-4.4508004,-14.253834,-3.0805852,2,Orthorombic,CNN
-13.632086,4.9829364,-0.64693195,0,Cubic,CNN
14.214473,-5.1080093,-5.9078984,2,Orthorombic,CNN
15.578953,-2.1035082,-9.803449,3,Monoclinic,CNN
-2.336147,-11.786444,-8.911789,2,Orthorombic,CNN
14.207935,2.4996238,-8.915104,3,Monoclinic,CNN
4.1623282,-10.885652,4.9347825,2,Orthorombic,CNN
4.736091,-4.4306526,8.2112465,2,Orthorombic,CNN
0.6966435,-4.6269603,12.581685,2,Orthorombic,CNN
-0.41800967,-14.349937,7.806278,2,Orthorombic,CNN
6.921357,-8.371569,7.018213,2,Orthorombic,CNN
4.737243,19.520082,4.707322,2,Orthorombic,CNN
4.1283174,15.873482,7.7847743,2,Orthorombic,CNN
-1.5500216,-8.081537,9.322764,2,Orthorombic,CNN
10.647186,21.130163,7.7987885,2,Orthorombic,CNN
-0.677242,-15.214723,4.5088286,2,Orthorombic,CNN
2.9376807,2.586242,14.102946,2,Orthorombic,CNN
-0.1659873,14.037004,4.4353323,2,Orthorombic,CNN
-11.451378,13.210421,-5.1061945,0,Cubic,CNN
-13.852157,6.2781057,-0.9900775,0,Cubic,CNN
12.976921,-5.7814946,-7.349928,3,Monoclinic,CNN
-2.6502087,-8.464309,-11.611247,2,Orthorombic,CNN
0.76992214,4.2233615,17.559044,2,Orthorombic,CNN
2.606945,-14.750256,6.1310797,2,Orthorombic,CNN
-0.9036492,-16.078878,-0.79463595,2,Orthorombic,CNN
3.713203,-10.444711,-2.5387473,2,Orthorombic,CNN
-10.626914,-0.37184384,-1.4384409,0,Cubic,CNN
-7.2425094,5.8768444,0.17277275,0,Cubic,CNN
4.5283055,-13.748104,6.6905932,2,Orthorombic,CNN
-1.2560303,-5.0087886,-10.502923,3,Monoclinic,CNN
-4.318737,-6.686795,-13.751802,2,Orthorombic,CNN
13.556235,3.9832268,-9.340789,3,Monoclinic,CNN
13.469914,7.257074,-0.7783039,3,Monoclinic,CNN
-2.898874,13.120733,-4.3504267,0,Cubic,CNN
-12.744008,11.055295,-5.903781,0,Cubic,CNN
6.1177607,-6.87004,-6.387605,3,Monoclinic,CNN
3.9380424,-0.5384477,6.012836,2,Orthorombic,CNN
-16.12558,5.2247157,-3.5445697,0,Cubic,CNN
1.8834152,-11.704347,-5.2652626,2,Orthorombic,CNN
1.3248777,6.887558,16.951683,2,Orthorombic,CNN
-18.893831,-7.8565288,-7.931427,1,Tetragonal,CNN
-12.114984,0.7290017,-1.8856221,0,Cubic,CNN
15.62854,-1.8208121,-5.010707,3,Monoclinic,CNN
3.6842484,-10.417925,8.830999,2,Orthorombic,CNN
-18.57322,-8.281333,-7.7511067,1,Tetragonal,CNN
1.9089733,7.2269096,13.685918,2,Orthorombic,CNN
13.036631,9.640395,-3.06503,3,Monoclinic,CNN
4.2142015,8.7248745,4.198318,2,Orthorombic,CNN
-13.39232,12.364379,-5.407489,0,Cubic,CNN
1.4924778,2.9841785,16.52117,2,Orthorombic,CNN
-1.9462337,7.6008997,7.3065577,2,Orthorombic,CNN
-1.3967896,-4.5069532,15.163849,2,Orthorombic,CNN
9.634668,-6.5319796,-10.262521,3,Monoclinic,CNN
-2.2845557,-0.80976164,10.200015,2,Orthorombic,CNN
15.531932,-2.3232787,-9.851481,3,Monoclinic,CNN
-0.49729624,10.562604,8.075721,2,Orthorombic,CNN
-1.9631541,-0.05923477,10.199541,2,Orthorombic,CNN
4.453266,17.024485,4.7432,2,Orthorombic,CNN
-2.992627,-2.9262645,8.853208,2,Orthorombic,CNN
2.1723032,15.967411,-7.0219254,0,Cubic,CNN
-1.5257912,11.771992,7.062164,2,Orthorombic,CNN
-8.568802,-1.4075432,-11.2325945,1,Tetragonal,CNN
-0.14967921,10.784312,7.876917,2,Orthorombic,CNN
8.787525,19.95571,8.385311,2,Orthorombic,CNN
3.8513398,-11.090334,8.913347,2,Orthorombic,CNN
1.6386346,10.440128,10.130299,2,Orthorombic,CNN
15.675968,-1.0831965,-5.21096,3,Monoclinic,CNN
12.868867,7.1321526,-3.91338,3,Monoclinic,CNN
11.718046,22.611107,9.331874,2,Orthorombic,CNN
-12.690212,11.890774,-3.9440796,0,Cubic,CNN
-3.0926423,-5.6048746,12.9331255,2,Orthorombic,CNN
5.579779,-11.297677,7.2268095,2,Orthorombic,CNN
-5.061618,-12.330135,-1.187878,2,Orthorombic,CNN
-3.9205601,-5.8305554,13.190577,2,Orthorombic,CNN
0.70138407,-13.737044,4.4185677,2,Orthorombic,CNN
4.0360417,18.829813,7.118963,2,Orthorombic,CNN
14.390534,12.794998,-3.8000417,3,Monoclinic,CNN
-7.657063,-1.5469204,-5.2270837,0,Cubic,CNN
14.128489,3.2078688,-8.599242,3,Monoclinic,CNN
-14.931634,-8.816131,-8.753861,1,Tetragonal,CNN
-4.9058886,-2.4620557,-11.389638,2,Orthorombic,CNN
0.8365819,-12.102283,-6.6971045,2,Orthorombic,CNN
-7.0662866,-1.446795,-11.763225,1,Tetragonal,CNN
-5.202019,-6.9526825,-15.039451,0,Cubic,CNN
7.205085,-8.8437805,10.695338,2,Orthorombic,CNN
-3.2300231,13.796043,9.430454,2,Orthorombic,CNN
0.2082192,-15.159971,1.7947431,2,Orthorombic,CNN
1.4372007,9.442374,9.769451,2,Orthorombic,CNN
5.7450914,-6.506686,0.04563658,3,Monoclinic,CNN
3.4023361,4.915623,14.144449,2,Orthorombic,CNN
2.9797292,-11.66994,-1.0815315,2,Orthorombic,CNN
2.757655,3.2324238,12.386979,2,Orthorombic,CNN
4.8406515,7.3805656,10.247419,2,Orthorombic,CNN
-15.507468,2.863502,-3.7920759,0,Cubic,CNN
-6.991957,-7.2135234,-3.0407538,2,Orthorombic,CNN
-14.873042,7.0203104,-2.3751929,0,Cubic,CNN
-7.460125,1.3898119,1.5711048,0,Cubic,CNN
9.279136,22.15494,5.1862106,2,Orthorombic,CNN
-7.441285,-4.8361444,-2.1212015,0,Cubic,CNN
-13.0043125,-1.069071,-7.7323875,0,Cubic,CNN
-22.210655,-10.555114,-7.5272303,1,Tetragonal,CNN
6.0870404,20.623747,3.992904,2,Orthorombic,CNN
-6.5554214,-12.123827,-6.1368513,2,Orthorombic,CNN
-12.253301,10.143718,-4.7865114,0,Cubic,CNN
1.5685264,16.048244,-6.8175755,0,Cubic,CNN
-3.0391102,-7.013447,8.539723,2,Orthorombic,CNN
2.292926,15.961952,-7.068463,0,Cubic,CNN
8.259001,20.737753,3.661798,2,Orthorombic,CNN
-6.563304,-10.028273,-4.1778035,2,Orthorombic,CNN
5.2797794,15.487631,4.268271,2,Orthorombic,CNN
-0.96664846,-14.829872,5.6496305,2,Orthorombic,CNN
8.969068,20.743181,8.229403,2,Orthorombic,CNN
-6.764904,12.571962,-4.6073475,0,Cubic,CNN
13.366515,6.353006,-2.058207,3,Monoclinic,CNN
-0.13488398,0.18676138,10.466884,2,Orthorombic,CNN
15.672767,-1.2998811,-5.1286397,2,Orthorombic,CNN
5.2573285,-6.154824,-9.09695,3,Monoclinic,CNN
1.5626576,2.8819933,14.754188,2,Orthorombic,CNN
-0.5067547,-10.091452,-9.899534,2,Orthorombic,CNN
-17.694,-8.945161,-7.870834,1,Tetragonal,CNN
2.507042,-17.217293,6.0097847,2,Orthorombic,CNN
-1.4598002,-4.9020286,-10.624686,3,Monoclinic,CNN
-7.051372,-6.7996597,-2.6032877,2,Orthorombic,CNN
-17.644209,-5.8584557,-5.8716183,1,Tetragonal,CNN
3.378223,-14.297983,6.4714823,2,Orthorombic,CNN
3.7251494,-9.663221,-3.5923018,2,Orthorombic,CNN
-17.640476,-5.8554173,-5.8717513,1,Tetragonal,CNN
-0.4546031,-15.262404,3.5966887,2,Orthorombic,CNN
-2.4439955,8.692952,6.7412763,2,Orthorombic,CNN
-8.415217,16.162676,-5.546999,0,Cubic,CNN
8.467491,21.810677,4.6226163,2,Orthorombic,CNN
-3.6973515,-10.310026,4.1811824,2,Orthorombic,CNN
-5.8998995,-11.529101,-2.137768,2,Orthorombic,CNN
5.6012683,-3.5396485,2.6812038,2,Orthorombic,CNN
1.9507837,5.2386804,10.078095,2,Orthorombic,CNN
15.63732,-0.14023352,-6.002446,3,Monoclinic,CNN
14.347223,12.744503,-3.9003284,3,Monoclinic,CNN
-1.5034837,11.287445,9.703891,2,Orthorombic,CNN
-3.983497,-5.2787185,-13.671751,2,Orthorombic,CNN
-5.2292194,-13.6180525,-4.2334466,2,Orthorombic,CNN
11.228428,-5.713652,-10.036662,3,Monoclinic,CNN
2.3961413,-11.915439,-1.5914811,2,Orthorombic,CNN
15.166119,13.596932,-2.1963782,3,Monoclinic,CNN
12.713385,6.878401,-4.934379,3,Monoclinic,CNN
-3.918985,-5.4442735,-13.605101,2,Orthorombic,CNN
-2.1605043,2.945701,10.60542,2,Orthorombic,CNN
-13.285893,7.1929035,-0.8955327,0,Cubic,CNN
4.3609004,7.378074,4.4255524,2,Orthorombic,CNN
-10.3367815,-1.3180379,-9.702148,1,Tetragonal,CNN
6.2853813,-10.394038,11.431846,2,Orthorombic,CNN
0.35491216,10.043006,10.254109,2,Orthorombic,CNN
-9.804575,1.8134618,0.6247749,1,Tetragonal,CNN
-15.026969,6.9916186,-2.4998438,0,Cubic,CNN
3.598862,-15.445172,7.4766088,2,Orthorombic,CNN
0.99030495,2.8839798,14.495899,2,Orthorombic,CNN
14.172587,12.080885,-1.3887368,3,Monoclinic,CNN
-4.770076,-10.792773,-10.074033,2,Orthorombic,CNN
3.9827294,-10.012423,8.713698,2,Orthorombic,CNN
-0.06039834,4.1388035,8.77876,2,Orthorombic,CNN
13.239488,6.0286055,-3.500287,3,Monoclinic,CNN
-2.4788496,-12.700737,-1.275267,2,Orthorombic,CNN
-7.357875,13.42623,-4.9575667,0,Cubic,CNN
-8.335834,9.004889,-3.0294497,0,Cubic,CNN
4.0519323,-8.861555,-3.9567168,2,Orthorombic,CNN
2.5633805,9.410802,6.184665,2,Orthorombic,CNN
-3.706463,-6.3848968,13.555844,2,Orthorombic,CNN
0.62923294,-3.4406042,10.489268,2,Orthorombic,CNN
1.3051101,5.8006935,11.243182,2,Orthorombic,CNN
5.670536,-7.0095305,-6.1978927,2,Orthorombic,CNN
-1.1085907,-15.889723,-0.83407706,2,Orthorombic,CNN
13.016621,4.875658,-7.541528,3,Monoclinic,CNN
13.449875,10.531898,-1.2589066,3,Monoclinic,CNN
-4.755632,-8.140687,-12.878332,2,Orthorombic,CNN
1.38792,3.3797693,13.492477,2,Orthorombic,CNN
13.371888,6.6462717,-1.2252873,3,Monoclinic,CNN
5.0841374,-4.5192924,10.267729,2,Orthorombic,CNN
12.166037,-6.345008,-6.066768,3,Monoclinic,CNN
-4.2874603,-6.693291,-13.710668,3,Monoclinic,CNN
12.994621,6.874557,-3.0231628,3,Monoclinic,CNN
13.194109,10.482797,-2.6892436,3,Monoclinic,CNN
-8.841697,14.451636,-5.687879,0,Cubic,CNN
8.302719,21.68679,4.481591,2,Orthorombic,CNN
-3.588228,-15.229845,-3.0415711,2,Orthorombic,CNN
-2.383808,-15.211131,0.8543336,2,Orthorombic,CNN
-12.828258,11.575,-3.6077926,0,Cubic,CNN
13.1797695,4.254086,-7.7889524,3,Monoclinic,CNN
13.114699,-5.7893987,-6.690561,3,Monoclinic,CNN
-16.631369,-8.602513,-8.338797,1,Tetragonal,CNN
3.0814984,-7.0645337,-6.8618,3,Monoclinic,CNN
11.865251,-6.4721847,-5.958867,3,Monoclinic,CNN
-8.534553,10.3819895,-4.1894293,0,Cubic,CNN
1.3439705,-10.501955,7.0314493,2,Orthorombic,CNN
-6.714016,-10.838677,-8.960365,3,Monoclinic,CNN
14.907142,2.0866532,-5.4312105,3,Monoclinic,CNN
-12.163466,10.758448,-5.781855,0,Cubic,CNN
-3.9942155,-8.403377,-12.174051,2,Orthorombic,CNN
-8.479797,15.982169,-7.1274495,0,Cubic,CNN
-4.897402,17.251076,-6.489899,0,Cubic,CNN
7.500299,21.264502,3.9857655,2,Orthorombic,CNN
-7.6835938,-1.8739582,-4.3557816,2,Orthorombic,CNN
15.010067,13.383639,-2.0982647,3,Monoclinic,CNN
-2.195775,-0.45145488,10.2711525,2,Orthorombic,CNN
12.993008,7.2929697,-2.5077314,3,Monoclinic,CNN
9.672837,-5.060673,-11.961268,3,Monoclinic,CNN
5.834978,-7.028486,1.6823008,3,Monoclinic,CNN
14.188828,3.1338308,-5.193281,3,Monoclinic,CNN
4.7248216,-7.740658,-4.0153117,2,Orthorombic,CNN
0.8733977,6.771132,17.405209,2,Orthorombic,CNN
8.937537,-4.924972,-12.20679,3,Monoclinic,CNN
-12.493004,12.762358,-5.0030413,0,Cubic,CNN
0.74827546,5.901366,10.018402,2,Orthorombic,CNN
2.1646688,-6.7192683,-7.643367,3,Monoclinic,CNN
5.8075747,-7.197367,0.6282478,2,Orthorombic,CNN
-0.7940008,-5.9811707,11.911884,2,Orthorombic,CNN
-6.650805,-10.643529,-7.6338186,2,Orthorombic,CNN
-7.505801,-4.9930487,-1.9631709,2,Orthorombic,CNN
-5.6549096,-1.8584945,-13.59627,2,Orthorombic,CNN
0.90732175,6.734206,17.374794,2,Orthorombic,CNN
4.291092,-9.474771,8.406951,2,Orthorombic,CNN
-1.9796636,-15.267593,-3.2212887,2,Orthorombic,CNN
-8.951228,-1.3729732,-10.982957,1,Tetragonal,CNN
5.388836,-7.390501,12.297724,2,Orthorombic,CNN
-4.850772,-11.472573,-9.4578285,2,Orthorombic,CNN
-1.0187119,-11.013726,-9.330668,2,Orthorombic,CNN
-2.3290172,-13.3445015,-1.8703375,2,Orthorombic,CNN
6.2053304,-9.281249,5.5767007,2,Orthorombic,CNN
-3.6615236,-15.033321,-2.5741093,2,Orthorombic,CNN
4.3697233,0.062026635,6.2581916,2,Orthorombic,CNN
0.23946223,11.990943,6.5908356,2,Orthorombic,CNN
-2.0813177,3.4381638,11.484778,2,Orthorombic,CNN
3.1928372,-11.151617,-1.8364327,2,Orthorombic,CNN
15.812645,-3.18188,-7.3564754,3,Monoclinic,CNN
-7.5017977,2.165955,1.7154497,2,Orthorombic,CNN
-6.46727,-1.4193453,-12.530494,2,Orthorombic,CNN
-4.3229284,16.326036,-5.876121,0,Cubic,CNN
-7.849561,12.060846,-4.723263,0,Cubic,CNN
12.887928,8.835351,-3.7172215,3,Monoclinic,CNN
2.4101944,3.1838124,6.561657,2,Orthorombic,CNN
-9.39054,-0.7996255,-5.4118752,0,Cubic,CNN
-0.30757684,5.197708,11.934697,2,Orthorombic,CNN
0.5397569,-4.103314,9.952757,2,Orthorombic,CNN
-1.5016153,-13.090821,5.8030467,2,Orthorombic,CNN
4.01732,-1.8849218,4.4217267,2,Orthorombic,CNN
-0.9279448,-16.284935,4.5158553,2,Orthorombic,CNN
6.060236,-8.433006,10.970095,2,Orthorombic,CNN
1.0288888,-5.7293487,-9.2995205,3,Monoclinic,CNN
2.740454,3.3330011,12.326248,2,Orthorombic,CNN
-9.8069725,-0.9461232,-8.868415,0,Cubic,CNN
13.603959,3.760865,-8.877602,3,Monoclinic,CNN
13.001773,7.0455112,-2.8415518,3,Monoclinic,CNN
-0.67394364,-4.6176534,14.701182,2,Orthorombic,CNN
5.842619,-9.474937,3.6164448,2,Orthorombic,CNN
-8.497249,16.764229,-5.4202857,0,Cubic,CNN
5.2875,-7.667147,7.4939275,2,Orthorombic,CNN
3.485572,8.424377,5.033196,2,Orthorombic,CNN
-0.64461225,-12.16865,9.522169,2,Orthorombic,CNN
9.653352,22.366781,5.5215216,2,Orthorombic,CNN
1.0677646,-10.709698,0.7537403,2,Orthorombic,CNN
2.7923787,-13.295307,5.581938,2,Orthorombic,CNN
3.3693497,8.793935,5.0708256,2,Orthorombic,CNN
4.2700515,-10.83206,1.7387835,2,Orthorombic,CNN
15.545496,4.093848,-9.511515,3,Monoclinic,CNN
6.864319,-4.0536265,12.002499,2,Orthorombic,CNN
2.6236506,-3.718481,9.507757,2,Orthorombic,CNN
10.070125,-4.932888,-11.971115,3,Monoclinic,CNN
-2.1342096,-9.470248,12.185024,2,Orthorombic,CNN
5.262864,-8.104809,7.877781,2,Orthorombic,CNN
-14.993011,-4.660199,-9.686245,1,Tetragonal,CNN
-6.383951,-10.807336,-8.119818,2,Orthorombic,CNN
-14.783457,10.98753,-5.1302123,0,Cubic,CNN
-0.5718666,-1.6031511,10.810896,2,Orthorombic,CNN
-3.4721668,-11.699001,-6.5284953,2,Orthorombic,CNN
-2.1642218,-11.787224,-8.886931,2,Orthorombic,CNN
-2.5409784,-14.961761,3.5447366,2,Orthorombic,CNN
-13.946791,5.8919663,-1.0755554,0,Cubic,CNN
-14.135027,-7.4185677,-9.396897,1,Tetragonal,CNN
6.631372,-1.3240073,4.1771216,2,Orthorombic,CNN
-1.5593979,-16.592916,-2.371728,2,Orthorombic,CNN
0.85625136,-16.006382,-1.9395667,2,Orthorombic,CNN
-1.221706,16.01964,-5.308846,0,Cubic,CNN
13.357608,3.6693926,-5.7596755,3,Monoclinic,CNN
-1.647286,-1.7696428,9.691108,2,Orthorombic,CNN
5.732976,-7.3125124,1.1174747,2,Orthorombic,CNN
10.242081,22.664051,5.6200185,2,Orthorombic,CNN
2.7256842,-13.000196,5.5479126,2,Orthorombic,CNN
8.443823,20.445278,3.5688407,2,Orthorombic,CNN
-16.190418,5.116415,-3.6392868,0,Cubic,CNN
-14.834651,2.697172,-2.8548708,0,Cubic,CNN
-1.2935134,0.9116748,10.860117,2,Orthorombic,CNN
4.450129,0.15093744,3.9238803,2,Orthorombic,CNN
-5.1592083,-13.427978,-7.269129,2,Orthorombic,CNN
-6.840083,7.3756804,-0.92813104,2,Orthorombic,CNN
-1.0990486,0.6631785,10.843297,2,Orthorombic,CNN
2.5105865,-10.831997,9.344782,2,Orthorombic,CNN
-22.240677,-10.584991,-7.5256314,1,Tetragonal,CNN
-5.2274985,-13.303092,-4.2514257,2,Orthorombic,CNN
6.246095,-9.548293,12.321051,2,Orthorombic,CNN
2.297061,-3.7407176,9.402798,3,Monoclinic,CNN
-9.539408,10.563008,-5.5966926,0,Cubic,CNN
1.7156104,11.3895855,6.1225114,2,Orthorombic,CNN
13.599591,-1.4333177,-11.466067,3,Monoclinic,CNN
1.2125913,-12.862236,-4.321508,2,Orthorombic,CNN
-0.4069699,-15.323998,-0.0861013,2,Orthorombic,CNN
-4.5019207,-6.592586,-14.095156,0,Cubic,CNN
1.2740933,13.8413725,5.941096,2,Orthorombic,CNN
5.701703,-10.450794,7.784061,2,Orthorombic,CNN
13.207578,22.753016,9.294254,2,Orthorombic,CNN
-0.6647283,12.245138,7.0668516,2,Orthorombic,CNN
-0.09319422,-6.2601027,11.207594,2,Orthorombic,CNN
-1.895816,6.4605513,12.419902,2,Orthorombic,CNN
0.0049299006,-12.664665,9.46824,2,Orthorombic,CNN
-8.164741,-2.1312,-2.7958252,0,Cubic,CNN
-11.052731,1.6036243,-0.017944518,0,Cubic,CNN
0.52656895,2.9602191,8.238199,2,Orthorombic,CNN
-4.4448905,-9.633773,-10.863996,2,Orthorombic,CNN
4.037083,-4.5655518,7.4519663,2,Orthorombic,CNN
14.438164,0.15802509,-10.766029,3,Monoclinic,CNN
-2.9314783,-7.642904,8.164732,2,Orthorombic,CNN
15.702291,4.172365,-9.168078,3,Monoclinic,CNN
6.269621,-9.20779,5.993607,2,Orthorombic,CNN
-4.075877,-3.1279829,-11.513196,1,Tetragonal,CNN
11.764395,-3.3811488,-10.885216,3,Monoclinic,CNN
2.49284,15.562736,6.081895,2,Orthorombic,CNN
13.939638,11.127303,-0.5204324,3,Monoclinic,CNN
13.659638,10.597771,-0.7212592,3,Monoclinic,CNN
-0.5221644,2.1842175,7.0825744,2,Orthorombic,CNN
-2.6167574,-8.161843,-11.794689,2,Orthorombic,CNN
9.660698,22.32517,7.9161234,2,Orthorombic,CNN
1.5680633,2.7065885,7.3617287,2,Orthorombic,CNN
1.4321536,3.1647706,16.283846,2,Orthorombic,CNN
5.3288484,0.9248486,8.448472,2,Orthorombic,CNN
-0.42959154,9.108612,13.297872,2,Orthorombic,CNN
13.552165,-6.3261,-5.2794156,2,Orthorombic,CNN
2.9924476,2.4989696,14.150436,2,Orthorombic,CNN
-3.0501068,-8.317279,5.216341,2,Orthorombic,CNN
-8.480579,15.385796,-5.4061117,0,Cubic,CNN
-1.6711086,1.8041797,10.272433,2,Orthorombic,CNN
-3.1018894,-15.018329,-0.5018583,2,Orthorombic,CNN
1.0722055,-15.459452,1.5355179,2,Orthorombic,CNN
12.714532,6.0189223,-10.26059,3,Monoclinic,CNN
-5.103528,-2.562767,-14.257403,0,Cubic,CNN
-5.023592,-8.188098,-12.976369,2,Orthorombic,CNN
-7.0380063,16.488253,-6.7883067,0,Cubic,CNN
4.5718536,12.855858,3.42503,2,Orthorombic,CNN
3.625454,16.95388,5.071645,2,Orthorombic,CNN
-7.9728136,16.166094,-6.9822326,0,Cubic,CNN
0.2062925,-3.212052,11.596139,2,Orthorombic,CNN
-6.053629,-1.1853465,-14.069749,3,Monoclinic,CNN
3.7863712,-11.10748,1.3366019,2,Orthorombic,CNN
3.2404819,-12.802033,0.85620874,2,Orthorombic,CNN
-0.8267524,-7.2821355,10.851369,2,Orthorombic,CNN
2.2647703,-12.157493,-7.131717,3,Monoclinic,CNN
-3.2805045,-7.950392,-12.222294,2,Orthorombic,CNN
3.952484,0.25171742,4.252283,2,Orthorombic,CNN
16.087753,-2.2267694,-8.13044,3,Monoclinic,CNN
0.24723858,14.277436,-5.573667,0,Cubic,CNN
2.576715,-13.01061,-0.15169664,2,Orthorombic,CNN
-12.303564,-0.040963884,-4.4358706,0,Cubic,CNN
-19.81446,-8.791263,-6.362638,1,Tetragonal,CNN
4.1752887,16.959002,4.1245794,2,Orthorombic,CNN
14.932772,2.3287206,-4.6041203,3,Monoclinic,CNN
8.005444,-5.6476264,-10.402346,3,Monoclinic,CNN
5.512184,-14.554005,5.5735984,2,Orthorombic,CNN
2.0428035,7.2426276,13.631186,2,Orthorombic,CNN
-9.486318,-1.4941957,-10.954066,1,Tetragonal,CNN
5.869392,-9.513713,3.72732,2,Orthorombic,CNN
-0.90841335,13.741818,-4.9958286,0,Cubic,CNN
4.4930797,18.872013,5.0839467,2,Orthorombic,CNN
-2.0710785,-4.919893,15.059446,2,Orthorombic,CNN
0.3577446,-10.911014,-0.07899488,2,Orthorombic,CNN
6.068996,0.25185415,8.004991,2,Orthorombic,CNN
-5.159304,-10.54143,-3.6509628,2,Orthorombic,CNN_WOA
1.4493382,-0.9992651,-8.164726,2,Orthorombic,CNN_WOA
16.783598,1.0844445,-0.65824366,2,Orthorombic,CNN_WOA
0.29731974,-7.2266345,-2.98137,2,Orthorombic,CNN_WOA
-20.295668,-2.0668104,-1.5384086,0,Cubic,CNN_WOA
8.48297,19.047987,-2.8834443,3,Monoclinic,CNN_WOA
18.344614,5.3087807,3.661439,2,Orthorombic,CNN_WOA
4.8918552,-4.21834,-5.233945,2,Orthorombic,CNN_WOA
-0.7115938,-3.1512468,-8.7782345,2,Orthorombic,CNN_WOA
-8.775341,-6.9321084,-6.3051343,2,Orthorombic,CNN_WOA
7.880866,-7.769286,-13.745617,2,Orthorombic,CNN_WOA
-3.5767887,-15.193286,5.2669563,2,Orthorombic,CNN_WOA
-19.222698,0.5177011,2.6585758,0,Cubic,CNN_WOA
-0.51823616,-1.8067191,-7.4090285,2,Orthorombic,CNN_WOA
1.0567371,6.1188636,3.0034895,1,Tetragonal,CNN_WOA
-4.5608253,-14.620589,7.3309274,2,Orthorombic,CNN_WOA
9.792628,-13.382553,10.306712,2,Orthorombic,CNN_WOA
-4.344769,-5.3812118,-6.6298594,2,Orthorombic,CNN_WOA
4.1790547,-0.5922724,6.286655,2,Orthorombic,CNN_WOA
-2.1971684,2.2024784,-1.9379677,3,Monoclinic,CNN_WOA
0.8367935,-11.094396,-17.54837,2,Orthorombic,CNN_WOA
-2.4426565,-9.971709,-9.590193,2,Orthorombic,CNN_WOA
5.001014,-8.03456,9.189233,2,Orthorombic,CNN_WOA
6.4181466,12.730982,-10.39741,3,Monoclinic,CNN_WOA
-0.30704796,-7.7673526,-13.951828,2,Orthorombic,CNN_WOA
5.3324366,1.9298579,4.330975,2,Orthorombic,CNN_WOA
-3.4632304,-9.124176,-12.372165,2,Orthorombic,CNN_WOA
-12.371514,0.006512539,2.1036973,0,Cubic,CNN_WOA
-9.687321,2.671827,-0.53967726,0,Cubic,CNN_WOA
-5.641874,-1.9554056,12.152756,0,Cubic,CNN_WOA
6.902236,-7.7209506,16.245567,2,Orthorombic,CNN_WOA
-10.548966,-10.697463,-6.8280005,2,Orthorombic,CNN_WOA
-2.0854673,-0.085830435,3.2625422,3,Monoclinic,CNN_WOA
18.537535,-1.6082511,10.676478,2,Orthorombic,CNN_WOA
2.0112793,23.436644,-4.976673,3,Monoclinic,CNN_WOA
0.14130189,-16.634632,1.0747108,2,Orthorombic,CNN_WOA
11.854791,-11.775425,10.40877,2,Orthorombic,CNN_WOA
15.590345,5.752914,-7.9434857,2,Orthorombic,CNN_WOA
3.624145,-4.1281357,-13.670906,2,Orthorombic,CNN_WOA
-3.268305,-13.798411,-3.6038547,2,Orthorombic,CNN_WOA
-3.9389563,6.0746217,12.777105,3,Monoclinic,CNN_WOA
1.0294014,-9.717594,-17.152597,2,Orthorombic,CNN_WOA
-5.638965,13.147851,-2.7878454,3,Monoclinic,CNN_WOA
1.4031464,-0.14821868,3.269544,2,Orthorombic,CNN_WOA
1.2757014,11.591065,-10.987378,3,Monoclinic,CNN_WOA
18.03908,-0.9061635,12.195717,2,Orthorombic,CNN_WOA
-5.282442,20.907425,-0.5751611,3,Monoclinic,CNN_WOA
-11.742527,0.088597596,-6.03284,1,Tetragonal,CNN_WOA
10.616277,16.656343,-2.8528101,3,Monoclinic,CNN_WOA
4.411841,12.972908,-10.43555,3,Monoclinic,CNN_WOA
-5.8156404,16.080948,-1.9684047,3,Monoclinic,CNN_WOA
10.289169,-15.9373665,12.359391,2,Orthorombic,CNN_WOA
-11.8815975,-4.578335,3.9414904,2,Orthorombic,CNN_WOA
14.01928,1.2089616,-1.1655142,2,Orthorombic,CNN_WOA
-0.20407945,2.3885014,2.9746666,1,Tetragonal,CNN_WOA
-10.244388,2.0808325,-5.537586,0,Cubic,CNN_WOA
14.433997,2.2961745,-3.2048824,2,Orthorombic,CNN_WOA
-10.259779,-10.291798,-0.21039094,2,Orthorombic,CNN_WOA
0.53069985,-4.954826,10.879522,0,Cubic,CNN_WOA
-12.386419,3.1097481,11.113843,0,Cubic,CNN_WOA
-13.057277,1.9076703,17.757803,0,Cubic,CNN_WOA
12.02626,-14.741859,8.150323,2,Orthorombic,CNN_WOA
-6.087933,3.275674,-1.1675953,1,Tetragonal,CNN_WOA
-10.7386675,-11.23319,-6.70459,2,Orthorombic,CNN_WOA
8.118657,0.33645213,11.520261,2,Orthorombic,CNN_WOA
1.5239147,17.498959,-10.070266,3,Monoclinic,CNN_WOA
-10.875956,7.075332,3.4278078,0,Cubic,CNN_WOA
-0.8725312,-9.57231,-15.568928,2,Orthorombic,CNN_WOA
-10.008753,3.667538,0.31846762,1,Tetragonal,CNN_WOA
-5.656617,-10.737735,-2.7849448,2,Orthorombic,CNN_WOA
6.2230477,1.6570606,-11.509952,2,Orthorombic,CNN_WOA
-2.1190214,14.13963,-3.910218,3,Monoclinic,CNN_WOA
-7.53089,4.290002,15.975355,0,Cubic,CNN_WOA
-12.129819,-8.82021,-8.326811,2,Orthorombic,CNN_WOA
11.870783,-1.5096384,-13.970879,2,Orthorombic,CNN_WOA
-2.7294881,-1.3688358,-12.174562,2,Orthorombic,CNN_WOA
-8.514587,-9.241407,7.508989,2,Orthorombic,CNN_WOA
5.444827,5.545902,-7.9671164,2,Orthorombic,CNN_WOA
-7.071284,11.051185,5.57856,1,Tetragonal,CNN_WOA
-11.472416,-2.9345293,4.126693,2,Orthorombic,CNN_WOA
-3.184171,21.656223,-3.6429644,0,Cubic,CNN_WOA
-9.01675,7.0171685,16.626472,2,Orthorombic,CNN_WOA
-20.914465,-5.313775,-1.7266164,0,Cubic,CNN_WOA
5.4086604,-3.8841329,-4.3215575,2,Orthorombic,CNN_WOA
11.871119,-7.1444974,-5.357869,2,Orthorombic,CNN_WOA
-11.998089,-1.0239326,3.2226186,0,Cubic,CNN_WOA
4.987402,22.12494,-1.8623545,0,Cubic,CNN_WOA
-19.121248,1.5785985,2.2430992,0,Cubic,CNN_WOA
19.216707,4.8686457,6.840511,2,Orthorombic,CNN_WOA
7.763094,21.374489,-5.469413,3,Monoclinic,CNN_WOA
-21.847467,-2.4287033,-0.95874304,0,Cubic,CNN_WOA
8.991129,12.818695,-5.6162844,3,Monoclinic,CNN_WOA
8.748637,-6.2064915,-0.052099742,2,Orthorombic,CNN_WOA
17.787125,3.5098572,6.795144,2,Orthorombic,CNN_WOA
0.3399601,7.6983676,4.922978,1,Tetragonal,CNN_WOA
5.7596326,-6.024234,-6.459476,2,Orthorombic,CNN_WOA
-0.4591674,-7.86279,-12.976649,2,Orthorombic,CNN_WOA
10.447137,-11.135088,0.48890436,2,Orthorombic,CNN_WOA
-7.7494903,2.381867,22.585718,0,Cubic,CNN_WOA
1.7026677,-8.050829,-3.4880455,2,Orthorombic,CNN_WOA
4.045971,18.124443,-4.4103417,3,Monoclinic,CNN_WOA
3.221742,13.975478,-10.33416,3,Monoclinic,CNN_WOA
-4.330515,3.5924728,9.6493,2,Orthorombic,CNN_WOA
-6.4702735,7.000715,3.6036077,1,Tetragonal,CNN_WOA
5.322325,12.618556,-10.1698,3,Monoclinic,CNN_WOA
-3.751679,16.47633,-5.758385,0,Cubic,CNN_WOA
18.48666,5.287334,4.402518,2,Orthorombic,CNN_WOA
10.790491,0.7106798,4.090284,2,Orthorombic,CNN_WOA
7.5604725,4.524919,6.1723194,2,Orthorombic,CNN_WOA
-7.8741865,-14.321974,-8.558844,2,Orthorombic,CNN_WOA
-6.113135,5.8955884,8.637473,0,Cubic,CNN_WOA
11.030897,-13.447506,-2.94167,2,Orthorombic,CNN_WOA
5.8613234,1.9389377,5.838222,2,Orthorombic,CNN_WOA
22.65161,-2.277982,6.5286126,2,Orthorombic,CNN_WOA
7.956562,-5.4862876,-9.664425,2,Orthorombic,CNN_WOA
1.9247485,19.066845,-2.004856,3,Monoclinic,CNN_WOA
11.405351,-12.837867,0.5611385,2,Orthorombic,CNN_WOA
-16.257969,2.1452706,-1.5509129,0,Cubic,CNN_WOA
-20.399178,-4.958277,-1.6772982,0,Cubic,CNN_WOA
-3.3114798,-9.780255,3.7072992,2,Orthorombic,CNN_WOA
8.661095,-4.550087,-10.632535,2,Orthorombic,CNN_WOA
3.1776814,-7.5603395,10.942648,2,Orthorombic,CNN_WOA
-5.3688087,1.5836993,-7.7592363,1,Tetragonal,CNN_WOA
1.2096077,10.862704,-10.242391,3,Monoclinic,CNN_WOA
-18.492195,-4.7233825,-1.4959645,0,Cubic,CNN_WOA
-22.14239,-2.2719076,-0.9507483,0,Cubic,CNN_WOA
20.933163,-3.2065902,2.9897878,2,Orthorombic,CNN_WOA
15.827364,7.722061,7.56783,2,Orthorombic,CNN_WOA
4.102382,-13.673511,12.663619,2,Orthorombic,CNN_WOA
15.128687,5.826022,-6.95782,2,Orthorombic,CNN_WOA
11.467256,-11.022523,10.657387,2,Orthorombic,CNN_WOA
-12.501788,8.255699,5.096149,0,Cubic,CNN_WOA
-11.05232,4.3679867,13.186491,0,Cubic,CNN_WOA
-4.8981085,-0.47097194,0.51619124,2,Orthorombic,CNN_WOA
10.865267,-16.467691,12.907737,2,Orthorombic,CNN_WOA
-19.155334,1.4474517,2.2982805,0,Cubic,CNN_WOA
-9.9935,-4.766693,9.881403,0,Cubic,CNN_WOA
-13.326808,3.2326903,10.175342,0,Cubic,CNN_WOA
8.045405,11.880142,-5.844187,3,Monoclinic,CNN_WOA
1.2930079,21.570238,-4.105811,3,Monoclinic,CNN_WOA
3.505157,-5.943917,8.002865,2,Orthorombic,CNN_WOA
-9.343563,18.136522,-2.7285416,3,Monoclinic,CNN_WOA
-0.6810605,20.991392,-0.54196906,3,Monoclinic,CNN_WOA
10.786952,-0.6551067,-13.614916,2,Orthorombic,CNN_WOA
15.218012,7.698941,-7.265846,3,Monoclinic,CNN_WOA
-6.8673034,-9.921858,-0.31734273,2,Orthorombic,CNN_WOA
-8.537869,-10.331875,-0.757645,2,Orthorombic,CNN_WOA
1.8449519,-13.292634,-14.16102,2,Orthorombic,CNN_WOA
-3.4011006,3.3476388,14.39749,2,Orthorombic,CNN_WOA
-8.423597,-1.4363974,19.44168,0,Cubic,CNN_WOA
0.32946235,-6.80359,-2.50846,2,Orthorombic,CNN_WOA
5.466682,2.1440542,-9.566286,2,Orthorombic,CNN_WOA
4.915201,-15.439119,11.983757,2,Orthorombic,CNN_WOA
-9.445603,-7.557708,0.20672172,2,Orthorombic,CNN_WOA
-3.8297365,-6.8319526,10.932173,1,Tetragonal,CNN_WOA
0.039059833,10.658884,10.28217,1,Tetragonal,CNN_WOA
-3.3743405,-13.851664,-3.7549026,2,Orthorombic,CNN_WOA
14.596675,2.3526387,-4.5634217,2,Orthorombic,CNN_WOA
-1.7944937,13.900916,-4.2478313,3,Monoclinic,CNN_WOA
-13.60142,-8.3230505,-0.79816073,0,Cubic,CNN_WOA
2.5493412,11.026434,-8.065724,3,Monoclinic,CNN_WOA
-4.0227695,-10.724128,6.5589647,2,Orthorombic,CNN_WOA
-2.5518317,-7.935836,4.670425,2,Orthorombic,CNN_WOA
-17.279158,5.064841,3.6363785,0,Cubic,CNN_WOA
-17.340296,-2.203793,-2.9562683,0,Cubic,CNN_WOA
3.638057,-11.20038,-6.977026,2,Orthorombic,CNN_WOA
-0.33072096,-4.910786,-12.007158,2,Orthorombic,CNN_WOA
9.377257,-6.975691,-5.8654265,2,Orthorombic,CNN_WOA
-10.261274,-2.3903074,-1.1290605,0,Cubic,CNN_WOA
3.7234116,-5.7636685,7.825331,2,Orthorombic,CNN_WOA
-1.4591752,-10.676025,-15.952843,2,Orthorombic,CNN_WOA
4.3833995,-2.1907108,-11.909318,2,Orthorombic,CNN_WOA
5.357648,2.3539433,6.8397903,2,Orthorombic,CNN_WOA
8.937538,14.873888,-8.89892,3,Monoclinic,CNN_WOA
-2.1610408,-0.18734264,3.7294846,3,Monoclinic,CNN_WOA
11.2187,-3.9820895,12.162884,2,Orthorombic,CNN_WOA
-7.5221305,-1.2064669,18.47917,0,Cubic,CNN_WOA
-1.7190065,1.7972991,-1.2329029,2,Orthorombic,CNN_WOA
-2.383245,-13.221284,5.0013003,2,Orthorombic,CNN_WOA
0.783366,-10.029965,5.487617,2,Orthorombic,CNN_WOA
-6.0914793,20.05405,-4.103513,3,Monoclinic,CNN_WOA
17.161785,4.1377277,-7.770124,2,Orthorombic,CNN_WOA
8.285056,19.11885,-3.7546692,3,Monoclinic,CNN_WOA
0.71914417,17.968824,-3.2860844,2,Orthorombic,CNN_WOA
-3.3481534,2.6682103,8.7461,2,Orthorombic,CNN_WOA
-7.5952334,3.3716767,-5.868207,0,Cubic,CNN_WOA
6.514876,22.025387,-3.0333152,3,Monoclinic,CNN_WOA
12.107848,-0.6413296,-0.5144378,3,Monoclinic,CNN_WOA
1.1349783,2.191899,2.965287,3,Monoclinic,CNN_WOA
9.522918,8.364373,-5.311971,3,Monoclinic,CNN_WOA
-7.9120235,13.434872,10.437288,1,Tetragonal,CNN_WOA
5.2512655,14.864426,-12.481996,3,Monoclinic,CNN_WOA
-4.2818484,-14.79669,7.5855236,2,Orthorombic,CNN_WOA
1.7991258,5.627438,-16.270216,2,Orthorombic,CNN_WOA
11.244396,-5.168105,-3.3215106,2,Orthorombic,CNN_WOA
-5.0355587,-15.568925,-3.7262535,2,Orthorombic,CNN_WOA
-10.234392,-6.2958384,7.972617,2,Orthorombic,CNN_WOA
3.4197388,-10.3424,-17.09249,2,Orthorombic,CNN_WOA
11.092036,-5.9075975,-11.131149,2,Orthorombic,CNN_WOA
-17.758183,-5.447546,-1.0349772,0,Cubic,CNN_WOA
-7.3265486,3.2748358,19.226698,0,Cubic,CNN_WOA
-2.2851584,11.664519,-2.9044018,3,Monoclinic,CNN_WOA
-11.018771,-0.6364567,18.89598,0,Cubic,CNN_WOA
15.742785,0.18714571,-5.2794023,2,Orthorombic,CNN_WOA
-15.942696,-2.0036135,-2.2317276,0,Cubic,CNN_WOA
0.17261864,-16.668777,1.0606943,2,Orthorombic,CNN_WOA
3.9358356,-0.38739985,-11.3435545,2,Orthorombic,CNN_WOA
-1.2790215,-11.758618,4.4092193,2,Orthorombic,CNN_WOA
-4.8706384,-2.180383,12.663841,0,Cubic,CNN_WOA
-4.1839275,17.279861,-3.4622357,3,Monoclinic,CNN_WOA
-5.625128,13.055396,-2.578005,3,Monoclinic,CNN_WOA
7.9297094,19.402267,-4.0485106,3,Monoclinic,CNN_WOA
-6.845105,-1.4425604,12.761901,0,Cubic,CNN_WOA
-6.847245,-11.090202,11.208983,2,Orthorombic,CNN_WOA
8.224975,-5.3755856,-8.239166,2,Orthorombic,CNN_WOA
-3.0173743,16.553791,-3.4484801,3,Monoclinic,CNN_WOA
-0.24069,5.380962,-2.9911153,2,Orthorombic,CNN_WOA
-6.0415635,3.055759,-4.77506,0,Cubic,CNN_WOA
20.61383,-3.8770146,5.8967395,2,Orthorombic,CNN_WOA
0.9327485,7.551024,-3.4088318,3,Monoclinic,CNN_WOA
-10.924882,0.351687,-5.0330267,0,Cubic,CNN_WOA
8.014416,10.441231,-4.896547,3,Monoclinic,CNN_WOA
-10.062842,1.1191273,-8.575797,0,Cubic,CNN_WOA
-3.5570023,1.2372026,7.5565314,2,Orthorombic,CNN_WOA
-4.890201,3.3860953,-7.0038495,1,Tetragonal,CNN_WOA
15.682514,-8.537892,3.936861,2,Orthorombic,CNN_WOA
7.167266,-5.773029,-10.978683,2,Orthorombic,CNN_WOA
-0.82389736,-1.9780816,-7.5601573,2,Orthorombic,CNN_WOA
-8.142798,8.028821,5.1342483,0,Cubic,CNN_WOA
-8.749844,1.6948961,-5.5764685,2,Orthorombic,CNN_WOA
-20.298151,-2.4527445,-2.5898018,0,Cubic,CNN_WOA
0.6107377,-7.6150146,7.2948246,2,Orthorombic,CNN_WOA
1.1914984,-8.651748,-16.979176,2,Orthorombic,CNN_WOA
1.4126137,8.07983,-3.9705899,3,Monoclinic,CNN_WOA
-2.1201189,-7.915071,2.809697,2,Orthorombic,CNN_WOA
-2.975692,4.953503,15.881801,0,Cubic,CNN_WOA
12.557506,-5.554703,12.262519,2,Orthorombic,CNN_WOA
-4.2272305,16.094383,-7.5601244,3,Monoclinic,CNN_WOA
-3.6549578,4.807736,16.019888,2,Orthorombic,CNN_WOA
4.1950254,3.008445,11.407374,2,Orthorombic,CNN_WOA
-0.7790487,-7.871491,8.615079,2,Orthorombic,CNN_WOA
-11.946634,-2.540989,5.0198646,0,Cubic,CNN_WOA
4.102449,-0.7741732,6.256471,2,Orthorombic,CNN_WOA
6.5871463,12.94681,-0.69529796,3,Monoclinic,CNN_WOA
8.977976,12.464069,-4.9609547,3,Monoclinic,CNN_WOA
-1.6209567,9.240136,-0.87248904,1,Tetragonal,CNN_WOA
-10.829125,-6.990565,-2.7455761,2,Orthorombic,CNN_WOA
-7.55648,-1.3116995,-3.08339,2,Orthorombic,CNN_WOA
-7.6735682,1.5072275,22.302523,0,Cubic,CNN_WOA
-10.411838,-0.037380517,-4.401244,0,Cubic,CNN_WOA
8.566752,0.4476802,11.304241,2,Orthorombic,CNN_WOA
-5.2172956,14.821011,-1.2788904,3,Monoclinic,CNN_WOA
-2.577687,-5.285383,-6.1154466,2,Orthorombic,CNN_WOA
13.5529175,-10.268206,11.373655,2,Orthorombic,CNN_WOA
-4.6518126,-2.2882805,7.219066,2,Orthorombic,CNN_WOA
7.684739,-4.8267283,1.6680691,2,Orthorombic,CNN_WOA
2.7667022,-7.652669,-13.648307,2,Orthorombic,CNN_WOA
2.0241902,2.1209142,1.2105019,2,Orthorombic,CNN_WOA
0.3283536,-2.010292,-12.14651,2,Orthorombic,CNN_WOA
7.1178427,-6.449929,1.0151917,2,Orthorombic,CNN_WOA
12.023541,-14.738273,8.152755,2,Orthorombic,CNN_WOA
-3.8565981,18.175467,-1.3940802,3,Monoclinic,CNN_WOA
-6.371371,6.669273,7.628518,1,Tetragonal,CNN_WOA
7.149696,11.287873,-9.119194,3,Monoclinic,CNN_WOA
13.451736,-3.9178016,9.800642,2,Orthorombic,CNN_WOA
-1.4987779,-8.183584,-14.560792,2,Orthorombic,CNN_WOA
-9.723483,-1.5022701,-4.2302165,2,Orthorombic,CNN_WOA
5.539619,1.7674348,-8.81156,2,Orthorombic,CNN_WOA
-16.714407,-1.8769494,-3.3333967,0,Cubic,CNN_WOA
7.462164,-13.448789,10.152592,2,Orthorombic,CNN_WOA
-7.972609,4.1147532,16.723675,0,Cubic,CNN_WOA
12.106289,-7.8446097,-5.022953,2,Orthorombic,CNN_WOA
-8.377498,-6.7220683,-5.3616896,2,Orthorombic,CNN_WOA
-5.0527964,4.425406,9.678791,0,Cubic,CNN_WOA
-7.115156,1.9943312,-8.84244,0,Cubic,CNN_WOA
-7.349932,-10.335338,-0.757438,2,Orthorombic,CNN_WOA
11.042225,-1.0111805,-13.902928,2,Orthorombic,CNN_WOA
-3.7365005,-15.5973625,5.806917,2,Orthorombic,CNN_WOA
-7.5528727,-6.903164,-2.6159809,2,Orthorombic,CNN_WOA
-5.6513653,9.325482,6.7940164,1,Tetragonal,CNN_WOA
-13.306643,6.687774,-3.011518,0,Cubic,CNN_WOA
-6.070117,-10.768488,5.6868215,2,Orthorombic,CNN_WOA
14.915638,-6.4875445,-3.8609154,2,Orthorombic,CNN_WOA
-1.577507,12.869422,-0.6538872,3,Monoclinic,CNN_WOA
-4.8528137,12.598555,-6.7137513,3,Monoclinic,CNN_WOA
-0.64871883,-4.1619916,5.6803102,2,Orthorombic,CNN_WOA
-4.3210654,-16.400488,7.86219,2,Orthorombic,CNN_WOA
13.463486,-1.1880481,-9.345611,2,Orthorombic,CNN_WOA
13.920199,2.124063,-0.8085347,2,Orthorombic,CNN_WOA
-9.839608,1.2876086,-7.6857834,1,Tetragonal,CNN_WOA
-8.84152,-7.1441107,-2.450022,2,Orthorombic,CNN_WOA
11.53525,-12.588883,0.6355294,2,Orthorombic,CNN_WOA
1.4214076,6.141789,-2.3360736,3,Monoclinic,CNN_WOA
-0.9465294,5.8133473,-14.627828,2,Orthorombic,CNN_WOA
-10.210087,-4.331837,11.414552,0,Cubic,CNN_WOA
-7.676565,3.697506,18.30091,0,Cubic,CNN_WOA
1.3484881,2.7689884,3.7333655,1,Tetragonal,CNN_WOA
21.671827,-3.3230426,4.539818,2,Orthorombic,CNN_WOA
-1.1243896,4.4163375,-2.6614006,2,Orthorombic,CNN_WOA
6.5442843,4.699787,-5.1203885,2,Orthorombic,CNN_WOA
0.5026814,7.326253,4.086309,1,Tetragonal,CNN_WOA
17.11645,2.893156,7.3737726,2,Orthorombic,CNN_WOA
-19.227884,-4.267204,-1.7515452,0,Cubic,CNN_WOA
-8.744604,7.154273,8.754594,0,Cubic,CNN_WOA
2.3107178,-10.312137,-17.997171,2,Orthorombic,CNN_WOA
-8.096903,13.523556,10.171499,1,Tetragonal,CNN_WOA
-8.255472,8.021944,5.139117,0,Cubic,CNN_WOA
5.59194,-15.537435,11.973638,2,Orthorombic,CNN_WOA
0.25159225,-2.905629,-11.84887,2,Orthorombic,CNN_WOA
2.9344788,21.335722,-1.0124335,3,Monoclinic,CNN_WOA
-12.030206,-5.5755053,3.5873632,2,Orthorombic,CNN_WOA
-12.110309,0.066399716,-6.9897404,0,Cubic,CNN_WOA
-10.141405,-9.693316,-4.8190603,2,Orthorombic,CNN_WOA
-20.853357,-2.8818126,-1.3432236,0,Cubic,CNN_WOA
3.350258,2.9842157,-0.7989528,3,Monoclinic,CNN_WOA
-1.9364258,6.020439,-13.840322,2,Orthorombic,CNN_WOA
-14.415628,-3.9832287,-2.4363723,0,Cubic,CNN_WOA
2.787221,-2.86318,-14.133176,2,Orthorombic,CNN_WOA
-2.5782819,-12.767492,11.192143,2,Orthorombic,CNN_WOA
16.120577,6.0796247,-8.717642,2,Orthorombic,CNN_WOA
6.220092,6.800891,-6.2482724,2,Orthorombic,CNN_WOA
6.476969,22.034178,-2.986772,3,Monoclinic,CNN_WOA
-10.899138,-0.88823795,4.5557227,2,Orthorombic,CNN_WOA
-6.462063,7.097637,6.6325893,1,Tetragonal,CNN_WOA
14.564476,0.991944,-5.1690784,2,Orthorombic,CNN_WOA
4.981631,14.556404,-7.602614,3,Monoclinic,CNN_WOA
-9.870575,1.8771106,-9.966627,0,Cubic,CNN_WOA
-6.1031847,5.782934,3.9353325,0,Cubic,CNN_WOA
7.285195,8.631436,3.8214417,2,Orthorombic,CNN_WOA
-7.470888,3.6116273,18.411783,0,Cubic,CNN_WOA
18.827633,7.5406485,7.417304,2,Orthorombic,CNN_WOA
-13.736186,6.3121767,-2.5004964,0,Cubic,CNN_WOA
16.131289,2.6666596,-10.094369,2,Orthorombic,CNN_WOA
-2.0582967,-4.9026694,-4.5705,2,Orthorombic,CNN_WOA
12.279738,-0.6443935,-0.7621175,2,Orthorombic,CNN_WOA
3.056167,21.830296,-0.51379883,3,Monoclinic,CNN_WOA
-2.841348,13.706907,0.5375172,3,Monoclinic,CNN_WOA
1.6296918,-11.790195,-13.386016,2,Orthorombic,CNN_WOA
6.1842914,9.790291,1.8807856,2,Orthorombic,CNN_WOA
15.212664,-9.068686,4.720966,2,Orthorombic,CNN_WOA
5.968055,-10.873411,-0.5556553,2,Orthorombic,CNN_WOA
-17.544102,6.6398387,4.3961926,0,Cubic,CNN_WOA
-2.0741985,-10.222592,-10.536222,2,Orthorombic,CNN_WOA
8.917295,14.836481,-8.871171,3,Monoclinic,CNN_WOA
9.865774,-4.783781,-10.714117,2,Orthorombic,CNN_WOA
-12.711149,2.1189055,17.931372,0,Cubic,CNN_WOA
11.473967,-12.754437,0.63372934,2,Orthorombic,CNN_WOA
-11.020759,-2.614872,5.834209,0,Cubic,CNN_WOA
19.03302,-0.88890415,7.495864,2,Orthorombic,CNN_WOA
3.9967382,15.192417,-1.0848781,3,Monoclinic,CNN_WOA
-6.267844,3.2722945,-1.1144804,2,Orthorombic,CNN_WOA
1.7469501,19.561544,-1.2198741,3,Monoclinic,CNN_WOA
-9.7724495,-5.859212,-9.111844,2,Orthorombic,CNN_WOA
3.1571422,-11.905673,4.2574277,2,Orthorombic,CNN_WOA
10.621088,16.653307,-2.853322,3,Monoclinic,CNN_WOA
-1.6634941,-11.773242,1.5821009,2,Orthorombic,CNN_WOA
3.62896,6.5330286,-14.9554,2,Orthorombic,CNN_WOA
16.149809,6.030868,-9.903661,2,Orthorombic,CNN_WOA
-9.379993,-8.694589,-0.97380847,2,Orthorombic,CNN_WOA
2.1416173,5.7833033,-16.182203,2,Orthorombic,CNN_WOA
16.108282,6.7575946,-6.105642,2,Orthorombic,CNN_WOA
-12.903383,-3.1647222,7.357861,0,Cubic,CNN_WOA
11.026295,-13.465174,-2.990277,2,Orthorombic,CNN_WOA
-2.690602,6.3823447,14.272127,2,Orthorombic,CNN_WOA
-5.94961,-2.4766026,11.337416,0,Cubic,CNN_WOA
18.411345,5.3387733,4.133846,2,Orthorombic,CNN_WOA
7.3786488,-14.236094,9.338227,2,Orthorombic,CNN_WOA
5.7269917,1.9673257,5.8897753,2,Orthorombic,CNN_WOA
-3.1217594,-11.884859,5.6697626,2,Orthorombic,CNN_WOA
-9.055379,-1.5436865,-5.1255693,2,Orthorombic,CNN_WOA
18.716116,-1.5918314,10.241283,2,Orthorombic,CNN_WOA
-0.48751703,8.746533,3.1201258,1,Tetragonal,CNN_WOA
-13.6754,-0.10638248,18.41341,0,Cubic,CNN_WOA
-2.2561316,-12.119034,11.548158,2,Orthorombic,CNN_WOA
11.261961,-12.162715,11.412509,2,Orthorombic,CNN_WOA
5.0847206,0.5861684,-11.526226,2,Orthorombic,CNN_WOA
15.712703,-8.415522,3.9077818,2,Orthorombic,CNN_WOA
-6.121469,-0.87742406,5.991284,0,Cubic,CNN_WOA
9.125983,-9.681144,12.94369,2,Orthorombic,CNN_WOA
8.039549,-0.27909842,10.637798,2,Orthorombic,CNN_WOA
-3.6944284,16.605768,-4.275717,3,Monoclinic,CNN_WOA
-10.651272,0.11582647,4.72511,2,Orthorombic,CNN_WOA
14.427978,-9.723199,6.0553565,2,Orthorombic,CNN_WOA
-7.703869,3.26676,-0.7140916,1,Tetragonal,CNN_WOA
5.757739,19.117125,-0.48520282,3,Monoclinic,CNN_WOA
-8.78005,-7.6340413,-2.7370255,2,Orthorombic,CNN_WOA
5.8350663,-6.189555,-6.5749645,2,Orthorombic,CNN_WOA
10.398228,-0.84039295,-14.099784,2,Orthorombic,CNN_WOA
-0.50224453,8.758854,2.9657853,1,Tetragonal,CNN_WOA
-7.1100287,11.104226,5.5400434,1,Tetragonal,CNN_WOA
6.979559,8.182894,7.0370135,2,Orthorombic,CNN_WOA
-10.3462515,2.6108077,-0.9289648,0,Cubic,CNN_WOA
-10.968328,-4.0418005,-2.7324986,2,Orthorombic,CNN_WOA
1.940835,-10.246174,-17.811703,2,Orthorombic,CNN_WOA
18.52796,4.94005,5.262728,2,Orthorombic,CNN_WOA
-14.535553,-3.92378,-2.4886684,0,Cubic,CNN_WOA
7.1686263,19.383913,-3.6528409,3,Monoclinic,CNN_WOA
8.882377,18.858501,-5.721312,3,Monoclinic,CNN_WOA
-0.11717874,-4.7407136,5.9517045,2,Orthorombic,CNN_WOA
7.5038342,-14.15126,9.340046,2,Orthorombic,CNN_WOA
15.250405,7.603624,-6.5309815,2,Orthorombic,CNN_WOA
-3.735028,-3.5376441,-12.342958,2,Orthorombic,CNN_WOA
-5.1380744,8.33434,5.167299,1,Tetragonal,CNN_WOA
15.493911,0.68816245,-1.2493715,2,Orthorombic,CNN_WOA
-9.015,4.816702,17.341309,0,Cubic,CNN_WOA
-1.5421896,12.930737,-0.5945133,3,Monoclinic,CNN_WOA
-18.973873,-2.8912182,9.688643,0,Cubic,CNN_WOA
22.064985,-2.007528,6.646936,2,Orthorombic,CNN_WOA
-1.9601071,13.412498,0.118773855,3,Monoclinic,CNN_WOA
-9.12836,4.5440707,15.033128,0,Cubic,CNN_WOA
21.117315,-3.2944252,4.357963,2,Orthorombic,CNN_WOA
-8.1496315,4.630188,15.123107,0,Cubic,CNN_WOA
-12.936949,4.733611,-6.344379,0,Cubic,CNN_WOA
-9.05659,-3.7462993,-4.7565913,2,Orthorombic,CNN_WOA
-3.4415162,6.2099833,13.297288,2,Orthorombic,CNN_WOA
-3.6508195,-15.481117,5.329969,2,Orthorombic,CNN_WOA
16.860643,-1.9639478,7.628564,2,Orthorombic,CNN_WOA
-0.43537584,-7.907522,-12.9448,2,Orthorombic,CNN_WOA
-19.975906,3.5566986,2.046221,0,Cubic,CNN_WOA
13.00395,-12.628352,10.491294,2,Orthorombic,CNN_WOA
-10.467854,-6.126095,7.9187346,0,Cubic,CNN_WOA
-0.7403095,13.910842,5.6715384,1,Tetragonal,CNN_WOA
-7.4413295,-9.448396,7.0812464,2,Orthorombic,CNN_WOA
-2.2860858,-8.633602,-10.803476,2,Orthorombic,CNN_WOA
-9.5576515,-3.0912316,3.6604793,2,Orthorombic,CNN_WOA
-18.478344,-3.4248312,-3.5677314,1,Tetragonal,CNN_WOA
-17.412683,5.236878,3.5993383,0,Cubic,CNN_WOA
1.6869167,5.871264,-16.269873,2,Orthorombic,CNN_WOA
7.1056094,8.471312,-12.518114,2,Orthorombic,CNN_WOA
-10.648529,1.5997393,4.2777386,3,Monoclinic,CNN_WOA
-7.3949165,2.5297012,-5.627604,0,Cubic,CNN_WOA
-17.494345,6.5679917,4.5183167,0,Cubic,CNN_WOA
0.317296,7.7021575,4.9314833,1,Tetragonal,CNN_WOA
-18.902851,-2.1885915,-2.01178,0,Cubic,CNN_WOA
-8.387421,-6.8152003,-2.1906004,2,Orthorombic,CNN_WOA
3.6873999,-4.1274986,-13.607016,2,Orthorombic,CNN_WOA
1.7671297,-2.4064972,-13.316432,2,Orthorombic,CNN_WOA
12.133956,-7.457453,-4.7676063,2,Orthorombic,CNN_WOA
6.2726474,19.015907,-2.2867224,3,Monoclinic,CNN_WOA
-12.485988,-2.5335371,6.2569275,0,Cubic,CNN_WOA
21.001072,-3.232695,2.51267,2,Orthorombic,CNN_WOA
-5.046178,-11.302913,11.054211,2,Orthorombic,CNN_WOA
-4.6499996,4.4399114,16.059462,2,Orthorombic,CNN_WOA
-6.061691,-2.4941115,12.424274,0,Cubic,CNN_WOA
18.123014,4.007802,6.3171062,2,Orthorombic,CNN_WOA
1.7643135,-10.010877,-14.702321,2,Orthorombic,CNN_WOA
2.1515195,4.763925,1.392325,3,Monoclinic,CNN_WOA
-11.096056,8.565588,6.0724726,0,Cubic,CNN_WOA
7.2880697,8.625564,3.8887148,2,Orthorombic,CNN_WOA
-9.572755,-9.225752,-7.6447935,2,Orthorombic,CNN_WOA
-7.5039296,4.6464596,14.74669,0,Cubic,CNN_WOA
-2.1143506,10.988371,-1.8762212,3,Monoclinic,CNN_WOA
6.968091,8.182177,7.078196,2,Orthorombic,CNN_WOA
5.4950247,-15.211485,11.92492,2,Orthorombic,CNN_WOA
-12.144414,-8.869054,-8.303822,2,Orthorombic,CNN_WOA
4.082371,3.2353027,11.730534,2,Orthorombic,CNN_WOA
-4.963671,-9.467295,0.9203595,2,Orthorombic,CNN_WOA
10.2227745,-7.4295955,-11.64768,2,Orthorombic,CNN_WOA
2.807417,-3.0651941,-5.413769,2,Orthorombic,CNN_WOA
-9.228543,1.2127199,-6.0941515,0,Cubic,CNN_WOA
-12.965763,-8.049544,-1.0519993,2,Orthorombic,CNN_WOA
1.4426665,11.542472,8.750531,1,Tetragonal,CNN_WOA
4.6484647,1.9942204,8.6951275,2,Orthorombic,CNN_WOA
14.086546,0.08972175,-8.914365,2,Orthorombic,CNN_WOA
-11.242437,-3.4850512,6.343705,0,Cubic,CNN_WOA
4.114071,-11.065052,-7.218628,2,Orthorombic,CNN_WOA
-15.029198,5.3940983,11.824221,0,Cubic,CNN_WOA
-2.7922702,-13.175111,11.223157,2,Orthorombic,CNN_WOA
1.4501249,11.569601,8.731263,1,Tetragonal,CNN_WOA
1.2759842,21.549273,-4.1534996,3,Monoclinic,CNN_WOA
-7.9679914,-4.0792575,10.319304,0,Cubic,CNN_WOA
2.053107,19.959442,-0.45403332,3,Monoclinic,CNN_WOA
0.76116985,-10.035869,5.486494,2,Orthorombic,CNN_WOA
8.565727,19.819372,-3.5902975,3,Monoclinic,CNN_WOA
-5.682738,11.718582,-1.2975992,3,Monoclinic,CNN_WOA
14.856689,-6.516424,-3.8903818,2,Orthorombic,CNN_WOA
-4.054036,-9.7768955,-5.5284276,2,Orthorombic,CNN_WOA
0.12799737,10.684409,10.082178,1,Tetragonal,CNN_WOA
0.92697155,-1.473811,13.670947,2,Orthorombic,CNN_WOA
3.7037845,-10.264681,-16.660707,2,Orthorombic,CNN_WOA
4.405878,5.6308417,-11.303636,2,Orthorombic,CNN_WOA
0.15762018,-2.5484743,4.582904,2,Orthorombic,CNN_WOA
-9.032941,6.753264,16.826801,0,Cubic,CNN_WOA
-6.950231,-0.63159037,18.74165,0,Cubic,CNN_WOA
4.294265,2.3898768,10.506437,2,Orthorombic,CNN_WOA
-2.3962274,-8.950573,3.987776,2,Orthorombic,CNN_WOA
13.340549,-10.583639,7.833829,2,Orthorombic,CNN_WOA
-0.3469602,-12.369868,-5.275916,2,Orthorombic,CNN_WOA
-1.9107744,7.8204107,7.2623177,1,Tetragonal,CNN_WOA
10.188722,17.604975,-3.1551986,3,Monoclinic,CNN_WOA
-13.56027,-1.174351,6.5817475,0,Cubic,CNN_WOA
-1.3565254,-11.827476,4.4526715,2,Orthorombic,CNN_WOA
-4.3633533,-10.800239,-4.3301325,2,Orthorombic,CNN_WOA
11.532588,-0.5187397,2.8095467,2,Orthorombic,CNN_WOA
5.8857064,18.98131,-0.61491424,3,Monoclinic,CNN_WOA
-1.2915957,-13.311676,11.70071,2,Orthorombic,CNN_WOA
0.16850139,-2.553666,4.5873075,2,Orthorombic,CNN_WOA
5.184079,12.352068,-0.5076526,3,Monoclinic,CNN_WOA
-12.098074,-0.5389511,2.774421,0,Cubic,CNN_WOA
-12.823889,3.5376568,11.087654,0,Cubic,CNN_WOA
-10.243959,-9.796473,-4.853832,2,Orthorombic,CNN_WOA
-9.805971,1.7356217,-9.537325,0,Cubic,CNN_WOA
6.6275954,8.637306,-12.40474,2,Orthorombic,CNN_WOA
-14.993972,5.3738494,11.822184,0,Cubic,CNN_WOA
-12.187637,1.1541214,18.469772,0,Cubic,CNN_WOA
-9.582328,-6.6288404,-8.739941,2,Orthorombic,CNN_WOA
16.739202,-2.0012403,7.6169715,2,Orthorombic,CNN_WOA
-9.566512,-9.806552,7.52434,0,Cubic,CNN_WOA
-7.625044,-1.1098117,18.721756,0,Cubic,CNN_WOA
13.449185,-3.9029007,9.790349,2,Orthorombic,CNN_WOA
-6.845316,4.5929685,-6.182062,0,Cubic,CNN_WOA
-0.8465541,-7.873103,8.673139,2,Orthorombic,CNN_WOA
-8.740252,21.532589,-3.2037876,3,Monoclinic,CNN_WOA
3.7079222,5.762276,-14.5173,2,Orthorombic,CNN_WOA
7.4874434,-9.062126,10.264799,2,Orthorombic,CNN_WOA
-5.7464857,-2.7452855,11.016389,2,Orthorombic,CNN_WOA
-1.6270267,-11.211428,11.860308,2,Orthorombic,CNN_WOA
-15.845384,2.3499842,-1.7555931,0,Cubic,CNN_WOA
10.139711,-5.9135084,-2.1177227,2,Orthorombic,CNN_WOA
4.161628,3.0440052,11.460901,2,Orthorombic,CNN_WOA
4.8013597,19.80904,-6.919956,3,Monoclinic,CNN_WOA
11.219285,-12.009518,9.901119,2,Orthorombic,CNN_WOA
-1.5712281,13.130973,-5.4206414,1,Tetragonal,CNN_WOA
-3.133317,21.674992,-3.6403582,0,Cubic,CNN_WOA
-1.7803668,13.948791,5.607951,1,Tetragonal,CNN_WOA
10.247193,-0.79816306,-14.134863,2,Orthorombic,CNN_WOA
-3.679761,-14.198297,-3.6943514,2,Orthorombic,CNN_WOA
-1.7878234,-2.8243852,-6.9474506,2,Orthorombic,CNN_WOA
-4.978131,-11.811657,3.7718453,2,Orthorombic,CNN_WOA
-1.9229281,-13.379635,-18.542303,2,Orthorombic,CNN_WOA
0.90416163,-10.6621685,-17.083431,2,Orthorombic,CNN_WOA
-2.8076124,-1.5165479,-12.076312,2,Orthorombic,CNN_WOA
16.995466,-0.49902943,-4.2168016,2,Orthorombic,CNN_WOA
15.14713,4.324069,-5.486918,2,Orthorombic,CNN_WOA
-9.40041,-2.1783547,-3.4017045,2,Orthorombic,CNN_WOA
16.13966,7.65582,7.292808,2,Orthorombic,CNN_WOA
6.065812,-14.935978,11.818055,2,Orthorombic,CNN_WOA
-3.9444544,-10.782227,6.5003977,2,Orthorombic,CNN_WOA
-6.267302,13.452661,-2.301552,3,Monoclinic,CNN_WOA
-10.075045,-12.366059,-4.614937,2,Orthorombic,CNN_WOA
5.147245,11.084598,13.509623,0,Cubic,CNN_WOA
19.270586,5.007558,6.6233115,2,Orthorombic,CNN_WOA
1.6707454,-10.001942,-15.359282,2,Orthorombic,CNN_WOA
-3.309556,-0.8639087,-11.12493,0,Cubic,CNN_WOA
-9.78882,2.595077,-0.5453436,0,Cubic,CNN_WOA
-5.3447747,-1.0435123,6.4855175,0,Cubic,CNN_WOA
-3.745752,-14.126573,6.129532,2,Orthorombic,CNN_WOA
6.853301,-2.381288,3.9743524,2,Orthorombic,CNN_WOA
20.234478,-3.8155627,5.706973,2,Orthorombic,CNN_WOA
-9.504107,-12.619358,-4.111606,2,Orthorombic,CNN_WOA
-0.79873914,-8.864446,-15.875787,2,Orthorombic,CNN_WOA
5.3655295,-13.877796,7.4798555,2,Orthorombic,CNN_WOA
-11.653296,-2.997197,4.3780317,2,Orthorombic,CNN_WOA
15.557694,-8.832377,4.106115,2,Orthorombic,CNN_WOA
8.537548,9.246283,-4.92924,3,Monoclinic,CNN_WOA
-5.6153045,-11.337934,10.820889,2,Orthorombic,CNN_WOA
-11.087351,2.7176912,-5.3401694,2,Orthorombic,CNN_WOA
20.913727,-3.2468154,2.0509772,2,Orthorombic,CNN_WOA
3.4498365,1.8905139,9.8174515,2,Orthorombic,CNN_WOA
0.21317847,-16.706955,1.0408332,2,Orthorombic,CNN_WOA
5.8830676,13.981758,-1.3681294,3,Monoclinic,CNN_WOA
4.620572,5.7483387,-9.908067,2,Orthorombic,CNN_WOA
-16.300129,2.123157,-1.5286998,0,Cubic,CNN_WOA
11.40987,-4.160951,12.176442,2,Orthorombic,CNN_WOA
-5.2697506,4.761921,9.683403,0,Cubic,CNN_WOA
-3.9194539,17.662092,-1.5625056,3,Monoclinic,CNN_WOA
4.084956,18.142725,-4.4272532,3,Monoclinic,CNN_WOA
13.396861,-1.3635327,-9.428316,2,Orthorombic,CNN_WOA
-1.2586235,-1.9244027,9.338543,0,Cubic,CNN_WOA
2.8806598,-2.9000037,-13.842551,2,Orthorombic,CNN_WOA
4.7858844,14.621183,-7.6668277,3,Monoclinic,CNN_WOA
-3.3976424,2.8964088,8.966604,2,Orthorombic,CNN_WOA
8.32411,0.22130977,11.171318,2,Orthorombic,CNN_WOA
11.915237,-0.69551325,3.9217129,2,Orthorombic,CNN_WOA
2.4539583,17.960909,-1.1415364,3,Monoclinic,CNN_WOA
4.487839,-2.534636,-11.935764,2,Orthorombic,CNN_WOA
17.052439,-0.53741294,-4.169344,2,Orthorombic,CNN_WOA
-0.788341,-8.961783,-15.936462,2,Orthorombic,CNN_WOA
21.992218,-0.37561813,6.754616,2,Orthorombic,CNN_WOA
9.515881,1.8144591,-1.8901331,2,Orthorombic,CNN_WOA
-4.6828523,-0.32297152,6.522142,0,Cubic,CNN_WOA
18.722162,3.95603,-8.30152,2,Orthorombic,CNN_WOA
1.3142517,-17.698397,0.6011624,2,Orthorombic,CNN_WOA
5.840017,14.37823,-7.360381,3,Monoclinic,CNN_WOA
11.90833,-2.091866,-1.3265564,2,Orthorombic,CNN_WOA
13.341788,-6.776877,12.117938,2,Orthorombic,CNN_WOA
-2.1673808,13.727751,0.52045685,3,Monoclinic,CNN_WOA
-8.8968315,12.467822,-3.820918,3,Monoclinic,CNN_WOA
2.816286,-12.925952,13.145059,2,Orthorombic,CNN_WOA
11.923114,-8.371603,-6.343168,2,Orthorombic,CNN_WOA
-11.304653,0.036149785,18.671669,0,Cubic,CNN_WOA
8.264057,11.970094,-4.952349,3,Monoclinic,CNN_WOA
-7.852682,2.34098,-6.4780145,0,Cubic,CNN_WOA
-2.3484986,-12.927851,-4.3262134,2,Orthorombic,CNN_WOA
-0.71021456,21.689419,-0.6279914,3,Monoclinic,CNN_WOA
-14.118751,-0.5306172,6.7772436,0,Cubic,CNN_WOA
-5.3411984,-11.363184,10.874442,2,Orthorombic,CNN_WOA
2.3045719,-2.6249933,-8.849494,2,Orthorombic,CNN_WOA
7.8665094,-7.683557,-13.486286,2,Orthorombic,CNN_WOA
5.268355,14.865433,-12.497513,3,Monoclinic,CNN_WOA
-6.7399707,-10.346204,0.2834738,2,Orthorombic,CNN_WOA
-11.814622,0.9748485,-2.460311,0,Cubic,CNN_WOA
7.615356,-9.114207,10.417481,2,Orthorombic,CNN_WOA
8.534739,8.191557,-12.945763,2,Orthorombic,CNN_WOA
-10.249275,8.582713,6.293894,0,Cubic,CNN_WOA
-12.17361,8.214031,5.413513,0,Cubic,CNN_WOA
10.676625,-7.8049154,-9.916938,2,Orthorombic,CNN_WOA
-10.617348,1.022108,4.519986,2,Orthorombic,CNN_WOA
-19.690208,-2.527047,-1.6674366,0,Cubic,CNN_WOA
-1.8176005,-12.41706,2.449065,2,Orthorombic,CNN_WOA
10.286922,-15.989978,12.421564,2,Orthorombic,CNN_WOA
10.980396,-11.34524,9.325915,2,Orthorombic,CNN_WOA
5.3618693,-0.12315909,9.664549,2,Orthorombic,CNN_WOA
-13.44821,-4.9353395,-2.250673,1,Tetragonal,CNN_WOA
16.62244,4.781808,-7.9858603,2,Orthorombic,CNN_WOA
-10.378048,-10.157072,-0.13657372,2,Orthorombic,CNN_WOA
-13.983162,0.9728147,17.611498,0,Cubic,CNN_WOA
-6.947629,7.55695,4.112164,1,Tetragonal,CNN_WOA
4.9246945,-4.235291,-5.218478,2,Orthorombic,CNN_WOA
-5.812846,17.875078,-1.7169721,3,Monoclinic,CNN_WOA
-13.732118,6.3141828,-2.503762,0,Cubic,CNN_WOA
10.150935,11.895279,-1.7132529,3,Monoclinic,CNN_WOA
3.446315,-7.1293383,-13.386253,2,Orthorombic,CNN_WOA
-8.67699,6.1722803,15.476608,2,Orthorombic,CNN_WOA
10.048727,-12.10343,-0.6218092,2,Orthorombic,CNN_WOA
-9.960581,2.0069213,4.9280663,0,Cubic,CNN_WOA
-19.840641,3.7774181,2.159111,0,Cubic,CNN_WOA
1.2065703,11.042844,-10.436278,2,Orthorombic,CNN_WOA
4.3415523,-0.15206781,-11.448727,2,Orthorombic,CNN_WOA
-3.0752935,-6.23053,-6.718027,2,Orthorombic,CNN_WOA
-2.2441313,-12.244736,2.4150167,2,Orthorombic,CNN_WOA
-0.58560455,13.898239,5.6797595,1,Tetragonal,CNN_WOA
-12.19354,7.77095,5.3480515,0,Cubic,CNN_WOA
-6.648089,12.937994,-1.651902,3,Monoclinic,CNN_WOA
8.627901,-4.0638146,-10.908727,2,Orthorombic,CNN_WOA
-18.28709,-2.384869,11.030229,0,Cubic,CNN_WOA
-12.522477,4.2834735,12.072703,0,Cubic,CNN_WOA
-6.7291045,3.505945,18.305809,0,Cubic,CNN_WOA
-7.4165044,-0.50473714,13.071568,0,Cubic,CNN_WOA
-5.042826,-3.2432055,8.48994,2,Orthorombic,CNN_WOA
2.007165,-2.8801494,-14.671112,2,Orthorombic,CNN_WOA
-3.328824,-4.7620344,-5.7384043,2,Orthorombic,CNN_WOA
10.108218,-7.3710203,-10.577119,2,Orthorombic,CNN_WOA
3.0638483,-5.829368,1.9276205,2,Orthorombic,CNN_WOA
-0.4967241,8.608854,-0.4748842,3,Monoclinic,CNN_WOA
-6.409423,1.7054493,-8.328355,0,Cubic,CNN_WOA
-11.040369,-4.2308474,7.14591,0,Cubic,CNN_WOA
-10.47408,-10.372326,-6.8747926,2,Orthorombic,CNN_WOA
-1.4524225,-4.769648,-9.83438,2,Orthorombic,CNN_WOA
-3.1759648,-13.165298,5.6378307,2,Orthorombic,CNN_WOA
10.360797,-15.873647,12.245281,2,Orthorombic,CNN_WOA
-6.392285,0.4338701,19.264687,0,Cubic,CNN_WOA
1.7403764,-9.956388,-14.851782,2,Orthorombic,CNN_WOA
5.988686,13.643624,-1.8716968,3,Monoclinic,CNN_WOA
-2.654908,-13.224746,-18.638203,2,Orthorombic,CNN_WOA
-2.778449,-13.196477,-18.652716,2,Orthorombic,CNN_WOA
6.946323,-6.5374274,-11.5398445,2,Orthorombic,CNN_WOA
-0.88210034,-5.109231,-9.168322,2,Orthorombic,CNN_WOA
-10.004965,-2.5321083,-2.0492554,2,Orthorombic,CNN_WOA
-7.0808973,-1.6722238,17.810675,0,Cubic,CNN_WOA
4.350423,1.9140474,9.588648,2,Orthorombic,CNN_WOA
6.4564137,18.289843,-0.18260461,3,Monoclinic,CNN_WOA
11.932112,-0.7064038,3.9484866,2,Orthorombic,CNN_WOA
-8.954001,12.359486,-3.864144,3,Monoclinic,CNN_WOA
17.243788,6.545084,-9.509486,2,Orthorombic,CNN_WOA
11.217087,-11.5047035,1.0105174,2,Orthorombic,CNN_WOA
-11.565634,-9.977679,1.3851882,2,Orthorombic,CNN_WOA
0.483457,-1.1266822,-5.1260633,2,Orthorombic,CNN_WOA
6.890293,-7.7153635,16.238745,2,Orthorombic,CNN_WOA
7.3456483,-6.6618347,-11.513418,2,Orthorombic,CNN_WOA
4.4516387,5.628078,-10.980184,2,Orthorombic,CNN_WOA
-2.9534025,-12.702421,11.495069,2,Orthorombic,CNN_WOA
13.3919325,-6.857132,12.113556,2,Orthorombic,CNN_WOA
-8.167223,-7.61399,8.686059,2,Orthorombic,CNN_WOA
2.098737,-13.898069,-14.37664,2,Orthorombic,CNN_WOA
-5.6171346,-10.955811,4.7481117,2,Orthorombic,CNN_WOA
-10.615648,-0.5013968,-3.1222694,0,Cubic,CNN_WOA
-16.703487,-1.7991252,-1.750889,0,Cubic,CNN_WOA
8.618489,9.442793,-4.459757,3,Monoclinic,CNN_WOA
6.6988277,-3.253827,1.9407948,2,Orthorombic,CNN_WOA
2.204073,-7.246358,7.9490414,2,Orthorombic,CNN_WOA
6.4642015,-5.1502147,8.394373,2,Orthorombic,CNN_WOA
-4.855908,-7.662033,-14.532586,2,Orthorombic,CNN_WOA
11.054976,0.05489655,-12.631803,2,Orthorombic,CNN_WOA
-10.614301,0.26649365,17.285473,0,Cubic,CNN_WOA
-8.441756,4.8292546,15.347727,0,Cubic,CNN_WOA
3.183557,-7.5404415,10.865214,2,Orthorombic,CNN_WOA
-5.4395185,9.155741,-4.1527686,3,Monoclinic,CNN_WOA
-1.306882,-0.4615099,-7.020331,2,Orthorombic,CNN_WOA
3.1382113,14.06581,-5.418158,3,Monoclinic,CNN_WOA
3.071909,12.768373,-13.007748,3,Monoclinic,CNN_WOA
-12.726,4.566491,12.171304,0,Cubic,CNN_WOA
-17.134243,6.733776,3.8111405,0,Cubic,CNN_WOA
-2.006202,-7.130285,-15.0197,3,Monoclinic,CNN_WOA
-0.18126574,-4.792762,-12.1772585,2,Orthorombic,CNN_WOA
-8.758336,7.1638556,8.74099,0,Cubic,CNN_WOA
9.270468,-6.394902,-0.6420186,2,Orthorombic,CNN_WOA
1.7068394,6.4235497,-16.192873,2,Orthorombic,CNN_WOA
-1.8013214,7.7773833,7.26628,1,Tetragonal,CNN_WOA
-9.338492,1.6293665,-0.292565,0,Cubic,CNN_WOA
7.5767107,9.755971,-4.6588216,3,Monoclinic,CNN_WOA
-0.2644812,-12.350443,-5.304127,2,Orthorombic,CNN_WOA
0.270203,7.98392,4.797949,1,Tetragonal,CNN_WOA
-1.4176054,-11.201544,1.0178118,2,Orthorombic,CNN_WOA
1.2840579,21.542517,-4.1382084,3,Monoclinic,CNN_WOA
-2.2061841,-8.545757,-14.125969,2,Orthorombic,CNN_WOA
-6.3543525,-2.7524276,10.679984,0,Cubic,CNN_WOA
4.197756,-8.003482,9.6860485,2,Orthorombic,CNN_WOA
-6.022852,-10.802496,5.766467,2,Orthorombic,CNN_WOA
16.686188,7.5141835,6.678313,2,Orthorombic,CNN_WOA
7.264457,12.241305,-10.474381,3,Monoclinic,CNN_WOA
-9.635985,-8.193096,-7.0167837,2,Orthorombic,CNN_WOA
-5.8716736,16.143835,-1.9535457,3,Monoclinic,CNN_WOA
8.693538,-8.103788,-10.019497,2,Orthorombic,CNN_WOA
-10.28623,-12.275471,-4.8844824,2,Orthorombic,CNN_WOA
-2.3424413,-13.596713,0.8411545,2,Orthorombic,CNN_WOA
-3.8005083,-3.7062125,-12.174962,2,Orthorombic,CNN_WOA
-19.39507,-3.1995664,8.857401,0,Cubic,CNN_WOA
7.3041844,-6.3758006,-10.504109,2,Orthorombic,CNN_WOA
-6.371596,2.5852604,-6.1668024,1,Tetragonal,CNN_WOA
5.1667695,-6.054679,-12.414311,2,Orthorombic,CNN_WOA
13.259528,-6.650075,12.107581,2,Orthorombic,CNN_WOA
9.709569,-14.632809,10.356167,2,Orthorombic,CNN_WOA
-8.244469,-7.6217422,-3.6756775,2,Orthorombic,CNN_WOA
1.1205093,7.3822613,-3.3849006,3,Monoclinic,CNN_WOA
-6.73259,15.364982,-2.5508366,3,Monoclinic,CNN_WOA
3.1576853,-11.907889,4.2561107,2,Orthorombic,CNN_WOA
-16.521442,-1.8362799,-1.9212137,0,Cubic,CNN_WOA
-2.7689407,-8.952737,-7.682778,2,Orthorombic,CNN_WOA
5.2002325,1.9177288,3.8163674,2,Orthorombic,CNN_WOA
-5.5370913,-15.899744,7.4951363,2,Orthorombic,CNN_WOA
-1.1194389,-1.4878322,-10.90463,2,Orthorombic,CNN_WOA
1.1430207,-8.952026,6.06693,2,Orthorombic,CNN_WOA
0.96471703,-2.5880413,-8.690484,2,Orthorombic,CNN_WOA
-9.185017,18.705452,-2.972793,3,Monoclinic,CNN_WOA
-12.068575,-2.006494,5.852239,0,Cubic,CNN_WOA
-4.535253,17.58092,-3.243374,3,Monoclinic,CNN_WOA
5.2746024,10.910773,-0.31305704,1,Tetragonal,CNN_WOA
1.0902598,-1.1413726,3.7064517,2,Orthorombic,CNN_WOA
2.4683077,-5.8035855,1.8100483,2,Orthorombic,CNN_WOA
-5.595269,2.014122,-7.2622337,1,Tetragonal,CNN_WOA
-1.2243649,-1.9368316,9.312161,0,Cubic,CNN_WOA
3.5788572,12.515905,0.51919067,2,Orthorombic,CNN_WOA
-4.335325,-16.063478,7.7552977,2,Orthorombic,CNN_WOA
8.991762,-13.686055,8.576512,2,Orthorombic,CNN_WOA
21.577665,-3.0398066,6.3091674,2,Orthorombic,CNN_WOA
4.6590014,3.4477108,-1.1773481,3,Monoclinic,CNN_WOA
16.295538,3.8783987,-10.7607765,2,Orthorombic,CNN_WOA
8.211669,-5.0283585,-7.7000995,2,Orthorombic,CNN_WOA
10.980238,-12.6899395,-1.3896291,2,Orthorombic,CNN_WOA
3.684167,5.629861,-14.484753,2,Orthorombic,CNN_WOA
-6.9336185,4.1628704,-6.0984087,0,Cubic,CNN_WOA
15.295994,1.4706088,-1.7317935,2,Orthorombic,CNN_WOA
-9.942413,-4.612174,10.314313,0,Cubic,CNN_WOA
-11.288554,-2.4330099,4.6071005,0,Cubic,CNN_WOA
-5.4055505,-9.702186,0.21127595,2,Orthorombic,CNN_WOA
-4.4766045,4.7714944,16.273373,0,Cubic,CNN_WOA
-9.549842,7.3413606,3.7121668,0,Cubic,CNN_WOA
-7.117541,11.198858,5.552539,1,Tetragonal,CNN_WOA
-1.0832051,-12.803948,3.6788092,2,Orthorombic,CNN_WOA
4.640359,11.97905,-1.8262522,2,Orthorombic,CNN_WOA
-11.175757,1.7142806,16.910555,0,Cubic,CNN_WOA
-18.784485,5.9268913,3.377547,0,Cubic,CNN_WOA
1.066184,-0.5867771,13.331642,2,Orthorombic,CNN_WOA
-18.311827,-2.4035618,10.979784,0,Cubic,CNN_WOA
-10.012381,-9.88891,-3.328142,2,Orthorombic,CNN_WOA
-3.7399354,0.18700154,6.8352942,2,Orthorombic,CNN_WOA
-1.901771,-10.701029,-10.541314,2,Orthorombic,CNN_WOA
10.317732,-11.000626,12.662046,2,Orthorombic,CNN_WOA
18.800463,-1.7139912,10.270724,2,Orthorombic,CNN_WOA
-18.725441,-4.374415,-1.5844153,0,Cubic,CNN_WOA
-5.751319,20.356794,-1.2915761,3,Monoclinic,CNN_WOA
9.472341,-6.838719,-10.605139,2,Orthorombic,CNN_WOA
7.584615,9.961556,-4.674321,2,Orthorombic,CNN_WOA
-4.2221675,16.096968,-7.5281377,3,Monoclinic,CNN_WOA
8.228474,-9.334415,11.204566,2,Orthorombic,CNN_WOA
11.73353,-0.70997274,0.09747765,2,Orthorombic,CNN_WOA
-8.054878,13.419208,9.990711,1,Tetragonal,CNN_WOA
5.4410715,2.315422,-9.741711,2,Orthorombic,CNN_WOA
-5.440383,9.169992,-4.1466885,3,Monoclinic,CNN_WOA
15.211142,0.7111091,-0.92465734,2,Orthorombic,CNN_WOA
-3.386255,8.485543,7.0922422,1,Tetragonal,CNN_WOA
20.2188,-1.8293942,9.985707,2,Orthorombic,CNN_WOA
7.2727222,-5.093098,1.7526512,2,Orthorombic,CNN_WOA
-3.8501184,-6.8080587,10.93165,1,Tetragonal,CNN_WOA
-0.84397995,-4.953009,-2.9888318,2,Orthorombic,CNN_WOA
16.747639,1.0803121,-0.6820333,2,Orthorombic,CNN_WOA
-11.739705,1.3917717,-1.8674756,0,Cubic,CNN_WOA
-5.832081,-8.280263,-6.1840353,2,Orthorombic,CNN_WOA
-3.2918723,3.3037362,14.388327,2,Orthorombic,CNN_WOA
6.1636252,6.6259084,-6.3618345,2,Orthorombic,CNN_WOA
2.4950762,3.0131907,0.52814394,2,Orthorombic,CNN_WOA
21.860611,-0.5027335,6.801043,2,Orthorombic,CNN_WOA
2.5147223,10.794292,-7.443648,3,Monoclinic,CNN_WOA
-9.16724,18.890133,-3.0075736,3,Monoclinic,CNN_WOA
-2.2883484,-10.1159935,-8.878021,2,Orthorombic,CNN_WOA
-1.1279143,-1.5423467,-10.122684,2,Orthorombic,CNN_WOA
-4.520374,-2.6980975,7.102383,2,Orthorombic,CNN_WOA
4.954762,14.537133,-0.9389809,3,Monoclinic,CNN_WOA
11.310806,1.2275996,-3.5885463,2,Orthorombic,CNN_WOA
-4.06556,13.609211,0.44991693,3,Monoclinic,CNN_WOA
8.548498,20.422396,-4.7681737,3,Monoclinic,CNN_WOA
-5.1372247,0.8045203,-4.7467065,2,Orthorombic,CNN_WOA
-9.2213,-7.3892245,-7.015594,2,Orthorombic,CNN_WOA
-12.553384,6.681975,5.381028,0,Cubic,CNN_WOA
7.588134,8.290834,4.274445,2,Orthorombic,CNN_WOA
-10.260349,-5.2854095,8.409702,1,Tetragonal,CNN_WOA
1.5359616,-13.612676,-15.699697,2,Orthorombic,CNN_WOA
-1.6847421,-9.234047,-10.526043,2,Orthorombic,CNN_WOA
-10.427698,4.4155397,13.670955,1,Tetragonal,CNN_WOA
-12.8357725,4.633443,-6.3028383,0,Cubic,CNN_WOA
7.5822244,-4.987337,1.744945,2,Orthorombic,CNN_WOA
19.527466,-1.7447246,10.422499,2,Orthorombic,CNN_WOA
-8.753318,21.548582,-3.203729,3,Monoclinic,CNN_WOA
1.7136675,-0.8001426,-3.8815148,2,Orthorombic,CNN_WOA
0.5869205,-7.2884393,-3.0133781,2,Orthorombic,CNN_WOA
9.482135,-7.0341234,-10.862075,2,Orthorombic,CNN_WOA
-5.7780004,20.324419,-1.3709553,3,Monoclinic,CNN_WOA
16.313446,3.9849308,-10.858858,2,Orthorombic,CNN_WOA
-5.5100265,3.5924015,17.96283,0,Cubic,CNN_WOA
-10.703567,0.43523118,17.26309,0,Cubic,CNN_WOA
7.8603377,5.193969,5.9344673,2,Orthorombic,CNN_WOA
10.913123,-7.333719,-6.260516,2,Orthorombic,CNN_WOA
-9.3642025,-7.051697,-8.577444,2,Orthorombic,CNN_WOA
0.8422973,-7.3640857,-3.0631397,2,Orthorombic,CNN_WOA
7.8554773,-13.848128,10.646452,2,Orthorombic,CNN_WOA
9.281672,-11.108255,-0.28101218,2,Orthorombic,CNN_WOA
18.27758,3.3815744,-8.462853,2,Orthorombic,CNN_WOA
-4.152429,17.74655,-1.5482941,3,Monoclinic,CNN_WOA
5.1703305,14.278005,-1.3835062,3,Monoclinic,CNN_WOA
18.692543,5.689763,5.085472,2,Orthorombic,CNN_WOA
9.34603,-13.873352,10.161468,2,Orthorombic,CNN_WOA
5.244774,14.193129,-0.9213583,3,Monoclinic,CNN_WOA
-9.611923,-3.6743736,-5.577168,2,Orthorombic,CNN_WOA
4.5983853,12.700076,-0.6040189,3,Monoclinic,CNN_WOA
-1.2816131,-0.4320592,-7.037078,3,Monoclinic,CNN_WOA
5.6653357,20.38308,-6.7665896,3,Monoclinic,CNN_WOA
8.463717,20.206615,-4.3799024,3,Monoclinic,CNN_WOA
-12.155235,8.025035,3.862162,0,Cubic,CNN_WOA
3.2577965,-7.3697157,-13.749325,2,Orthorombic,CNN_WOA
-8.39479,-5.4404316,-5.0885787,2,Orthorombic,CNN_WOA
-5.4869037,2.0327044,-6.4600034,2,Orthorombic,CNN_WOA
-15.025798,-2.339045,-2.3578048,0,Cubic,CNN_WOA
-8.965633,12.330363,-3.8735306,3,Monoclinic,CNN_WOA
2.5460138,5.207902,-0.5276001,3,Monoclinic,CNN_WOA
-8.070835,13.710662,10.736321,1,Tetragonal,CNN_WOA
2.5635216,11.20051,-8.568646,3,Monoclinic,CNN_WOA
-2.2672482,6.125681,-13.572698,3,Monoclinic,CNN_WOA
-11.193579,8.577035,6.0665016,0,Cubic,CNN_WOA
3.449506,-3.426334,-5.6115227,2,Orthorombic,CNN_WOA
8.116173,13.433719,-6.802073,3,Monoclinic,CNN_WOA
3.1762712,12.816028,-12.973849,3,Monoclinic,CNN_WOA
-13.827125,1.1329333,17.595446,0,Cubic,CNN_WOA
-10.585439,-3.7201176,-2.8510346,2,Orthorombic,CNN_WOA
-7.844774,3.1517546,22.886261,0,Cubic,CNN_WOA
-7.7628055,2.5195663,22.632437,0,Cubic,CNN_WOA
-2.5755165,-9.37801,3.9844656,2,Orthorombic,CNN_WOA
-8.778179,6.967606,15.370596,2,Orthorombic,CNN_WOA
-8.994358,18.89738,-3.2183867,3,Monoclinic,CNN_WOA
-2.9529197,-7.7415686,-10.302796,2,Orthorombic,CNN_WOA
5.7100525,20.409784,-6.7525125,3,Monoclinic,CNN_WOA
-4.846494,12.598105,-6.70971,3,Monoclinic,CNN_WOA
12.771525,0.4713529,-1.2554444,3,Monoclinic,CNN_WOA
3.2008147,13.967044,-10.342556,3,Monoclinic,CNN_WOA
5.3483686,0.05810983,9.83712,2,Orthorombic,CNN_WOA
9.18868,-9.771876,12.144152,2,Orthorombic,CNN_WOA
-6.0193806,20.118809,-4.094665,3,Monoclinic,CNN_WOA
-12.257781,1.1686653,-1.4532508,0,Cubic,CNN_WOA
-0.72444445,-9.048408,-16.63491,2,Orthorombic,CNN_WOA
14.010984,6.5654387,-7.5646195,3,Monoclinic,CNN_WOA
14.236244,6.493918,-5.7656784,2,Orthorombic,CNN_WOA
11.074868,-10.5888,10.786514,2,Orthorombic,CNN_WOA
-0.91664153,-3.8704903,5.498128,2,Orthorombic,CNN_WOA
-3.548486,-3.9450169,-10.942532,2,Orthorombic,CNN_WOA
-8.497391,-7.370531,8.605142,2,Orthorombic,CNN_WOA
-4.810048,-15.343398,-3.7286932,2,Orthorombic,CNN_WOA
-9.366876,-8.822995,-1.1630375,2,Orthorombic,CNN_WOA
14.541791,0.96279025,-5.1666884,2,Orthorombic,CNN_WOA
-5.9977217,5.4449215,3.9322593,1,Tetragonal,CNN_WOA
4.292771,-7.938386,9.380092,2,Orthorombic,CNN_WOA
-9.222977,-2.9557147,-4.0084395,2,Orthorombic,CNN_WOA
1.7216713,1.8412435,1.9614254,2,Orthorombic,CNN_WOA
8.9036875,-6.166186,-10.191915,2,Orthorombic,CNN_WOA
14.475441,3.9181077,-5.739477,2,Orthorombic,CNN_WOA
-12.610396,-6.747123,-1.7742343,2,Orthorombic,CNN_WOA
-3.0793502,-9.356176,-11.6106,2,Orthorombic,CNN_WOA
6.022515,-6.253788,-12.018847,2,Orthorombic,CNN_WOA
19.19202,-1.1856078,7.6455336,2,Orthorombic,CNN_WOA
10.341205,1.6448838,-2.8993468,2,Orthorombic,CNN_WOA
8.784289,14.550636,-8.576331,3,Monoclinic,CNN_WOA
-4.4263287,4.1467457,15.474853,2,Orthorombic,CNN_WOA
-8.795846,-7.374508,8.37879,2,Orthorombic,CNN_WOA
-16.18702,2.9970403,3.505297,0,Cubic,CNN_WOA
-19.407547,-2.8833842,-1.8363224,0,Cubic,CNN_WOA
2.8355498,21.280573,-1.1088765,3,Monoclinic,CNN_WOA
15.208585,4.4376936,-5.5936007,2,Orthorombic,CNN_WOA
-11.745054,3.5334308,-5.7920365,0,Cubic,CNN_WOA
10.221906,-12.855423,9.243143,2,Orthorombic,CNN_WOA
3.8956618,-11.2660885,-7.1240973,2,Orthorombic,CNN_WOA
-1.8153238,-12.366141,11.794825,2,Orthorombic,CNN_WOA
11.424279,1.1264789,-3.7081547,2,Orthorombic,CNN_WOA
6.9167337,8.501877,-12.46197,2,Orthorombic,CNN_WOA
6.472199,-5.1552315,8.398487,2,Orthorombic,CNN_WOA
3.179424,14.06572,-5.4233356,3,Monoclinic,CNN_WOA
5.2867293,-13.870244,7.3989263,2,Orthorombic,CNN_WOA
-11.92595,-4.7704644,7.7924185,0,Cubic,CNN_WOA
3.2205722,13.985941,-5.194237,3,Monoclinic,CNN_WOA
4.4943256,19.621923,-6.9933577,3,Monoclinic,CNN_WOA
6.55794,4.681863,-5.0930457,2,Orthorombic,CNN_WOA
16.817522,-0.35935253,-4.8458357,2,Orthorombic,CNN_WOA
-6.2539973,6.332891,8.044958,0,Cubic,CNN_WOA
-2.7418983,-13.855524,-2.260449,2,Orthorombic,CNN_WOA
12.624014,-7.828853,-5.292566,2,Orthorombic,CNN_WOA
1.3807806,-2.1347337,-8.518716,2,Orthorombic,CNN_WOA
-5.346382,-9.830146,-0.70585144,2,Orthorombic,CNN_WOA
-0.52337635,1.1609763,-0.35260183,2,Orthorombic,CNN_WOA
11.2712755,0.01023114,3.6400695,2,Orthorombic,CNN_WOA
11.262323,-6.112456,-4.42615,2,Orthorombic,CNN_WOA
15.551797,5.10764,-7.235728,2,Orthorombic,CNN_WOA
2.209716,19.072704,-1.7643427,3,Monoclinic,CNN_WOA
3.343923,7.1479206,-15.46727,2,Orthorombic,CNN_WOA
21.928858,-1.9620669,6.6927814,2,Orthorombic,CNN_WOA
-0.676035,19.87122,0.040207457,3,Monoclinic,CNN_WOA
-4.536789,-2.6984305,7.4776216,2,Orthorombic,CNN_WOA
3.4565048,-7.704144,-14.331618,2,Orthorombic,CNN_WOA
0.062420268,10.674695,10.266823,1,Tetragonal,CNN_WOA
-0.7284022,-5.123994,-2.9310148,2,Orthorombic,CNN_WOA
-12.0098715,1.6119428,19.423582,0,Cubic,CNN_WOA
-6.9542584,-10.756728,-0.49885616,2,Orthorombic,CNN_WOA
-2.6712859,6.3945,14.255425,2,Orthorombic,CNN_WOA
14.319892,-9.811892,6.2431893,2,Orthorombic,CNN_WOA
-4.198063,-2.180954,7.9822054,2,Orthorombic,CNN_WOA
-5.184456,-3.2776072,9.743009,0,Cubic,CNN_WOA
-2.6039357,8.926966,-0.7224336,1,Tetragonal,CNN_WOA
8.266115,-10.827997,-0.32560867,2,Orthorombic,CNN_WOA
1.0409642,0.99970686,0.03236393,2,Orthorombic,CNN_WOA
3.0264146,-5.8300242,1.9219187,2,Orthorombic,CNN_WOA
-11.823398,7.692391,3.4499965,0,Cubic,CNN_WOA
8.199893,12.0389,-5.1906796,3,Monoclinic,CNN_WOA
-11.018077,-9.969695,0.51144534,2,Orthorombic,CNN_WOA
6.772547,9.177111,2.8934271,2,Orthorombic,CNN_WOA
-0.69385296,-12.206875,4.1994147,2,Orthorombic,CNN_WOA
11.48941,-0.7223955,1.5974104,2,Orthorombic,CNN_WOA
20.70588,-3.56596,5.5423317,2,Orthorombic,CNN_WOA
-10.791221,5.943941,2.4192903,0,Cubic,CNN_WOA
-19.228058,-3.0786073,9.192446,0,Cubic,CNN_WOA
-1.5818257,-11.326169,-9.909997,2,Orthorombic,CNN_WOA
15.834162,5.1776533,-7.506359,2,Orthorombic,CNN_WOA
-2.4559524,2.2427595,-2.3238323,2,Orthorombic,CNN_WOA
-12.495042,3.2849991,11.166055,2,Orthorombic,CNN_WOA
-1.6620371,-4.2323422,-9.833161,2,Orthorombic,CNN_WOA
-3.9463634,-8.478152,1.4515079,2,Orthorombic,CNN_WOA
-5.0807905,8.32732,5.1204286,1,Tetragonal,CNN_WOA
-4.902085,-0.48145276,0.53153056,2,Orthorombic,CNN_WOA
11.626015,-12.012567,9.718994,2,Orthorombic,CNN_WOA
2.8645003,-3.2243025,-6.24281,3,Monoclinic,CNN_WOA
-16.188269,3.0125713,3.4988751,0,Cubic,CNN_WOA
8.28589,-7.970359,-9.9837,2,Orthorombic,CNN_WOA
1.9812069,23.30675,-4.9177966,3,Monoclinic,CNN_WOA
-2.3980289,-0.15585718,5.0835447,2,Orthorombic,CNN_WOA
6.8986087,-7.7208147,16.23851,2,Orthorombic,CNN_WOA
-5.3894844,3.2827208,-1.3359035,0,Cubic,CNN_WOA
-6.6575785,-11.894992,-0.7209061,2,Orthorombic,CNN_WOA
20.884838,-1.6863284,7.043877,2,Orthorombic,CNN_WOA
2.7070298,-12.858723,13.191955,2,Orthorombic,CNN_WOA
-0.75227857,-2.6069996,-9.009549,2,Orthorombic,CNN_WOA
4.252353,-11.964045,-7.4344816,2,Orthorombic,CNN_WOA
-7.875441,-14.320858,-8.556837,2,Orthorombic,CNN_WOA
-0.9257939,-1.6089679,-10.969127,2,Orthorombic,CNN_WOA
-20.15692,2.8134432,1.7957425,0,Cubic,CNN_WOA
5.147593,11.086073,13.515525,0,Cubic,CNN_WOA
9.821717,-7.0022597,-5.907208,2,Orthorombic,CNN_WOA
-12.801842,-6.681723,-1.7249432,2,Orthorombic,CNN_WOA
5.6904,2.1803024,5.845511,2,Orthorombic,CNN_WOA
-0.7638726,14.027226,-3.6763153,3,Monoclinic,CNN_WOA
1.0354004,-0.7574409,13.407719,2,Orthorombic,CNN_WOA
5.5467196,14.084111,-2.882743,3,Monoclinic,CNN_WOA
17.375746,6.799502,-9.477282,2,Orthorombic,CNN_WOA
-1.2853069,13.934737,5.645854,1,Tetragonal,CNN_WOA
-5.1094956,12.202939,-1.8075981,3,Monoclinic,CNN_WOA
-2.2633505,-13.478864,1.1050557,2,Orthorombic,CNN_WOA
-0.6740424,20.92152,-0.53376347,3,Monoclinic,CNN_WOA
3.1554804,12.798406,-12.850318,3,Monoclinic,CNN_WOA
-6.098072,-10.303253,1.6335163,2,Orthorombic,CNN_WOA
7.0370035,-3.9606638,1.8850268,2,Orthorombic,CNN_WOA
18.079342,-0.9607034,12.069517,2,Orthorombic,CNN_WOA
17.804337,7.42804,-9.508945,2,Orthorombic,CNN_WOA
2.8342857,-6.8640404,9.484853,2,Orthorombic,CNN_WOA
10.373851,-12.553899,-0.49773374,2,Orthorombic,CNN_WOA
-4.153321,3.2099915,10.666249,2,Orthorombic,CNN_WOA
13.025927,-1.088331,-1.1396416,2,Orthorombic,CNN_WOA
1.95513,-13.767788,-14.844177,2,Orthorombic,CNN_WOA
-3.5649974,0.9888089,7.3763466,2,Orthorombic,CNN_WOA
-12.019369,0.9014803,-2.779894,0,Cubic,CNN_WOA
-10.307359,-9.801902,-4.9384217,2,Orthorombic,CNN_WOA
-3.557791,-5.3275037,-6.3750024,2,Orthorombic,CNN_WOA
6.852858,-2.4171898,3.9086916,2,Orthorombic,CNN_WOA
1.5408148,17.488249,-10.0710745,3,Monoclinic,CNN_WOA
-7.200096,0.999003,-4.2734413,0,Cubic,CNN_WOA
-8.853592,-9.410164,7.522944,2,Orthorombic,CNN_WOA
-4.9237895,5.7785606,11.819226,0,Cubic,CNN_WOA
11.077421,-7.1220117,-6.627881,2,Orthorombic,CNN_WOA
-4.1965237,-8.288363,-6.8244452,2,Orthorombic,CNN_WOA
-6.3897524,0.43807182,19.271612,0,Cubic,CNN_WOA
-5.3259215,-10.484095,-3.5477238,2,Orthorombic,CNN_WOA
1.7747513,5.912763,-1.8794851,3,Monoclinic,CNN_WOA
7.77269,4.9729447,6.0159545,2,Orthorombic,CNN_WOA
13.777382,-0.42787498,-9.044789,2,Orthorombic,CNN_WOA
10.836106,-10.78734,11.320419,2,Orthorombic,CNN_WOA
7.2273273,14.148853,-1.33769,3,Monoclinic,CNN_WOA
2.411107,4.0197644,0.6608141,2,Orthorombic,CNN_WOA
14.429024,2.3158557,-4.1352305,2,Orthorombic,CNN_WOA
10.152543,11.89458,-1.7111063,3,Monoclinic,CNN_WOA
-11.276051,4.4891014,13.205903,0,Cubic,CNN_WOA
10.314444,-5.672237,-5.1186786,2,Orthorombic,CNN_WOA
-9.122001,1.7908485,-8.779585,0,Cubic,CNN_WOA
-6.022276,7.902074,2.6362844,1,Tetragonal,CNN_WOA
1.2294433,-1.2429298,-4.676739,2,Orthorombic,CNN_WOA
1.1704975,7.710225,-3.7408636,3,Monoclinic,CNN_WOA
-2.0867484,11.161115,-1.7876835,3,Monoclinic,CNN_WOA
3.3423195,-5.908894,8.105581,2,Orthorombic,CNN_WOA
2.3013198,-14.087073,-15.670023,2,Orthorombic,CNN_WOA
-6.109222,2.520751,-5.9351397,1,Tetragonal,CNN_WOA
18.742256,3.537181,-8.369583,2,Orthorombic,CNN_WOA
-6.5473037,-2.5557127,12.861699,0,Cubic,CNN_WOA
-1.6201521,-8.56823,-10.932987,2,Orthorombic,CNN_WOA
18.764423,7.501022,7.376324,2,Orthorombic,CNN_WOA
15.386898,0.58374304,-0.9430872,2,Orthorombic,CNN_WOA
5.961865,-10.874375,-0.55660796,2,Orthorombic,CNN_WOA
